method,editor,watermark,id,category,level,round_category,instruction,bit_acc,matches,p_value,detected,threshold_matches,exact_payload,wm_psnr,wm_ssim,clip_t,clip_t_in,clip_t_gain,clip_dir,clip_i,dino,lpips,ssim,psnr,psnr_vs_orig,edit_seconds,edit_peak_mem_gb,treering_bit_acc,treering_matches,treering_p_value,treering_detected,treering_threshold_matches,treering_exact_payload,treering_tr_l1,gaussianshading_bit_acc,gaussianshading_matches,gaussianshading_p_value,gaussianshading_detected,gaussianshading_threshold_matches,gaussianshading_exact_payload,tr_l1
baseline,ip2p,gaussianshading,111000000000,change_object,0,none,,1.0,256.0,8.636168555094445e-78,True,154.0,True,9.199307351576458,0.11700393162010685,,,,,,,,,,,,,,,,,,,,,,,,,,
baseline,ip2p,gaussianshading,111000000000,change_object,1,change_object,change the fishes to sharks and change the kelp to flowers,1.0,256.0,8.636168555094445e-78,True,154.0,True,,,0.20067062973976135,0.2031935304403305,-0.002522900700569153,0.020087961107492447,0.979362964630127,0.9637952446937561,0.14280426502227783,0.8341027643720179,19.859425881395403,8.02669088877556,4.749576568603516,4.637862205505371,,,,,,,,,,,,,,
baseline,ip2p,gaussianshading,111000000000,change_object,2,global_attribute,make it nighttime,1.0,256.0,8.636168555094445e-78,True,154.0,True,,,0.2035331130027771,0.20505014061927795,-0.0015170276165008545,0.10077860206365585,0.9397879838943481,0.8954907655715942,0.2951008379459381,0.5572968120669154,12.837028809020195,8.797549879537947,4.752809524536133,4.637862205505371,,,,,,,,,,,,,,
baseline,ip2p,gaussianshading,111000000000,change_object,3,background,make the background a desert,0.953125,244.0,1.1558269801063895e-57,True,154.0,False,,,0.16451142728328705,0.19963283836841583,-0.035121411085128784,0.12417829036712646,0.7510135173797607,0.28985467553138733,0.8125571012496948,0.24272350613704896,7.33251022818026,8.70401463692324,4.751299142837524,4.637862205505371,,,,,,,,,,,,,,
baseline,ip2p,gaussianshading,111000000000,change_object,4,style,turn it into a watercolor painting,0.8984375,230.0,2.6661151201604395e-42,True,154.0,False,,,0.17494288086891174,0.09447962790727615,0.08046325296163559,0.1315111517906189,0.8922510147094727,0.8620268702507019,0.3185476064682007,0.5424187011540686,10.337758459665501,6.533275580142648,4.754535436630249,4.637862205505371,,,,,,,,,,,,,,
baseline,ip2p,gaussianshading,111000000001,change_object,0,none,,1.0,256.0,8.636168555094445e-78,True,154.0,True,8.9860467106644,0.2717814771104997,,,,,,,,,,,,,,,,,,,,,,,,,,
baseline,ip2p,gaussianshading,111000000001,change_object,1,change_object,change the cat to tiger and change the hat to scarf,0.9765625,250.0,3.260325837244994e-66,True,154.0,False,,,0.28559446334838867,0.2213076502084732,0.06428681313991547,0.24499261379241943,0.7425838708877563,0.33359190821647644,0.4116452932357788,0.5329989174718521,11.572090471869064,7.522255461699516,4.770738124847412,4.637862205505371,,,,,,,,,,,,,,
baseline,ip2p,gaussianshading,111000000001,change_object,2,global_attribute,make it rainy,0.921875,236.0,2.643924297128365e-48,True,154.0,False,,,0.2728413939476013,0.27545303106307983,-0.0026116371154785156,0.21193362772464752,0.9676672220230103,0.9750309586524963,0.2091539353132248,0.8829351766914405,19.353891586250654,7.27127662331519,4.753133535385132,4.637862205505371,,,,,,,,,,,,,,
baseline,ip2p,gaussianshading,111000000001,change_object,3,background,make the background a desert,0.875,224.0,5.858468973293344e-37,True,154.0,False,,,0.25037381052970886,0.2653108239173889,-0.014937013387680054,0.0456184446811676,0.988313615322113,0.9724426865577698,0.22958844900131226,0.8977480960321409,17.67830596569147,7.092895372891604,4.762402772903442,4.637862205505371,,,,,,,,,,,,,,
baseline,ip2p,gaussianshading,111000000001,change_object,4,style,make it look cinematic,0.87109375,223.0,4.0002186987512886e-36,True,154.0,False,,,0.25199228525161743,0.24331918358802795,0.008673101663589478,-0.14937932789325714,0.9940976500511169,0.9903439283370972,0.039923813194036484,0.9547215016855759,26.860705488939143,7.033510208373462,4.761516571044922,4.637862205505371,,,,,,,,,,,,,,
baseline,ip2p,gaussianshading,111000000002,change_object,0,none,,1.0,256.0,8.636168555094445e-78,True,154.0,True,10.505893891887396,0.2953279425926585,,,,,,,,,,,,,,,,,,,,,,,,,,
baseline,ip2p,gaussianshading,111000000002,change_object,1,change_object,change the duck to marmot and change the eyes to mouth,1.0,256.0,8.636168555094445e-78,True,154.0,True,,,0.18307621777057648,0.12294916063547134,0.06012705713510513,0.09352802485227585,0.9015227556228638,0.4129602015018463,0.25568848848342896,0.7122933537317367,16.144948224193946,10.444029233380219,4.745943784713745,4.637862205505371,,,,,,,,,,,,,,
baseline,ip2p,gaussianshading,111000000002,change_object,2,global_attribute,make it nighttime,1.0,256.0,8.636168555094445e-78,True,154.0,True,,,0.16766878962516785,0.16647806763648987,0.0011907219886779785,0.08922939002513885,0.9713857769966125,0.9446581602096558,0.233762726187706,0.40567087696561915,10.370796976706153,7.562185996292911,4.756194829940796,4.637862205505371,,,,,,,,,,,,,,
baseline,ip2p,gaussianshading,111000000002,change_object,3,background,make the background a desert,1.0,256.0,8.636168555094445e-78,True,154.0,True,,,0.18056972324848175,0.1589478850364685,0.021621838212013245,-0.005165966227650642,0.9578214883804321,0.9664710760116577,0.349971741437912,0.667670291721118,14.285054557407342,8.51830279594424,4.7546327114105225,4.637862205505371,,,,,,,,,,,,,,
baseline,ip2p,gaussianshading,111000000002,change_object,4,style,make it anime style,1.0,256.0,8.636168555094445e-78,True,154.0,True,,,0.1900942325592041,0.1757877618074417,0.01430647075176239,0.05553628131747246,0.9687932133674622,0.9457305669784546,0.2514869272708893,0.5779518935532206,13.745049631911389,10.214912765205375,4.743208646774292,4.637862205505371,,,,,,,,,,,,,,
baseline,ip2p,gaussianshading,111000000003,change_object,0,none,,1.0,256.0,8.636168555094445e-78,True,154.0,True,10.35733426057638,0.2106831396304667,,,,,,,,,,,,,,,,,,,,,,,,,,
baseline,ip2p,gaussianshading,111000000003,change_object,1,change_object,change the bunny to pig and change the eyes to ears,1.0,256.0,8.636168555094445e-78,True,154.0,True,,,0.24356886744499207,0.20870207250118256,0.03486679494380951,0.4286031126976013,0.818517804145813,0.35500937700271606,0.3212582468986511,0.6326567969836315,13.918056249228341,9.278399819138212,4.752702474594116,4.637862205505371,,,,,,,,,,,,,,
baseline,ip2p,gaussianshading,111000000003,change_object,2,global_attribute,change the season to winter,1.0,256.0,8.636168555094445e-78,True,154.0,True,,,0.2114008516073227,0.20975227653980255,0.0016485750675201416,0.03160153329372406,0.9787505865097046,0.9883861541748047,0.24777251482009888,0.8430670292707928,14.043828260795754,7.416486336962434,4.74634861946106,4.637862205505371,,,,,,,,,,,,,,
baseline,ip2p,gaussianshading,111000000003,change_object,3,background,make the background a city street,0.97265625,249.0,1.1692859003985973e-64,True,154.0,False,,,0.11536021530628204,0.1896917223930359,-0.07433150708675385,0.2035902440547943,0.7098296880722046,0.025620244443416595,0.6626904606819153,0.3660081552056836,12.219398805455961,7.44540633773909,4.749971151351929,4.637862205505371,,,,,,,,,,,,,,
baseline,ip2p,gaussianshading,111000000003,change_object,4,style,convert it to an oil painting,0.97265625,249.0,1.1692859003985973e-64,True,154.0,False,,,0.1317691206932068,0.12891489267349243,0.0028542280197143555,0.09057779610157013,0.987572968006134,0.9813643097877502,0.08510523289442062,0.9071852174697367,24.588864438224583,7.608172839905542,4.7383034229278564,4.637862205505371,,,,,,,,,,,,,,
baseline,ip2p,gaussianshading,111000000004,change_object,0,none,,1.0,256.0,8.636168555094445e-78,True,154.0,True,7.115145802723446,0.2836472779864273,,,,,,,,,,,,,,,,,,,,,,,,,,
baseline,ip2p,gaussianshading,111000000004,change_object,1,change_object,change the owl to cat and change the heart to circle,0.98828125,253.0,2.415032856233154e-71,True,154.0,False,,,0.18902404606342316,0.18557383120059967,0.0034502148628234863,-0.09333678334951401,0.9287193417549133,0.8671624660491943,0.34159043431282043,0.649674267940996,12.497111018623624,7.271563056577161,4.753333806991577,4.637862205505371,,,,,,,,,,,,,,
baseline,ip2p,gaussianshading,111000000004,change_object,2,global_attribute,make it sunset lighting,0.90625,232.0,3.199475224717777e-44,True,154.0,False,,,0.18446585536003113,0.18107454478740692,0.0033913105726242065,0.22995159029960632,0.712134838104248,0.11319217085838318,0.7677590250968933,0.535027053100426,9.302191471657874,8.3608197709084,4.757630348205566,4.637862205505371,,,,,,,,,,,,,,
baseline,ip2p,gaussianshading,111000000004,change_object,3,background,make the background a city street,0.7734375,198.0,2.2366274451321534e-19,True,154.0,False,,,0.16202637553215027,0.1861826777458191,-0.024156302213668823,0.17907443642616272,0.8121944665908813,0.11324310302734375,0.6842328906059265,0.5801308774906345,11.486658077094912,8.680139576914698,4.752808094024658,4.637862205505371,,,,,,,,,,,,,,
baseline,ip2p,gaussianshading,111000000004,change_object,4,style,make it anime style,0.73046875,187.0,4.739658514815314e-14,True,154.0,False,,,0.16081984341144562,0.16864395141601562,-0.007824108004570007,-0.015141788870096207,0.9920476078987122,0.9900696873664856,0.06953532993793488,0.9226700555283869,20.56673254112479,7.968266327654366,4.740758895874023,4.637862205505371,,,,,,,,,,,,,,
baseline,ip2p,gaussianshading,211000000000,add_object,0,none,,1.0,256.0,8.636168555094445e-78,True,154.0,True,8.839147074962746,0.06688895771380311,,,,,,,,,,,,,,,,,,,,,,,,,,
baseline,ip2p,gaussianshading,211000000000,add_object,1,add_object,add scarf and add flowers in mouth,1.0,256.0,8.636168555094445e-78,True,154.0,True,,,0.2824280560016632,0.26637864112854004,0.01604941487312317,0.23316439986228943,0.7234728932380676,0.2507935166358948,0.38422760367393494,0.6923860110266385,15.51957300886017,8.430770899684784,4.770563125610352,4.637862205505371,,,,,,,,,,,,,,
baseline,ip2p,gaussianshading,211000000000,add_object,2,global_attribute,make it rainy,1.0,256.0,8.636168555094445e-78,True,154.0,True,,,0.30112627148628235,0.28523769974708557,0.015888571739196777,0.10476391017436981,0.9676118493080139,0.9607267379760742,0.16538669168949127,0.8584063205327075,17.31717947483094,8.331875134638425,4.758815288543701,4.637862205505371,,,,,,,,,,,,,,
baseline,ip2p,gaussianshading,211000000000,add_object,3,background,make the background a desert,1.0,256.0,8.636168555094445e-78,True,154.0,True,,,0.29143065214157104,0.3013269901275635,-0.009896337985992432,-0.030390024185180664,0.9833981990814209,0.9696046113967896,0.05376584082841873,0.9439409003944199,25.134712491372028,8.145823937991207,4.759237766265869,4.637862205505371,,,,,,,,,,,,,,
baseline,ip2p,gaussianshading,211000000000,add_object,4,style,make it anime style,1.0,256.0,8.636168555094445e-78,True,154.0,True,,,0.2733878493309021,0.27037888765335083,0.0030089616775512695,0.1902281939983368,0.8984363079071045,0.8683590888977051,0.14157991111278534,0.8037260363285753,14.846664080185125,7.65300413259927,4.737309217453003,4.637862205505371,,,,,,,,,,,,,,
baseline,ip2p,gaussianshading,211000000001,add_object,0,none,,1.0,256.0,8.636168555094445e-78,True,154.0,True,9.261554108668054,0.1879579337619269,,,,,,,,,,,,,,,,,,,,,,,,,,
baseline,ip2p,gaussianshading,211000000001,add_object,1,add_object,add a gold chain and add a star on its head,1.0,256.0,8.636168555094445e-78,True,154.0,True,,,0.22525718808174133,0.17339828610420227,0.05185890197753906,0.2526684105396271,0.9584290981292725,0.9913021326065063,0.08050443977117538,0.8910636933026729,23.53993168286526,9.188196834586755,4.752774715423584,4.637862205505371,,,,,,,,,,,,,,
baseline,ip2p,gaussianshading,211000000001,add_object,2,global_attribute,make it nighttime,0.99609375,255.0,2.2194953186592723e-75,True,154.0,False,,,0.2422180026769638,0.22582978010177612,0.016388222575187683,0.04010029882192612,0.9719853401184082,0.9605591297149658,0.19887754321098328,0.5490367946198588,10.623542971730986,9.239646304421376,4.761201858520508,4.637862205505371,,,,,,,,,,,,,,
baseline,ip2p,gaussianshading,211000000001,add_object,3,background,make the background a desert,0.99609375,255.0,2.2194953186592723e-75,True,154.0,False,,,0.22906289994716644,0.2346574366092682,-0.005594536662101746,0.11163215339183807,0.9861685037612915,0.9935743808746338,0.07104744017124176,0.9227372438485967,24.018836794585816,9.182959744667562,4.751086711883545,4.637862205505371,,,,,,,,,,,,,,
baseline,ip2p,gaussianshading,211000000001,add_object,4,style,make it anime style,0.984375,252.0,1.533689029792275e-69,True,154.0,False,,,0.21687695384025574,0.23688125610351562,-0.020004302263259888,0.055237364023923874,0.9681267142295837,0.9579026699066162,0.30524492263793945,0.5097009025768943,10.428767361895222,8.51457345181974,4.753202438354492,4.637862205505371,,,,,,,,,,,,,,
baseline,ip2p,gaussianshading,211000000002,add_object,0,none,,1.0,256.0,8.636168555094445e-78,True,154.0,True,9.183493637196626,0.2672861669592577,,,,,,,,,,,,,,,,,,,,,,,,,,
baseline,ip2p,gaussianshading,211000000002,add_object,1,add_object,add leaves and add a flower,1.0,256.0,8.636168555094445e-78,True,154.0,True,,,0.21097983419895172,0.2846612334251404,-0.07368139922618866,0.10565486550331116,0.7345223426818848,0.15160413086414337,0.43825602531433105,0.5606774826738499,14.545628185131761,9.321051063109001,4.74232029914856,4.637862205505371,,,,,,,,,,,,,,
baseline,ip2p,gaussianshading,211000000002,add_object,2,global_attribute,make it sunset lighting,0.68359375,175.0,2.079972665522276e-09,True,154.0,False,,,0.167051762342453,0.21018129587173462,-0.043129533529281616,0.24660226702690125,0.7539350390434265,0.10038743913173676,1.0210113525390625,0.32645568480116594,7.731262362631676,5.302402902474052,4.735613822937012,4.637862205505371,,,,,,,,,,,,,,
baseline,ip2p,gaussianshading,211000000002,add_object,3,background,make the background a forest,0.52734375,135.0,0.20827859374661445,False,154.0,False,,,0.21366825699806213,0.18296055495738983,0.030707702040672302,0.21127024292945862,0.9155770540237427,0.3998938202857971,0.6333222389221191,0.610180371673409,14.67654561878609,4.3808490763703585,4.766803979873657,4.637862205505371,,,,,,,,,,,,,,
baseline,ip2p,gaussianshading,211000000002,add_object,4,style,turn it into a watercolor painting,0.51171875,131.0,0.3773653740444963,False,154.0,False,,,0.19926023483276367,0.18253031373023987,0.016729921102523804,0.12614886462688446,0.9052397012710571,0.6253784894943237,0.6538311243057251,0.4004018965969358,8.622871713977823,6.861540575492638,4.732441186904907,4.637862205505371,,,,,,,,,,,,,,
baseline,ip2p,gaussianshading,211000000003,add_object,0,none,,1.0,256.0,8.636168555094445e-78,True,154.0,True,8.703105901955848,0.24827610064277694,,,,,,,,,,,,,,,,,,,,,,,,,,
baseline,ip2p,gaussianshading,211000000003,add_object,1,add_object,add a hurbat and add a sword,1.0,256.0,8.636168555094445e-78,True,154.0,True,,,0.3287212550640106,0.3299528956413269,-0.0012316405773162842,-0.012811511754989624,0.9966644048690796,0.993610143661499,0.054235223680734634,0.9123225258981766,22.64658920592865,8.535502472323348,4.752287149429321,4.637862205505371,,,,,,,,,,,,,,
baseline,ip2p,gaussianshading,211000000003,add_object,2,global_attribute,make it rainy,1.0,256.0,8.636168555094445e-78,True,154.0,True,,,0.3222336769104004,0.308227002620697,0.01400667428970337,0.3140042722225189,0.9919084310531616,0.9915480613708496,0.07823508232831955,0.9297857468222236,24.175883713993723,8.462119710254736,4.761373043060303,4.637862205505371,,,,,,,,,,,,,,
baseline,ip2p,gaussianshading,211000000003,add_object,3,background,make the background a forest,1.0,256.0,8.636168555094445e-78,True,154.0,True,,,0.29475659132003784,0.30740922689437866,-0.01265263557434082,-0.0007533547468483448,0.99101322889328,0.9855172634124756,0.15277451276779175,0.8509757567165922,18.775760074145897,8.564596758668616,4.743703365325928,4.637862205505371,,,,,,,,,,,,,,
baseline,ip2p,gaussianshading,211000000003,add_object,4,style,turn it into a watercolor painting,1.0,256.0,8.636168555094445e-78,True,154.0,True,,,0.2406681627035141,0.22756224870681763,0.013105913996696472,0.07624852657318115,0.9776954650878906,0.9608643054962158,0.1528685837984085,0.7552621258402624,13.054647012309992,7.394665487871299,4.759123086929321,4.637862205505371,,,,,,,,,,,,,,
baseline,ip2p,gaussianshading,211000000004,add_object,0,none,,1.0,256.0,8.636168555094445e-78,True,154.0,True,7.7427025378020975,0.3560174058370766,,,,,,,,,,,,,,,,,,,,,,,,,,
baseline,ip2p,gaussianshading,211000000004,add_object,1,add_object,add a cat and add colorful flowers,0.9140625,234.0,3.205950926783553e-46,True,154.0,False,,,0.3202674686908722,0.24725531041622162,0.07301215827465057,0.3896762728691101,0.831276535987854,0.7477916479110718,0.3987773060798645,0.700382718467865,13.792107132213498,6.908958281941522,4.748375654220581,4.637862205505371,,,,,,,,,,,,,,
baseline,ip2p,gaussianshading,211000000004,add_object,2,global_attribute,change the season to winter,0.87109375,223.0,4.0002186987512886e-36,True,154.0,False,,,0.2942742705345154,0.3053922653198242,-0.011117994785308838,0.05759351700544357,0.8986327648162842,0.9122276902198792,0.4264235496520996,0.6457866759829222,8.241331125329651,8.520509874474198,4.7580342292785645,4.637862205505371,,,,,,,,,,,,,,
baseline,ip2p,gaussianshading,211000000004,add_object,3,background,make the background a desert,0.77734375,199.0,6.461079525806242e-20,True,154.0,False,,,0.23127645254135132,0.2935636043548584,-0.06228715181350708,0.12150238454341888,0.895205020904541,0.8107710480690002,0.49004077911376953,0.5782814840542373,6.385640492208891,6.997538479090587,4.764092445373535,4.637862205505371,,,,,,,,,,,,,,
baseline,ip2p,gaussianshading,211000000004,add_object,4,style,make it anime style,0.71484375,183.0,2.2506982783628793e-12,True,154.0,False,,,0.2468658983707428,0.22225609421730042,0.024609804153442383,0.11509479582309723,0.9447996020317078,0.9680471420288086,0.18185289204120636,0.7412554305232623,12.257617130669603,7.907257556854557,4.741527557373047,4.637862205505371,,,,,,,,,,,,,,
baseline,ip2p,gaussianshading,311000000000,delete_object,0,none,,1.0,256.0,8.636168555094445e-78,True,154.0,True,10.245572704150614,0.28180264930662274,,,,,,,,,,,,,,,,,,,,,,,,,,
baseline,ip2p,gaussianshading,311000000000,delete_object,1,delete_object,remove the yellow flowers,0.99609375,255.0,2.2194953186592723e-75,True,154.0,False,,,0.20693270862102509,0.22038157284259796,-0.013448864221572876,0.13062551617622375,0.6814724206924438,0.3547205328941345,0.6909217238426208,0.5340754182015768,13.723722009873198,11.114529834296832,4.740234851837158,4.637862205505371,,,,,,,,,,,,,,
baseline,ip2p,gaussianshading,311000000000,delete_object,2,global_attribute,change the season to winter,0.98828125,253.0,2.415032856233154e-71,True,154.0,False,,,0.2585461735725403,0.20023950934410095,0.05830666422843933,0.20343783497810364,0.88759446144104,0.780565083026886,0.4331302344799042,0.8470497932088614,10.802353830119529,8.230778157628723,4.739781141281128,4.637862205505371,,,,,,,,,,,,,,
baseline,ip2p,gaussianshading,311000000000,delete_object,3,background,replace the background with a beach,0.94921875,243.0,2.1791966102837964e-56,True,154.0,False,,,0.23724424839019775,0.256369948387146,-0.019125699996948242,0.27020272612571716,0.8557676076889038,0.6692978143692017,0.4462737739086151,0.8235291533693013,16.380306260077617,7.3141669080319724,4.7494165897369385,4.637862205505371,,,,,,,,,,,,,,
baseline,ip2p,gaussianshading,311000000000,delete_object,4,style,make it look cinematic,0.94921875,243.0,2.1791966102837964e-56,True,154.0,False,,,0.2420051395893097,0.2315099686384201,0.010495170950889587,0.0634930431842804,0.9812253713607788,0.9785249829292297,0.09818504750728607,0.9475921118374755,21.07855192631581,7.91905427535043,4.750946998596191,4.637862205505371,,,,,,,,,,,,,,
baseline,ip2p,gaussianshading,311000000001,delete_object,0,none,,0.99609375,255.0,2.2194953186592723e-75,True,154.0,False,8.58527312267716,0.32782570739198813,,,,,,,,,,,,,,,,,,,,,,,,,,
baseline,ip2p,gaussianshading,311000000001,delete_object,1,delete_object,remove the headphones,0.9765625,250.0,3.260325837244994e-66,True,154.0,False,,,0.2683030068874359,0.20110036432743073,0.06720264256000519,0.2189839631319046,0.8322386145591736,0.962684154510498,0.12112070620059967,0.8623490895655813,21.591057374451648,8.628672954585712,4.74782133102417,4.637862205505371,,,,,,,,,,,,,,
baseline,ip2p,gaussianshading,311000000001,delete_object,2,global_attribute,make it sunset lighting,0.96484375,247.0,1.0114433457778881e-61,True,154.0,False,,,0.2484683245420456,0.2416277527809143,0.006840571761131287,0.15930992364883423,0.9469674825668335,0.9411420822143555,0.3202715814113617,0.537017035478142,11.427799547498726,6.517332191826126,4.756190538406372,4.637862205505371,,,,,,,,,,,,,,
baseline,ip2p,gaussianshading,311000000001,delete_object,3,background,replace the background with a beach,0.9375,240.0,9.32004825992086e-53,True,154.0,False,,,0.20835722982883453,0.22927336394786835,-0.020916134119033813,0.04039255529642105,0.9571595191955566,0.9611340761184692,0.34256571531295776,0.5810656174152348,9.090369931527585,8.927094213311928,4.74206280708313,4.637862205505371,,,,,,,,,,,,,,
baseline,ip2p,gaussianshading,311000000001,delete_object,4,style,turn it into a watercolor painting,0.9296875,238.0,1.7638096167789926e-50,True,154.0,False,,,0.22392192482948303,0.1873912215232849,0.03653070330619812,0.1700485199689865,0.9304394721984863,0.947975218296051,0.24897277355194092,0.767484783646705,12.90583031236273,7.437619379481185,4.754161357879639,4.637862205505371,,,,,,,,,,,,,,
baseline,ip2p,gaussianshading,311000000002,delete_object,0,none,,1.0,256.0,8.636168555094445e-78,True,154.0,True,8.964060591929057,0.29184609641788856,,,,,,,,,,,,,,,,,,,,,,,,,,
baseline,ip2p,gaussianshading,311000000002,delete_object,1,delete_object,remove a suit and remove a laptop,0.8203125,210.0,1.6236482975919755e-26,True,154.0,False,,,0.13131628930568695,0.2404595911502838,-0.10914330184459686,0.07368220388889313,0.685839831829071,0.2778637409210205,0.4755888283252716,0.5709830453780725,13.815476467926848,8.978872685246525,4.734131097793579,4.637862205505371,,,,,,,,,,,,,,
baseline,ip2p,gaussianshading,311000000002,delete_object,2,global_attribute,make it nighttime,0.71484375,183.0,2.2506982783628793e-12,True,154.0,False,,,0.12155760824680328,0.12465797364711761,-0.003100365400314331,0.0838145762681961,0.9892215728759766,0.9911584258079529,0.12284646183252335,0.8292914849851306,14.408060955115856,10.484305322278338,4.744056701660156,4.637862205505371,,,,,,,,,,,,,,
baseline,ip2p,gaussianshading,311000000002,delete_object,3,background,make the background a desert,0.66796875,171.0,4.1252128083976546e-08,True,154.0,False,,,0.14628976583480835,0.12194452434778214,0.024345241487026215,0.0022295918315649033,0.9770087599754333,0.961830735206604,0.12567631900310516,0.8932655008778078,19.49911059532328,10.48391530844494,4.74793553352356,4.637862205505371,,,,,,,,,,,,,,
baseline,ip2p,gaussianshading,311000000002,delete_object,4,style,make it anime style,0.6171875,158.0,0.0001065665615939295,True,154.0,False,,,0.2004280984401703,0.14879655838012695,0.051631540060043335,0.23644961416721344,0.8032560348510742,0.8684405088424683,0.22533828020095825,0.7600618603291539,13.693383654298945,8.40383531336271,4.747051954269409,4.637862205505371,,,,,,,,,,,,,,
baseline,ip2p,gaussianshading,311000000003,delete_object,0,none,,1.0,256.0,8.636168555094445e-78,True,154.0,True,10.898780661995236,0.32893943908486384,,,,,,,,,,,,,,,,,,,,,,,,,,
baseline,ip2p,gaussianshading,311000000003,delete_object,1,delete_object,remove the flower,0.98828125,253.0,2.415032856233154e-71,True,154.0,False,,,0.14846983551979065,0.2811353802680969,-0.13266554474830627,-0.04372773319482803,0.6064325571060181,0.10069099068641663,0.7987260222434998,0.25607737222493737,12.390738286259342,10.714125508450994,4.752424001693726,4.637862205505371,,,,,,,,,,,,,,
baseline,ip2p,gaussianshading,311000000003,delete_object,2,global_attribute,make it sunset lighting,0.98828125,253.0,2.415032856233154e-71,True,154.0,False,,,0.160726398229599,0.15148118138313293,0.009245216846466064,0.048282355070114136,0.8386832475662231,0.5662769079208374,0.5939227342605591,0.2910346497330941,10.327911147521494,6.349895032267224,4.745863914489746,4.637862205505371,,,,,,,,,,,,,,
baseline,ip2p,gaussianshading,311000000003,delete_object,3,background,make the background a forest,0.94921875,243.0,2.1791966102837964e-56,True,154.0,False,,,0.15822701156139374,0.16277503967285156,-0.004548028111457825,0.2350635826587677,0.899512767791748,0.602435290813446,0.5692564845085144,0.4533704863788793,15.433699969039766,6.344955265786082,4.760332822799683,4.637862205505371,,,,,,,,,,,,,,
baseline,ip2p,gaussianshading,311000000003,delete_object,4,style,convert it to an oil painting,0.9140625,234.0,3.205950926783553e-46,True,154.0,False,,,0.16933852434158325,0.17402617633342743,-0.004687651991844177,0.007710594683885574,0.9732954502105713,0.9477146863937378,0.13823023438453674,0.7574716001700702,20.979224868639676,6.824335370571167,4.752227544784546,4.637862205505371,,,,,,,,,,,,,,
baseline,ip2p,gaussianshading,311000000004,delete_object,0,none,,1.0,256.0,8.636168555094445e-78,True,154.0,True,11.198281540149038,0.3102587631559394,,,,,,,,,,,,,,,,,,,,,,,,,,
baseline,ip2p,gaussianshading,311000000004,delete_object,1,delete_object,remove an iceberg and remove a plane flying overhead,0.95703125,245.0,5.636055143626461e-59,True,154.0,False,,,0.17636503279209137,0.23164913058280945,-0.05528409779071808,0.014586372300982475,0.8502022624015808,0.6075029969215393,0.49861466884613037,0.663079994084092,14.850638292932173,12.336413018995723,4.7314677238464355,4.637862205505371,,,,,,,,,,,,,,
baseline,ip2p,gaussianshading,311000000004,delete_object,2,global_attribute,make it rainy,0.87890625,225.0,8.283676586985015e-38,True,154.0,False,,,0.15048806369304657,0.15452834963798523,-0.00404028594493866,0.20045235753059387,0.9325605630874634,0.8731077909469604,0.2296414077281952,0.7982447960199538,13.82422917419347,11.566123487116652,4.7394492626190186,4.637862205505371,,,,,,,,,,,,,,
baseline,ip2p,gaussianshading,311000000004,delete_object,3,background,make the background a city street,0.734375,188.0,1.7204536953299547e-14,True,154.0,False,,,0.18777956068515778,0.13034766912460327,0.057431891560554504,0.21510383486747742,0.735614538192749,-0.0010385364294052124,0.8944122791290283,0.37614018226173096,12.14972862533092,11.212329114367066,4.754935264587402,4.637862205505371,,,,,,,,,,,,,,
baseline,ip2p,gaussianshading,311000000004,delete_object,4,style,convert it to an oil painting,0.69921875,179.0,7.91241544231877e-11,True,154.0,False,,,0.18245378136634827,0.18028083443641663,0.0021729469299316406,0.12812408804893494,0.9906282424926758,0.9821881055831909,0.11758293211460114,0.8592949934058877,23.14733522438106,11.293221637009436,4.753275156021118,4.637862205505371,,,,,,,,,,,,,,
baseline,ip2p,gaussianshading,411000000000,change_content,0,none,,1.0,256.0,8.636168555094445e-78,True,154.0,True,7.113673285879916,0.15404719625899435,,,,,,,,,,,,,,,,,,,,,,,,,,
baseline,ip2p,gaussianshading,411000000000,change_content,1,change_content,change the big to small and make it big,1.0,256.0,8.636168555094445e-78,True,154.0,True,,,0.33267441391944885,0.33417171239852905,-0.0014972984790802002,-0.05634224787354469,0.9958624243736267,0.9906034469604492,0.033067021518945694,0.8045699667962133,28.209386497252282,7.057032363202991,4.745123386383057,4.637862205505371,,,,,,,,,,,,,,
baseline,ip2p,gaussianshading,411000000000,change_content,2,global_attribute,make it nighttime,0.96875,248.0,3.6548533133462435e-63,True,154.0,False,,,0.2511109709739685,0.30481523275375366,-0.053704261779785156,0.19503988325595856,0.7471086978912354,0.5275582671165466,0.7406930923461914,0.2820655261017684,8.783282408719398,7.365428025679083,4.745509147644043,4.637862205505371,,,,,,,,,,,,,,
baseline,ip2p,gaussianshading,411000000000,change_content,3,background,replace the background with a beach,0.96875,248.0,3.6548533133462435e-63,True,154.0,False,,,0.26939642429351807,0.24487996101379395,0.02451646327972412,-0.0365430973470211,0.9494194984436035,0.8705280423164368,0.2632472515106201,0.6165669641191189,12.067975068830272,6.572831411746838,4.74700403213501,4.637862205505371,,,,,,,,,,,,,,
baseline,ip2p,gaussianshading,411000000000,change_content,4,style,turn it into a watercolor painting,0.9140625,234.0,3.205950926783553e-46,True,154.0,False,,,0.2564469873905182,0.27091455459594727,-0.014467567205429077,0.020812740549445152,0.9633607864379883,0.9252636432647705,0.23543696105480194,0.6639129457055467,17.493261449030516,5.741201513356447,4.753186225891113,4.637862205505371,,,,,,,,,,,,,,
baseline,ip2p,gaussianshading,411000000001,change_content,0,none,,1.0,256.0,8.636168555094445e-78,True,154.0,True,8.398944287668687,0.19680853505985815,,,,,,,,,,,,,,,,,,,,,,,,,,
baseline,ip2p,gaussianshading,411000000001,change_content,1,change_content,change the spread out to fold in,0.9921875,254.0,2.8410403695694194e-73,True,154.0,False,,,0.14253738522529602,0.30034440755844116,-0.15780702233314514,0.11136972159147263,0.6774821281433105,0.045773208141326904,0.828386664390564,0.44618384495638264,13.116550371676682,10.233141403078497,4.757697343826294,4.637862205505371,,,,,,,,,,,,,,
baseline,ip2p,gaussianshading,411000000001,change_content,2,global_attribute,change the season to winter,0.9609375,246.0,2.50913452180952e-60,True,154.0,False,,,0.1582842320203781,0.11879736930131912,0.03948686271905899,0.16816550493240356,0.904712975025177,0.9061881899833679,0.6668105125427246,0.7170145591742708,6.717324606689904,5.127061209465075,4.752999782562256,4.637862205505371,,,,,,,,,,,,,,
baseline,ip2p,gaussianshading,411000000001,change_content,3,background,replace the background with a beach,0.93359375,239.0,1.3220258613285196e-51,True,154.0,False,,,0.18198162317276,0.14635628461837769,0.035625338554382324,0.09010160714387894,0.9394047260284424,0.7531065940856934,0.41053202748298645,0.6964151755978651,17.51611365408884,4.899812441493764,4.7483954429626465,4.637862205505371,,,,,,,,,,,,,,
baseline,ip2p,gaussianshading,411000000001,change_content,4,style,make it anime style,0.9140625,234.0,3.205950926783553e-46,True,154.0,False,,,0.1974482238292694,0.1971416175365448,0.0003066062927246094,0.10335947573184967,0.9550713300704956,0.9451214075088501,0.1933816820383072,0.8621233238348486,19.42039577045666,4.639736114471916,4.740999698638916,4.637862205505371,,,,,,,,,,,,,,
baseline,ip2p,gaussianshading,411000000002,change_content,0,none,,1.0,256.0,8.636168555094445e-78,True,154.0,True,8.40661333309375,0.2541303932342577,,,,,,,,,,,,,,,,,,,,,,,,,,
baseline,ip2p,gaussianshading,411000000002,change_content,1,change_content,change the scarf to cloak,0.875,224.0,5.858468973293344e-37,True,154.0,False,,,0.18955731391906738,0.3012106120586395,-0.11165329813957214,0.22370979189872742,0.6426931619644165,0.13347813487052917,0.749898374080658,0.45239046020256185,8.261286720448972,8.000117545616233,4.750805139541626,4.637862205505371,,,,,,,,,,,,,,
baseline,ip2p,gaussianshading,411000000002,change_content,2,global_attribute,change the season to winter,0.71484375,183.0,2.2506982783628793e-12,True,154.0,False,,,0.20133978128433228,0.17041832208633423,0.030921459197998047,0.19690892100334167,0.8982441425323486,0.950020432472229,0.18310421705245972,0.8179110557982905,13.771053106002038,8.363867079620203,4.756040096282959,4.637862205505371,,,,,,,,,,,,,,
baseline,ip2p,gaussianshading,411000000002,change_content,3,background,make the background a city street,0.6484375,166.0,1.1760979985375116e-06,True,154.0,False,,,0.19989095628261566,0.17209310829639435,0.027797847986221313,0.1917632520198822,0.9203239679336548,0.8575435876846313,0.2197062075138092,0.7997823569044011,16.770470962750565,8.10139498743509,4.745376825332642,4.637862205505371,,,,,,,,,,,,,,
baseline,ip2p,gaussianshading,411000000002,change_content,4,style,make it look cinematic,0.62109375,159.0,6.41623925198612e-05,True,154.0,False,,,0.21516692638397217,0.22859343886375427,-0.013426512479782104,0.003501925617456436,0.9913874864578247,0.9947757124900818,0.015672631561756134,0.9413379658407104,26.21941615834092,7.938732778999748,4.745902061462402,4.637862205505371,,,,,,,,,,,,,,
baseline,ip2p,gaussianshading,411000000003,change_content,0,none,,1.0,256.0,8.636168555094445e-78,True,154.0,True,7.118358839887444,0.11060133786132763,,,,,,,,,,,,,,,,,,,,,,,,,,
baseline,ip2p,gaussianshading,411000000003,change_content,1,change_content,change the furry wolf to bald wolf,1.0,256.0,8.636168555094445e-78,True,154.0,True,,,0.2571015954017639,0.2768421173095703,-0.019740521907806396,0.013438461348414421,0.9649186134338379,0.9280476570129395,0.129353865981102,0.8073317641452217,22.540474983793803,6.9515658312746,4.7501301765441895,4.637862205505371,,,,,,,,,,,,,,
baseline,ip2p,gaussianshading,411000000003,change_content,2,global_attribute,make it sunset lighting,0.98828125,253.0,2.415032856233154e-71,True,154.0,False,,,0.2741031050682068,0.23716551065444946,0.036937594413757324,0.2927968502044678,0.9252398014068604,0.8784130811691284,0.5927119255065918,0.34843915461433345,7.782946666168414,7.4402657573504065,4.748512506484985,4.637862205505371,,,,,,,,,,,,,,
baseline,ip2p,gaussianshading,411000000003,change_content,3,background,make the background a forest,0.94921875,243.0,2.1791966102837964e-56,True,154.0,False,,,0.2185007631778717,0.2646770477294922,-0.04617628455162048,0.150887131690979,0.8751236200332642,0.7778679132461548,0.6981664896011353,0.3824735241545418,12.705008134499614,7.242574182572294,4.7402777671813965,4.637862205505371,,,,,,,,,,,,,,
baseline,ip2p,gaussianshading,411000000003,change_content,4,style,convert it to an oil painting,0.9375,240.0,9.32004825992086e-53,True,154.0,False,,,0.23950475454330444,0.23842957615852356,0.0010751783847808838,0.054810479283332825,0.9900636672973633,0.9775522947311401,0.16122271120548248,0.7175537260905859,22.332990691075043,7.143891423563437,4.760757207870483,4.637862205505371,,,,,,,,,,,,,,
baseline,ip2p,gaussianshading,411000000004,change_content,0,none,,1.0,256.0,8.636168555094445e-78,True,154.0,True,8.087464370110261,0.20611588918104692,,,,,,,,,,,,,,,,,,,,,,,,,,
baseline,ip2p,gaussianshading,411000000004,change_content,1,change_content,change the shepherd dog to poodle dog and make it luxury,1.0,256.0,8.636168555094445e-78,True,154.0,True,,,0.35404348373413086,0.3351322412490845,0.018911242485046387,0.1858888566493988,0.9698202013969421,0.9136142730712891,0.05489381402730942,0.9216869995063286,27.64654831236957,8.149282429813143,4.749879837036133,4.637862205505371,,,,,,,,,,,,,,
baseline,ip2p,gaussianshading,411000000004,change_content,2,global_attribute,change the season to winter,1.0,256.0,8.636168555094445e-78,True,154.0,True,,,0.31980693340301514,0.3180362582206726,0.0017706751823425293,0.07610548287630081,0.9706301689147949,0.9259300827980042,0.2152760773897171,0.8384541843240315,13.032801884032473,7.29707818044953,4.752026081085205,4.637862205505371,,,,,,,,,,,,,,
baseline,ip2p,gaussianshading,411000000004,change_content,3,background,make the background a city street,0.984375,252.0,1.533689029792275e-69,True,154.0,False,,,0.2107318937778473,0.30592358112335205,-0.09519168734550476,0.2137373685836792,0.7981528043746948,0.3817037045955658,0.5144570469856262,0.48451860564113475,12.175913027255994,8.457673736096323,4.7503955364227295,4.637862205505371,,,,,,,,,,,,,,
baseline,ip2p,gaussianshading,411000000004,change_content,4,style,make it look cinematic,0.97265625,249.0,1.1692859003985973e-64,True,154.0,False,,,0.16747672855854034,0.16932573914527893,-0.0018490105867385864,0.06622481346130371,0.9764088988304138,0.9751058220863342,0.16333450376987457,0.7421459196027693,13.158303212554523,9.190217570800845,4.753813028335571,4.637862205505371,,,,,,,,,,,,,,
baseline,ip2p,gaussianshading,511000000000,change_pose,0,none,,1.0,256.0,8.636168555094445e-78,True,154.0,True,11.456081412582888,0.1430278429093034,,,,,,,,,,,,,,,,,,,,,,,,,,
baseline,ip2p,gaussianshading,511000000000,change_pose,1,change_pose,make it tail down and make it jumping,1.0,256.0,8.636168555094445e-78,True,154.0,True,,,0.21110491454601288,0.20780488848686218,0.003300026059150696,-0.06558820605278015,0.9937824606895447,0.9754821062088013,0.11408593505620956,0.8674496848907863,24.593350427138425,10.91507338524523,4.75101900100708,4.637862205505371,,,,,,,,,,,,,,
baseline,ip2p,gaussianshading,511000000000,change_pose,2,global_attribute,make it nighttime,1.0,256.0,8.636168555094445e-78,True,154.0,True,,,0.24134112894535065,0.1976315677165985,0.043709561228752136,0.10204946994781494,0.9125962257385254,0.9720019102096558,0.24538728594779968,0.45118045953709424,11.573655187824682,9.341549418856902,4.734791278839111,4.637862205505371,,,,,,,,,,,,,,
baseline,ip2p,gaussianshading,511000000000,change_pose,3,background,make the background a city street,1.0,256.0,8.636168555094445e-78,True,154.0,True,,,0.24249127507209778,0.2350255697965622,0.0074657052755355835,0.2895837426185608,0.9121964573860168,0.614142656326294,0.5509501695632935,0.2939328217136817,10.317452966633486,9.07948785432598,4.7585344314575195,4.637862205505371,,,,,,,,,,,,,,
baseline,ip2p,gaussianshading,511000000000,change_pose,4,style,convert it to an oil painting,1.0,256.0,8.636168555094445e-78,True,154.0,True,,,0.2552274465560913,0.23557372391223907,0.019653722643852234,0.18842530250549316,0.9746770858764648,0.980506420135498,0.08002329617738724,0.8932485171640484,21.526581465527187,8.561124541196248,4.740301847457886,4.637862205505371,,,,,,,,,,,,,,
baseline,ip2p,gaussianshading,511000000001,change_pose,0,none,,1.0,256.0,8.636168555094445e-78,True,154.0,True,10.505468518376638,0.1420332031483642,,,,,,,,,,,,,,,,,,,,,,,,,,
baseline,ip2p,gaussianshading,511000000001,change_pose,1,change_pose,change the standing to sitting and make it tilting its head and make it wagging its tail,1.0,256.0,8.636168555094445e-78,True,154.0,True,,,0.24312825500965118,0.21467244625091553,0.028455808758735657,-0.0848660096526146,0.9222366809844971,0.9632370471954346,0.08883653581142426,0.8403490319790884,25.66951514063146,10.292843577463739,4.7512335777282715,4.637862205505371,,,,,,,,,,,,,,
baseline,ip2p,gaussianshading,511000000001,change_pose,2,global_attribute,make it rainy,1.0,256.0,8.636168555094445e-78,True,154.0,True,,,0.22255060076713562,0.21292638778686523,0.009624212980270386,0.1781090795993805,0.9367555379867554,0.9488884210586548,0.25106486678123474,0.6168476955855318,13.163161162086476,8.973982839689151,4.738717555999756,4.637862205505371,,,,,,,,,,,,,,
baseline,ip2p,gaussianshading,511000000001,change_pose,3,background,make the background a desert,1.0,256.0,8.636168555094445e-78,True,154.0,True,,,0.19728334248065948,0.22571313381195068,-0.0284297913312912,0.07242189347743988,0.9454033970832825,0.9582294821739197,0.2213507890701294,0.7076798586939654,16.514866004631582,9.405294291600198,4.756528615951538,4.637862205505371,,,,,,,,,,,,,,
baseline,ip2p,gaussianshading,511000000001,change_pose,4,style,make it look cinematic,1.0,256.0,8.636168555094445e-78,True,154.0,True,,,0.20571671426296234,0.20713859796524048,-0.0014218837022781372,-0.06714817136526108,0.9866571426391602,0.988466739654541,0.05235781520605087,0.9167592389721446,26.589888979553642,9.387686353448439,4.744223356246948,4.637862205505371,,,,,,,,,,,,,,
baseline,ip2p,gaussianshading,511000000002,change_pose,0,none,,1.0,256.0,8.636168555094445e-78,True,154.0,True,10.629545742963117,0.09791372844735874,,,,,,,,,,,,,,,,,,,,,,,,,,
baseline,ip2p,gaussianshading,511000000002,change_pose,1,change_pose,make it its mouth open and change the sitting to standing and make it roaring,1.0,256.0,8.636168555094445e-78,True,154.0,True,,,0.2766574025154114,0.2457948923110962,0.030862510204315186,0.22240841388702393,0.9454180002212524,0.8811131715774536,0.15367905795574188,0.7277121580390685,22.694735378747964,10.049142667031521,4.764602184295654,4.637862205505371,,,,,,,,,,,,,,
baseline,ip2p,gaussianshading,511000000002,change_pose,2,global_attribute,change the season to winter,1.0,256.0,8.636168555094445e-78,True,154.0,True,,,0.2571343779563904,0.24413901567459106,0.012995362281799316,0.1364399790763855,0.9443644881248474,0.9323202967643738,0.652776300907135,0.42642536253638763,10.367667571552852,7.1178175820824645,4.754599094390869,4.637862205505371,,,,,,,,,,,,,,
baseline,ip2p,gaussianshading,511000000002,change_pose,3,background,replace the background with a beach,1.0,256.0,8.636168555094445e-78,True,154.0,True,,,0.2281973958015442,0.23682771623134613,-0.008630320429801941,0.021180639043450356,0.9654675722122192,0.9784544110298157,0.29088425636291504,0.6912064564089229,17.436026589540464,6.561027455521408,4.7400596141815186,4.637862205505371,,,,,,,,,,,,,,
baseline,ip2p,gaussianshading,511000000002,change_pose,4,style,make it look cinematic,1.0,256.0,8.636168555094445e-78,True,154.0,True,,,0.21778619289398193,0.23588353395462036,-0.018097341060638428,0.021806912496685982,0.9796445369720459,0.981744647026062,0.2374635487794876,0.7461460198810109,13.305001819891071,9.412861412014975,4.746788024902344,4.637862205505371,,,,,,,,,,,,,,
baseline,ip2p,gaussianshading,511000000003,change_pose,0,none,,1.0,256.0,8.636168555094445e-78,True,154.0,True,10.106594243218176,0.47388762110696847,,,,,,,,,,,,,,,,,,,,,,,,,,
baseline,ip2p,gaussianshading,511000000003,change_pose,1,change_pose,change the wings spread to wings folded and make it beak pointed downward,1.0,256.0,8.636168555094445e-78,True,154.0,True,,,0.19965694844722748,0.27635014057159424,-0.07669319212436676,0.03238409385085106,0.7974305152893066,0.3622779846191406,0.1880226880311966,0.8495862432792606,19.521130762901684,9.736464226864406,4.749281406402588,4.637862205505371,,,,,,,,,,,,,,
baseline,ip2p,gaussianshading,511000000003,change_pose,2,global_attribute,make it nighttime,0.9921875,254.0,2.8410403695694194e-73,True,154.0,False,,,0.2251850664615631,0.1989351212978363,0.026249945163726807,0.06915707886219025,0.962816596031189,0.9595358371734619,0.37838172912597656,0.33611914342461485,11.50353743533625,6.736245516116278,4.752214193344116,4.637862205505371,,,,,,,,,,,,,,
baseline,ip2p,gaussianshading,511000000003,change_pose,3,background,make the background a city street,0.94140625,241.0,6.158684939215741e-54,True,154.0,False,,,0.25195175409317017,0.21563215553760529,0.03631959855556488,0.2042093575000763,0.8750318288803101,0.7208210825920105,0.555284857749939,0.4518304359232333,14.36066012115575,8.171960220226499,4.7578020095825195,4.637862205505371,,,,,,,,,,,,,,
baseline,ip2p,gaussianshading,511000000003,change_pose,4,style,convert it to an oil painting,0.91015625,233.0,3.278493037067405e-45,True,154.0,False,,,0.27233579754829407,0.2549183666706085,0.017417430877685547,-0.0302219707518816,0.9732450842857361,0.944943904876709,0.11433680355548859,0.8955421427659598,27.757796790399816,8.279989984476652,4.736665487289429,4.637862205505371,,,,,,,,,,,,,,
baseline,ip2p,gaussianshading,511000000004,change_pose,0,none,,1.0,256.0,8.636168555094445e-78,True,154.0,True,8.190399249456801,0.13693492711176794,,,,,,,,,,,,,,,,,,,,,,,,,,
baseline,ip2p,gaussianshading,511000000004,change_pose,1,change_pose,make it eyes closed and change the sitting to lying and make it above its head,1.0,256.0,8.636168555094445e-78,True,154.0,True,,,0.25674474239349365,0.25524818897247314,0.0014965534210205078,-0.055366139858961105,0.9970784187316895,0.9953815937042236,0.08652535825967789,0.8553429519674168,25.352781669093783,8.137147165409415,4.735628128051758,4.637862205505371,,,,,,,,,,,,,,
baseline,ip2p,gaussianshading,511000000004,change_pose,2,global_attribute,make it nighttime,1.0,256.0,8.636168555094445e-78,True,154.0,True,,,0.24507160484790802,0.2501303255558014,-0.005058720707893372,0.08224231749773026,0.9850256443023682,0.9766398072242737,0.25980764627456665,0.46182923931819087,10.980179112057657,6.197493959020291,4.754625558853149,4.637862205505371,,,,,,,,,,,,,,
baseline,ip2p,gaussianshading,511000000004,change_pose,3,background,make the background a forest,1.0,256.0,8.636168555094445e-78,True,154.0,True,,,0.25598135590553284,0.246616393327713,0.009364962577819824,-0.014383919537067413,0.9888205528259277,0.9918911457061768,0.1140451431274414,0.8464530338271942,23.321696679621656,6.134561099967596,4.766201496124268,4.637862205505371,,,,,,,,,,,,,,
baseline,ip2p,gaussianshading,511000000004,change_pose,4,style,make it look cinematic,1.0,256.0,8.636168555094445e-78,True,154.0,True,,,0.27885955572128296,0.2660660743713379,0.012793481349945068,0.03322547674179077,0.9933514595031738,0.996387243270874,0.04521487280726433,0.9265225791113124,29.052537833593178,5.971026976600421,4.761012077331543,4.637862205505371,,,,,,,,,,,,,,
baseline,ip2p,gaussianshading,611000000000,change_color,0,none,,1.0,256.0,8.636168555094445e-78,True,154.0,True,10.390207308806847,0.13954496143936154,,,,,,,,,,,,,,,,,,,,,,,,,,
baseline,ip2p,gaussianshading,611000000000,change_color,1,change_color,change the black to white and change the red to green,1.0,256.0,8.636168555094445e-78,True,154.0,True,,,0.2333166003227234,0.21213418245315552,0.02118241786956787,0.14511889219284058,0.9693859815597534,0.8911116719245911,0.16087757050991058,0.9011138754495378,19.444768906023796,9.288155467027146,4.749236583709717,4.637862205505371,,,,,,,,,,,,,,
baseline,ip2p,gaussianshading,611000000000,change_color,2,global_attribute,change the season to winter,1.0,256.0,8.636168555094445e-78,True,154.0,True,,,0.22865881025791168,0.22159317135810852,0.007065638899803162,0.0017455164343118668,0.9865435361862183,0.9752868413925171,0.18162228167057037,0.9145990149341117,17.13587011797904,7.25551207451319,4.756211757659912,4.637862205505371,,,,,,,,,,,,,,
baseline,ip2p,gaussianshading,611000000000,change_color,3,background,make the background a desert,1.0,256.0,8.636168555094445e-78,True,154.0,True,,,0.21228280663490295,0.22284045815467834,-0.01055765151977539,0.022963669151067734,0.9652986526489258,0.9510443210601807,0.24393855035305023,0.8806616040780669,15.346331389652219,7.165920697513028,4.761899948120117,4.637862205505371,,,,,,,,,,,,,,
baseline,ip2p,gaussianshading,611000000000,change_color,4,style,convert it to an oil painting,1.0,256.0,8.636168555094445e-78,True,154.0,True,,,0.22589170932769775,0.21208763122558594,0.013804078102111816,0.21931543946266174,0.9813541173934937,0.9854170680046082,0.11376431584358215,0.9262808633831701,24.56915922354002,6.893714716805861,4.754557847976685,4.637862205505371,,,,,,,,,,,,,,
baseline,ip2p,gaussianshading,611000000001,change_color,0,none,,1.0,256.0,8.636168555094445e-78,True,154.0,True,9.483945050103086,0.14061361458380653,,,,,,,,,,,,,,,,,,,,,,,,,,
baseline,ip2p,gaussianshading,611000000001,change_color,1,change_color,make it white and change the pink to green,1.0,256.0,8.636168555094445e-78,True,154.0,True,,,0.28787410259246826,0.2462502419948578,0.041623860597610474,0.23850341141223907,0.9384773373603821,0.924116849899292,0.36558347940444946,0.6250568805587481,12.53372847065183,7.985478421088881,4.7330992221832275,4.637862205505371,,,,,,,,,,,,,,
baseline,ip2p,gaussianshading,611000000001,change_color,2,global_attribute,make it nighttime,1.0,256.0,8.636168555094445e-78,True,154.0,True,,,0.28478750586509705,0.289828896522522,-0.005041390657424927,0.06252138316631317,0.9857367277145386,0.9912829399108887,0.14920593798160553,0.7871527834089137,15.523104825107142,8.204163662465673,4.745859146118164,4.637862205505371,,,,,,,,,,,,,,
baseline,ip2p,gaussianshading,611000000001,change_color,3,background,make the background a city street,0.88671875,227.0,1.4846454937872452e-39,True,154.0,False,,,0.1697046160697937,0.267018586397171,-0.09731397032737732,0.2457401156425476,0.6821495294570923,-0.02433914877474308,0.7918267846107483,0.12278023183450004,7.939416233497888,9.144769548802193,4.757506847381592,4.637862205505371,,,,,,,,,,,,,,
baseline,ip2p,gaussianshading,611000000001,change_color,4,style,make it look cinematic,0.875,224.0,5.858468973293344e-37,True,154.0,False,,,0.1628822237253189,0.15702374279499054,0.005858480930328369,0.02566668391227722,0.9924800395965576,0.9904756546020508,0.06472145020961761,0.8462643077716202,21.40087008861603,8.947742449727325,4.745776176452637,4.637862205505371,,,,,,,,,,,,,,
baseline,ip2p,gaussianshading,611000000002,change_color,0,none,,1.0,256.0,8.636168555094445e-78,True,154.0,True,7.676597113295724,0.09905324764349309,,,,,,,,,,,,,,,,,,,,,,,,,,
baseline,ip2p,gaussianshading,611000000002,change_color,1,change_color,change the brown to black and make it white,1.0,256.0,8.636168555094445e-78,True,154.0,True,,,0.2596226930618286,0.2183293253183365,0.041293367743492126,0.21958310902118683,0.9214964509010315,0.9403700828552246,0.2436789572238922,0.6818618307963255,13.321356661916514,6.918786480042383,4.761338233947754,4.637862205505371,,,,,,,,,,,,,,
baseline,ip2p,gaussianshading,611000000002,change_color,2,global_attribute,change the season to winter,1.0,256.0,8.636168555094445e-78,True,154.0,True,,,0.27080589532852173,0.2653309404850006,0.005474954843521118,0.15974238514900208,0.980613112449646,0.9782915711402893,0.14355219900608063,0.7986670357876973,19.63915174077067,6.291746363523988,4.749147176742554,4.637862205505371,,,,,,,,,,,,,,
baseline,ip2p,gaussianshading,611000000002,change_color,3,background,make the background a forest,1.0,256.0,8.636168555094445e-78,True,154.0,True,,,0.2264251410961151,0.2705889046192169,-0.04416376352310181,0.08178047835826874,0.9312118887901306,0.9500712156295776,0.3422558605670929,0.592864207069716,9.524512695485587,7.5765662943314975,4.745555877685547,4.637862205505371,,,,,,,,,,,,,,
baseline,ip2p,gaussianshading,611000000002,change_color,4,style,make it look cinematic,1.0,256.0,8.636168555094445e-78,True,154.0,True,,,0.22647027671337128,0.2175682783126831,0.008901998400688171,-0.05138906463980675,0.9916195869445801,0.9958697557449341,0.03344286233186722,0.9286874669047137,26.16307969368939,7.374540627635469,4.753842353820801,4.637862205505371,,,,,,,,,,,,,,
baseline,ip2p,gaussianshading,611000000003,change_color,0,none,,1.0,256.0,8.636168555094445e-78,True,154.0,True,8.787287540729702,0.2205031415690459,,,,,,,,,,,,,,,,,,,,,,,,,,
baseline,ip2p,gaussianshading,611000000003,change_color,1,change_color,change the white to pink and make it red,1.0,256.0,8.636168555094445e-78,True,154.0,True,,,0.3206923007965088,0.2692403495311737,0.05145195126533508,0.39250826835632324,0.9463053941726685,0.8792853355407715,0.3120972812175751,0.7580923770296165,14.55406691765447,8.261622752680516,4.754741430282593,4.637862205505371,,,,,,,,,,,,,,
baseline,ip2p,gaussianshading,611000000003,change_color,2,global_attribute,change the season to winter,1.0,256.0,8.636168555094445e-78,True,154.0,True,,,0.26076528429985046,0.30639711022377014,-0.04563182592391968,0.06687331199645996,0.9655557870864868,0.9347907304763794,0.36032989621162415,0.5862120984275943,9.059584943026369,7.305759837886718,4.750641584396362,4.637862205505371,,,,,,,,,,,,,,
baseline,ip2p,gaussianshading,611000000003,change_color,3,background,make the background a forest,1.0,256.0,8.636168555094445e-78,True,154.0,True,,,0.23997679352760315,0.24748608469963074,-0.007509291172027588,0.08031956851482391,0.9810392260551453,0.9737663865089417,0.32148048281669617,0.5662293567942869,9.210930923105245,8.361123691781396,4.753529071807861,4.637862205505371,,,,,,,,,,,,,,
baseline,ip2p,gaussianshading,611000000003,change_color,4,style,convert it to an oil painting,1.0,256.0,8.636168555094445e-78,True,154.0,True,,,0.2356218546628952,0.2209089696407318,0.014712885022163391,0.062426671385765076,0.9426966905593872,0.9569954872131348,0.3683762848377228,0.47616953621729746,18.266535664985742,8.431507112269177,4.763182878494263,4.637862205505371,,,,,,,,,,,,,,
baseline,ip2p,gaussianshading,611000000004,change_color,0,none,,1.0,256.0,8.636168555094445e-78,True,154.0,True,8.698701288561296,0.26169447391015327,,,,,,,,,,,,,,,,,,,,,,,,,,
baseline,ip2p,gaussianshading,611000000004,change_color,1,change_color,change the white to purple and make it black,1.0,256.0,8.636168555094445e-78,True,154.0,True,,,0.2881110906600952,0.2264305055141449,0.06168058514595032,0.30187612771987915,0.8912979960441589,0.8679816126823425,0.33705267310142517,0.6977553621127495,12.664043806433407,8.385255763991287,4.753160238265991,4.637862205505371,,,,,,,,,,,,,,
baseline,ip2p,gaussianshading,611000000004,change_color,2,global_attribute,change the season to winter,1.0,256.0,8.636168555094445e-78,True,154.0,True,,,0.2611406445503235,0.2567482590675354,0.004392385482788086,0.07302705198526382,0.917871356010437,0.9099034070968628,0.37206724286079407,0.7037493330143567,11.867467167000052,6.70515754404652,4.757686138153076,4.637862205505371,,,,,,,,,,,,,,
baseline,ip2p,gaussianshading,611000000004,change_color,3,background,make the background a city street,1.0,256.0,8.636168555094445e-78,True,154.0,True,,,0.10728192329406738,0.25141626596450806,-0.14413434267044067,0.14830586314201355,0.6133968830108643,-0.015212234109640121,0.6813149452209473,0.2926872147780241,8.373388135785882,7.092691862084961,4.760265588760376,4.637862205505371,,,,,,,,,,,,,,
baseline,ip2p,gaussianshading,611000000004,change_color,4,style,make it anime style,1.0,256.0,8.636168555094445e-78,True,154.0,True,,,0.13116991519927979,0.11138777434825897,0.019782140851020813,0.10160387307405472,0.9864293336868286,0.9907934665679932,0.09634055942296982,0.9066284819948142,22.9400729440059,6.7839300763388755,4.746561765670776,4.637862205505371,,,,,,,,,,,,,,
baseline,ip2p,gaussianshading,711000000000,change_material,0,none,,1.0,256.0,8.636168555094445e-78,True,154.0,True,11.586156160469736,0.18632078235745705,,,,,,,,,,,,,,,,,,,,,,,,,,
baseline,ip2p,gaussianshading,711000000000,change_material,1,change_material,make it knitted and make it toy,0.77734375,199.0,6.461079525806242e-20,True,154.0,False,,,0.24502144753932953,0.2705993056297302,-0.025577858090400696,0.18257540464401245,0.8071948289871216,0.5059822797775269,0.47058314085006714,0.29954039665474735,15.470572382285974,10.926193133152225,4.744922161102295,4.637862205505371,,,,,,,,,,,,,,
baseline,ip2p,gaussianshading,711000000000,change_material,2,global_attribute,change the season to winter,0.703125,180.0,3.340468412340495e-11,True,154.0,False,,,0.21937915682792664,0.22561699151992798,-0.006237834692001343,0.026216130703687668,0.9873249530792236,0.9876641631126404,0.08262228220701218,0.8040720526653105,20.79915568538143,10.391613604485734,4.7420995235443115,4.637862205505371,,,,,,,,,,,,,,
baseline,ip2p,gaussianshading,711000000000,change_material,3,background,make the background a desert,0.6953125,178.0,1.8404447729063617e-10,True,154.0,False,,,0.22414234280586243,0.20804230868816376,0.01610003411769867,-0.038687024265527725,0.9316460490226746,0.9667625427246094,0.10178348422050476,0.8450184309371792,19.125134611518057,10.66746942130456,4.74133038520813,4.637862205505371,,,,,,,,,,,,,,
baseline,ip2p,gaussianshading,711000000000,change_material,4,style,convert it to an oil painting,0.6640625,170.0,8.338613937483142e-08,True,154.0,False,,,0.2471553385257721,0.22276538610458374,0.024389952421188354,0.09632237255573273,0.9281871318817139,0.9408068656921387,0.06893879175186157,0.8661478652675929,18.6906549387922,11.713431235188558,4.743695497512817,4.637862205505371,,,,,,,,,,,,,,
baseline,ip2p,gaussianshading,711000000001,change_material,0,none,,1.0,256.0,8.636168555094445e-78,True,154.0,True,9.138226461967108,0.054710455176825025,,,,,,,,,,,,,,,,,,,,,,,,,,
baseline,ip2p,gaussianshading,711000000001,change_material,1,change_material,make it wooden and make it toy,0.82421875,211.0,3.51423537576076e-27,True,154.0,False,,,0.30739545822143555,0.23186558485031128,0.07552987337112427,0.2572295665740967,0.8255630135536194,0.5475941300392151,0.8300082683563232,0.6132253904099191,13.120168358427653,8.909990967433401,4.762631177902222,4.637862205505371,,,,,,,,,,,,,,
baseline,ip2p,gaussianshading,711000000001,change_material,2,global_attribute,make it nighttime,0.5625,144.0,0.026235836666071523,False,154.0,False,,,0.2852883040904999,0.2880409359931946,-0.002752631902694702,0.12081976234912872,0.8081037998199463,0.5402666330337524,0.5654811263084412,0.33937809553170534,8.708565133959565,8.377583504712883,4.740379571914673,4.637862205505371,,,,,,,,,,,,,,
baseline,ip2p,gaussianshading,711000000001,change_material,3,background,make the background a desert,0.5546875,142.0,0.04565604346614265,False,154.0,False,,,0.20155629515647888,0.27860701084136963,-0.07705071568489075,0.07397652417421341,0.9361050724983215,0.9727268218994141,0.1611679643392563,0.8244910544276044,16.22900674780893,8.006773456966652,4.754189729690552,4.637862205505371,,,,,,,,,,,,,,
baseline,ip2p,gaussianshading,711000000001,change_material,4,style,make it look cinematic,0.515625,132.0,0.3309164303922281,False,154.0,False,,,0.19825579226016998,0.1879054307937622,0.010350361466407776,0.005494007840752602,0.9873639345169067,0.9802848100662231,0.022129513323307037,0.9118642438897089,26.430776346025453,8.12735976829325,4.752445220947266,4.637862205505371,,,,,,,,,,,,,,
baseline,ip2p,gaussianshading,711000000002,change_material,0,none,,1.0,256.0,8.636168555094445e-78,True,154.0,True,8.678570064849655,0.3677088414018275,,,,,,,,,,,,,,,,,,,,,,,,,,
baseline,ip2p,gaussianshading,711000000002,change_material,1,change_material,change the blue to plastic and make it golden,1.0,256.0,8.636168555094445e-78,True,154.0,True,,,0.2323048710823059,0.24266883730888367,-0.010363966226577759,0.19961830973625183,0.9511903524398804,0.9140859246253967,0.27890872955322266,0.6918522629024592,11.084208191157458,8.122762954172924,4.745800495147705,4.637862205505371,,,,,,,,,,,,,,
baseline,ip2p,gaussianshading,711000000002,change_material,2,global_attribute,change the season to winter,1.0,256.0,8.636168555094445e-78,True,154.0,True,,,0.2534116506576538,0.2375180721282959,0.01589357852935791,-0.04880194365978241,0.9703578352928162,0.9258063435554504,0.29603588581085205,0.7211246436271762,10.03344585806242,9.25352756859734,4.743191719055176,4.637862205505371,,,,,,,,,,,,,,
baseline,ip2p,gaussianshading,711000000002,change_material,3,background,make the background a desert,0.98828125,253.0,2.415032856233154e-71,True,154.0,False,,,0.2589649260044098,0.2615084946155548,-0.0025435686111450195,0.026172548532485962,0.9892182946205139,0.8860276937484741,0.15201404690742493,0.9259222510156907,16.285136835486465,9.399556325609284,4.735353708267212,4.637862205505371,,,,,,,,,,,,,,
baseline,ip2p,gaussianshading,711000000002,change_material,4,style,turn it into a watercolor painting,0.984375,252.0,1.533689029792275e-69,True,154.0,False,,,0.2590866684913635,0.25153136253356934,0.0075553059577941895,0.1612171083688736,0.9633129239082336,0.8591709136962891,0.28378555178642273,0.7218432161439452,13.40717200222684,7.992571672902401,4.746723651885986,4.637862205505371,,,,,,,,,,,,,,
baseline,ip2p,gaussianshading,711000000003,change_material,0,none,,1.0,256.0,8.636168555094445e-78,True,154.0,True,13.830004944245069,0.3634461319769482,,,,,,,,,,,,,,,,,,,,,,,,,,
baseline,ip2p,gaussianshading,711000000003,change_material,1,change_material,make it iron and make it sculpture,0.92578125,237.0,2.2201834526978018e-49,True,154.0,False,,,0.2979503273963928,0.24461838603019714,0.05333194136619568,0.21610388159751892,0.8478939533233643,0.8107209205627441,0.37747806310653687,0.4765613751841716,12.1399758811028,11.22029070358549,4.758488178253174,4.637862205505371,,,,,,,,,,,,,,
baseline,ip2p,gaussianshading,711000000003,change_material,2,global_attribute,make it sunset lighting,0.87890625,225.0,8.283676586985015e-38,True,154.0,False,,,0.2915869653224945,0.2748095393180847,0.01677742600440979,0.19856053590774536,0.9190928339958191,0.9454129934310913,0.3716368079185486,0.5364777086525915,12.290318008483908,7.7427110313237915,4.751626014709473,4.637862205505371,,,,,,,,,,,,,,
baseline,ip2p,gaussianshading,711000000003,change_material,3,background,make the background a forest,0.859375,220.0,1.0404279969870501e-33,True,154.0,False,,,0.25805872678756714,0.28187689185142517,-0.023818165063858032,0.1943843513727188,0.8424859046936035,0.29207509756088257,0.7380219101905823,0.4073842558686504,12.585725950592192,7.088221948167882,4.736875772476196,4.637862205505371,,,,,,,,,,,,,,
baseline,ip2p,gaussianshading,711000000003,change_material,4,style,make it look cinematic,0.828125,212.0,7.406648089014277e-28,True,154.0,False,,,0.2725455164909363,0.2745650112628937,-0.0020194947719573975,0.020696450024843216,0.9867609739303589,0.9675831198692322,0.08454343676567078,0.8525113219188697,27.720992398001997,6.744582549891016,4.746279239654541,4.637862205505371,,,,,,,,,,,,,,
baseline,ip2p,gaussianshading,711000000004,change_material,0,none,,1.0,256.0,8.636168555094445e-78,True,154.0,True,9.79938891185112,0.30892141036806625,,,,,,,,,,,,,,,,,,,,,,,,,,
baseline,ip2p,gaussianshading,711000000004,change_material,1,change_material,make it golden and make it sculpture,1.0,256.0,8.636168555094445e-78,True,154.0,True,,,0.23007649183273315,0.20825612545013428,0.021820366382598877,0.20076793432235718,0.9799789190292358,0.9615617990493774,0.2923024594783783,0.6813828834881331,15.748905755415791,8.81316835631554,4.751264333724976,4.637862205505371,,,,,,,,,,,,,,
baseline,ip2p,gaussianshading,711000000004,change_material,2,global_attribute,change the season to winter,0.99609375,255.0,2.2194953186592723e-75,True,154.0,False,,,0.18695154786109924,0.20228657126426697,-0.015335023403167725,0.05299081653356552,0.9730121493339539,0.932031512260437,0.554007887840271,0.5528205088352256,8.69519298568549,9.669715686072827,4.755744457244873,4.637862205505371,,,,,,,,,,,,,,
baseline,ip2p,gaussianshading,711000000004,change_material,3,background,make the background a desert,0.99609375,255.0,2.2194953186592723e-75,True,154.0,False,,,0.18673160672187805,0.19223850965499878,-0.0055069029331207275,0.038521185517311096,0.9869107007980347,0.9815709590911865,0.21818752586841583,0.8747682863438248,19.71180820834992,9.650230236863885,4.766586780548096,4.637862205505371,,,,,,,,,,,,,,
baseline,ip2p,gaussianshading,711000000004,change_material,4,style,make it look cinematic,0.984375,252.0,1.533689029792275e-69,True,154.0,False,,,0.21210801601409912,0.1971992552280426,0.014908760786056519,0.040079064667224884,0.9824024438858032,0.9914380311965942,0.05276884138584137,0.9269854183664729,24.58959833828766,9.578407992111504,4.734906196594238,4.637862205505371,,,,,,,,,,,,,,
baseline,ip2p,gaussianshading,811000000000,change_background,0,none,,1.0,256.0,8.636168555094445e-78,True,154.0,True,7.637556448068872,0.1728198280954708,,,,,,,,,,,,,,,,,,,,,,,,,,
baseline,ip2p,gaussianshading,811000000000,change_background,1,change_background,change the background to forest,0.99609375,255.0,2.2194953186592723e-75,True,154.0,False,,,0.2741375267505646,0.18711811304092407,0.0870194137096405,0.3460758328437805,0.9443843364715576,0.9754625558853149,0.4218766987323761,0.734824740900387,15.754156760357553,5.737330040062493,4.753263235092163,4.637862205505371,,,,,,,,,,,,,,
baseline,ip2p,gaussianshading,811000000000,change_background,2,global_attribute,make it nighttime,0.984375,252.0,1.533689029792275e-69,True,154.0,False,,,0.25154051184654236,0.2728792130947113,-0.021338701248168945,0.1855454444885254,0.9675303101539612,0.9692246913909912,0.3934519588947296,0.2654539908882391,13.413089600512114,3.4906274649215954,4.7483298778533936,4.637862205505371,,,,,,,,,,,,,,
baseline,ip2p,gaussianshading,811000000000,change_background,3,background,replace the background with a beach,0.98828125,253.0,2.415032856233154e-71,True,154.0,False,,,0.2327730357646942,0.2526595890522003,-0.019886553287506104,0.1511515974998474,0.9384356141090393,0.9587785601615906,0.5178235173225403,0.2598258317568428,9.237864799179986,7.336614135127602,4.758742094039917,4.637862205505371,,,,,,,,,,,,,,
baseline,ip2p,gaussianshading,811000000000,change_background,4,style,make it anime style,0.9609375,246.0,2.50913452180952e-60,True,154.0,False,,,0.2748523950576782,0.22409865260124207,0.05075374245643616,0.24379244446754456,0.7858090400695801,0.8961304426193237,0.30970680713653564,0.7700305245271247,12.747679783546618,8.733894902554908,4.745225429534912,4.637862205505371,,,,,,,,,,,,,,
baseline,ip2p,gaussianshading,811000000001,change_background,0,none,,1.0,256.0,8.636168555094445e-78,True,154.0,True,8.132124400881674,0.153075530369753,,,,,,,,,,,,,,,,,,,,,,,,,,
baseline,ip2p,gaussianshading,811000000001,change_background,1,change_background,change the background to dark,1.0,256.0,8.636168555094445e-78,True,154.0,True,,,0.32288816571235657,0.3147404193878174,0.008147746324539185,0.33687537908554077,0.9401692152023315,0.8605700731277466,0.48049402236938477,0.2941861278727053,7.726351091346802,6.017159086935172,4.7561938762664795,4.637862205505371,,,,,,,,,,,,,,
baseline,ip2p,gaussianshading,811000000001,change_background,2,global_attribute,make it nighttime,0.99609375,255.0,2.2194953186592723e-75,True,154.0,False,,,0.19722703099250793,0.334417462348938,-0.13719043135643005,0.12099409103393555,0.7720479965209961,0.17676737904548645,0.536166250705719,0.3896473914390101,15.766998131546302,5.081280925870921,4.751535892486572,4.637862205505371,,,,,,,,,,,,,,
baseline,ip2p,gaussianshading,811000000001,change_background,3,background,make the background a forest,0.984375,252.0,1.533689029792275e-69,True,154.0,False,,,0.1714433878660202,0.2066539227962494,-0.03521053493022919,0.0021628234535455704,0.8862065076828003,0.539137065410614,0.37377944588661194,0.5687851747532935,22.773656663839475,4.797854370092821,4.761975288391113,4.637862205505371,,,,,,,,,,,,,,
baseline,ip2p,gaussianshading,811000000001,change_background,4,style,make it look cinematic,0.97265625,249.0,1.1692859003985973e-64,True,154.0,False,,,0.1948566734790802,0.19489389657974243,-3.7223100662231445e-05,0.057298384606838226,0.9790666103363037,0.9366444945335388,0.19128209352493286,0.6333223572003737,27.468377715810206,5.167672480701679,4.745413303375244,4.637862205505371,,,,,,,,,,,,,,
baseline,ip2p,gaussianshading,811000000002,change_background,0,none,,1.0,256.0,8.636168555094445e-78,True,154.0,True,13.255242687879232,0.2630333621548004,,,,,,,,,,,,,,,,,,,,,,,,,,
baseline,ip2p,gaussianshading,811000000002,change_background,1,change_background,change the background to grass,1.0,256.0,8.636168555094445e-78,True,154.0,True,,,0.2836255133152008,0.2291993498802185,0.0544261634349823,0.25386375188827515,0.9133797287940979,0.9552698731422424,0.543656587600708,0.4857137023737474,16.119506744519047,11.02858983152857,4.762441635131836,4.637862205505371,,,,,,,,,,,,,,
baseline,ip2p,gaussianshading,811000000002,change_background,2,global_attribute,change the season to winter,1.0,256.0,8.636168555094445e-78,True,154.0,True,,,0.24180613458156586,0.25393030047416687,-0.012124165892601013,0.166140615940094,0.9473839998245239,0.9670887589454651,0.42629799246788025,0.6469102694749356,9.337386270945249,7.981158590593234,4.742109537124634,4.637862205505371,,,,,,,,,,,,,,
baseline,ip2p,gaussianshading,811000000002,change_background,3,background,replace the background with a beach,1.0,256.0,8.636168555094445e-78,True,154.0,True,,,0.2324759066104889,0.2277025580406189,0.004773348569869995,0.06445112824440002,0.9659128785133362,0.9696030616760254,0.28822076320648193,0.6836254509627694,17.505346525170037,8.502413501132189,4.748777866363525,4.637862205505371,,,,,,,,,,,,,,
baseline,ip2p,gaussianshading,811000000002,change_background,4,style,turn it into a watercolor painting,1.0,256.0,8.636168555094445e-78,True,154.0,True,,,0.23790162801742554,0.22071877121925354,0.017182856798171997,0.1456039845943451,0.9644267559051514,0.9374144077301025,0.30924707651138306,0.6959945404600144,12.694414201753709,5.759424041019844,4.749448776245117,4.637862205505371,,,,,,,,,,,,,,
baseline,ip2p,gaussianshading,811000000003,change_background,0,none,,1.0,256.0,8.636168555094445e-78,True,154.0,True,7.705540339831477,0.08678071650546026,,,,,,,,,,,,,,,,,,,,,,,,,,
baseline,ip2p,gaussianshading,811000000003,change_background,1,change_background,change the background to blue,1.0,256.0,8.636168555094445e-78,True,154.0,True,,,0.2742690443992615,0.22889849543571472,0.04537054896354675,0.2578163146972656,0.9776568412780762,0.962716281414032,0.1742735356092453,0.7942730989894277,16.15409286321099,6.97941574829297,4.752188205718994,4.637862205505371,,,,,,,,,,,,,,
baseline,ip2p,gaussianshading,811000000003,change_background,2,global_attribute,change the season to winter,1.0,256.0,8.636168555094445e-78,True,154.0,True,,,0.2815035581588745,0.24150514602661133,0.039998412132263184,0.056776247918605804,0.968309760093689,0.9737867116928101,0.1513408124446869,0.7915303791322227,13.749285651653743,5.963913689366791,4.749624729156494,4.637862205505371,,,,,,,,,,,,,,
baseline,ip2p,gaussianshading,811000000003,change_background,3,background,make the background a desert,0.99609375,255.0,2.2194953186592723e-75,True,154.0,False,,,0.26969826221466064,0.2756327986717224,-0.005934536457061768,0.0951683297753334,0.9844295978546143,0.9652918577194214,0.1185564249753952,0.8615038132622833,16.676451351525184,6.209593754333243,4.745509147644043,4.637862205505371,,,,,,,,,,,,,,
baseline,ip2p,gaussianshading,811000000003,change_background,4,style,turn it into a watercolor painting,0.9921875,254.0,2.8410403695694194e-73,True,154.0,False,,,0.23246657848358154,0.23528672754764557,-0.002820149064064026,0.09169895946979523,0.9814773797988892,0.9616896510124207,0.20566250383853912,0.7514444931423877,14.569180960566444,4.945146166648826,4.744759798049927,4.637862205505371,,,,,,,,,,,,,,
baseline,ip2p,gaussianshading,811000000004,change_background,0,none,,1.0,256.0,8.636168555094445e-78,True,154.0,True,9.133667208658917,0.09357019619029001,,,,,,,,,,,,,,,,,,,,,,,,,,
baseline,ip2p,gaussianshading,811000000004,change_background,1,change_background,change the background to red,1.0,256.0,8.636168555094445e-78,True,154.0,True,,,0.28980010747909546,0.25121283531188965,0.03858727216720581,0.2690070867538452,0.8944398760795593,0.9312253594398499,0.5900121331214905,0.27823536562307366,7.441926796122208,7.0111525394497125,4.758104562759399,4.637862205505371,,,,,,,,,,,,,,
baseline,ip2p,gaussianshading,811000000004,change_background,2,global_attribute,make it rainy,1.0,256.0,8.636168555094445e-78,True,154.0,True,,,0.29100385308265686,0.25687330961227417,0.03413054347038269,0.3745157718658447,0.8398664593696594,0.5228749513626099,0.80232173204422,0.1399773367827263,6.717329676871737,8.510675401291392,4.747709035873413,4.637862205505371,,,,,,,,,,,,,,
baseline,ip2p,gaussianshading,811000000004,change_background,3,background,replace the background with a beach,0.984375,252.0,1.533689029792275e-69,True,154.0,False,,,0.2762971520423889,0.28217166662216187,-0.005874514579772949,0.03513234853744507,0.9758813977241516,0.8509402275085449,0.25869128108024597,0.5993690042198231,11.367263205707827,8.392181059432367,4.749610662460327,4.637862205505371,,,,,,,,,,,,,,
baseline,ip2p,gaussianshading,811000000004,change_background,4,style,convert it to an oil painting,0.9765625,250.0,3.260325837244994e-66,True,154.0,False,,,0.22674915194511414,0.25084295868873596,-0.024093806743621826,0.03349152207374573,0.9626832008361816,0.9328867793083191,0.10913993418216705,0.870141643301645,22.690826152827107,7.838555069561569,4.747288942337036,4.637862205505371,,,,,,,,,,,,,,
baseline,ip2p,gaussianshading,911000000000,change_style,0,none,,1.0,256.0,8.636168555094445e-78,True,154.0,True,9.856714760356803,0.21110788081522402,,,,,,,,,,,,,,,,,,,,,,,,,,
baseline,ip2p,gaussianshading,911000000000,change_style,1,change_style,make it realism style expressionism style,1.0,256.0,8.636168555094445e-78,True,154.0,True,,,0.276985764503479,0.268821120262146,0.008164644241333008,0.18857276439666748,0.9785686731338501,0.9590791463851929,0.1814640462398529,0.7772424535915835,17.951358632580718,9.605400970122378,4.753782510757446,4.637862205505371,,,,,,,,,,,,,,
baseline,ip2p,gaussianshading,911000000000,change_style,2,global_attribute,make it nighttime,1.0,256.0,8.636168555094445e-78,True,154.0,True,,,0.28050723671913147,0.2669543921947479,0.013552844524383545,0.10672823339700699,0.9872668385505676,0.9800304174423218,0.11809460073709488,0.6837858388978973,12.96515448753527,9.1095323152712,4.755243301391602,4.637862205505371,,,,,,,,,,,,,,
baseline,ip2p,gaussianshading,911000000000,change_style,3,background,replace the background with a beach,1.0,256.0,8.636168555094445e-78,True,154.0,True,,,0.3008047938346863,0.26364371180534363,0.03716108202934265,0.06843219697475433,0.9161430597305298,0.8933873772621155,0.4779112637042999,0.34327293667465625,5.754738723210503,6.623855795580184,4.760775089263916,4.637862205505371,,,,,,,,,,,,,,
baseline,ip2p,gaussianshading,911000000000,change_style,4,style,make it look cinematic,1.0,256.0,8.636168555094445e-78,True,154.0,True,,,0.29126715660095215,0.29863011837005615,-0.007362961769104004,-0.05362023040652275,0.9873125553131104,0.9847571849822998,0.0985601618885994,0.862185004963126,20.242142443549298,7.030831469479766,4.735453367233276,4.637862205505371,,,,,,,,,,,,,,
baseline,ip2p,gaussianshading,911000000001,change_style,0,none,,1.0,256.0,8.636168555094445e-78,True,154.0,True,7.921834235010893,0.3814387242987902,,,,,,,,,,,,,,,,,,,,,,,,,,
baseline,ip2p,gaussianshading,911000000001,change_style,1,change_style,make it realism style painting,0.99609375,255.0,2.2194953186592723e-75,True,154.0,False,,,0.2664371430873871,0.20424248278141022,0.06219466030597687,0.24824821949005127,0.9023051261901855,0.9348706007003784,0.07139205932617188,0.9085705726169712,18.28578923747969,7.127715417081917,4.756529331207275,4.637862205505371,,,,,,,,,,,,,,
baseline,ip2p,gaussianshading,911000000001,change_style,2,global_attribute,make it rainy,0.9921875,254.0,2.8410403695694194e-73,True,154.0,False,,,0.25677555799484253,0.24759885668754578,0.009176701307296753,0.0333578959107399,0.9644174575805664,0.9727251529693604,0.05082392320036888,0.9284203119262004,21.316099366904893,7.422147189050149,4.75267767906189,4.637862205505371,,,,,,,,,,,,,,
baseline,ip2p,gaussianshading,911000000001,change_style,3,background,replace the background with a beach,0.97265625,249.0,1.1692859003985973e-64,True,154.0,False,,,0.24937163293361664,0.24018427729606628,0.009187355637550354,0.024185772985219955,0.9783339500427246,0.9608540534973145,0.1059192344546318,0.8815224085475704,15.872943645453784,6.790700748318622,4.747934103012085,4.637862205505371,,,,,,,,,,,,,,
baseline,ip2p,gaussianshading,911000000001,change_style,4,style,make it anime style,0.87109375,223.0,4.0002186987512886e-36,True,154.0,False,,,0.21828210353851318,0.22248275578022003,-0.004200652241706848,0.08594389259815216,0.9634804725646973,0.9499383568763733,0.093561552464962,0.90027839585158,21.82844933523501,6.836717431074112,4.759668350219727,4.637862205505371,,,,,,,,,,,,,,
baseline,ip2p,gaussianshading,911000000002,change_style,0,none,,1.0,256.0,8.636168555094445e-78,True,154.0,True,6.62391642038843,0.13019910884624888,,,,,,,,,,,,,,,,,,,,,,,,,,
baseline,ip2p,gaussianshading,911000000002,change_style,1,change_style,make it minimalism kids crayon drawing,0.99609375,255.0,2.2194953186592723e-75,True,154.0,False,,,0.2321753203868866,0.2366778552532196,-0.004502534866333008,0.10506927967071533,0.9529675245285034,0.9273258447647095,0.2949141263961792,0.5204299018876483,10.767436242499835,5.419625650100945,4.751804351806641,4.637862205505371,,,,,,,,,,,,,,
baseline,ip2p,gaussianshading,911000000002,change_style,2,global_attribute,make it sunset lighting,0.8125,208.0,3.205891881978136e-25,True,154.0,False,,,0.16300137341022491,0.22742846608161926,-0.06442709267139435,0.27862995862960815,0.7024394273757935,0.02999272011220455,0.8298060894012451,0.3963774055277884,6.784522422429654,6.512398118433461,4.739883899688721,4.637862205505371,,,,,,,,,,,,,,
baseline,ip2p,gaussianshading,911000000002,change_style,3,background,replace the background with a beach,0.76171875,195.0,8.141069024389043e-18,True,154.0,False,,,0.19266381859779358,0.1766449213027954,0.01601889729499817,0.034227121621370316,0.9445993900299072,0.7846279144287109,0.655909538269043,0.6417936288824329,6.546052880706866,5.992169367680521,4.751357555389404,4.637862205505371,,,,,,,,,,,,,,
baseline,ip2p,gaussianshading,911000000002,change_style,4,style,make it anime style,0.625,160.0,3.802648956854992e-05,True,154.0,False,,,0.2195020169019699,0.20211604237556458,0.017385974526405334,0.15685264766216278,0.8476198315620422,0.6786069869995117,0.5051325559616089,0.764619423238699,16.104265683152043,5.24911295163104,4.7255027294158936,4.637862205505371,,,,,,,,,,,,,,
baseline,ip2p,gaussianshading,911000000003,change_style,0,none,,1.0,256.0,8.636168555094445e-78,True,154.0,True,6.512173675998144,0.0722609465834196,,,,,,,,,,,,,,,,,,,,,,,,,,
baseline,ip2p,gaussianshading,911000000003,change_style,1,change_style,make it surrealism style wall mural,1.0,256.0,8.636168555094445e-78,True,154.0,True,,,0.2557200491428375,0.23319187760353088,0.02252817153930664,0.03651151806116104,0.9387029409408569,0.9021075963973999,0.37807419896125793,0.5995543995675504,11.477905875742618,7.732825669384735,4.752434253692627,4.637862205505371,,,,,,,,,,,,,,
baseline,ip2p,gaussianshading,911000000003,change_style,2,global_attribute,make it nighttime,1.0,256.0,8.636168555094445e-78,True,154.0,True,,,0.26330721378326416,0.2610185444355011,0.0022886693477630615,0.0046363212168216705,0.9859875440597534,0.9915444850921631,0.10472072660923004,0.8557726382694498,17.851964550916502,8.319084365704914,4.7620580196380615,4.637862205505371,,,,,,,,,,,,,,
baseline,ip2p,gaussianshading,911000000003,change_style,3,background,make the background a city street,1.0,256.0,8.636168555094445e-78,True,154.0,True,,,0.237501323223114,0.24656125903129578,-0.009059935808181763,0.1329042762517929,0.952511191368103,0.8748394250869751,0.4976692795753479,0.46656875316415664,15.363120000300142,7.911923049256206,4.7564537525177,4.637862205505371,,,,,,,,,,,,,,
baseline,ip2p,gaussianshading,911000000003,change_style,4,style,convert it to an oil painting,0.99609375,255.0,2.2194953186592723e-75,True,154.0,False,,,0.23921383917331696,0.2382415533065796,0.0009722858667373657,0.06007510423660278,0.9940833449363708,0.9887510538101196,0.08387171477079391,0.8944025464188382,24.98387537062377,7.555888774501928,4.756941318511963,4.637862205505371,,,,,,,,,,,,,,
baseline,ip2p,gaussianshading,911000000004,change_style,0,none,,1.0,256.0,8.636168555094445e-78,True,154.0,True,10.469138961604829,0.38302115691498395,,,,,,,,,,,,,,,,,,,,,,,,,,
baseline,ip2p,gaussianshading,911000000004,change_style,1,change_style,make it photorealism style oil painting,1.0,256.0,8.636168555094445e-78,True,154.0,True,,,0.19575069844722748,0.19873228669166565,-0.0029815882444381714,0.04415006935596466,0.9801405668258667,0.9731348752975464,0.10058531165122986,0.9023269672736788,22.591556070836475,9.763803774857017,4.753396511077881,4.637862205505371,,,,,,,,,,,,,,
baseline,ip2p,gaussianshading,911000000004,change_style,2,global_attribute,make it sunset lighting,1.0,256.0,8.636168555094445e-78,True,154.0,True,,,0.2363586574792862,0.21325178444385529,0.023106873035430908,0.17719441652297974,0.9710187315940857,0.9858798980712891,0.14461490511894226,0.852795152477661,15.756997797104454,10.515735523666583,4.760145664215088,4.637862205505371,,,,,,,,,,,,,,
baseline,ip2p,gaussianshading,911000000004,change_style,3,background,make the background a city street,0.91796875,235.0,2.986153404182484e-47,True,154.0,False,,,0.1522013396024704,0.2421478033065796,-0.08994646370410919,0.12604647874832153,0.6721054315567017,0.034910961985588074,0.678756594657898,0.5184765834010173,12.614234480795911,9.276867762409328,4.749974966049194,4.637862205505371,,,,,,,,,,,,,,
baseline,ip2p,gaussianshading,911000000004,change_style,4,style,turn it into a watercolor painting,0.91015625,233.0,3.278493037067405e-45,True,154.0,False,,,0.1782056987285614,0.13933226466178894,0.03887343406677246,0.20143787562847137,0.960625946521759,0.9620997309684753,0.17937488853931427,0.7205291959496637,14.193502230252342,6.8859962282378735,4.755888938903809,4.637862205505371,,,,,,,,,,,,,,
baseline,ip2p,none,111000000000,change_object,0,none,,,,,,,,inf,1.0,,,,,,,,,,,,,,,0.03921721107855696,False,,,68.07020568847656,0.4921875,126.0,0.6226346259555037,False,154.0,False,
baseline,ip2p,none,111000000000,change_object,1,change_object,change the fishes to sharks and change the kelp to flowers,,,,,,,,,0.16848862171173096,0.17576518654823303,-0.007276564836502075,0.0038647595793008804,0.9754742383956909,0.9739670753479004,0.14206090569496155,0.7913074967309672,20.888812846296503,20.888812846296503,4.7980797290802,4.637862205505371,,,0.019818208242755188,False,,,70.75230407714844,0.51171875,131.0,0.3773653740444963,False,154.0,False,
baseline,ip2p,none,111000000000,change_object,2,global_attribute,make it nighttime,,,,,,,,,0.1842765510082245,0.17083244025707245,0.013444110751152039,0.03967610001564026,0.9714194536209106,0.9559453725814819,0.11364573985338211,0.7343705322631225,13.792969287752845,13.911177643448507,4.753466367721558,4.637862205505371,,,0.015077014016709345,False,,,72.8447265625,0.484375,124.0,0.7130693117027229,False,154.0,False,
baseline,ip2p,none,111000000000,change_object,3,background,make the background a desert,,,,,,,,,0.20096351206302643,0.17929039895534515,0.021673113107681274,0.14040733873844147,0.8083682060241699,0.593659520149231,0.4374484419822693,0.37642344542573386,13.570202456504967,12.861011169796052,4.755879640579224,4.637862205505371,,,0.06426114579723262,False,,,71.20176696777344,0.53515625,137.0,0.14399464326582861,False,154.0,False,
baseline,ip2p,none,111000000000,change_object,4,style,turn it into a watercolor painting,,,,,,,,,0.18725734949111938,0.1772756576538086,0.009981691837310791,0.11610016971826553,0.957708477973938,0.8304041624069214,0.3332671523094177,0.3826376557859879,8.621266256939125,8.57081339092453,4.768177509307861,4.637862205505371,,,0.3708287114431405,False,,,76.08316040039062,0.57421875,147.0,0.010284725520827362,False,154.0,False,
baseline,ip2p,none,111000000001,change_object,0,none,,,,,,,,inf,1.0,,,,,,,,,,,,,,,0.6733671351209289,False,,,82.0671615600586,0.49609375,127.0,0.5743424702535421,False,154.0,False,
baseline,ip2p,none,111000000001,change_object,1,change_object,change the cat to tiger and change the hat to scarf,,,,,,,,,0.26281532645225525,0.23121017217636108,0.031605154275894165,0.28713005781173706,0.7384730577468872,0.31443360447883606,0.6950240731239319,0.286613441593255,8.202398801178221,8.202398801178221,4.659585475921631,4.637862205505371,,,0.7217956052662009,False,,,77.59268951416016,0.5078125,130.0,0.4256575297464579,False,154.0,False,
baseline,ip2p,none,111000000001,change_object,2,global_attribute,make it rainy,,,,,,,,,0.26035091280937195,0.2335178405046463,0.026833072304725647,0.2448664903640747,0.9845432639122009,0.9850483536720276,0.041429661214351654,0.9414290260892124,26.82530076544709,8.139509081690079,4.654162645339966,4.637862205505371,,,0.5709553619022701,False,,,80.4025650024414,0.53515625,137.0,0.14399464326582861,False,154.0,False,
baseline,ip2p,none,111000000001,change_object,3,background,make the background a desert,,,,,,,,,0.2519540786743164,0.2550341784954071,-0.0030800998210906982,0.12669114768505096,0.9819661378860474,0.967139482498169,0.1162048801779747,0.9095731294531263,17.96304606245058,7.732321372278851,4.640249013900757,4.637862205505371,,,0.48757163992949326,False,,,81.68572998046875,0.4765625,122.0,0.7917214062533855,False,154.0,False,
baseline,ip2p,none,111000000001,change_object,4,style,make it look cinematic,,,,,,,,,0.24248270690441132,0.23519304394721985,0.007289662957191467,-0.07759147882461548,0.9973841309547424,0.9950811862945557,0.029131559655070305,0.9381958364973024,25.268158899764252,7.692880330464287,4.659676790237427,4.637862205505371,,,0.5142024569045807,False,,,82.85946655273438,0.49609375,127.0,0.5743424702535421,False,154.0,False,
baseline,ip2p,none,111000000002,change_object,0,none,,,,,,,,inf,1.0,,,,,,,,,,,,,,,0.9727859271757056,False,,,86.19181060791016,0.46875,120.0,0.8560053567341714,False,154.0,False,
baseline,ip2p,none,111000000002,change_object,1,change_object,change the duck to marmot and change the eyes to mouth,,,,,,,,,0.14324387907981873,0.13731957972049713,0.005924299359321594,0.07441666722297668,0.9437941312789917,0.709646463394165,0.24483828246593475,0.7353526716354865,16.942059344002402,16.942059344002402,4.731186151504517,4.637862205505371,,,0.961938905137143,False,,,85.56388092041016,0.49609375,127.0,0.5743424702535421,False,154.0,False,
baseline,ip2p,none,111000000002,change_object,2,global_attribute,make it nighttime,,,,,,,,,0.10787571221590042,0.12858031690120697,-0.02070460468530655,0.016127098351716995,0.9768191576004028,0.9695411324501038,0.20855748653411865,0.6553468583945762,13.71593875988864,11.433207657654169,4.733251333236694,4.637862205505371,,,0.9351911478702288,False,,,85.6371078491211,0.51953125,133.0,0.286930688297277,False,154.0,False,
baseline,ip2p,none,111000000002,change_object,3,background,make the background a desert,,,,,,,,,0.10352200269699097,0.09033504128456116,0.01318696141242981,0.1397821307182312,0.9838348627090454,0.9857514500617981,0.11251024901866913,0.8921453710146645,20.276617664824293,12.114063829247343,4.74282693862915,4.637862205505371,,,0.9580328868724606,False,,,85.10474395751953,0.5078125,130.0,0.4256575297464579,False,154.0,False,
baseline,ip2p,none,111000000002,change_object,4,style,make it anime style,,,,,,,,,0.09902666509151459,0.0984000414609909,0.0006266236305236816,-0.03596263751387596,0.9686711430549622,0.9715713262557983,0.18845656514167786,0.6888963662796503,13.484953465743963,13.686787707417531,4.725008249282837,4.637862205505371,,,0.964285518669499,False,,,83.1661605834961,0.4921875,126.0,0.6226346259555037,False,154.0,False,
baseline,ip2p,none,111000000003,change_object,0,none,,,,,,,,inf,1.0,,,,,,,,,,,,,,,0.3301615953304741,False,,,72.87015533447266,0.5546875,142.0,0.04565604346614265,False,154.0,False,
baseline,ip2p,none,111000000003,change_object,1,change_object,change the bunny to pig and change the eyes to ears,,,,,,,,,0.23504385352134705,0.1970217525959015,0.03802210092544556,0.3713122010231018,0.788749098777771,0.4637278914451599,0.311890572309494,0.6534820213980437,16.546305666695794,16.546305666695794,4.711825370788574,4.637862205505371,,,0.36446667660861654,False,,,75.22651672363281,0.5234375,134.0,0.24592142499070546,False,154.0,False,
baseline,ip2p,none,111000000003,change_object,2,global_attribute,change the season to winter,,,,,,,,,0.20665347576141357,0.19767120480537415,0.008982270956039429,0.034899186342954636,0.9637942314147949,0.9677475690841675,0.25646913051605225,0.7206018354336531,13.834674096770183,12.318006025475238,4.705665826797485,4.637862205505371,,,0.2546956881874333,False,,,75.02092742919922,0.52734375,135.0,0.20827859374661445,False,154.0,False,
baseline,ip2p,none,111000000003,change_object,3,background,make the background a city street,,,,,,,,,0.22476476430892944,0.1846890151500702,0.04007574915885925,0.3386337161064148,0.9173193573951721,0.9264798164367676,0.36818498373031616,0.48588140808564595,15.875894896522947,9.958446031117566,4.715638637542725,4.637862205505371,,,0.37688542832020194,False,,,75.73239135742188,0.50390625,129.0,0.4750904450319304,False,154.0,False,
baseline,ip2p,none,111000000003,change_object,4,style,convert it to an oil painting,,,,,,,,,0.22468285262584686,0.22580865025520325,-0.0011257976293563843,0.024260245263576508,0.9781851172447205,0.9885376691818237,0.1076459065079689,0.882416308020645,24.012587918078367,8.953264742175062,4.715469837188721,4.637862205505371,,,0.42942446637774184,False,,,75.9818115234375,0.4765625,122.0,0.7917214062533855,False,154.0,False,
baseline,ip2p,none,111000000004,change_object,0,none,,,,,,,,inf,1.0,,,,,,,,,,,,,,,0.5560444058351013,False,,,74.73863220214844,0.5234375,134.0,0.24592142499070546,False,154.0,False,
baseline,ip2p,none,111000000004,change_object,1,change_object,change the owl to cat and change the heart to circle,,,,,,,,,0.24760201573371887,0.18871130049228668,0.05889071524143219,0.1828691065311432,0.9186471104621887,0.843210756778717,0.2674989104270935,0.6920145624320835,13.072762482773177,13.072762482773177,4.754140615463257,4.637862205505371,,,0.4648787906616799,False,,,78.0086669921875,0.53515625,137.0,0.14399464326582861,False,154.0,False,
baseline,ip2p,none,111000000004,change_object,2,global_attribute,make it sunset lighting,,,,,,,,,0.21122261881828308,0.23694433271884918,-0.0257217139005661,0.21543970704078674,0.7362977266311646,0.023486724123358727,0.8466945886611938,0.44300162480904787,9.23359873215629,9.0622057432103,4.777225017547607,4.637862205505371,,,0.5667236101089838,False,,,78.8212890625,0.515625,132.0,0.3309164303922281,False,154.0,False,
baseline,ip2p,none,111000000004,change_object,3,background,make the background a city street,,,,,,,,,0.1925220489501953,0.1945735663175583,-0.002051517367362976,0.327423632144928,0.8829677104949951,0.20340514183044434,0.5653102397918701,0.6373339934174617,11.77080588481358,9.73953615700513,4.7758424282073975,4.637862205505371,,,0.8472284520407766,False,,,77.93901062011719,0.46875,120.0,0.8560053567341714,False,154.0,False,
baseline,ip2p,none,111000000004,change_object,4,style,make it anime style,,,,,,,,,0.1953243911266327,0.2051818072795868,-0.009857416152954102,0.09890790283679962,0.9734182357788086,0.984417736530304,0.15080899000167847,0.8652497980465275,17.02637190672106,8.853543493136051,4.761535406112671,4.637862205505371,,,0.8930206385870538,False,,,79.26666259765625,0.4921875,126.0,0.6226346259555037,False,154.0,False,
baseline,ip2p,none,211000000000,add_object,0,none,,,,,,,,inf,1.0,,,,,,,,,,,,,,,0.31079202327146205,False,,,77.27735900878906,0.47265625,121.0,0.8257393722665645,False,154.0,False,
baseline,ip2p,none,211000000000,add_object,1,add_object,add scarf and add flowers in mouth,,,,,,,,,0.14085900783538818,0.2661797106266022,-0.125320702791214,0.11661284416913986,0.592313289642334,0.24649684131145477,0.38871315121650696,0.5905132080605605,14.115599093885399,14.115599093885399,4.780164480209351,4.637862205505371,,,0.5732564492225087,False,,,79.0082778930664,0.44140625,113.0,0.9737641633339285,False,154.0,False,
baseline,ip2p,none,211000000000,add_object,2,global_attribute,make it rainy,,,,,,,,,0.1992630958557129,0.1504652202129364,0.04879787564277649,0.2442311942577362,0.8494477272033691,0.7799487113952637,0.5036897659301758,0.4818240927074288,12.645847846251005,10.85808454159892,4.750300884246826,4.637862205505371,,,0.6350607525877392,False,,,78.17882537841797,0.4375,112.0,0.980524082918843,False,154.0,False,
baseline,ip2p,none,211000000000,add_object,3,background,make the background a desert,,,,,,,,,0.2023916244506836,0.2069133222103119,-0.004521697759628296,0.11962272226810455,0.9619031548500061,0.8918513655662537,0.2884168028831482,0.7309286736634092,15.071876860497312,11.217756529670059,4.7282631397247314,4.637862205505371,,,0.7251964083925261,False,,,79.78971099853516,0.48828125,125.0,0.6690835696077719,False,154.0,False,
baseline,ip2p,none,211000000000,add_object,4,style,make it anime style,,,,,,,,,0.21185077726840973,0.18544507026672363,0.026405707001686096,0.1350196897983551,0.9106341004371643,0.9104806184768677,0.16798242926597595,0.7414953237739207,14.902372398918697,10.848121538179782,4.702748775482178,4.637862205505371,,,0.7136464786576068,False,,,79.49188995361328,0.45703125,117.0,0.9247827331993564,False,154.0,False,
baseline,ip2p,none,211000000001,add_object,0,none,,,,,,,,inf,1.0,,,,,,,,,,,,,,,0.9589669685808455,False,,,70.8835220336914,0.47265625,121.0,0.8257393722665645,False,154.0,False,
baseline,ip2p,none,211000000001,add_object,1,add_object,add a gold chain and add a star on its head,,,,,,,,,0.1974712610244751,0.19676573574543,0.000705525279045105,0.033284690231084824,0.9643135070800781,0.9853686690330505,0.10314246267080307,0.8066346398438343,24.950116336922996,24.950116336922996,4.664084434509277,4.637862205505371,,,0.8871171852469035,False,,,74.36109924316406,0.49609375,127.0,0.5743424702535421,False,154.0,False,
baseline,ip2p,none,211000000001,add_object,2,global_attribute,make it nighttime,,,,,,,,,0.20084193348884583,0.1921805739402771,0.008661359548568726,0.09962698817253113,0.979819655418396,0.9877666234970093,0.12008128315210342,0.7366972528923416,17.06601716172692,17.815255315006656,4.652258634567261,4.637862205505371,,,0.8714903934038858,False,,,77.58232116699219,0.5078125,130.0,0.4256575297464579,False,154.0,False,
baseline,ip2p,none,211000000001,add_object,3,background,make the background a desert,,,,,,,,,0.20192226767539978,0.19862395524978638,0.0032983124256134033,0.05639907345175743,0.9650942087173462,0.9793866276741028,0.39441895484924316,0.6931415636713103,15.776163917438575,14.935863026380007,4.669988632202148,4.637862205505371,,,0.6994865891773498,False,,,77.32379150390625,0.53125,136.0,0.1742606277334355,False,154.0,False,
baseline,ip2p,none,211000000001,add_object,4,style,make it anime style,,,,,,,,,0.2647322714328766,0.21623587608337402,0.048496395349502563,0.16375091671943665,0.8606522083282471,0.8254716396331787,0.4317092001438141,0.5528138482925709,15.472200701727045,13.869731178880889,4.6933228969573975,4.637862205505371,,,0.8758345126911893,False,,,78.06562042236328,0.5078125,130.0,0.4256575297464579,False,154.0,False,
baseline,ip2p,none,211000000002,add_object,0,none,,,,,,,,inf,1.0,,,,,,,,,,,,,,,0.5709845621873187,False,,,69.84831237792969,0.49609375,127.0,0.5743424702535421,False,154.0,False,
baseline,ip2p,none,211000000002,add_object,1,add_object,add leaves and add a flower,,,,,,,,,0.24416399002075195,0.29233336448669434,-0.04816937446594238,0.14320358633995056,0.7940793633460999,0.32266566157341003,0.39004749059677124,0.5201948080360635,10.305367835284692,10.305367835284692,4.7674620151519775,4.637862205505371,,,0.5854684325334404,False,,,73.56877136230469,0.43359375,111.0,0.985745538046501,False,154.0,False,
baseline,ip2p,none,211000000002,add_object,2,global_attribute,make it sunset lighting,,,,,,,,,0.12642893195152283,0.24308280646800995,-0.11665387451648712,0.21779963374137878,0.6887216567993164,0.08146658539772034,1.0709195137023926,0.15163029321565913,4.691458666457102,5.181444217873796,4.784519672393799,4.637862205505371,,,0.2825652679213619,False,,,70.84098815917969,0.4375,112.0,0.980524082918843,False,154.0,False,
baseline,ip2p,none,211000000002,add_object,3,background,make the background a forest,,,,,,,,,0.197487473487854,0.12711244821548462,0.07037502527236938,0.2323613166809082,0.8418892621994019,0.3328667879104614,0.7025905251502991,0.550246285576481,13.95575196183366,5.152760690008378,4.785361289978027,4.637862205505371,,,0.390637619913152,False,,,69.15496826171875,0.46484375,119.0,0.8825157080926602,False,154.0,False,
baseline,ip2p,none,211000000002,add_object,4,style,turn it into a watercolor painting,,,,,,,,,0.18812192976474762,0.18588176369667053,0.0022401660680770874,0.10747723281383514,0.9450709819793701,0.8130008578300476,0.4569396376609802,0.4818379144159784,10.545665182946188,6.547771307060245,4.778779983520508,4.637862205505371,,,0.2297441268955349,False,,,75.0818099975586,0.4765625,122.0,0.7917214062533855,False,154.0,False,
baseline,ip2p,none,211000000003,add_object,0,none,,,,,,,,inf,1.0,,,,,,,,,,,,,,,0.5371997137692405,False,,,75.49107360839844,0.47265625,121.0,0.8257393722665645,False,154.0,False,
baseline,ip2p,none,211000000003,add_object,1,add_object,add a hurbat and add a sword,,,,,,,,,0.25258663296699524,0.23598408699035645,0.016602545976638794,0.10584995150566101,0.9797265529632568,0.9465570449829102,0.07518323510885239,0.8966670147352612,24.788748254456195,24.788748254456195,4.726310729980469,4.637862205505371,,,0.6803233768895453,False,,,79.3773193359375,0.49609375,127.0,0.5743424702535421,False,154.0,False,
baseline,ip2p,none,211000000003,add_object,2,global_attribute,make it rainy,,,,,,,,,0.2439509481191635,0.24680785834789276,-0.002856910228729248,0.007121000438928604,0.9785314798355103,0.9847466349601746,0.11524781584739685,0.8088651190239574,17.79003743703948,16.51231674641503,4.734974384307861,4.637862205505371,,,0.6843588215605736,False,,,81.22713470458984,0.4609375,118.0,0.9053760835394723,False,154.0,False,
baseline,ip2p,none,211000000003,add_object,3,background,make the background a forest,,,,,,,,,0.26278600096702576,0.22254550457000732,0.04024049639701843,-0.011004216969013214,0.927649736404419,0.9696711897850037,0.15673820674419403,0.7576477023874384,17.396196777703555,13.490498945913124,4.728161334991455,4.637862205505371,,,0.6015816027448593,False,,,80.36695861816406,0.46875,120.0,0.8560053567341714,False,154.0,False,
baseline,ip2p,none,211000000003,add_object,4,style,turn it into a watercolor painting,,,,,,,,,0.22470730543136597,0.2154483199119568,0.00925898551940918,0.09386208653450012,0.9190678596496582,0.9148852229118347,0.2619371712207794,0.5426422248421643,9.78263116368616,12.26947602152582,4.730404615402222,4.637862205505371,,,0.5479436887798745,False,,,81.56124114990234,0.5234375,134.0,0.24592142499070546,False,154.0,False,
baseline,ip2p,none,211000000004,add_object,0,none,,,,,,,,inf,1.0,,,,,,,,,,,,,,,0.37731844725803565,False,,,69.68087005615234,0.4765625,122.0,0.7917214062533855,False,154.0,False,
baseline,ip2p,none,211000000004,add_object,1,add_object,add a cat and add colorful flowers,,,,,,,,,0.3081589341163635,0.2593200206756592,0.048838913440704346,0.3680438995361328,0.8220384120941162,0.2927838861942291,0.6148267388343811,0.4236770134083676,11.422239109685556,11.422239109685556,4.769214868545532,4.637862205505371,,,0.8370901258818826,False,,,76.58250427246094,0.5078125,130.0,0.4256575297464579,False,154.0,False,
baseline,ip2p,none,211000000004,add_object,2,global_attribute,change the season to winter,,,,,,,,,0.2936430871486664,0.29151663184165955,0.002126455307006836,-0.0036074183881282806,0.9793410301208496,0.9570496082305908,0.11252355575561523,0.8289944621326786,14.689374401749514,10.680652316389903,4.756364107131958,4.637862205505371,,,0.8558931579736823,False,,,77.08820343017578,0.48046875,123.0,0.7540785750092945,False,154.0,False,
baseline,ip2p,none,211000000004,add_object,3,background,make the background a desert,,,,,,,,,0.2502899169921875,0.27990615367889404,-0.029616236686706543,0.31086456775665283,0.7851053476333618,0.2852551341056824,0.7700812816619873,0.3359073320627608,6.752073929164438,7.688760571435969,4.7703917026519775,4.637862205505371,,,0.32698488803348386,False,,,74.30095672607422,0.4375,112.0,0.980524082918843,False,154.0,False,
baseline,ip2p,none,211000000004,add_object,4,style,make it anime style,,,,,,,,,0.23452262580394745,0.22360964119434357,0.010912984609603882,0.2285916656255722,0.8708783984184265,0.5779911279678345,0.5581986904144287,0.4680885871167544,11.95639052887017,8.128066463800307,4.757116317749023,4.637862205505371,,,0.7035601445534557,False,,,75.25019836425781,0.5,128.0,0.5249095549680696,False,154.0,False,
baseline,ip2p,none,311000000000,delete_object,0,none,,,,,,,,inf,1.0,,,,,,,,,,,,,,,0.576747947470303,False,,,71.28970336914062,0.5,128.0,0.5249095549680696,False,154.0,False,
baseline,ip2p,none,311000000000,delete_object,1,delete_object,remove the yellow flowers,,,,,,,,,0.23202520608901978,0.23209452629089355,-6.93202018737793e-05,0.18834397196769714,0.9777252078056335,0.9764825105667114,0.12782610952854156,0.9017331613482696,20.67204921882592,20.67204921882592,4.719465970993042,4.637862205505371,,,0.5460545970462365,False,,,73.81261444091797,0.50390625,129.0,0.4750904450319304,False,154.0,False,
baseline,ip2p,none,311000000000,delete_object,2,global_attribute,change the season to winter,,,,,,,,,0.21370898187160492,0.19121107459068298,0.022497907280921936,0.12869809567928314,0.9644656181335449,0.9686095714569092,0.2933275103569031,0.8717642562715918,14.32363497547026,13.28253030144728,4.706703424453735,4.637862205505371,,,0.6957512128133294,False,,,75.85295867919922,0.52734375,135.0,0.20827859374661445,False,154.0,False,
baseline,ip2p,none,311000000000,delete_object,3,background,replace the background with a beach,,,,,,,,,0.21514570713043213,0.19178801774978638,0.023357689380645752,0.04740191623568535,0.9462407827377319,0.960632860660553,0.20904909074306488,0.8952658693797001,16.273410445217277,9.63691851247164,4.69672155380249,4.637862205505371,,,0.8606834600588591,False,,,77.22738647460938,0.52734375,135.0,0.20827859374661445,False,154.0,False,
baseline,ip2p,none,311000000000,delete_object,4,style,make it look cinematic,,,,,,,,,0.2048550248146057,0.22129325568675995,-0.016438230872154236,-0.0012810067273676395,0.9830001592636108,0.9763634204864502,0.15406014025211334,0.8590949712658204,14.690100247089317,12.969512087436698,4.695193529129028,4.637862205505371,,,0.8354185087930224,False,,,76.69107818603516,0.5078125,130.0,0.4256575297464579,False,154.0,False,
baseline,ip2p,none,311000000001,delete_object,0,none,,,,,,,,inf,1.0,,,,,,,,,,,,,,,0.5436243664312204,False,,,74.45459747314453,0.51171875,131.0,0.3773653740444963,False,154.0,False,
baseline,ip2p,none,311000000001,delete_object,1,delete_object,remove the headphones,,,,,,,,,0.2463057041168213,0.2064104676246643,0.03989523649215698,0.2925865054130554,0.8177121877670288,0.7136720418930054,0.5354863405227661,0.5505547974000494,13.375688228106577,13.375688228106577,4.676274538040161,4.637862205505371,,,0.6997046969631708,False,,,76.19599151611328,0.484375,124.0,0.7130693117027229,False,154.0,False,
baseline,ip2p,none,311000000001,delete_object,2,global_attribute,make it sunset lighting,,,,,,,,,0.271879643201828,0.19996973872184753,0.07190990447998047,0.3046140968799591,0.8795211315155029,0.8485373854637146,0.6775342226028442,0.5796764634977086,10.577896337841889,9.013386290256147,4.691938638687134,4.637862205505371,,,0.44860367576247945,False,,,67.82748413085938,0.5,128.0,0.5249095549680696,False,154.0,False,
baseline,ip2p,none,311000000001,delete_object,3,background,replace the background with a beach,,,,,,,,,0.27145200967788696,0.25751757621765137,0.013934433460235596,0.10934049636125565,0.9669744968414307,0.9622578620910645,0.31141719222068787,0.8309436500426814,12.172272314223523,10.005028944734226,4.6901116371154785,4.637862205505371,,,0.38912902143604367,False,,,68.81694030761719,0.5,128.0,0.5249095549680696,False,154.0,False,
baseline,ip2p,none,311000000001,delete_object,4,style,turn it into a watercolor painting,,,,,,,,,0.18726150691509247,0.22396722435951233,-0.03670571744441986,0.0918697640299797,0.893600583076477,0.8176820874214172,0.35719895362854004,0.7472675403171593,12.069019679849987,7.915199423483386,4.739309072494507,4.637862205505371,,,0.22394855757789864,False,,,73.52522277832031,0.5625,144.0,0.026235836666071523,False,154.0,False,
baseline,ip2p,none,311000000002,delete_object,0,none,,,,,,,,inf,1.0,,,,,,,,,,,,,,,0.6513558619541616,False,,,71.7811050415039,0.4609375,118.0,0.9053760835394723,False,154.0,False,
baseline,ip2p,none,311000000002,delete_object,1,delete_object,remove a suit and remove a laptop,,,,,,,,,0.2681756019592285,0.2647378146648407,0.0034377872943878174,-0.04237445443868637,0.9907006025314331,0.9872426986694336,0.12287203967571259,0.8577410546138848,21.00806901007488,21.00806901007488,4.786443471908569,4.637862205505371,,,0.5682311033204838,False,,,74.08151245117188,0.47265625,121.0,0.8257393722665645,False,154.0,False,
baseline,ip2p,none,311000000002,delete_object,2,global_attribute,make it nighttime,,,,,,,,,0.20768727362155914,0.24778752028942108,-0.04010024666786194,0.1301763951778412,0.6783231496810913,0.05817258358001709,0.7217903137207031,0.5101442888024256,9.829715447486166,10.567346244581575,4.729331016540527,4.637862205505371,,,0.6609973339954064,False,,,71.86897277832031,0.54296875,139.0,0.0946239164605277,False,154.0,False,
baseline,ip2p,none,311000000002,delete_object,3,background,make the background a desert,,,,,,,,,0.2203211784362793,0.1998475044965744,0.020473673939704895,0.14473991096019745,0.9537917971611023,0.81573486328125,0.2426982820034027,0.8019603920135635,21.05945674956012,10.323720885011088,4.720656394958496,4.637862205505371,,,0.7843276342102744,False,,,73.6551284790039,0.47265625,121.0,0.8257393722665645,False,154.0,False,
baseline,ip2p,none,311000000002,delete_object,4,style,make it anime style,,,,,,,,,0.18698447942733765,0.2059548944234848,-0.018970414996147156,0.05127125233411789,0.9369410276412964,0.7898966073989868,0.29609736800193787,0.5716372880594314,12.823262718820542,10.997222588706583,4.698667049407959,4.637862205505371,,,0.7850052769864845,False,,,77.77143096923828,0.5,128.0,0.5249095549680696,False,154.0,False,
baseline,ip2p,none,311000000003,delete_object,0,none,,,,,,,,inf,1.0,,,,,,,,,,,,,,,0.18537731602603408,False,,,72.30131530761719,0.51171875,131.0,0.3773653740444963,False,154.0,False,
baseline,ip2p,none,311000000003,delete_object,1,delete_object,remove the flower,,,,,,,,,0.29859617352485657,0.2963303327560425,0.002265840768814087,0.03299808129668236,0.8271344900131226,0.9503591656684875,0.16655951738357544,0.8362394586147333,20.062753456017262,20.062753456017262,4.751662492752075,4.637862205505371,,,0.3738895509182591,False,,,72.49799346923828,0.5078125,130.0,0.4256575297464579,False,154.0,False,
baseline,ip2p,none,311000000003,delete_object,2,global_attribute,make it sunset lighting,,,,,,,,,0.31562340259552,0.29097670316696167,0.02464669942855835,0.15821829438209534,0.8636828064918518,0.8980022072792053,0.4804055094718933,0.5057510125681378,9.509501149255907,8.488359304431302,4.741261005401611,4.637862205505371,,,0.43147988329882103,False,,,73.82648468017578,0.5,128.0,0.5249095549680696,False,154.0,False,
baseline,ip2p,none,311000000003,delete_object,3,background,make the background a forest,,,,,,,,,0.16121380031108856,0.28388503193855286,-0.1226712316274643,0.23457759618759155,0.7289890050888062,0.14479589462280273,0.7253994941711426,0.3346445901141748,12.15043542329748,7.05295331481301,4.773724794387817,4.637862205505371,,,0.3320634612355947,False,,,68.91889190673828,0.4921875,126.0,0.6226346259555037,False,154.0,False,
baseline,ip2p,none,311000000003,delete_object,4,style,convert it to an oil painting,,,,,,,,,0.1892368346452713,0.16895923018455505,0.020277604460716248,0.015034041367471218,0.9832160472869873,0.9766784906387329,0.15025469660758972,0.8243433564369921,21.681378466897954,7.71654270753829,4.776432037353516,4.637862205505371,,,0.5673692272517329,False,,,75.1328125,0.47265625,121.0,0.8257393722665645,False,154.0,False,
baseline,ip2p,none,311000000004,delete_object,0,none,,,,,,,,inf,1.0,,,,,,,,,,,,,,,0.8819031699779752,False,,,74.2903060913086,0.46484375,119.0,0.8825157080926602,False,154.0,False,
baseline,ip2p,none,311000000004,delete_object,1,delete_object,remove an iceberg and remove a plane flying overhead,,,,,,,,,0.1776505708694458,0.23437021672725677,-0.056719645857810974,-0.051437195390462875,0.7803274393081665,0.3041469156742096,0.5939147472381592,0.47857933347435894,13.871635485970955,13.871635485970955,4.7414374351501465,4.637862205505371,,,0.8366610431809682,False,,,71.06986999511719,0.47265625,121.0,0.8257393722665645,False,154.0,False,
baseline,ip2p,none,311000000004,delete_object,2,global_attribute,make it rainy,,,,,,,,,0.19411811232566833,0.17475825548171997,0.019359856843948364,0.24950283765792847,0.8029980659484863,0.4321635663509369,0.608138918876648,0.7332716494425203,13.059020039358016,11.83544140397178,4.754522323608398,4.637862205505371,,,0.7076078370406658,False,,,72.40707397460938,0.5390625,138.0,0.11748429190733982,False,154.0,False,
baseline,ip2p,none,311000000004,delete_object,3,background,make the background a city street,,,,,,,,,0.21005499362945557,0.18169276416301727,0.028362229466438293,0.21532809734344482,0.7922022938728333,0.10520633310079575,0.5314838290214539,0.5778811885985728,15.10647394027802,11.397885262081381,4.744033336639404,4.637862205505371,,,0.11107016256247691,False,,,68.49329376220703,0.51171875,131.0,0.3773653740444963,False,154.0,False,
baseline,ip2p,none,311000000004,delete_object,4,style,convert it to an oil painting,,,,,,,,,0.18956847488880157,0.20349816977977753,-0.013929694890975952,0.0715610459446907,0.9749333262443542,0.9746614694595337,0.0947672575712204,0.859642315672284,23.22136021500919,10.849145093241944,4.743282794952393,4.637862205505371,,,0.05881757132919463,False,,,71.00560760498047,0.47265625,121.0,0.8257393722665645,False,154.0,False,
baseline,ip2p,none,411000000000,change_content,0,none,,,,,,,,inf,1.0,,,,,,,,,,,,,,,0.1392835169564008,False,,,67.16726684570312,0.51171875,131.0,0.3773653740444963,False,154.0,False,
baseline,ip2p,none,411000000000,change_content,1,change_content,change the big to small and make it big,,,,,,,,,0.2830486595630646,0.26966190338134766,0.013386756181716919,0.2140868902206421,0.9314397573471069,0.9189499020576477,0.04350101947784424,0.9114759115359696,34.598829925091,34.598829925091,4.694540500640869,4.637862205505371,,,0.4230256692317015,False,,,73.43419647216797,0.4765625,122.0,0.7917214062533855,False,154.0,False,
baseline,ip2p,none,411000000000,change_content,2,global_attribute,make it nighttime,,,,,,,,,0.26243481040000916,0.2541477084159851,0.008287101984024048,0.15957681834697723,0.9284946322441101,0.9448988437652588,0.12182553857564926,0.7765087601072073,15.038548047403921,14.911369062357188,4.7006142139434814,4.637862205505371,,,0.644077647456877,False,,,75.27823638916016,0.4921875,126.0,0.6226346259555037,False,154.0,False,
baseline,ip2p,none,411000000000,change_content,3,background,replace the background with a beach,,,,,,,,,0.2738378643989563,0.2537218928337097,0.020115971565246582,0.30605268478393555,0.9237680435180664,0.9426313638687134,0.18780288100242615,0.724645511702383,13.542213710688173,15.903584004830126,4.694872140884399,4.637862205505371,,,0.7924024227871672,False,,,77.63249969482422,0.50390625,129.0,0.4750904450319304,False,154.0,False,
baseline,ip2p,none,411000000000,change_content,4,style,turn it into a watercolor painting,,,,,,,,,0.2217981368303299,0.25975680351257324,-0.03795866668224335,0.07190828025341034,0.9375592470169067,0.946541428565979,0.2156086266040802,0.6131699620383472,13.283391017730706,11.6137192397602,4.69782829284668,4.637862205505371,,,0.7513511139733386,False,,,79.9023666381836,0.53125,136.0,0.1742606277334355,False,154.0,False,
baseline,ip2p,none,411000000001,change_content,0,none,,,,,,,,inf,1.0,,,,,,,,,,,,,,,0.3334514121446835,False,,,79.62966918945312,0.45703125,117.0,0.9247827331993564,False,154.0,False,
baseline,ip2p,none,411000000001,change_content,1,change_content,change the spread out to fold in,,,,,,,,,0.19335007667541504,0.2911192774772644,-0.09776920080184937,0.15414226055145264,0.7488479018211365,0.09860395640134811,0.7950183749198914,0.26004881501938576,10.341339928483325,10.341339928483325,4.726100921630859,4.637862205505371,,,0.19892238788397584,False,,,78.17496490478516,0.48046875,123.0,0.7540785750092945,False,154.0,False,
baseline,ip2p,none,411000000001,change_content,2,global_attribute,change the season to winter,,,,,,,,,0.1474950909614563,0.1780240833759308,-0.030528992414474487,0.04297993332147598,0.9675406813621521,0.9839951992034912,0.2457132488489151,0.7125430106873978,10.862032759127175,7.496743042244249,4.746793985366821,4.637862205505371,,,0.16531664081925074,False,,,74.85059356689453,0.46875,120.0,0.8560053567341714,False,154.0,False,
baseline,ip2p,none,411000000001,change_content,3,background,replace the background with a beach,,,,,,,,,0.18187637627124786,0.13608822226524353,0.045788154006004333,0.11231189966201782,0.9186667799949646,0.9668400287628174,0.259683221578598,0.7222344158927704,11.35419961102796,5.774530677805741,4.760875225067139,4.637862205505371,,,0.437239563275047,False,,,75.96379089355469,0.48828125,125.0,0.6690835696077719,False,154.0,False,
baseline,ip2p,none,411000000001,change_content,4,style,make it anime style,,,,,,,,,0.19181224703788757,0.21378526091575623,-0.021973013877868652,0.010716939345002174,0.9631730318069458,0.9836825132369995,0.10558640211820602,0.9225774031215802,20.62409727809435,5.4746260940080615,4.745829820632935,4.637862205505371,,,0.371530733381463,False,,,75.76249694824219,0.44140625,113.0,0.9737641633339285,False,154.0,False,
baseline,ip2p,none,411000000002,change_content,0,none,,,,,,,,inf,1.0,,,,,,,,,,,,,,,0.7286025268190336,False,,,72.8296890258789,0.46875,120.0,0.8560053567341714,False,154.0,False,
baseline,ip2p,none,411000000002,change_content,1,change_content,change the scarf to cloak,,,,,,,,,0.17529411613941193,0.28524544835090637,-0.10995133221149445,0.14513835310935974,0.6835625171661377,0.5470656156539917,0.3706780672073364,0.5180859601967751,13.372068327623285,13.372068327623285,4.688854932785034,4.637862205505371,,,0.6771226148616223,False,,,78.40351104736328,0.453125,116.0,0.9410011475579737,False,154.0,False,
baseline,ip2p,none,411000000002,change_content,2,global_attribute,change the season to winter,,,,,,,,,0.20922671258449554,0.1550113558769226,0.05421535670757294,0.0207626074552536,0.9177867770195007,0.9827855825424194,0.10284397006034851,0.7992679171069045,20.698532135777228,13.040547961636282,4.678671598434448,4.637862205505371,,,0.5326208073918661,False,,,78.73107147216797,0.46484375,119.0,0.8825157080926602,False,154.0,False,
baseline,ip2p,none,411000000002,change_content,3,background,make the background a city street,,,,,,,,,0.16391518712043762,0.17652808129787445,-0.012612894177436829,0.22172357141971588,0.688172459602356,0.05951719731092453,0.7922907471656799,0.26008507612636894,8.080304766941008,9.27508251246701,4.719589710235596,4.637862205505371,,,0.6099145663989649,False,,,74.31063079833984,0.4453125,114.0,0.9651497525354534,False,154.0,False,
baseline,ip2p,none,411000000002,change_content,4,style,make it look cinematic,,,,,,,,,0.16266298294067383,0.16871269047260284,-0.006049707531929016,0.05155608057975769,0.9833763837814331,0.9831793308258057,0.1111549362540245,0.7207154817390454,13.780847782560222,8.684441020162163,4.716987609863281,4.637862205505371,,,0.6308126561649914,False,,,75.28285217285156,0.45703125,117.0,0.9247827331993564,False,154.0,False,
baseline,ip2p,none,411000000003,change_content,0,none,,,,,,,,inf,1.0,,,,,,,,,,,,,,,0.31048591941693804,False,,,77.14502716064453,0.48828125,125.0,0.6690835696077719,False,154.0,False,
baseline,ip2p,none,411000000003,change_content,1,change_content,change the furry wolf to bald wolf,,,,,,,,,0.2480468600988388,0.26848262548446655,-0.020435765385627747,-0.046392008662223816,0.9702348709106445,0.9432699680328369,0.10511521995067596,0.8461745283864248,24.038038241258953,24.038038241258953,4.751726150512695,4.637862205505371,,,0.3663775055470933,False,,,75.81433868408203,0.5,128.0,0.5249095549680696,False,154.0,False,
baseline,ip2p,none,411000000003,change_content,2,global_attribute,make it sunset lighting,,,,,,,,,0.2803497910499573,0.23751971125602722,0.042830079793930054,0.2921159267425537,0.9284204244613647,0.9115868806838989,0.5220262408256531,0.25151470344057186,10.141776547856132,9.849989254876398,4.751540660858154,4.637862205505371,,,0.6418496813178063,False,,,77.53253173828125,0.4609375,118.0,0.9053760835394723,False,154.0,False,
baseline,ip2p,none,411000000003,change_content,3,background,make the background a forest,,,,,,,,,0.26914530992507935,0.2834235429763794,-0.014278233051300049,0.04535548761487007,0.9905359148979187,0.9832680821418762,0.1408863216638565,0.813048774493638,25.608393338222733,9.950442356617506,4.7127766609191895,4.637862205505371,,,0.6744135506647999,False,,,78.21095275878906,0.48828125,125.0,0.6690835696077719,False,154.0,False,
baseline,ip2p,none,411000000003,change_content,4,style,convert it to an oil painting,,,,,,,,,0.2846449315547943,0.2829400599002838,0.001704871654510498,0.2539817988872528,0.9804575443267822,0.9832534790039062,0.09170904755592346,0.8538224200332524,24.205326907076987,10.248372847394464,4.725589752197266,4.637862205505371,,,0.7619114174929185,False,,,80.15951538085938,0.46484375,119.0,0.8825157080926602,False,154.0,False,
baseline,ip2p,none,411000000004,change_content,0,none,,,,,,,,inf,1.0,,,,,,,,,,,,,,,0.7474507485532279,False,,,77.45088195800781,0.5234375,134.0,0.24592142499070546,False,154.0,False,
baseline,ip2p,none,411000000004,change_content,1,change_content,change the shepherd dog to poodle dog and make it luxury,,,,,,,,,0.32873573899269104,0.3195938467979431,0.009141892194747925,0.2652658224105835,0.8857387900352478,0.6688912510871887,0.2472783774137497,0.6658089851460968,15.659631506141094,15.659631506141094,4.742184162139893,4.637862205505371,,,0.7837745434167546,False,,,79.5762939453125,0.5390625,138.0,0.11748429190733982,False,154.0,False,
baseline,ip2p,none,411000000004,change_content,2,global_attribute,change the season to winter,,,,,,,,,0.3135036826133728,0.2872805595397949,0.02622312307357788,0.1011868566274643,0.9455333948135376,0.934890627861023,0.20724312961101532,0.7058468544670972,11.843236317964754,11.39717667724427,4.746867895126343,4.637862205505371,,,0.7851479526545512,False,,,80.29316711425781,0.52734375,135.0,0.20827859374661445,False,154.0,False,
baseline,ip2p,none,411000000004,change_content,3,background,make the background a city street,,,,,,,,,0.2604464888572693,0.3064620792865753,-0.04601559042930603,0.16401901841163635,0.9186105728149414,0.7491053342819214,0.3141731321811676,0.5913012256833,15.376471803818895,11.721802995847186,4.75089430809021,4.637862205505371,,,0.8715608576817935,False,,,81.158447265625,0.55078125,141.0,0.05899885244202632,False,154.0,False,
baseline,ip2p,none,411000000004,change_content,4,style,make it look cinematic,,,,,,,,,0.18795496225357056,0.18375612795352936,0.004198834300041199,-0.03359442949295044,0.958347499370575,0.9666844606399536,0.1597832590341568,0.7226781322441759,13.96723803281442,12.711744802351978,4.746917486190796,4.637862205505371,,,0.7544132257820976,False,,,81.06687927246094,0.515625,132.0,0.3309164303922281,False,154.0,False,
baseline,ip2p,none,511000000000,change_pose,0,none,,,,,,,,inf,1.0,,,,,,,,,,,,,,,0.8496218578236155,False,,,76.11294555664062,0.4609375,118.0,0.9053760835394723,False,154.0,False,
baseline,ip2p,none,511000000000,change_pose,1,change_pose,make it tail down and make it jumping,,,,,,,,,0.2068449705839157,0.19898396730422974,0.007861003279685974,0.013309390284121037,0.8936094641685486,0.7488346099853516,0.24378642439842224,0.71346847065562,21.547029582169593,21.547029582169593,4.719294548034668,4.637862205505371,,,0.8581377032391873,False,,,80.78305053710938,0.48046875,123.0,0.7540785750092945,False,154.0,False,
baseline,ip2p,none,511000000000,change_pose,2,global_attribute,make it nighttime,,,,,,,,,0.20142045617103577,0.1936747431755066,0.007745712995529175,0.14780882000923157,0.9685388803482056,0.9561091661453247,0.21489420533180237,0.5169780660345534,12.22158784755652,12.777229502446744,4.722536563873291,4.637862205505371,,,0.8173993986396906,False,,,82.44270324707031,0.49609375,127.0,0.5743424702535421,False,154.0,False,
baseline,ip2p,none,511000000000,change_pose,3,background,make the background a city street,,,,,,,,,0.1724712997674942,0.20055334270000458,-0.028082042932510376,0.1965489685535431,0.7358723878860474,-0.015030397102236748,0.7018626928329468,0.1847297197078758,9.220510287567281,11.84754341062403,4.736852645874023,4.637862205505371,,,0.6950828710388534,False,,,74.21177673339844,0.51171875,131.0,0.3773653740444963,False,154.0,False,
baseline,ip2p,none,511000000000,change_pose,4,style,convert it to an oil painting,,,,,,,,,0.16198493540287018,0.16945737600326538,-0.007472440600395203,-0.010249776765704155,0.9866837859153748,0.9856844544410706,0.08777572959661484,0.8601040110952599,24.39611260888368,11.474743475724647,4.742927074432373,4.637862205505371,,,0.688849851461518,False,,,78.31492614746094,0.5,128.0,0.5249095549680696,False,154.0,False,
baseline,ip2p,none,511000000001,change_pose,0,none,,,,,,,,inf,1.0,,,,,,,,,,,,,,,0.34333645208821,False,,,76.25027465820312,0.49609375,127.0,0.5743424702535421,False,154.0,False,
baseline,ip2p,none,511000000001,change_pose,1,change_pose,change the standing to sitting and make it tilting its head and make it wagging its tail,,,,,,,,,0.21555694937705994,0.21389080584049225,0.001666143536567688,0.044610291719436646,0.9948123693466187,0.992811918258667,0.043104175478219986,0.8902724534694865,28.94362634205472,28.94362634205472,4.763046026229858,4.637862205505371,,,0.25783234252699094,False,,,75.5947265625,0.48828125,125.0,0.6690835696077719,False,154.0,False,
baseline,ip2p,none,511000000001,change_pose,2,global_attribute,make it rainy,,,,,,,,,0.2095380574464798,0.19087791442871094,0.01866014301776886,0.24791866540908813,0.9855691194534302,0.9818209409713745,0.10171791166067123,0.8204498066881415,17.356043374684404,16.99300469995366,4.782309532165527,4.637862205505371,,,0.5092416876722693,False,,,79.24330139160156,0.53125,136.0,0.1742606277334355,False,154.0,False,
baseline,ip2p,none,511000000001,change_pose,3,background,make the background a desert,,,,,,,,,0.21844592690467834,0.21159173548221588,0.006854191422462463,0.05439157783985138,0.9459110498428345,0.9653778076171875,0.3250002861022949,0.691531542781768,12.574290284656914,12.30291573449066,4.790507078170776,4.637862205505371,,,0.5039647569499799,False,,,77.43385314941406,0.51171875,131.0,0.3773653740444963,False,154.0,False,
baseline,ip2p,none,511000000001,change_pose,4,style,make it look cinematic,,,,,,,,,0.20992812514305115,0.20868872106075287,0.0012394040822982788,-0.026037342846393585,0.9942407608032227,0.9956181049346924,0.032741643488407135,0.9373985906724552,27.5794691026398,12.307380057322796,4.78301477432251,4.637862205505371,,,0.5148692473893131,False,,,77.70157623291016,0.51171875,131.0,0.3773653740444963,False,154.0,False,
baseline,ip2p,none,511000000002,change_pose,0,none,,,,,,,,inf,1.0,,,,,,,,,,,,,,,0.8645601824060007,False,,,78.5244369506836,0.5234375,134.0,0.24592142499070546,False,154.0,False,
baseline,ip2p,none,511000000002,change_pose,1,change_pose,make it its mouth open and change the sitting to standing and make it roaring,,,,,,,,,0.24051319062709808,0.24372060596942902,-0.0032074153423309326,0.1271708607673645,0.8293156027793884,0.6584590673446655,0.275877445936203,0.5664285399603731,18.725037986792316,18.725037986792316,4.708489656448364,4.637862205505371,,,0.8573931576652591,False,,,79.62088012695312,0.49609375,127.0,0.5743424702535421,False,154.0,False,
baseline,ip2p,none,511000000002,change_pose,2,global_attribute,change the season to winter,,,,,,,,,0.20977568626403809,0.20917567610740662,0.0006000101566314697,0.0436345711350441,0.9621305465698242,0.9726558327674866,0.2814265489578247,0.6774056709566136,13.817982677276552,12.696541813542613,4.716899633407593,4.637862205505371,,,0.8981030747400082,False,,,82.9873275756836,0.54296875,139.0,0.0946239164605277,False,154.0,False,
baseline,ip2p,none,511000000002,change_pose,3,background,replace the background with a beach,,,,,,,,,0.170048326253891,0.1929856538772583,-0.02293732762336731,-0.0776594802737236,0.9656113982200623,0.9827226996421814,0.12918859720230103,0.8186100163198574,19.270054732690625,11.356018414938088,4.715810060501099,4.637862205505371,,,0.9228465941773634,False,,,84.38219451904297,0.53125,136.0,0.1742606277334355,False,154.0,False,
baseline,ip2p,none,511000000002,change_pose,4,style,make it look cinematic,,,,,,,,,0.17928901314735413,0.1723107546567917,0.006978258490562439,-0.0031897546723484993,0.9873625040054321,0.9921228885650635,0.05381735786795616,0.9121099650482011,25.268732440841212,11.603769827706857,4.726837873458862,4.637862205505371,,,0.9292973651474495,False,,,84.88047790527344,0.5234375,134.0,0.24592142499070546,False,154.0,False,
baseline,ip2p,none,511000000003,change_pose,0,none,,,,,,,,inf,1.0,,,,,,,,,,,,,,,0.3187729844981217,False,,,80.7135238647461,0.53125,136.0,0.1742606277334355,False,154.0,False,
baseline,ip2p,none,511000000003,change_pose,1,change_pose,change the wings spread to wings folded and make it beak pointed downward,,,,,,,,,0.21838364005088806,0.28379207849502563,-0.06540843844413757,0.10104832798242569,0.8111110925674438,0.2167741060256958,0.6379417777061462,0.5387267588098105,9.280603891587957,9.280603891587957,4.705827236175537,4.637862205505371,,,0.7451761889657932,False,,,80.71649932861328,0.48046875,123.0,0.7540785750092945,False,154.0,False,
baseline,ip2p,none,511000000003,change_pose,2,global_attribute,make it nighttime,,,,,,,,,0.21936126053333282,0.2120686024427414,0.007292658090591431,0.009181922301650047,0.988696277141571,0.9906346797943115,0.05388907343149185,0.8841575612894564,15.45807166994513,9.72762675324234,4.698148727416992,4.637862205505371,,,0.7005979520815372,False,,,79.17327117919922,0.48046875,123.0,0.7540785750092945,False,154.0,False,
baseline,ip2p,none,511000000003,change_pose,3,background,make the background a city street,,,,,,,,,0.26538318395614624,0.20567649602890015,0.059706687927246094,0.2021169364452362,0.8883358240127563,0.8569631576538086,0.5791894197463989,0.5118582437969919,13.006123249944675,9.547321312241312,4.697952032089233,4.637862205505371,,,0.6275714454187779,False,,,77.84085083007812,0.50390625,129.0,0.4750904450319304,False,154.0,False,
baseline,ip2p,none,511000000003,change_pose,4,style,convert it to an oil painting,,,,,,,,,0.2682349681854248,0.26900917291641235,-0.0007742047309875488,0.06103506311774254,0.9890427589416504,0.9810594916343689,0.06278085708618164,0.8697797875699544,23.837098916087506,9.157889851859892,4.701663970947266,4.637862205505371,,,0.624861213680396,False,,,77.81261444091797,0.5078125,130.0,0.4256575297464579,False,154.0,False,
baseline,ip2p,none,511000000004,change_pose,0,none,,,,,,,,inf,1.0,,,,,,,,,,,,,,,0.5187030400001348,False,,,78.90283966064453,0.5078125,130.0,0.4256575297464579,False,154.0,False,
baseline,ip2p,none,511000000004,change_pose,1,change_pose,make it eyes closed and change the sitting to lying and make it above its head,,,,,,,,,0.23154085874557495,0.2317391335964203,-0.00019827485084533691,0.010132621973752975,0.9944266676902771,0.9957408308982849,0.03542473912239075,0.9364078828976933,31.718286079356226,31.718286079356226,4.769550085067749,4.637862205505371,,,0.4939775004711055,False,,,79.23924255371094,0.51171875,131.0,0.3773653740444963,False,154.0,False,
baseline,ip2p,none,511000000004,change_pose,2,global_attribute,make it nighttime,,,,,,,,,0.22611774504184723,0.22086820006370544,0.005249544978141785,0.06277945637702942,0.8771899938583374,0.9628409147262573,0.3653208613395691,0.4199918733301977,8.045485293243754,8.161081577299887,4.764164924621582,4.637862205505371,,,0.5899169868693845,False,,,78.04065704345703,0.5,128.0,0.5249095549680696,False,154.0,False,
baseline,ip2p,none,511000000004,change_pose,3,background,make the background a forest,,,,,,,,,0.2257886677980423,0.22698244452476501,-0.0011937767267227173,-0.032253511250019073,0.9878022074699402,0.9821958541870117,0.15406040847301483,0.8266368378230885,25.491804737959193,7.890817439435206,4.761676788330078,4.637862205505371,,,0.7106937714756565,False,,,78.97343444824219,0.5,128.0,0.5249095549680696,False,154.0,False,
baseline,ip2p,none,511000000004,change_pose,4,style,make it look cinematic,,,,,,,,,0.22228626906871796,0.21797111630439758,0.0043151527643203735,-0.010891267098486423,0.9937014579772949,0.9954143762588501,0.03199606388807297,0.9423644131409219,31.034542946038233,7.602451110222578,4.742760896682739,4.637862205505371,,,0.7853725712214328,False,,,79.57707977294922,0.50390625,129.0,0.4750904450319304,False,154.0,False,
baseline,ip2p,none,611000000000,change_color,0,none,,,,,,,,inf,1.0,,,,,,,,,,,,,,,0.538355188323086,False,,,76.88028717041016,0.48828125,125.0,0.6690835696077719,False,154.0,False,
baseline,ip2p,none,611000000000,change_color,1,change_color,change the black to white and change the red to green,,,,,,,,,0.2650245428085327,0.26975637674331665,-0.0047318339347839355,0.0021163392812013626,0.9830365180969238,0.982862114906311,0.15547242760658264,0.8316210984792379,22.11146541579499,22.11146541579499,4.72534441947937,4.637862205505371,,,0.337398531517932,False,,,75.67249298095703,0.47265625,121.0,0.8257393722665645,False,154.0,False,
baseline,ip2p,none,611000000000,change_color,2,global_attribute,change the season to winter,,,,,,,,,0.24840623140335083,0.255313515663147,-0.006907284259796143,0.049540940672159195,0.9575299024581909,0.9745496511459351,0.21218281984329224,0.7084977264022466,13.276612857540977,12.066820903448752,4.747404098510742,4.637862205505371,,,0.35674918519914955,False,,,74.87712097167969,0.45703125,117.0,0.9247827331993564,False,154.0,False,
baseline,ip2p,none,611000000000,change_color,3,background,make the background a desert,,,,,,,,,0.2153816670179367,0.2409617006778717,-0.025580033659934998,0.050656840205192566,0.9422248601913452,0.9420545101165771,0.40510374307632446,0.6290223200183513,12.295575326334037,9.982622349614049,4.77439284324646,4.637862205505371,,,0.13560300249758023,False,,,75.27540588378906,0.50390625,129.0,0.4750904450319304,False,154.0,False,
baseline,ip2p,none,611000000000,change_color,4,style,convert it to an oil painting,,,,,,,,,0.22351013123989105,0.21957775950431824,0.003932371735572815,0.06103283166885376,0.9932420253753662,0.989863395690918,0.08519835025072098,0.8911329489761622,21.76147516680363,9.146109667481618,4.7771148681640625,4.637862205505371,,,0.10752811278413887,False,,,74.91658782958984,0.50390625,129.0,0.4750904450319304,False,154.0,False,
baseline,ip2p,none,611000000001,change_color,0,none,,,,,,,,inf,1.0,,,,,,,,,,,,,,,0.31175336348458554,False,,,75.25898742675781,0.49609375,127.0,0.5743424702535421,False,154.0,False,
baseline,ip2p,none,611000000001,change_color,1,change_color,make it white and change the pink to green,,,,,,,,,0.2659924030303955,0.23344747722148895,0.032544925808906555,0.22656714916229248,0.9785597324371338,0.9500951766967773,0.26418307423591614,0.8647088517986136,18.978317057230665,18.978317057230665,4.778185129165649,4.637862205505371,,,0.41024544209102115,False,,,77.22565460205078,0.46875,120.0,0.8560053567341714,False,154.0,False,
baseline,ip2p,none,611000000001,change_color,2,global_attribute,make it nighttime,,,,,,,,,0.27528148889541626,0.25575998425483704,0.019521504640579224,0.14521574974060059,0.9770309925079346,0.9683061838150024,0.2290755957365036,0.5017410229019578,10.148565280366045,9.77941453258161,4.777844429016113,4.637862205505371,,,0.5891744324108608,False,,,81.07894897460938,0.49609375,127.0,0.5743424702535421,False,154.0,False,
baseline,ip2p,none,611000000001,change_color,3,background,make the background a city street,,,,,,,,,0.14881069958209991,0.26402947306632996,-0.11521877348423004,0.2512619197368622,0.6593466997146606,0.004706942476332188,0.7413002252578735,0.2033872659137099,8.33832389090328,8.912177846391057,4.797736406326294,4.637862205505371,,,0.625499150504891,False,,,78.19959259033203,0.5,128.0,0.5249095549680696,False,154.0,False,
baseline,ip2p,none,611000000001,change_color,4,style,make it look cinematic,,,,,,,,,0.15113615989685059,0.1491238921880722,0.0020122677087783813,-0.04632968828082085,0.9919506907463074,0.9935422539710999,0.04373370483517647,0.9101746395998197,24.533674290641535,8.743796062075123,4.766577243804932,4.637862205505371,,,0.6984301473749129,False,,,80.15617370605469,0.546875,140.0,0.07521726680064354,False,154.0,False,
baseline,ip2p,none,611000000002,change_color,0,none,,,,,,,,inf,1.0,,,,,,,,,,,,,,,0.6106008342344856,False,,,74.97216033935547,0.5078125,130.0,0.4256575297464579,False,154.0,False,
baseline,ip2p,none,611000000002,change_color,1,change_color,change the brown to black and make it white,,,,,,,,,0.23982276022434235,0.22572395205497742,0.01409880816936493,0.22171102464199066,0.9582223892211914,0.9218698143959045,0.16010122001171112,0.7941249714135035,18.113625558793842,18.113625558793842,4.724320888519287,4.637862205505371,,,0.5278308556745603,False,,,75.67754364013672,0.50390625,129.0,0.4750904450319304,False,154.0,False,
baseline,ip2p,none,611000000002,change_color,2,global_attribute,change the season to winter,,,,,,,,,0.26119229197502136,0.25175178050994873,0.009440511465072632,0.14704571664333344,0.9772419929504395,0.9826200008392334,0.16062623262405396,0.7107203488949535,16.19474148506449,12.83935504443189,4.742541551589966,4.637862205505371,,,0.4181818171128944,False,,,75.52867126464844,0.53515625,137.0,0.14399464326582861,False,154.0,False,
baseline,ip2p,none,611000000002,change_color,3,background,make the background a forest,,,,,,,,,0.19678273797035217,0.268429696559906,-0.07164695858955383,0.027357280254364014,0.8722461462020874,0.916508674621582,0.5297068953514099,0.36333145441018116,7.24485458408148,9.349528500250512,4.716513633728027,4.637862205505371,,,0.25487204225125804,False,,,76.62659454345703,0.48046875,123.0,0.7540785750092945,False,154.0,False,
baseline,ip2p,none,611000000002,change_color,4,style,make it look cinematic,,,,,,,,,0.20608645677566528,0.19119024276733398,0.014896214008331299,0.06389179080724716,0.9714422225952148,0.9799094200134277,0.28399884700775146,0.45994058099695917,15.652413202739421,7.928335925530212,4.730982065200806,4.637862205505371,,,0.22704541254844446,False,,,76.13390350341797,0.546875,140.0,0.07521726680064354,False,154.0,False,
baseline,ip2p,none,611000000003,change_color,0,none,,,,,,,,inf,1.0,,,,,,,,,,,,,,,0.46102034836761974,False,,,77.89494323730469,0.5390625,138.0,0.11748429190733982,False,154.0,False,
baseline,ip2p,none,611000000003,change_color,1,change_color,change the white to pink and make it red,,,,,,,,,0.33560556173324585,0.3000105023384094,0.035595059394836426,0.3582545518875122,0.9768040776252747,0.8539533615112305,0.2114746868610382,0.7807149940252976,16.43926442283656,16.43926442283656,4.709589004516602,4.637862205505371,,,0.37023586790251056,False,,,79.29151916503906,0.53515625,137.0,0.14399464326582861,False,154.0,False,
baseline,ip2p,none,611000000003,change_color,2,global_attribute,change the season to winter,,,,,,,,,0.295392245054245,0.30840906500816345,-0.013016819953918457,0.09675884246826172,0.9851338267326355,0.9541332125663757,0.1910398304462433,0.7351538452284038,13.368121479223216,14.306714021749652,4.73084568977356,4.637862205505371,,,0.5790313690104162,False,,,80.17597961425781,0.5078125,130.0,0.4256575297464579,False,154.0,False,
baseline,ip2p,none,611000000003,change_color,3,background,make the background a forest,,,,,,,,,0.2793503403663635,0.27492398023605347,0.004426360130310059,0.15953095257282257,0.8129315972328186,0.7080175280570984,0.5324240922927856,0.4759408537519009,11.449633753163969,14.173922121275515,4.733864068984985,4.637862205505371,,,0.46353527670637873,False,,,77.81340026855469,0.51953125,133.0,0.286930688297277,False,154.0,False,
baseline,ip2p,none,611000000003,change_color,4,style,convert it to an oil painting,,,,,,,,,0.2704475522041321,0.2647579312324524,0.0056896209716796875,0.12382682412862778,0.9898012280464172,0.9698116183280945,0.0765112042427063,0.9109089731240267,25.26120952230079,13.792457662167838,4.751747369766235,4.637862205505371,,,0.3736651314730926,False,,,77.52218627929688,0.515625,132.0,0.3309164303922281,False,154.0,False,
baseline,ip2p,none,611000000004,change_color,0,none,,,,,,,,inf,1.0,,,,,,,,,,,,,,,0.6421462539295572,False,,,75.0623550415039,0.4453125,114.0,0.9651497525354534,False,154.0,False,
baseline,ip2p,none,611000000004,change_color,1,change_color,change the white to purple and make it black,,,,,,,,,0.3117978274822235,0.25876134634017944,0.05303648114204407,0.32124507427215576,0.9470508098602295,0.9575111269950867,0.18460296094417572,0.6977199520199271,16.924836129569954,16.924836129569954,4.746613264083862,4.637862205505371,,,0.37084354100389494,False,,,76.16384887695312,0.48046875,123.0,0.7540785750092945,False,154.0,False,
baseline,ip2p,none,611000000004,change_color,2,global_attribute,change the season to winter,,,,,,,,,0.32278722524642944,0.33842170238494873,-0.015634477138519287,0.18977349996566772,0.9336198568344116,0.8825680613517761,0.18535566329956055,0.6055782780851673,16.30472246489812,16.71126205987324,4.724921226501465,4.637862205505371,,,0.4340488028726478,False,,,74.96345520019531,0.49609375,127.0,0.5743424702535421,False,154.0,False,
baseline,ip2p,none,611000000004,change_color,3,background,make the background a city street,,,,,,,,,0.14631213247776031,0.29722586274147034,-0.15091373026371002,0.23343580961227417,0.575198233127594,-0.036364685744047165,0.8663704991340637,0.15858030752677568,9.344993653159895,9.080682031602326,4.728179931640625,4.637862205505371,,,0.09956982758060107,False,,,70.3854751586914,0.52734375,135.0,0.20827859374661445,False,154.0,False,
baseline,ip2p,none,611000000004,change_color,4,style,make it anime style,,,,,,,,,0.1790604293346405,0.15214183926582336,0.02691859006881714,0.017154980450868607,0.984883725643158,0.9888114929199219,0.06660261005163193,0.8865312568494604,22.561212580794777,8.774710183867581,4.752185344696045,4.637862205505371,,,0.11082071088785253,False,,,74.57051086425781,0.52734375,135.0,0.20827859374661445,False,154.0,False,
baseline,ip2p,none,711000000000,change_material,0,none,,,,,,,,inf,1.0,,,,,,,,,,,,,,,0.8535268613859814,False,,,69.522216796875,0.53515625,137.0,0.14399464326582861,False,154.0,False,
baseline,ip2p,none,711000000000,change_material,1,change_material,make it knitted and make it toy,,,,,,,,,0.23745529353618622,0.2966555058956146,-0.059200212359428406,0.18043453991413116,0.764379620552063,0.4685109257698059,0.45231881737709045,0.41685510991326935,14.767170946877616,14.767170946877616,4.786233186721802,4.637862205505371,,,0.4965688820989754,False,,,74.23797607421875,0.45703125,117.0,0.9247827331993564,False,154.0,False,
baseline,ip2p,none,711000000000,change_material,2,global_attribute,change the season to winter,,,,,,,,,0.2527208626270294,0.2100144326686859,0.042706429958343506,0.04854799062013626,0.9169913530349731,0.9607032537460327,0.213339164853096,0.7198458976561409,14.462879827793067,11.766321386635276,4.765680551528931,4.637862205505371,,,0.5013663396467487,False,,,71.7506332397461,0.41796875,107.0,0.9964593629710573,False,154.0,False,
baseline,ip2p,none,711000000000,change_material,3,background,make the background a desert,,,,,,,,,0.24595743417739868,0.23597568273544312,0.009981751441955566,0.19269593060016632,0.9339204430580139,0.9447629451751709,0.12644246220588684,0.8420973189822597,16.90924278440118,13.029305067076702,4.782164096832275,4.637862205505371,,,0.45407539771382893,False,,,72.61307525634766,0.47265625,121.0,0.8257393722665645,False,154.0,False,
baseline,ip2p,none,711000000000,change_material,4,style,convert it to an oil painting,,,,,,,,,0.22135135531425476,0.23538970947265625,-0.01403835415840149,0.04068385064601898,0.9499663710594177,0.9719117283821106,0.09380268305540085,0.8979922892871993,21.58749542912247,12.849503676703662,4.783649444580078,4.637862205505371,,,0.6439437446008701,False,,,76.68280792236328,0.4140625,106.0,0.9975905432155038,False,154.0,False,
baseline,ip2p,none,711000000001,change_material,0,none,,,,,,,,inf,1.0,,,,,,,,,,,,,,,0.7460792844224368,False,,,80.10717010498047,0.453125,116.0,0.9410011475579737,False,154.0,False,
baseline,ip2p,none,711000000001,change_material,1,change_material,make it wooden and make it toy,,,,,,,,,0.32737475633621216,0.2247481644153595,0.10262659192085266,0.27523186802864075,0.79929119348526,0.49244511127471924,0.22981180250644684,0.7639457507514962,17.04370217603384,17.04370217603384,4.733403921127319,4.637862205505371,,,0.7855880773491152,False,,,81.6728744506836,0.43359375,111.0,0.985745538046501,False,154.0,False,
baseline,ip2p,none,711000000001,change_material,2,global_attribute,make it nighttime,,,,,,,,,0.31530705094337463,0.30446577072143555,0.010841280221939087,0.08544165641069412,0.9867021441459656,0.974679708480835,0.09378604590892792,0.7767566084666947,16.838391832205,15.127454465026124,4.705942153930664,4.637862205505371,,,0.7877121761176936,False,,,81.41001892089844,0.42578125,109.0,0.9926858255512397,False,154.0,False,
baseline,ip2p,none,711000000001,change_material,3,background,make the background a desert,,,,,,,,,0.32081329822540283,0.30987632274627686,0.010936975479125977,0.02732740342617035,0.9863513708114624,0.961932897567749,0.1555365025997162,0.8150179778265073,15.797956262019571,14.875574830295047,4.7065269947052,4.637862205505371,,,0.7276118588586747,False,,,81.18038177490234,0.4296875,110.0,0.9897152744791726,False,154.0,False,
baseline,ip2p,none,711000000001,change_material,4,style,make it look cinematic,,,,,,,,,0.3001518249511719,0.29497241973876953,0.005179405212402344,0.07039982080459595,0.990221381187439,0.9791313409805298,0.03197123110294342,0.9473344740629454,26.471821416772734,14.839199806676636,4.695541620254517,4.637862205505371,,,0.7313912973629841,False,,,80.83109283447266,0.45703125,117.0,0.9247827331993564,False,154.0,False,
baseline,ip2p,none,711000000002,change_material,0,none,,,,,,,,inf,1.0,,,,,,,,,,,,,,,0.38126341650540585,False,,,70.76358032226562,0.50390625,129.0,0.4750904450319304,False,154.0,False,
baseline,ip2p,none,711000000002,change_material,1,change_material,change the blue to plastic and make it golden,,,,,,,,,0.28740090131759644,0.28246933221817017,0.0049315690994262695,0.09356094896793365,0.8660888075828552,0.9770344495773315,0.3382517695426941,0.8141397125886992,13.539816925063032,13.539816925063032,4.760779857635498,4.637862205505371,,,0.3946933243722014,False,,,75.81819152832031,0.52734375,135.0,0.20827859374661445,False,154.0,False,
baseline,ip2p,none,711000000002,change_material,2,global_attribute,change the season to winter,,,,,,,,,0.2953072190284729,0.2767566442489624,0.018550574779510498,0.05433940142393112,0.8975595831871033,0.9637176394462585,0.47522225975990295,0.7454376440220171,8.634430588732913,15.134785193594475,4.7887279987335205,4.637862205505371,,,0.3785352138592134,False,,,75.05775451660156,0.5625,144.0,0.026235836666071523,False,154.0,False,
baseline,ip2p,none,711000000002,change_material,3,background,make the background a desert,,,,,,,,,0.2706535756587982,0.3010792136192322,-0.03042563796043396,0.027125133201479912,0.8824853897094727,0.9337554574012756,0.6059831976890564,0.5023368456979124,9.404762910289467,14.425849979421969,4.778916597366333,4.637862205505371,,,0.23997428744681687,False,,,74.93122863769531,0.53125,136.0,0.1742606277334355,False,154.0,False,
baseline,ip2p,none,711000000002,change_material,4,style,turn it into a watercolor painting,,,,,,,,,0.27046069502830505,0.2537744641304016,0.016686230897903442,0.24164068698883057,0.9733256101608276,0.9481452107429504,0.3833737075328827,0.5358982263127062,12.287502727520643,13.760534873976395,4.787374019622803,4.637862205505371,,,0.3678745723471365,False,,,78.72208404541016,0.4921875,126.0,0.6226346259555037,False,154.0,False,
baseline,ip2p,none,711000000003,change_material,0,none,,,,,,,,inf,1.0,,,,,,,,,,,,,,,0.9115111835498698,False,,,71.43505859375,0.52734375,135.0,0.20827859374661445,False,154.0,False,
baseline,ip2p,none,711000000003,change_material,1,change_material,make it iron and make it sculpture,,,,,,,,,0.3064499497413635,0.2773209810256958,0.029128968715667725,0.23931728303432465,0.9429627656936646,0.855726420879364,0.30202627182006836,0.8327202831304922,16.445437881307924,16.445437881307924,4.765091180801392,4.637862205505371,,,0.7764211277606664,False,,,69.5717544555664,0.4921875,126.0,0.6226346259555037,False,154.0,False,
baseline,ip2p,none,711000000003,change_material,2,global_attribute,make it sunset lighting,,,,,,,,,0.31694573163986206,0.2809447944164276,0.03600093722343445,0.13248348236083984,0.8777612447738647,0.9432249665260315,0.31496918201446533,0.8104464491132587,14.400536693627659,10.244384806559035,4.770065069198608,4.637862205505371,,,0.6938493121986563,False,,,69.15489959716797,0.4921875,126.0,0.6226346259555037,False,154.0,False,
baseline,ip2p,none,711000000003,change_material,3,background,make the background a forest,,,,,,,,,0.2948307991027832,0.29861727356910706,-0.0037864744663238525,0.206872820854187,0.8843249082565308,0.9179384112358093,0.46736228466033936,0.7496432042942235,16.082277695204954,8.446285489169378,4.758116245269775,4.637862205505371,,,0.7495881554115842,False,,,71.88238525390625,0.453125,116.0,0.9410011475579737,False,154.0,False,
baseline,ip2p,none,711000000003,change_material,4,style,make it look cinematic,,,,,,,,,0.3019639849662781,0.3019670844078064,-3.0994415283203125e-06,-0.0037842923775315285,0.9941015243530273,0.9940430521965027,0.06888686120510101,0.9337774535844598,29.145615239439024,8.181081974598268,4.758257150650024,4.637862205505371,,,0.8411667011508702,False,,,75.6381607055664,0.484375,124.0,0.7130693117027229,False,154.0,False,
baseline,ip2p,none,711000000004,change_material,0,none,,,,,,,,inf,1.0,,,,,,,,,,,,,,,0.09718311642661114,False,,,72.1232681274414,0.546875,140.0,0.07521726680064354,False,154.0,False,
baseline,ip2p,none,711000000004,change_material,1,change_material,make it golden and make it sculpture,,,,,,,,,0.24310724437236786,0.21133607625961304,0.03177116811275482,0.1268908977508545,0.934172511100769,0.9390017986297607,0.20648397505283356,0.8398107060805932,19.058065322322996,19.058065322322996,4.735148668289185,4.637862205505371,,,0.06260468835395715,False,,,72.71820068359375,0.5546875,142.0,0.04565604346614265,False,154.0,False,
baseline,ip2p,none,711000000004,change_material,2,global_attribute,change the season to winter,,,,,,,,,0.18140868842601776,0.20825356245040894,-0.026844874024391174,-0.049575187265872955,0.9824273586273193,0.9715926051139832,0.26533693075180054,0.8049512290636441,15.045344262361004,18.937523061875584,4.754065990447998,4.637862205505371,,,0.06793833829004725,False,,,73.23246765136719,0.58203125,149.0,0.005126403726764799,False,154.0,False,
baseline,ip2p,none,711000000004,change_material,3,background,make the background a desert,,,,,,,,,0.19732195138931274,0.18243128061294556,0.014890670776367188,0.06143295019865036,0.9775429368019104,0.9672072529792786,0.2090006172657013,0.8400600509358117,14.618594783781209,14.456819841296433,4.755472660064697,4.637862205505371,,,0.0650143652945306,False,,,71.58028411865234,0.55078125,141.0,0.05899885244202632,False,154.0,False,
baseline,ip2p,none,711000000004,change_material,4,style,make it look cinematic,,,,,,,,,0.2148476392030716,0.19831985235214233,0.01652778685092926,0.029960792511701584,0.9836101531982422,0.9917744994163513,0.03746792674064636,0.9432827019305887,26.43119706130234,14.357463183088232,4.744288206100464,4.637862205505371,,,0.07561531124100834,False,,,72.17977142333984,0.5,128.0,0.5249095549680696,False,154.0,False,
baseline,ip2p,none,811000000000,change_background,0,none,,,,,,,,inf,1.0,,,,,,,,,,,,,,,0.6018986485634092,False,,,77.44886779785156,0.50390625,129.0,0.4750904450319304,False,154.0,False,
baseline,ip2p,none,811000000000,change_background,1,change_background,change the background to forest,,,,,,,,,0.23006027936935425,0.19408422708511353,0.03597605228424072,0.13233031332492828,0.857659101486206,0.7138994932174683,0.6454842686653137,0.2809760303114825,6.59260592751981,6.59260592751981,4.730509996414185,4.637862205505371,,,0.27829118942571884,False,,,75.90342712402344,0.46875,120.0,0.8560053567341714,False,154.0,False,
baseline,ip2p,none,811000000000,change_background,2,global_attribute,make it nighttime,,,,,,,,,0.2934247553348541,0.24995245039463043,0.043472304940223694,0.1419908106327057,0.9053517580032349,0.8049819469451904,0.41892534494400024,0.1748843972612396,9.58486469405886,3.575918107315374,4.689468860626221,4.637862205505371,,,0.3783759815484873,False,,,72.95468139648438,0.4765625,122.0,0.7917214062533855,False,154.0,False,
baseline,ip2p,none,811000000000,change_background,3,background,replace the background with a beach,,,,,,,,,0.24233877658843994,0.2852858901023865,-0.04294711351394653,0.06892971694469452,0.8592005372047424,0.7393269538879395,0.5587783455848694,0.17169444014715007,6.419393309735421,9.654176623265018,4.702957391738892,4.637862205505371,,,0.43298921053049516,False,,,73.45654296875,0.4609375,118.0,0.9053760835394723,False,154.0,False,
baseline,ip2p,none,811000000000,change_background,4,style,make it anime style,,,,,,,,,0.2691440284252167,0.24847151339054108,0.020672515034675598,0.05440663546323776,0.8824811577796936,0.8080307841300964,0.6104617118835449,0.44954975101852024,13.243466650447681,10.467744444308483,4.702808380126953,4.637862205505371,,,0.4310301653477604,False,,,73.18415069580078,0.4375,112.0,0.980524082918843,False,154.0,False,
baseline,ip2p,none,811000000001,change_background,0,none,,,,,,,,inf,1.0,,,,,,,,,,,,,,,0.4023560921906465,False,,,76.68826293945312,0.50390625,129.0,0.4750904450319304,False,154.0,False,
baseline,ip2p,none,811000000001,change_background,1,change_background,change the background to dark,,,,,,,,,0.32670485973358154,0.31688401103019714,0.0098208487033844,0.1594139039516449,0.9409142136573792,0.9041169881820679,0.36993834376335144,0.4750792759042473,10.196060031567669,10.196060031567669,4.714993238449097,4.637862205505371,,,0.6328636230519009,False,,,78.55249786376953,0.51171875,131.0,0.3773653740444963,False,154.0,False,
baseline,ip2p,none,811000000001,change_background,2,global_attribute,make it nighttime,,,,,,,,,0.2027653455734253,0.31988540291786194,-0.11712005734443665,0.23036468029022217,0.7677192687988281,0.24052312970161438,0.6145251989364624,0.35794291538826933,9.714214357806961,5.5585239720114785,4.70204496383667,4.637862205505371,,,0.3187416126137523,False,,,76.94396209716797,0.51953125,133.0,0.286930688297277,False,154.0,False,
baseline,ip2p,none,811000000001,change_background,3,background,make the background a forest,,,,,,,,,0.206844300031662,0.20320014655590057,0.0036441534757614136,0.17401950061321259,0.9659833908081055,0.6964200735092163,0.4427102208137512,0.580826902536782,22.253386402159776,5.076549871086954,4.701292276382446,4.637862205505371,,,0.3501437404713613,False,,,78.69776153564453,0.4921875,126.0,0.6226346259555037,False,154.0,False,
baseline,ip2p,none,811000000001,change_background,4,style,make it look cinematic,,,,,,,,,0.2691292464733124,0.2366836667060852,0.03244557976722717,-0.11086536198854446,0.9833424091339111,0.966245174407959,0.11799086630344391,0.8901943490799757,35.38931899683545,5.0945645775029815,4.698587894439697,4.637862205505371,,,0.3722224263928667,False,,,78.0079116821289,0.5078125,130.0,0.4256575297464579,False,154.0,False,
baseline,ip2p,none,811000000002,change_background,0,none,,,,,,,,inf,1.0,,,,,,,,,,,,,,,0.4123568937226255,False,,,71.67254638671875,0.51953125,133.0,0.286930688297277,False,154.0,False,
baseline,ip2p,none,811000000002,change_background,1,change_background,change the background to grass,,,,,,,,,0.2940836250782013,0.25163066387176514,0.04245296120643616,0.2588441073894501,0.9446367025375366,0.9610861539840698,0.6004109978675842,0.47275696437252085,16.8911426808764,16.8911426808764,4.77636981010437,4.637862205505371,,,0.4756108412393433,False,,,74.71836853027344,0.4609375,118.0,0.9053760835394723,False,154.0,False,
baseline,ip2p,none,811000000002,change_background,2,global_attribute,change the season to winter,,,,,,,,,0.2733805775642395,0.27314838767051697,0.00023218989372253418,0.10525054484605789,0.9433550238609314,0.9685341119766235,0.3620850741863251,0.6111746341949058,11.491569996523914,11.915727652288622,4.789826154708862,4.637862205505371,,,0.46671508141552037,False,,,75.7366943359375,0.5234375,134.0,0.24592142499070546,False,154.0,False,
baseline,ip2p,none,811000000002,change_background,3,background,replace the background with a beach,,,,,,,,,0.24221235513687134,0.2623118460178375,-0.020099490880966187,0.04634299501776695,0.9534034729003906,0.933113694190979,0.4906161427497864,0.4229013397086281,16.133958885685225,13.577924756110729,4.759214162826538,4.637862205505371,,,0.7085743445498806,False,,,77.53185272216797,0.515625,132.0,0.3309164303922281,False,154.0,False,
baseline,ip2p,none,811000000002,change_background,4,style,turn it into a watercolor painting,,,,,,,,,0.24146634340286255,0.24000833928585052,0.001458004117012024,0.1829034388065338,0.9414505362510681,0.8894664645195007,0.4802165627479553,0.3896556636386897,12.567781599944635,8.102834227197816,4.728588581085205,4.637862205505371,,,0.5695024830638928,False,,,80.24877166748047,0.53515625,137.0,0.14399464326582861,False,154.0,False,
baseline,ip2p,none,811000000003,change_background,0,none,,,,,,,,inf,1.0,,,,,,,,,,,,,,,0.7148597409707017,False,,,73.48078918457031,0.53125,136.0,0.1742606277334355,False,154.0,False,
baseline,ip2p,none,811000000003,change_background,1,change_background,change the background to blue,,,,,,,,,0.29435592889785767,0.2515704035758972,0.04278552532196045,0.2916872501373291,0.9661878347396851,0.9623567461967468,0.19514119625091553,0.7312465364559766,14.217955227333466,14.217955227333466,4.759758234024048,4.637862205505371,,,0.45374662658735815,False,,,74.8200454711914,0.59375,152.0,0.001615383235414525,False,154.0,False,
baseline,ip2p,none,811000000003,change_background,2,global_attribute,change the season to winter,,,,,,,,,0.2866854965686798,0.26680988073349,0.01987561583518982,0.08157439529895782,0.9652478098869324,0.9567374587059021,0.17124584317207336,0.7464243980690397,12.148267580918443,8.782917519398673,4.742761135101318,4.637862205505371,,,0.4621698698371894,False,,,76.53726196289062,0.578125,148.0,0.00731417444876026,False,154.0,False,
baseline,ip2p,none,811000000003,change_background,3,background,make the background a desert,,,,,,,,,0.22314071655273438,0.2773023843765259,-0.054161667823791504,0.20045770704746246,0.7991949319839478,0.1742943525314331,0.6986712217330933,0.2597082707462644,7.363166378807104,8.94644350307182,4.765280485153198,4.637862205505371,,,0.8701979447817009,False,,,73.2396240234375,0.4453125,114.0,0.9651497525354534,False,154.0,False,
baseline,ip2p,none,811000000003,change_background,4,style,turn it into a watercolor painting,,,,,,,,,0.21416914463043213,0.1919948309659958,0.02217431366443634,0.1314387023448944,0.8639335632324219,0.704397439956665,0.4796109199523926,0.4495155592120474,10.430964482605694,6.673256044300136,4.768421649932861,4.637862205505371,,,0.6698292803612168,False,,,76.86071014404297,0.54296875,139.0,0.0946239164605277,False,154.0,False,
baseline,ip2p,none,811000000004,change_background,0,none,,,,,,,,inf,1.0,,,,,,,,,,,,,,,0.13411630131914437,False,,,71.30188751220703,0.5,128.0,0.5249095549680696,False,154.0,False,
baseline,ip2p,none,811000000004,change_background,1,change_background,change the background to red,,,,,,,,,0.2807285189628601,0.24620717763900757,0.03452134132385254,0.2622939944267273,0.862396240234375,0.9597856402397156,0.3601900637149811,0.46598739466930866,11.541033836365726,11.541033836365726,4.7488696575164795,4.637862205505371,,,0.06796172555093456,False,,,74.59427642822266,0.4609375,118.0,0.9053760835394723,False,154.0,False,
baseline,ip2p,none,811000000004,change_background,2,global_attribute,make it rainy,,,,,,,,,0.3350231349468231,0.2503868341445923,0.08463630080223083,0.33039146661758423,0.923011064529419,0.9137587547302246,0.35317856073379517,0.5625986611654196,15.678766837347244,12.951465524007057,4.765954256057739,4.637862205505371,,,0.1293566098598009,False,,,75.15142059326172,0.4296875,110.0,0.9897152744791726,False,154.0,False,
baseline,ip2p,none,811000000004,change_background,3,background,replace the background with a beach,,,,,,,,,0.3170352280139923,0.326535165309906,-0.009499937295913696,0.04837913066148758,0.9653031826019287,0.9680211544036865,0.15079063177108765,0.7972690559224294,13.555469754543708,10.520906817395318,4.763072967529297,4.637862205505371,,,0.2258328563663212,False,,,75.5384292602539,0.53125,136.0,0.1742606277334355,False,154.0,False,
baseline,ip2p,none,811000000004,change_background,4,style,convert it to an oil painting,,,,,,,,,0.338762104511261,0.2970498502254486,0.04171225428581238,0.1575787365436554,0.9665079116821289,0.9866577386856079,0.04854718595743179,0.9094297389912042,25.95824562594663,10.37131700405138,4.748536109924316,4.637862205505371,,,0.2275446297659566,False,,,75.67768096923828,0.5234375,134.0,0.24592142499070546,False,154.0,False,
baseline,ip2p,none,911000000000,change_style,0,none,,,,,,,,inf,1.0,,,,,,,,,,,,,,,0.7748991999924004,False,,,76.8954086303711,0.453125,116.0,0.9410011475579737,False,154.0,False,
baseline,ip2p,none,911000000000,change_style,1,change_style,make it realism style expressionism style,,,,,,,,,0.3203389048576355,0.2787727415561676,0.041566163301467896,0.21617910265922546,0.8889381289482117,0.8496363759040833,0.4115157127380371,0.6269662393607861,15.019818783905382,15.019818783905382,4.677648305892944,4.637862205505371,,,0.7905670558013409,False,,,79.27542114257812,0.46484375,119.0,0.8825157080926602,False,154.0,False,
baseline,ip2p,none,911000000000,change_style,2,global_attribute,make it nighttime,,,,,,,,,0.23288238048553467,0.3191278278827667,-0.08624544739723206,0.10538174211978912,0.7960093021392822,0.5860222578048706,0.6906545162200928,0.5533884807017938,10.341565090897424,11.879865150503504,4.650611877441406,4.637862205505371,,,0.9168821639278065,False,,,79.68201446533203,0.4921875,126.0,0.6226346259555037,False,154.0,False,
baseline,ip2p,none,911000000000,change_style,3,background,replace the background with a beach,,,,,,,,,0.24159136414527893,0.2382304072380066,0.003360956907272339,0.0627238005399704,0.9641503691673279,0.9373986124992371,0.2466873675584793,0.7907049996810448,14.534369341931495,9.014490291017605,4.662640571594238,4.637862205505371,,,0.9278806835303312,False,,,80.49578857421875,0.515625,132.0,0.3309164303922281,False,154.0,False,
baseline,ip2p,none,911000000000,change_style,4,style,make it look cinematic,,,,,,,,,0.2827264070510864,0.25338616967201233,0.029340237379074097,-0.07253113389015198,0.9787061214447021,0.9626218676567078,0.20284391939640045,0.8505678571704233,15.812772510072673,11.27758329043643,4.703794479370117,4.637862205505371,,,0.9269029461406487,False,,,79.56275177001953,0.5,128.0,0.5249095549680696,False,154.0,False,
baseline,ip2p,none,911000000001,change_style,0,none,,,,,,,,inf,1.0,,,,,,,,,,,,,,,0.19839078491053153,False,,,75.02072143554688,0.52734375,135.0,0.20827859374661445,False,154.0,False,
baseline,ip2p,none,911000000001,change_style,1,change_style,make it realism style painting,,,,,,,,,0.23283980786800385,0.21797901391983032,0.014860793948173523,0.1142796128988266,0.9674701690673828,0.968185305595398,0.05938234552741051,0.8862776004286812,24.172225084465424,24.172225084465424,4.697933912277222,4.637862205505371,,,0.42337994193247935,False,,,77.8058090209961,0.51953125,133.0,0.286930688297277,False,154.0,False,
baseline,ip2p,none,911000000001,change_style,2,global_attribute,make it rainy,,,,,,,,,0.2956407070159912,0.2306075394153595,0.06503316760063171,0.24392178654670715,0.9409015774726868,0.940434992313385,0.181369811296463,0.7914425937883586,18.464602314103843,17.395207636992858,4.715573310852051,4.637862205505371,,,0.20993943411555202,False,,,79.10839080810547,0.50390625,129.0,0.4750904450319304,False,154.0,False,
baseline,ip2p,none,911000000001,change_style,3,background,replace the background with a beach,,,,,,,,,0.27387431263923645,0.2838093042373657,-0.009934991598129272,0.04679262265563011,0.9595901370048523,0.952647864818573,0.2054157555103302,0.7215208732996031,14.550310421292746,12.865931009437944,4.717682600021362,4.637862205505371,,,0.2364177838940769,False,,,78.32693481445312,0.51171875,131.0,0.3773653740444963,False,154.0,False,
baseline,ip2p,none,911000000001,change_style,4,style,make it anime style,,,,,,,,,0.2714020013809204,0.2719828486442566,-0.0005808472633361816,0.017239103093743324,0.9759889245033264,0.9818156957626343,0.0914650484919548,0.9080643559586722,21.295996379935062,12.492490773483357,4.70704984664917,4.637862205505371,,,0.3602718353814217,False,,,79.51692199707031,0.484375,124.0,0.7130693117027229,False,154.0,False,
baseline,ip2p,none,911000000002,change_style,0,none,,,,,,,,inf,1.0,,,,,,,,,,,,,,,0.11866184802929405,False,,,75.53153228759766,0.4765625,122.0,0.7917214062533855,False,154.0,False,
baseline,ip2p,none,911000000002,change_style,1,change_style,make it minimalism kids crayon drawing,,,,,,,,,0.2597837448120117,0.21900999546051025,0.040773749351501465,0.3092847168445587,0.7736963033676147,0.1654687225818634,0.6671525835990906,0.3548479463486413,9.394940683068546,9.394940683068546,4.717652797698975,4.637862205505371,,,0.864512646241779,False,,,79.37641906738281,0.5234375,134.0,0.24592142499070546,False,154.0,False,
baseline,ip2p,none,911000000002,change_style,2,global_attribute,make it sunset lighting,,,,,,,,,0.15277409553527832,0.25566619634628296,-0.10289210081100464,0.2569398283958435,0.7547507286071777,0.06913561373949051,0.870442271232605,0.4596669964806787,7.263689246769825,8.009590410746974,4.699259042739868,4.637862205505371,,,0.7576810950567834,False,,,75.2535400390625,0.55078125,141.0,0.05899885244202632,False,154.0,False,
baseline,ip2p,none,911000000002,change_style,3,background,replace the background with a beach,,,,,,,,,0.19271722435951233,0.1522141993045807,0.04050302505493164,0.16722683608531952,0.9036471843719482,0.7305388450622559,0.22296738624572754,0.7918296294165593,13.381924668288182,9.544279450178566,4.68370795249939,4.637862205505371,,,0.8422400592394014,False,,,73.90129852294922,0.48046875,123.0,0.7540785750092945,False,154.0,False,
baseline,ip2p,none,911000000002,change_style,4,style,make it anime style,,,,,,,,,0.18503572046756744,0.20273220539093018,-0.017696484923362732,0.0549851655960083,0.8416115045547485,0.48519963026046753,0.5668140649795532,0.6633436258540581,12.043572123897718,7.420597967304352,4.674597263336182,4.637862205505371,,,0.5563675254585578,False,,,74.89017486572266,0.47265625,121.0,0.8257393722665645,False,154.0,False,
baseline,ip2p,none,911000000003,change_style,0,none,,,,,,,,inf,1.0,,,,,,,,,,,,,,,0.8852439828074634,False,,,78.78750610351562,0.515625,132.0,0.3309164303922281,False,154.0,False,
baseline,ip2p,none,911000000003,change_style,1,change_style,make it surrealism style wall mural,,,,,,,,,0.22402673959732056,0.24950802326202393,-0.02548128366470337,0.2465858906507492,0.6732254028320312,0.16038480401039124,0.7818964719772339,0.19059521378152314,9.05952878518839,9.05952878518839,4.773639917373657,4.637862205505371,,,0.7425694251331172,False,,,80.3393783569336,0.48828125,125.0,0.6690835696077719,False,154.0,False,
baseline,ip2p,none,911000000003,change_style,2,global_attribute,make it nighttime,,,,,,,,,0.23783940076828003,0.2324739545583725,0.005365446209907532,0.10787097364664078,0.9812750816345215,0.9799438714981079,0.08326172828674316,0.8329797781137387,15.586389569972383,9.792313710584121,4.760347366333008,4.637862205505371,,,0.7558197423528077,False,,,80.74147033691406,0.453125,116.0,0.9410011475579737,False,154.0,False,
baseline,ip2p,none,911000000003,change_style,3,background,make the background a city street,,,,,,,,,0.1312149614095688,0.23434588313102722,-0.10313092172145844,0.1396850049495697,0.7400457859039307,0.08449015021324158,0.769774317741394,0.19494020330745213,8.664843908041274,8.433010179976012,4.746805906295776,4.637862205505371,,,0.7529992528111362,False,,,74.80577087402344,0.5,128.0,0.5249095549680696,False,154.0,False,
baseline,ip2p,none,911000000003,change_style,4,style,convert it to an oil painting,,,,,,,,,0.1394939124584198,0.13013412058353424,0.009359791874885559,0.12744906544685364,0.9929482936859131,0.9924423694610596,0.05794272571802139,0.8976671552226474,24.937957164087912,8.21118860704846,4.769800901412964,4.637862205505371,,,0.776055623626598,False,,,77.00714874267578,0.4296875,110.0,0.9897152744791726,False,154.0,False,
baseline,ip2p,none,911000000004,change_style,0,none,,,,,,,,inf,1.0,,,,,,,,,,,,,,,0.4289653241542201,False,,,75.32074737548828,0.46875,120.0,0.8560053567341714,False,154.0,False,
baseline,ip2p,none,911000000004,change_style,1,change_style,make it photorealism style oil painting,,,,,,,,,0.27622532844543457,0.24129460752010345,0.034930720925331116,0.16785569489002228,0.9117358922958374,0.9379359483718872,0.25228357315063477,0.7685095714387512,14.521850948212446,14.521850948212446,4.756420612335205,4.637862205505371,,,0.3781177804733446,False,,,76.89580535888672,0.46484375,119.0,0.8825157080926602,False,154.0,False,
baseline,ip2p,none,911000000004,change_style,2,global_attribute,make it sunset lighting,,,,,,,,,0.250052809715271,0.2820430397987366,-0.031990230083465576,0.26474788784980774,0.9284340143203735,0.9016730785369873,0.6441906690597534,0.5561693763399306,11.299134612015054,9.730160052563077,4.754218339920044,4.637862205505371,,,0.8264310147325238,False,,,71.68790435791016,0.50390625,129.0,0.4750904450319304,False,154.0,False,
baseline,ip2p,none,911000000004,change_style,3,background,make the background a city street,,,,,,,,,0.16055622696876526,0.25830256938934326,-0.097746342420578,0.21117304265499115,0.7213439345359802,0.03190147876739502,0.7291128635406494,0.4609334383564976,11.418780219703336,10.048914838772877,4.767911672592163,4.637862205505371,,,0.9508773473192735,False,,,72.70699310302734,0.51953125,133.0,0.286930688297277,False,154.0,False,
baseline,ip2p,none,911000000004,change_style,4,style,turn it into a watercolor painting,,,,,,,,,0.15006709098815918,0.13018272817134857,0.019884362816810608,0.16917017102241516,0.960655927658081,0.9648149609565735,0.2796800136566162,0.6539606531239711,11.46469353012554,7.424132509771882,4.7422099113464355,4.637862205505371,,,0.8638966546384276,False,,,78.44795989990234,0.51171875,131.0,0.3773653740444963,False,154.0,False,
baseline,ip2p,treering,111000000000,change_object,0,none,,,,7.034763669863462e-12,True,,,16.38449272914191,0.4813627770184552,,,,,,,,,,,,,,,,,,,,,,,,,,54.28868103027344
baseline,ip2p,treering,111000000000,change_object,1,change_object,change the fishes to sharks and change the kelp to flowers,,,1.872552421389318e-05,True,,,,,0.17207399010658264,0.17519035935401917,-0.0031163692474365234,-0.000816994346678257,0.9840614795684814,0.9778555631637573,0.14939263463020325,0.7919953140701027,19.113442278502706,13.233846500517974,4.740554094314575,4.637862205505371,,,,,,,,,,,,,,61.035614013671875
baseline,ip2p,treering,111000000000,change_object,2,global_attribute,make it nighttime,,,0.0018448456309825198,False,,,,,0.17957529425621033,0.1759556233882904,0.003619670867919922,0.0026187635958194733,0.9906213879585266,0.9864639639854431,0.10197091102600098,0.7939456621971073,15.194696699392338,12.231042744126155,4.720800399780273,4.637862205505371,,,,,,,,,,,,,,66.26152038574219
baseline,ip2p,treering,111000000000,change_object,3,background,make the background a desert,,,0.0014082035318677348,False,,,,,0.19421198964118958,0.1719581037759781,0.022253885865211487,0.018652958795428276,0.9283232688903809,0.9646804332733154,0.16449777781963348,0.7449348309494278,17.28424382656456,12.369543349492954,4.725742816925049,4.637862205505371,,,,,,,,,,,,,,68.4475326538086
baseline,ip2p,treering,111000000000,change_object,4,style,turn it into a watercolor painting,,,0.010311179939461753,False,,,,,0.16244710981845856,0.14673665165901184,0.015710458159446716,0.08112102001905441,0.9513335824012756,0.9354905486106873,0.18179360032081604,0.66440601415774,11.883250601955549,7.530159945732169,4.725987434387207,4.637862205505371,,,,,,,,,,,,,,70.68070220947266
baseline,ip2p,treering,111000000001,change_object,0,none,,,,2.152443230708661e-15,True,,,14.265767177958095,0.5941715088082891,,,,,,,,,,,,,,,,,,,,,,,,,,56.61848831176758
baseline,ip2p,treering,111000000001,change_object,1,change_object,change the cat to tiger and change the hat to scarf,,,0.09896996645567803,False,,,,,0.2520512044429779,0.2209763526916504,0.031074851751327515,0.2706393897533417,0.6818152070045471,0.3077983856201172,0.6895426511764526,0.2615617856685305,9.010608938393332,7.923343581797796,4.758173942565918,4.637862205505371,,,,,,,,,,,,,,70.69029998779297
baseline,ip2p,treering,111000000001,change_object,2,global_attribute,make it rainy,,,0.18421365491505526,False,,,,,0.2546841502189636,0.22094492614269257,0.03373922407627106,0.27275925874710083,0.9896602630615234,0.9880436658859253,0.045817211270332336,0.9417447927687973,27.426259148998096,7.855868420498892,4.745343208312988,4.637862205505371,,,,,,,,,,,,,,73.86375427246094
baseline,ip2p,treering,111000000001,change_object,3,background,make the background a desert,,,0.21851780285128383,False,,,,,0.25441426038742065,0.24951839447021484,0.0048958659172058105,0.026395656168460846,0.9910901784896851,0.9885191917419434,0.0628490075469017,0.9390028542480849,21.378952146950763,7.622165306080913,4.753391742706299,4.637862205505371,,,,,,,,,,,,,,75.93830871582031
baseline,ip2p,treering,111000000001,change_object,4,style,make it look cinematic,,,0.21417610637293427,False,,,,,0.2683066129684448,0.23782587051391602,0.03048074245452881,-0.001412377692759037,0.9906330704689026,0.9949103593826294,0.02593793347477913,0.9448457422786237,25.38312005623186,7.574419529139308,4.766739368438721,4.637862205505371,,,,,,,,,,,,,,76.5528793334961
baseline,ip2p,treering,111000000002,change_object,0,none,,,,1.010731454087629e-12,True,,,11.902121896928728,0.5308907067456987,,,,,,,,,,,,,,,,,,,,,,,,,,55.76355743408203
baseline,ip2p,treering,111000000002,change_object,1,change_object,change the duck to marmot and change the eyes to mouth,,,0.009830480123855645,False,,,,,0.17908133566379547,0.11860555410385132,0.06047578155994415,0.1967775821685791,0.7832995653152466,0.20531579852104187,0.48073044419288635,0.6339328419723902,13.350718759106002,11.600344854759253,4.7425377368927,4.637862205505371,,,,,,,,,,,,,,68.9719467163086
baseline,ip2p,treering,111000000002,change_object,2,global_attribute,make it nighttime,,,0.08140219209557438,False,,,,,0.17087581753730774,0.16171632707118988,0.009159490466117859,0.0904516726732254,0.956755518913269,0.9366170167922974,0.281392365694046,0.3944108435521884,10.40275823866865,7.500817310758784,4.7456581592559814,4.637862205505371,,,,,,,,,,,,,,71.36480712890625
baseline,ip2p,treering,111000000002,change_object,3,background,make the background a desert,,,0.09401366654324608,False,,,,,0.19081199169158936,0.16816546022891998,0.022646531462669373,-0.002753698267042637,0.9759615659713745,0.9785573482513428,0.08988813310861588,0.8295263091685793,18.786684012900018,7.9881669145823855,4.752969741821289,4.637862205505371,,,,,,,,,,,,,,71.0965576171875
baseline,ip2p,treering,111000000002,change_object,4,style,make it anime style,,,0.14309067772485637,False,,,,,0.17122259736061096,0.1667969524860382,0.004425644874572754,0.026394734159111977,0.9558234810829163,0.9332828521728516,0.19265121221542358,0.5516978727214557,15.269598009614915,9.793946000001947,4.746241092681885,4.637862205505371,,,,,,,,,,,,,,68.24156951904297
baseline,ip2p,treering,111000000003,change_object,0,none,,,,6.266341512848988e-25,True,,,13.409957805465396,0.5319175490491966,,,,,,,,,,,,,,,,,,,,,,,,,,51.915000915527344
baseline,ip2p,treering,111000000003,change_object,1,change_object,change the bunny to pig and change the eyes to ears,,,1.0474769696001579e-07,True,,,,,0.25642409920692444,0.18366709351539612,0.07275700569152832,0.37085193395614624,0.8161811232566833,0.5595850944519043,0.2624344825744629,0.7316738822344234,17.002687626066763,12.271570823031578,4.755174160003662,4.637862205505371,,,,,,,,,,,,,,63.38038635253906
baseline,ip2p,treering,111000000003,change_object,2,global_attribute,change the season to winter,,,5.372321821365572e-05,True,,,,,0.23420660197734833,0.22747932374477386,0.006727278232574463,0.020175479352474213,0.983578085899353,0.9660626649856567,0.17960014939308167,0.7864817514379375,14.522990350989486,9.994008740878007,4.753251314163208,4.637862205505371,,,,,,,,,,,,,,65.24773406982422
baseline,ip2p,treering,111000000003,change_object,3,background,make the background a city street,,,0.007824925245326088,False,,,,,0.13449472188949585,0.20868760347366333,-0.07419288158416748,0.18670882284641266,0.6626116037368774,0.045372553169727325,0.7259189486503601,0.3106642312196781,11.12784887616983,9.489780546662843,4.745086431503296,4.637862205505371,,,,,,,,,,,,,,65.92860412597656
baseline,ip2p,treering,111000000003,change_object,4,style,convert it to an oil painting,,,0.023275810449995202,False,,,,,0.12012889981269836,0.12719261646270752,-0.007063716650009155,0.08708810061216354,0.9914718270301819,0.9834173917770386,0.07326081395149231,0.8677905038866506,26.774286972793426,9.423046917834963,4.741703271865845,4.637862205505371,,,,,,,,,,,,,,69.42346954345703
baseline,ip2p,treering,111000000004,change_object,0,none,,,,3.036812017765944e-13,True,,,11.080223839967715,0.4733149881083551,,,,,,,,,,,,,,,,,,,,,,,,,,54.8210334777832
baseline,ip2p,treering,111000000004,change_object,1,change_object,change the owl to cat and change the heart to circle,,,0.00015840501382992803,True,,,,,0.24351397156715393,0.17620494961738586,0.06730902194976807,0.3738715350627899,0.7857523560523987,0.36585211753845215,0.41343754529953003,0.7083593477144149,14.94794975762618,9.94934784105671,4.751828670501709,4.637862205505371,,,,,,,,,,,,,,66.14852905273438
baseline,ip2p,treering,111000000004,change_object,2,global_attribute,make it sunset lighting,,,0.24039254288535467,False,,,,,0.2287158966064453,0.2251543402671814,0.003561556339263916,0.11886231601238251,0.9234738349914551,0.8773154020309448,0.45889490842819214,0.4740439955296452,12.532775186269456,7.097849466155134,4.751430988311768,4.637862205505371,,,,,,,,,,,,,,68.56658172607422
baseline,ip2p,treering,111000000004,change_object,3,background,make the background a city street,,,0.7101570232346875,False,,,,,0.18266437947750092,0.20480979979038239,-0.02214542031288147,0.020884808152914047,0.9014334678649902,0.8343585729598999,0.6244142055511475,0.4378540333540433,10.599849115857031,7.969242693345262,4.758023262023926,4.637862205505371,,,,,,,,,,,,,,78.24901580810547
baseline,ip2p,treering,111000000004,change_object,4,style,make it anime style,,,0.5995904211379485,False,,,,,0.17781952023506165,0.17418234050273895,0.003637179732322693,0.01851767674088478,0.9790871739387512,0.9744243025779724,0.14645349979400635,0.8077223232707581,15.455668839728073,8.238710995098794,4.743117570877075,4.637862205505371,,,,,,,,,,,,,,77.78254699707031
baseline,ip2p,treering,211000000000,add_object,0,none,,,,1.1900362144352077e-25,True,,,14.352408770997304,0.5081143316122015,,,,,,,,,,,,,,,,,,,,,,,,,,52.60954666137695
baseline,ip2p,treering,211000000000,add_object,1,add_object,add scarf and add flowers in mouth,,,5.493816089162808e-15,True,,,,,0.3257327079772949,0.27249300479888916,0.05323970317840576,0.13552886247634888,0.7940787076950073,0.6414566040039062,0.14019542932510376,0.820767815763649,21.43448062321188,14.279166241349724,4.723059892654419,4.637862205505371,,,,,,,,,,,,,,57.77527618408203
baseline,ip2p,treering,211000000000,add_object,2,global_attribute,make it rainy,,,3.663022115049382e-08,True,,,,,0.32206884026527405,0.30693256855010986,0.015136271715164185,0.3679894804954529,0.8983578681945801,0.8455411195755005,0.36595386266708374,0.5652285076245308,14.837986472399805,11.762715687129715,4.740993022918701,4.637862205505371,,,,,,,,,,,,,,65.01842498779297
baseline,ip2p,treering,211000000000,add_object,3,background,make the background a desert,,,5.97966025064297e-07,True,,,,,0.29163724184036255,0.31286752223968506,-0.02123028039932251,-0.020675644278526306,0.9474186897277832,0.9484939575195312,0.2975144386291504,0.7399208218184189,14.50160532156826,12.620375526569445,4.736812591552734,4.637862205505371,,,,,,,,,,,,,,66.29915618896484
baseline,ip2p,treering,211000000000,add_object,4,style,make it anime style,,,1.471125763592897e-05,True,,,,,0.30317139625549316,0.2780817151069641,0.025089681148529053,0.1944935917854309,0.8684560060501099,0.810336172580719,0.12470241636037827,0.8415547485766467,15.65438405868364,11.8139105520979,4.759150743484497,4.637862205505371,,,,,,,,,,,,,,68.77876281738281
baseline,ip2p,treering,211000000001,add_object,0,none,,,,3.5044155975692255e-11,True,,,14.3097833802576,0.5804233221066746,,,,,,,,,,,,,,,,,,,,,,,,,,55.57867431640625
baseline,ip2p,treering,211000000001,add_object,1,add_object,add a gold chain and add a star on its head,,,1.3149135729191625e-05,True,,,,,0.23847481608390808,0.19968043267726898,0.0387943834066391,0.19893524050712585,0.9623745679855347,0.9862354397773743,0.07436054944992065,0.846458656877293,27.48775610280557,13.981544500511733,4.746628999710083,4.637862205505371,,,,,,,,,,,,,,63.30417251586914
baseline,ip2p,treering,211000000001,add_object,2,global_attribute,make it nighttime,,,0.000913086046643445,True,,,,,0.21900992095470428,0.23480118811130524,-0.015791267156600952,0.04898573458194733,0.9836504459381104,0.9879032969474792,0.11273440718650818,0.7241782038913219,16.9861437159103,12.464085266378175,4.753572702407837,4.637862205505371,,,,,,,,,,,,,,68.09801483154297
baseline,ip2p,treering,211000000001,add_object,3,background,make the background a desert,,,0.004194726080284056,False,,,,,0.20370593667030334,0.22105036675930023,-0.017344430088996887,-0.01141263172030449,0.9618660807609558,0.9851822853088379,0.3043392300605774,0.7052892712781449,18.69446571617924,11.362098583617904,4.753355503082275,4.637862205505371,,,,,,,,,,,,,,69.23808288574219
baseline,ip2p,treering,211000000001,add_object,4,style,make it anime style,,,0.169986224251854,False,,,,,0.2264229655265808,0.22197166085243225,0.00445130467414856,0.08407512307167053,0.9224288463592529,0.8866903781890869,0.5012909173965454,0.46858348571990954,13.421937498925997,11.905828162699521,4.740774154663086,4.637862205505371,,,,,,,,,,,,,,70.48827362060547
baseline,ip2p,treering,211000000002,add_object,0,none,,,,8.076158286549305e-09,True,,,10.508415705141232,0.45347596285591063,,,,,,,,,,,,,,,,,,,,,,,,,,58.74110412597656
baseline,ip2p,treering,211000000002,add_object,1,add_object,add leaves and add a flower,,,0.024806001815828593,False,,,,,0.24581149220466614,0.2721099555492401,-0.026298463344573975,0.17506054043769836,0.8092031478881836,0.2881190776824951,0.47483590245246887,0.4871253203237285,12.030186937380336,8.788353965735068,4.748827695846558,4.637862205505371,,,,,,,,,,,,,,70.43013763427734
baseline,ip2p,treering,211000000002,add_object,2,global_attribute,make it sunset lighting,,,0.09292912939671898,False,,,,,0.264953076839447,0.2526867687702179,0.012266308069229126,0.27092722058296204,0.8850177526473999,0.7860838174819946,0.5554705858230591,0.35401207624932324,8.578461702015453,5.040290326173299,4.7474446296691895,4.637862205505371,,,,,,,,,,,,,,69.95085906982422
baseline,ip2p,treering,211000000002,add_object,3,background,make the background a forest,,,0.24988875172555478,False,,,,,0.187815323472023,0.2553691267967224,-0.0675538033246994,0.34379294514656067,0.8083416223526001,0.20916306972503662,0.8263333439826965,0.26979093823198164,11.795907054144273,4.567385357436277,4.7536940574646,4.637862205505371,,,,,,,,,,,,,,69.0478515625
baseline,ip2p,treering,211000000002,add_object,4,style,turn it into a watercolor painting,,,0.10708561171695805,False,,,,,0.19589854776859283,0.1620156317949295,0.03388291597366333,0.21739087998867035,0.9270786046981812,0.6136203408241272,0.5055189728736877,0.3376063742461992,7.408889268853487,7.461387482251457,4.747157335281372,4.637862205505371,,,,,,,,,,,,,,71.03064727783203
baseline,ip2p,treering,211000000003,add_object,0,none,,,,6.1058371408457605e-18,True,,,12.932215750492354,0.5377974696454592,,,,,,,,,,,,,,,,,,,,,,,,,,53.815433502197266
baseline,ip2p,treering,211000000003,add_object,1,add_object,add a hurbat and add a sword,,,2.3285475050920597e-10,True,,,,,0.3493053913116455,0.32048046588897705,0.028824925422668457,0.11390525102615356,0.9159436821937561,0.9846214652061462,0.11800247430801392,0.847674239997657,25.354421661743615,12.572774085460846,4.748432874679565,4.637862205505371,,,,,,,,,,,,,,59.98017501831055
baseline,ip2p,treering,211000000003,add_object,2,global_attribute,make it rainy,,,1.4246924818547912e-06,True,,,,,0.32759830355644226,0.32822006940841675,-0.0006217658519744873,0.03685162216424942,0.9723811745643616,0.9789328575134277,0.18911904096603394,0.7067728070875021,17.422811519284643,11.941697111554053,4.729078769683838,4.637862205505371,,,,,,,,,,,,,,64.85749053955078
baseline,ip2p,treering,211000000003,add_object,3,background,make the background a forest,,,2.393562738223369e-06,True,,,,,0.3043457865715027,0.3129342794418335,-0.00858849287033081,-0.008297592401504517,0.9657800197601318,0.9681236743927002,0.21026374399662018,0.6550370852710209,17.341724065923515,10.392931346715566,4.754101753234863,4.637862205505371,,,,,,,,,,,,,,66.95500946044922
baseline,ip2p,treering,211000000003,add_object,4,style,turn it into a watercolor painting,,,5.6982690239359813e-05,True,,,,,0.2772347927093506,0.24994343519210815,0.02729135751724243,0.15930837392807007,0.9521402716636658,0.9131054878234863,0.2900896966457367,0.5051375033968178,8.66491408157136,9.598508748776842,4.747997999191284,4.637862205505371,,,,,,,,,,,,,,69.27426147460938
baseline,ip2p,treering,211000000004,add_object,0,none,,,,6.410445215056577e-15,True,,,11.671147871202795,0.5847262174552421,,,,,,,,,,,,,,,,,,,,,,,,,,53.84947967529297
baseline,ip2p,treering,211000000004,add_object,1,add_object,add a cat and add colorful flowers,,,1.9750682063750757e-08,True,,,,,0.34054189920425415,0.24846142530441284,0.09208047389984131,0.25515395402908325,0.9013227820396423,0.907677948474884,0.3127767741680145,0.802810353955823,19.560753222542438,10.75632744161243,4.740101337432861,4.637862205505371,,,,,,,,,,,,,,62.095760345458984
baseline,ip2p,treering,211000000004,add_object,2,global_attribute,change the season to winter,,,0.0001995608643512886,True,,,,,0.29524609446525574,0.3178369700908661,-0.02259087562561035,0.035754136741161346,0.9443201422691345,0.9429680109024048,0.352125883102417,0.7520680058812027,10.143286896878633,10.57269722742619,4.752331972122192,4.637862205505371,,,,,,,,,,,,,,65.63468933105469
baseline,ip2p,treering,211000000004,add_object,3,background,make the background a desert,,,0.002442463686045258,False,,,,,0.2806015610694885,0.28562286496162415,-0.00502130389213562,0.07990540564060211,0.9522193074226379,0.945728063583374,0.517066240310669,0.6083201301890334,9.339254555778178,10.060198454946716,4.754706382751465,4.637862205505371,,,,,,,,,,,,,,69.59221649169922
baseline,ip2p,treering,211000000004,add_object,4,style,make it anime style,,,0.013713597857948944,False,,,,,0.2663642168045044,0.2760894298553467,-0.009725213050842285,-0.011754529550671577,0.9486618041992188,0.9465745091438293,0.3677133023738861,0.6886232398220922,14.946091322590728,10.058359351030752,4.742879629135132,4.637862205505371,,,,,,,,,,,,,,71.12431335449219
baseline,ip2p,treering,311000000000,delete_object,0,none,,,,1.5553091904804547e-16,True,,,16.11471088466765,0.6673439488285315,,,,,,,,,,,,,,,,,,,,,,,,,,54.08997344970703
baseline,ip2p,treering,311000000000,delete_object,1,delete_object,remove the yellow flowers,,,1.3346700379501448e-07,True,,,,,0.22596408426761627,0.22779753804206848,-0.0018334537744522095,0.1897689700126648,0.9452322721481323,0.9678239822387695,0.25181877613067627,0.8606461495710594,19.991423178833926,15.750088317790567,4.745100975036621,4.637862205505371,,,,,,,,,,,,,,62.9620475769043
baseline,ip2p,treering,311000000000,delete_object,2,global_attribute,change the season to winter,,,6.17136179198662e-05,True,,,,,0.2001264989376068,0.19087430834770203,0.009252190589904785,0.1698874980211258,0.9785370826721191,0.9594223499298096,0.4960339069366455,0.8254437068850748,11.775887484969822,11.652610270389214,4.748222351074219,4.637862205505371,,,,,,,,,,,,,,65.69068145751953
baseline,ip2p,treering,311000000000,delete_object,3,background,replace the background with a beach,,,0.0005852578635564803,True,,,,,0.177249938249588,0.18458348512649536,-0.007333546876907349,0.00030362047255039215,0.9850552678108215,0.9702792763710022,0.13280406594276428,0.9329828929903105,18.459115635518305,9.360522052008431,4.764781713485718,4.637862205505371,,,,,,,,,,,,,,69.31488800048828
baseline,ip2p,treering,311000000000,delete_object,4,style,make it look cinematic,,,0.004267169176598683,False,,,,,0.1896754503250122,0.19462311267852783,-0.004947662353515625,-0.006360162049531937,0.9903936386108398,0.9681664109230042,0.0742030143737793,0.9177936501116486,18.00712860830091,11.224523849650996,4.753019332885742,4.637862205505371,,,,,,,,,,,,,,69.7468032836914
baseline,ip2p,treering,311000000001,delete_object,0,none,,,,8.4052481181773e-12,True,,,12.02124600782418,0.4990616687079195,,,,,,,,,,,,,,,,,,,,,,,,,,55.31175994873047
baseline,ip2p,treering,311000000001,delete_object,1,delete_object,remove the headphones,,,0.004674193246408785,False,,,,,0.12825383245944977,0.19397291541099548,-0.06571908295154572,0.03929264098405838,0.7143871784210205,0.18628904223442078,0.34728825092315674,0.6617922413612768,16.98866947323769,10.658198180340946,4.750179767608643,4.637862205505371,,,,,,,,,,,,,,65.36698150634766
baseline,ip2p,treering,311000000001,delete_object,2,global_attribute,make it sunset lighting,,,0.2992486522788722,False,,,,,0.14684365689754486,0.09187692403793335,0.05496673285961151,0.24453681707382202,0.9163073301315308,0.8817261457443237,0.6160765886306763,0.6496491928809692,12.177128380204552,9.572932958587067,4.757561683654785,4.637862205505371,,,,,,,,,,,,,,67.52762603759766
baseline,ip2p,treering,311000000001,delete_object,3,background,replace the background with a beach,,,0.09949470614839949,False,,,,,0.17135247588157654,0.14454913139343262,0.02680334448814392,0.2815931737422943,0.9531705379486084,0.9594091176986694,0.4449847936630249,0.7390939954533722,10.34151303735921,9.677606722804402,4.7554614543914795,4.637862205505371,,,,,,,,,,,,,,65.83430480957031
baseline,ip2p,treering,311000000001,delete_object,4,style,turn it into a watercolor painting,,,0.27010359956669283,False,,,,,0.15426883101463318,0.14704686403274536,0.007221966981887817,0.24472558498382568,0.8863897323608398,0.8942252993583679,0.15312328934669495,0.8321716957461919,16.143802423378993,8.630725997906126,4.735438108444214,4.637862205505371,,,,,,,,,,,,,,73.60115814208984
baseline,ip2p,treering,311000000002,delete_object,0,none,,,,1.0841448021957336e-09,True,,,12.91504029059443,0.5153142875448721,,,,,,,,,,,,,,,,,,,,,,,,,,57.24256896972656
baseline,ip2p,treering,311000000002,delete_object,1,delete_object,remove a suit and remove a laptop,,,0.025170354997476142,False,,,,,0.12381722033023834,0.25572967529296875,-0.1319124549627304,-0.00014120480045676231,0.7231653332710266,0.29226621985435486,0.48013854026794434,0.6106453383711623,14.434762366229744,10.633139025247903,4.753621816635132,4.637862205505371,,,,,,,,,,,,,,67.58428192138672
baseline,ip2p,treering,311000000002,delete_object,2,global_attribute,make it nighttime,,,0.1969090947559131,False,,,,,0.2302331179380417,0.11705309897661209,0.1131800189614296,0.11074954271316528,0.6722778677940369,0.3547660708427429,0.595511257648468,0.6605638093191776,11.43526209031317,11.854051188694374,4.745074033737183,4.637862205505371,,,,,,,,,,,,,,70.30352020263672
baseline,ip2p,treering,311000000002,delete_object,3,background,make the background a desert,,,0.1290354745505511,False,,,,,0.2450897991657257,0.2271023541688919,0.0179874449968338,0.28674185276031494,0.9478727579116821,0.5863792896270752,0.11159005761146545,0.9281009812600395,24.908707355958455,11.870872552197065,4.752940893173218,4.637862205505371,,,,,,,,,,,,,,71.03251647949219
baseline,ip2p,treering,311000000002,delete_object,4,style,make it anime style,,,0.23764676331683568,False,,,,,0.20169763267040253,0.2372802495956421,-0.03558261692523956,0.22537536919116974,0.7680035829544067,0.6962563395500183,0.31743714213371277,0.7471585543421325,13.738907511383399,10.105880211413563,4.736462354660034,4.637862205505371,,,,,,,,,,,,,,71.96019744873047
baseline,ip2p,treering,311000000003,delete_object,0,none,,,,1.456782298168143e-15,True,,,14.59227790397888,0.6504397628733183,,,,,,,,,,,,,,,,,,,,,,,,,,55.287139892578125
baseline,ip2p,treering,311000000003,delete_object,1,delete_object,remove the flower,,,0.0003690146615363816,True,,,,,0.1317930966615677,0.28029313683509827,-0.14850004017353058,-0.11695245653390884,0.6235033869743347,0.22896872460842133,0.5402524471282959,0.5634272409931467,15.649538051822308,11.169021720415007,4.760323762893677,4.637862205505371,,,,,,,,,,,,,,64.63440704345703
baseline,ip2p,treering,311000000003,delete_object,2,global_attribute,make it sunset lighting,,,0.0036001895119942597,False,,,,,0.15931355953216553,0.1403503268957138,0.01896323263645172,0.15124498307704926,0.8968571424484253,0.8451208472251892,0.4131188988685608,0.46462813461116254,11.575357560109667,7.212099311658065,4.74458384513855,4.637862205505371,,,,,,,,,,,,,,65.8350601196289
baseline,ip2p,treering,311000000003,delete_object,3,background,make the background a forest,,,0.0038717367054009835,False,,,,,0.12790948152542114,0.15982024371623993,-0.03191076219081879,0.058057498186826706,0.8951282501220703,0.8636590242385864,0.4679776728153229,0.6443626406833644,16.597253842405713,6.792810126760162,4.7621910572052,4.637862205505371,,,,,,,,,,,,,,66.68822479248047
baseline,ip2p,treering,311000000003,delete_object,4,style,convert it to an oil painting,,,0.014312631392194491,False,,,,,0.1585184931755066,0.1438768059015274,0.014641687273979187,0.10777608305215836,0.9883903861045837,0.9743983745574951,0.10956311970949173,0.8183726251047886,26.214000159282975,6.907898702309396,4.7420806884765625,4.637862205505371,,,,,,,,,,,,,,68.99727630615234
baseline,ip2p,treering,311000000004,delete_object,0,none,,,,6.084225404173574e-12,True,,,15.978035620794644,0.5118688489418022,,,,,,,,,,,,,,,,,,,,,,,,,,56.75059127807617
baseline,ip2p,treering,311000000004,delete_object,1,delete_object,remove an iceberg and remove a plane flying overhead,,,0.13462648397072102,False,,,,,0.22813734412193298,0.2162007838487625,0.011936560273170471,-0.19526979327201843,0.9008148908615112,0.8130684494972229,0.41948366165161133,0.5101206638813249,13.804596843988747,13.75947833921703,4.741077661514282,4.637862205505371,,,,,,,,,,,,,,68.30003356933594
baseline,ip2p,treering,311000000004,delete_object,2,global_attribute,make it rainy,,,0.2148613162229791,False,,,,,0.2730422914028168,0.20438329875469208,0.0686589926481247,0.3218497931957245,0.8673144578933716,0.7998080253601074,0.5527286529541016,0.7472450210704441,11.231351327580974,13.281429366226487,4.738775730133057,4.637862205505371,,,,,,,,,,,,,,71.58228302001953
baseline,ip2p,treering,311000000004,delete_object,3,background,make the background a city street,,,0.10174348977779642,False,,,,,0.25309500098228455,0.24563446640968323,0.007460534572601318,0.07041007280349731,0.8945212364196777,0.8575024604797363,0.53603196144104,0.7265650067670024,18.361067075197127,13.219329722591587,4.755710124969482,4.637862205505371,,,,,,,,,,,,,,71.97567749023438
baseline,ip2p,treering,311000000004,delete_object,4,style,convert it to an oil painting,,,0.14161702817325245,False,,,,,0.2531985938549042,0.24179381132125854,0.01140478253364563,0.13902312517166138,0.9826840162277222,0.9608057141304016,0.12365318834781647,0.8835203776117169,24.162784235484366,13.156902269596952,4.752408742904663,4.637862205505371,,,,,,,,,,,,,,73.19917297363281
baseline,ip2p,treering,411000000000,change_content,0,none,,,,4.428899240464058e-11,True,,,11.765897500315127,0.6226956947258134,,,,,,,,,,,,,,,,,,,,,,,,,,57.11982727050781
baseline,ip2p,treering,411000000000,change_content,1,change_content,change the big to small and make it big,,,2.375174274625483e-06,True,,,,,0.3062373101711273,0.30281201004981995,0.003425300121307373,0.046990446746349335,0.9950456619262695,0.979189932346344,0.018358390778303146,0.9099422781714668,35.918010615498474,11.708847172575805,4.756488800048828,4.637862205505371,,,,,,,,,,,,,,64.33401489257812
baseline,ip2p,treering,411000000000,change_content,2,global_attribute,make it nighttime,,,0.00011484955779805441,True,,,,,0.2862769067287445,0.28596141934394836,0.0003154873847961426,0.09862217307090759,0.9939557909965515,0.9905776977539062,0.07880896329879761,0.8013366813927041,17.70950368718571,10.111546580165484,4.759314775466919,4.637862205505371,,,,,,,,,,,,,,67.06828308105469
baseline,ip2p,treering,411000000000,change_content,3,background,replace the background with a beach,,,0.0010717178554751727,False,,,,,0.2875638008117676,0.2659665048122406,0.021597295999526978,0.0001530516892671585,0.9590935111045837,0.9681048393249512,0.19906315207481384,0.5998791045917916,12.035468947358263,10.79339084168735,4.74454927444458,4.637862205505371,,,,,,,,,,,,,,69.14300537109375
baseline,ip2p,treering,411000000000,change_content,4,style,turn it into a watercolor painting,,,0.08156478120556987,False,,,,,0.29379236698150635,0.28436362743377686,0.009428739547729492,0.03661296144127846,0.9613271355628967,0.9527729749679565,0.16555407643318176,0.6347834077233475,15.646963702234025,9.569624757228434,4.728092432022095,4.637862205505371,,,,,,,,,,,,,,77.27384185791016
baseline,ip2p,treering,411000000001,change_content,0,none,,,,7.11573070353453e-22,True,,,12.299949138989712,0.25612533852555125,,,,,,,,,,,,,,,,,,,,,,,,,,52.92195129394531
baseline,ip2p,treering,411000000001,change_content,1,change_content,change the spread out to fold in,,,0.006903879911036616,False,,,,,0.15400788187980652,0.2774833142757416,-0.12347543239593506,0.0772278904914856,0.7038645148277283,0.16285961866378784,0.771445631980896,0.17902106637600843,11.437002406337225,10.57838935183246,4.757495403289795,4.637862205505371,,,,,,,,,,,,,,70.32129669189453
baseline,ip2p,treering,411000000001,change_content,2,global_attribute,change the season to winter,,,0.019825674566104116,False,,,,,0.127818763256073,0.11336079239845276,0.01445797085762024,0.0936107188463211,0.9767286777496338,0.9730619192123413,0.36288920044898987,0.7615464208764721,9.972530584493418,6.8914882596713145,4.759314775466919,4.637862205505371,,,,,,,,,,,,,,71.59601593017578
baseline,ip2p,treering,411000000001,change_content,3,background,replace the background with a beach,,,0.067290797549932,False,,,,,0.1945253312587738,0.10091692209243774,0.09360840916633606,0.22629067301750183,0.7925652265548706,0.19724172353744507,0.7093728184700012,0.4408164362198462,9.588585319472116,5.1676667043426665,4.7474799156188965,4.637862205505371,,,,,,,,,,,,,,78.15785217285156
baseline,ip2p,treering,411000000001,change_content,4,style,make it anime style,,,0.06833812052107956,False,,,,,0.2340262532234192,0.2106887400150299,0.023337513208389282,0.307186484336853,0.8985595703125,0.41941460967063904,0.521266520023346,0.6699939547034134,15.876610594700352,4.261381938832443,4.755701541900635,4.637862205505371,,,,,,,,,,,,,,71.60626220703125
baseline,ip2p,treering,411000000002,change_content,0,none,,,,1.755998985485715e-09,True,,,9.960647142268641,0.3497093628605268,,,,,,,,,,,,,,,,,,,,,,,,,,56.13054656982422
baseline,ip2p,treering,411000000002,change_content,1,change_content,change the scarf to cloak,,,0.0003739247786947486,True,,,,,0.25836604833602905,0.28875190019607544,-0.030385851860046387,0.1131957545876503,0.9021519422531128,0.8123279809951782,0.2168465554714203,0.7004154529541667,15.631924413391147,9.676267987691322,4.755234003067017,4.637862205505371,,,,,,,,,,,,,,64.49423217773438
baseline,ip2p,treering,411000000002,change_content,2,global_attribute,change the season to winter,,,0.01454566614106718,False,,,,,0.31692227721214294,0.25387102365493774,0.0630512535572052,0.10540393739938736,0.9357026219367981,0.9585591554641724,0.4662913680076599,0.6705438397843393,8.717389554994096,9.167533943158361,4.739118814468384,4.637862205505371,,,,,,,,,,,,,,67.56269836425781
baseline,ip2p,treering,411000000002,change_content,3,background,make the background a city street,,,0.1477134813664088,False,,,,,0.1476162075996399,0.2806814908981323,-0.13306528329849243,0.22704491019248962,0.7008225917816162,0.0838686004281044,0.7793174386024475,0.37960645454206254,10.465817601889565,9.057240396441209,4.760660171508789,4.637862205505371,,,,,,,,,,,,,,72.0784683227539
baseline,ip2p,treering,411000000002,change_content,4,style,make it look cinematic,,,0.3989840823598585,False,,,,,0.1877649426460266,0.15857499837875366,0.02918994426727295,0.16478776931762695,0.9547860622406006,0.9195849299430847,0.20701131224632263,0.5955594781878524,9.074758420271213,7.327512432413581,4.753241539001465,4.637862205505371,,,,,,,,,,,,,,72.73677062988281
baseline,ip2p,treering,411000000003,change_content,0,none,,,,6.374250346078759e-35,True,,,13.93018703873707,0.5902702029811789,,,,,,,,,,,,,,,,,,,,,,,,,,48.19135665893555
baseline,ip2p,treering,411000000003,change_content,1,change_content,change the furry wolf to bald wolf,,,1.9153022727238332e-20,True,,,,,0.2514929175376892,0.2645326256752014,-0.013039708137512207,-0.028544314205646515,0.9662202596664429,0.9573192596435547,0.11315411329269409,0.8668590990012257,24.631510984953593,13.561108114344142,4.737274885177612,4.637862205505371,,,,,,,,,,,,,,53.762508392333984
baseline,ip2p,treering,411000000003,change_content,2,global_attribute,make it sunset lighting,,,3.053353063284293e-05,True,,,,,0.290056049823761,0.24416115880012512,0.045894891023635864,0.20924660563468933,0.9224140644073486,0.8424098491668701,0.6473049521446228,0.3810571102398434,12.06333355255661,9.245616239752643,4.740551710128784,4.637862205505371,,,,,,,,,,,,,,63.71424102783203
baseline,ip2p,treering,411000000003,change_content,3,background,make the background a forest,,,0.0007919454347972532,True,,,,,0.2728743255138397,0.2861231565475464,-0.013248831033706665,0.13377952575683594,0.9788153767585754,0.9509096741676331,0.3299088478088379,0.6833074779314637,17.532336988718157,9.930018883550963,4.747362852096558,4.637862205505371,,,,,,,,,,,,,,65.98529052734375
baseline,ip2p,treering,411000000003,change_content,4,style,convert it to an oil painting,,,0.0036374539517636515,False,,,,,0.26986056566238403,0.26778459548950195,0.00207597017288208,0.1344718337059021,0.9788933396339417,0.9707569479942322,0.18554912507534027,0.7533275399291691,18.11593062715289,9.659102264397198,4.754462718963623,4.637862205505371,,,,,,,,,,,,,,68.33869934082031
baseline,ip2p,treering,411000000004,change_content,0,none,,,,1.525415102330786e-19,True,,,14.498951229536337,0.44496269982296344,,,,,,,,,,,,,,,,,,,,,,,,,,52.4425163269043
baseline,ip2p,treering,411000000004,change_content,1,change_content,change the shepherd dog to poodle dog and make it luxury,,,4.396500720971811e-09,True,,,,,0.3176410496234894,0.2919713854789734,0.02566966414451599,0.19168204069137573,0.9502034783363342,0.8548043966293335,0.15123821794986725,0.7921021626783693,22.589088153222683,13.43053528423052,4.759767532348633,4.637862205505371,,,,,,,,,,,,,,60.020301818847656
baseline,ip2p,treering,411000000004,change_content,2,global_attribute,change the season to winter,,,0.00011159811222526303,True,,,,,0.3105725049972534,0.29008039832115173,0.020492106676101685,0.11834712326526642,0.9232217073440552,0.8986969590187073,0.2899717390537262,0.6418002439004767,10.396857801070297,11.159662689975441,4.7427496910095215,4.637862205505371,,,,,,,,,,,,,,65.45934295654297
baseline,ip2p,treering,411000000004,change_content,3,background,make the background a city street,,,0.08384156807496013,False,,,,,0.11754420399665833,0.2965543866157532,-0.17901018261909485,0.1963082104921341,0.68040931224823,-0.007063332945108414,0.6765307188034058,0.26740086993668627,10.343497230492869,9.550237195953953,4.760031700134277,4.637862205505371,,,,,,,,,,,,,,67.23603820800781
baseline,ip2p,treering,411000000004,change_content,4,style,make it look cinematic,,,0.07215423612776363,False,,,,,0.13668321073055267,0.139842227101326,-0.0031590163707733154,-0.10817746073007584,0.9917483925819397,0.9922336339950562,0.05603060871362686,0.8999766908180492,21.94166388003459,9.358207940710088,4.754902601242065,4.637862205505371,,,,,,,,,,,,,,71.20983123779297
baseline,ip2p,treering,511000000000,change_pose,0,none,,,,9.71651067413481e-22,True,,,14.800002041836052,0.4676667249221436,,,,,,,,,,,,,,,,,,,,,,,,,,51.5604362487793
baseline,ip2p,treering,511000000000,change_pose,1,change_pose,make it tail down and make it jumping,,,3.4620934702177636e-11,True,,,,,0.215632826089859,0.1943962126970291,0.021236613392829895,0.1783914566040039,0.8152226209640503,0.7818628549575806,0.5140401124954224,0.5383127516149969,21.156607896613053,14.94345997775255,4.742992162704468,4.637862205505371,,,,,,,,,,,,,,60.63687515258789
baseline,ip2p,treering,511000000000,change_pose,2,global_attribute,make it nighttime,,,2.1490975525732354e-06,True,,,,,0.2283076047897339,0.1996971070766449,0.02861049771308899,0.14253902435302734,0.9473167657852173,0.8787211775779724,0.3310573697090149,0.3888974141555693,11.624640637840958,10.298196578094972,4.720849275588989,4.637862205505371,,,,,,,,,,,,,,64.38568115234375
baseline,ip2p,treering,511000000000,change_pose,3,background,make the background a city street,,,0.05534763272142939,False,,,,,0.1717907190322876,0.23073652386665344,-0.058945804834365845,0.19350454211235046,0.7090408802032471,0.053103670477867126,0.7462702989578247,0.21448630979211578,10.124901929638174,12.172247227896651,4.707026720046997,4.637862205505371,,,,,,,,,,,,,,68.26667022705078
baseline,ip2p,treering,511000000000,change_pose,4,style,convert it to an oil painting,,,0.10195679195236572,False,,,,,0.17492803931236267,0.15780210494995117,0.0171259343624115,0.11944401264190674,0.9905365705490112,0.987757682800293,0.0877520889043808,0.8430427121200962,25.37967882458065,11.833601207109709,4.724032878875732,4.637862205505371,,,,,,,,,,,,,,72.82494354248047
baseline,ip2p,treering,511000000001,change_pose,0,none,,,,2.1335379122290922e-16,True,,,11.14319501116579,0.32823318170654053,,,,,,,,,,,,,,,,,,,,,,,,,,53.39867401123047
baseline,ip2p,treering,511000000001,change_pose,1,change_pose,change the standing to sitting and make it tilting its head and make it wagging its tail,,,2.9575759374375045e-08,True,,,,,0.21092116832733154,0.21128582954406738,-0.00036466121673583984,-0.005088812671601772,0.9950183033943176,0.9963724613189697,0.043652936816215515,0.8991647306025491,32.0175143513091,11.086689628084692,4.755121946334839,4.637862205505371,,,,,,,,,,,,,,60.315956115722656
baseline,ip2p,treering,511000000001,change_pose,2,global_attribute,make it rainy,,,0.0005664645394419282,True,,,,,0.20202234387397766,0.19177061319351196,0.010251730680465698,0.19213424623012543,0.9679397344589233,0.9775820970535278,0.1888238787651062,0.747334820179979,15.226424947333665,9.646160493333477,4.75523042678833,4.637862205505371,,,,,,,,,,,,,,67.25437927246094
baseline,ip2p,treering,511000000001,change_pose,3,background,make the background a desert,,,0.006310879095121773,False,,,,,0.20584651827812195,0.1953796148300171,0.010466903448104858,0.12042703479528427,0.9707439541816711,0.9877966046333313,0.13643532991409302,0.8266936619784954,19.967626948943078,9.640690250073728,4.73947286605835,4.637862205505371,,,,,,,,,,,,,,70.0022964477539
baseline,ip2p,treering,511000000001,change_pose,4,style,make it look cinematic,,,0.009381643272093046,False,,,,,0.20587176084518433,0.20158475637435913,0.004287004470825195,0.016000375151634216,0.9901021122932434,0.9949933886528015,0.033319298177957535,0.929426483917483,27.429501329598963,9.751720064462575,4.76108980178833,4.637862205505371,,,,,,,,,,,,,,70.28582000732422
baseline,ip2p,treering,511000000002,change_pose,0,none,,,,3.45113082211789e-20,True,,,15.648786517165716,0.43648754601858597,,,,,,,,,,,,,,,,,,,,,,,,,,52.84537887573242
baseline,ip2p,treering,511000000002,change_pose,1,change_pose,make it its mouth open and change the sitting to standing and make it roaring,,,3.6187218512495153e-09,True,,,,,0.22216388583183289,0.24458293616771698,-0.022419050335884094,0.1186678558588028,0.7506870031356812,0.5094287395477295,0.3441552221775055,0.5155313768730179,17.772595214602095,14.387607576660423,4.757359504699707,4.637862205505371,,,,,,,,,,,,,,61.675621032714844
baseline,ip2p,treering,511000000002,change_pose,2,global_attribute,change the season to winter,,,5.526246626051826e-07,True,,,,,0.23638677597045898,0.19242601096630096,0.04396076500415802,0.19337919354438782,0.9655154943466187,0.9669904708862305,0.41053611040115356,0.6068017853629925,11.026685734739175,10.364301397082286,4.761568784713745,4.637862205505371,,,,,,,,,,,,,,65.14476776123047
baseline,ip2p,treering,511000000002,change_pose,3,background,replace the background with a beach,,,7.398500395035463e-05,True,,,,,0.20323438942432404,0.210839182138443,-0.0076047927141189575,0.09295044839382172,0.9409981966018677,0.9798274636268616,0.18975882232189178,0.8071086618971407,17.506573984581635,9.65881984468078,4.762505054473877,4.637862205505371,,,,,,,,,,,,,,68.6177978515625
baseline,ip2p,treering,511000000002,change_pose,4,style,make it look cinematic,,,0.0008832463267404785,True,,,,,0.20099514722824097,0.20158524811267853,-0.000590100884437561,0.030501406639814377,0.9916074872016907,0.9923965930938721,0.05775919929146767,0.9181172978784261,26.719529525587845,9.930328009211118,4.743914842605591,4.637862205505371,,,,,,,,,,,,,,70.25093841552734
baseline,ip2p,treering,511000000003,change_pose,0,none,,,,0.00010413780432205531,True,,,12.327885752453083,0.5846368447194995,,,,,,,,,,,,,,,,,,,,,,,,,,63.26549530029297
baseline,ip2p,treering,511000000003,change_pose,1,change_pose,change the wings spread to wings folded and make it beak pointed downward,,,0.29332154011172584,False,,,,,0.17677883803844452,0.27436205744743347,-0.09758321940898895,0.03288106992840767,0.7598176002502441,0.18979071080684662,0.833087682723999,0.5681074523150224,8.925764917655188,8.105186419714492,4.755321025848389,4.637862205505371,,,,,,,,,,,,,,71.53739929199219
baseline,ip2p,treering,511000000003,change_pose,2,global_attribute,make it nighttime,,,0.2374984760328698,False,,,,,0.1857394278049469,0.17121514678001404,0.014524281024932861,0.23717090487480164,0.9598972201347351,0.968824565410614,0.15164712071418762,0.7566580462082403,10.638535832262974,9.091072207238643,4.749788761138916,4.637862205505371,,,,,,,,,,,,,,69.56021881103516
baseline,ip2p,treering,511000000003,change_pose,3,background,make the background a city street,,,0.28522785429616637,False,,,,,0.22416897118091583,0.18180108070373535,0.04236789047718048,0.1769261658191681,0.9087383151054382,0.9256432056427002,0.3286547064781189,0.7763394062473185,17.171465086302536,9.73089021270046,4.747311592102051,4.637862205505371,,,,,,,,,,,,,,70.77388763427734
baseline,ip2p,treering,511000000003,change_pose,4,style,convert it to an oil painting,,,0.32839759388349393,False,,,,,0.22967419028282166,0.2261999547481537,0.0034742355346679688,0.10640297085046768,0.973547101020813,0.9860137701034546,0.08362475037574768,0.8980430352389345,21.615609582823797,9.592326930363111,4.743438959121704,4.637862205505371,,,,,,,,,,,,,,73.04049682617188
baseline,ip2p,treering,511000000004,change_pose,0,none,,,,1.2972740694425563e-18,True,,,12.296263662951834,0.5759113325468924,,,,,,,,,,,,,,,,,,,,,,,,,,55.207969665527344
baseline,ip2p,treering,511000000004,change_pose,1,change_pose,make it eyes closed and change the sitting to lying and make it above its head,,,3.151994965833803e-12,True,,,,,0.22627294063568115,0.23720683157444,-0.01093389093875885,0.01621168665587902,0.9535979628562927,0.9908183217048645,0.04733264818787575,0.924464043967255,30.589342657144847,12.316313272134433,4.743750810623169,4.637862205505371,,,,,,,,,,,,,,59.895233154296875
baseline,ip2p,treering,511000000004,change_pose,2,global_attribute,make it nighttime,,,7.298136346350046e-06,True,,,,,0.23393359780311584,0.22261309623718262,0.011320501565933228,0.012060895562171936,0.9728453159332275,0.9639057517051697,0.34226834774017334,0.3893608469226529,9.589166164660961,7.13753263087686,4.756316661834717,4.637862205505371,,,,,,,,,,,,,,65.17163848876953
baseline,ip2p,treering,511000000004,change_pose,3,background,make the background a forest,,,0.0002574922841258946,True,,,,,0.2311040610074997,0.23610755801200867,-0.005003497004508972,0.10543225705623627,0.9853602051734924,0.9854087233543396,0.11834178864955902,0.8645603658410012,27.87873012816887,7.004879794269287,4.765074729919434,4.637862205505371,,,,,,,,,,,,,,67.5020751953125
baseline,ip2p,treering,511000000004,change_pose,4,style,make it look cinematic,,,0.0032778348842111248,False,,,,,0.2237718105316162,0.22729308903217316,-0.003521278500556946,0.0007452219724655151,0.9946097135543823,0.9928761720657349,0.0338047556579113,0.9418936753312721,31.19433915893486,6.79581904871747,4.764398574829102,4.637862205505371,,,,,,,,,,,,,,69.76818084716797
baseline,ip2p,treering,611000000000,change_color,0,none,,,,3.0029665685685777e-33,True,,,15.135664719849913,0.39400921354984497,,,,,,,,,,,,,,,,,,,,,,,,,,48.88472366333008
baseline,ip2p,treering,611000000000,change_color,1,change_color,change the black to white and change the red to green,,,1.681783017780265e-18,True,,,,,0.23894071578979492,0.24721182882785797,-0.00827111303806305,0.03604068607091904,0.9269229173660278,0.9352931976318359,0.25289809703826904,0.7379200658214441,18.101749221199846,12.432258542373159,4.7262187004089355,4.637862205505371,,,,,,,,,,,,,,54.78867721557617
baseline,ip2p,treering,611000000000,change_color,2,global_attribute,change the season to winter,,,1.337009647107455e-11,True,,,,,0.23668329417705536,0.257943332195282,-0.021260038018226624,0.02876894921064377,0.9534351229667664,0.9562307596206665,0.3199634552001953,0.7410706029588786,12.919651074830647,7.914405861605943,4.7483532428741455,4.637862205505371,,,,,,,,,,,,,,62.431156158447266
baseline,ip2p,treering,611000000000,change_color,3,background,make the background a desert,,,2.2170438850310857e-11,True,,,,,0.22161762416362762,0.23604482412338257,-0.014427199959754944,-0.02398020774126053,0.9147303104400635,0.9526199698448181,0.2550406754016876,0.7838437286288048,14.26974196299003,8.163012631322562,4.755428791046143,4.637862205505371,,,,,,,,,,,,,,62.98392105102539
baseline,ip2p,treering,611000000000,change_color,4,style,convert it to an oil painting,,,1.7401225840865444e-10,True,,,,,0.2444843202829361,0.23235183954238892,0.01213248074054718,0.01703016087412834,0.9873341917991638,0.9899616241455078,0.0562124028801918,0.9206692941311374,23.9997604843883,7.7094092194195945,4.774828672409058,4.637862205505371,,,,,,,,,,,,,,65.20201110839844
baseline,ip2p,treering,611000000001,change_color,0,none,,,,2.2452389264508886e-14,True,,,12.188539796962841,0.4134768856029399,,,,,,,,,,,,,,,,,,,,,,,,,,55.85511779785156
baseline,ip2p,treering,611000000001,change_color,1,change_color,make it white and change the pink to green,,,3.372949067314429e-05,True,,,,,0.2796073853969574,0.22594723105430603,0.05366015434265137,0.2552485764026642,0.9273509979248047,0.90605628490448,0.45829537510871887,0.6559758892723386,12.146964844538168,9.139662147893224,4.737727403640747,4.637862205505371,,,,,,,,,,,,,,65.37779998779297
baseline,ip2p,treering,611000000001,change_color,2,global_attribute,make it nighttime,,,0.002256447633259562,False,,,,,0.2630975544452667,0.27295899391174316,-0.00986143946647644,0.15141157805919647,0.9663145542144775,0.9089714288711548,0.2659972012042999,0.23079553972124997,8.752119912709128,7.271989202114181,4.747430086135864,4.637862205505371,,,,,,,,,,,,,,65.28956604003906
baseline,ip2p,treering,611000000001,change_color,3,background,make the background a city street,,,0.039715682042899665,False,,,,,0.18064840137958527,0.24529829621315002,-0.06464989483356476,0.2262861579656601,0.6956479549407959,-0.01260010153055191,0.6754525303840637,0.2415839080079765,11.163820020711032,8.672176499773137,4.754749298095703,4.637862205505371,,,,,,,,,,,,,,66.83111572265625
baseline,ip2p,treering,611000000001,change_color,4,style,make it look cinematic,,,0.04079613772327538,False,,,,,0.19804230332374573,0.19136950373649597,0.006672799587249756,0.0883140116930008,0.9936553239822388,0.9946755766868591,0.03481193631887436,0.9278380487379775,29.03273996958498,8.556405480071293,4.750508546829224,4.637862205505371,,,,,,,,,,,,,,70.49969482421875
baseline,ip2p,treering,611000000002,change_color,0,none,,,,1.3122366268148336e-20,True,,,9.924643782276648,0.25237116513485885,,,,,,,,,,,,,,,,,,,,,,,,,,51.2351188659668
baseline,ip2p,treering,611000000002,change_color,1,change_color,change the brown to black and make it white,,,3.674673369492812e-08,True,,,,,0.3575129508972168,0.31721800565719604,0.04029494524002075,0.354131281375885,0.9111833572387695,0.8068910837173462,0.4412376582622528,0.5229160570516626,9.271732577628777,8.591111819427638,4.746485233306885,4.637862205505371,,,,,,,,,,,,,,62.01812744140625
baseline,ip2p,treering,611000000002,change_color,2,global_attribute,change the season to winter,,,1.295696811299813e-05,True,,,,,0.3571018576622009,0.36211341619491577,-0.005011558532714844,0.1167934462428093,0.9746496677398682,0.9735689759254456,0.10535463690757751,0.8566605747513713,23.040155529904002,8.056906317517397,4.75274133682251,4.637862205505371,,,,,,,,,,,,,,67.12008666992188
baseline,ip2p,treering,611000000002,change_color,3,background,make the background a forest,,,0.00030101766973991516,True,,,,,0.3118067681789398,0.3545798361301422,-0.04277306795120239,0.046187616884708405,0.9077386856079102,0.8991835117340088,0.5225310325622559,0.4323087350769423,8.082922334467336,8.923642867958534,4.760146379470825,4.637862205505371,,,,,,,,,,,,,,70.94683837890625
baseline,ip2p,treering,611000000002,change_color,4,style,make it look cinematic,,,0.00030311284486084645,True,,,,,0.30325669050216675,0.30668991804122925,-0.0034332275390625,-0.05967911332845688,0.9899697303771973,0.9884968996047974,0.053941644728183746,0.8954673929017414,25.937355050437688,8.555933633141578,4.7553229331970215,4.637862205505371,,,,,,,,,,,,,,71.75595092773438
baseline,ip2p,treering,611000000003,change_color,0,none,,,,3.9376203791747123e-31,True,,,14.246070807093062,0.5048028445149285,,,,,,,,,,,,,,,,,,,,,,,,,,49.672218322753906
baseline,ip2p,treering,611000000003,change_color,1,change_color,change the white to pink and make it red,,,1.871836060512993e-17,True,,,,,0.340789794921875,0.30036479234695435,0.040425002574920654,0.3846339285373688,0.9606668949127197,0.9314450621604919,0.2967272698879242,0.8012181215377273,15.595623833544296,11.886435985871874,4.744772911071777,4.637862205505371,,,,,,,,,,,,,,56.61702346801758
baseline,ip2p,treering,611000000003,change_color,2,global_attribute,change the season to winter,,,1.9812688903077666e-08,True,,,,,0.2958243489265442,0.3182087540626526,-0.0223844051361084,0.03591940924525261,0.952549934387207,0.9557532668113708,0.38755398988723755,0.6526594215513372,7.949768515038118,8.234138370046889,4.733865737915039,4.637862205505371,,,,,,,,,,,,,,61.46409225463867
baseline,ip2p,treering,611000000003,change_color,3,background,make the background a forest,,,6.940159736047916e-07,True,,,,,0.2720310688018799,0.2768417000770569,-0.004810631275177002,0.094612255692482,0.9268393516540527,0.889279842376709,0.29220104217529297,0.6462181146106949,18.96361117152559,8.623641871677409,4.745622158050537,4.637862205505371,,,,,,,,,,,,,,65.92015075683594
baseline,ip2p,treering,611000000003,change_color,4,style,convert it to an oil painting,,,5.738224809625976e-06,True,,,,,0.26661449670791626,0.26280319690704346,0.0038112998008728027,0.0017690975219011307,0.9793621301651001,0.9919878244400024,0.08228641748428345,0.9206732101093255,25.880812791448903,8.85463344750522,4.751111268997192,4.637862205505371,,,,,,,,,,,,,,68.07784271240234
baseline,ip2p,treering,611000000004,change_color,0,none,,,,6.515797346375174e-07,True,,,15.07276417039832,0.5971714514274993,,,,,,,,,,,,,,,,,,,,,,,,,,60.14811325073242
baseline,ip2p,treering,611000000004,change_color,1,change_color,change the white to purple and make it black,,,0.0018056632720482915,False,,,,,0.30273687839508057,0.22004449367523193,0.08269238471984863,0.314481645822525,0.9089519381523132,0.9468082189559937,0.16621042788028717,0.7073243047600307,16.72424919945975,11.998030911274238,4.760181427001953,4.637862205505371,,,,,,,,,,,,,,69.53466796875
baseline,ip2p,treering,611000000004,change_color,2,global_attribute,change the season to winter,,,0.4053300308055474,False,,,,,0.20595118403434753,0.3097233176231384,-0.1037721335887909,0.18646112084388733,0.705251157283783,0.6120415925979614,0.6182679533958435,0.2923205097179133,11.618110680633261,13.10885921873954,4.7637481689453125,4.637862205505371,,,,,,,,,,,,,,71.45661163330078
baseline,ip2p,treering,611000000004,change_color,3,background,make the background a city street,,,0.30992091229797614,False,,,,,0.15017808973789215,0.21092462539672852,-0.060746535658836365,0.17300978302955627,0.712526798248291,0.04453371465206146,0.7960804104804993,0.25146326914969125,10.703791981784294,9.267256090986798,4.7512288093566895,4.637862205505371,,,,,,,,,,,,,,72.22071838378906
baseline,ip2p,treering,611000000004,change_color,4,style,make it anime style,,,0.236696238187016,False,,,,,0.16149862110614777,0.14851650595664978,0.012982115149497986,0.02143067680299282,0.9913547039031982,0.985235333442688,0.06727547943592072,0.8869898086244771,23.970283897920588,8.90995008261651,4.748962163925171,4.637862205505371,,,,,,,,,,,,,,76.74524688720703
baseline,ip2p,treering,711000000000,change_material,0,none,,,,3.786134889087303e-08,True,,,18.948392745732423,0.7159292552456411,,,,,,,,,,,,,,,,,,,,,,,,,,57.71159362792969
baseline,ip2p,treering,711000000000,change_material,1,change_material,make it knitted and make it toy,,,0.1330613509039779,False,,,,,0.24679620563983917,0.2892700731754303,-0.042473867535591125,0.1819072812795639,0.7656660079956055,0.584003210067749,0.44455859065055847,0.3943312663311244,15.552639007225222,14.9230607749365,4.7633278369903564,4.637862205505371,,,,,,,,,,,,,,68.74394226074219
baseline,ip2p,treering,711000000000,change_material,2,global_attribute,change the season to winter,,,0.13637834279034197,False,,,,,0.21909470856189728,0.20972797274589539,0.009366735816001892,0.06133092939853668,0.9495166540145874,0.9676252603530884,0.20913700759410858,0.7809150174017883,14.923091346763043,12.412391775563451,4.739363431930542,4.637862205505371,,,,,,,,,,,,,,69.33118438720703
baseline,ip2p,treering,711000000000,change_material,3,background,make the background a desert,,,0.2557852674715825,False,,,,,0.24341626465320587,0.21067765355110168,0.03273861110210419,0.2241791933774948,0.9664017558097839,0.9735285043716431,0.11400721967220306,0.8799162456123124,18.674774239645554,12.254366046438218,4.738194227218628,4.637862205505371,,,,,,,,,,,,,,72.31664276123047
baseline,ip2p,treering,711000000000,change_material,4,style,convert it to an oil painting,,,0.45026651704742826,False,,,,,0.23538121581077576,0.2302495688199997,0.005131646990776062,0.053461331874132156,0.9710049629211426,0.9722203016281128,0.08637277781963348,0.9028499425379287,21.396845783504347,12.169536341493467,4.732652902603149,4.637862205505371,,,,,,,,,,,,,,75.57042694091797
baseline,ip2p,treering,711000000001,change_material,0,none,,,,2.2839901684743655e-20,True,,,12.079771466857352,0.2781366347990644,,,,,,,,,,,,,,,,,,,,,,,,,,51.500152587890625
baseline,ip2p,treering,711000000001,change_material,1,change_material,make it wooden and make it toy,,,9.139582835354913e-08,True,,,,,0.2998323440551758,0.23756006360054016,0.06227228045463562,0.27906039357185364,0.888601541519165,0.4235684871673584,0.12078306078910828,0.9091480750674051,23.61960718003191,11.637046075634307,4.753952264785767,4.637862205505371,,,,,,,,,,,,,,62.86324691772461
baseline,ip2p,treering,711000000001,change_material,2,global_attribute,make it nighttime,,,0.00016867158359979074,True,,,,,0.29727381467819214,0.28199905157089233,0.015274763107299805,0.10902048647403717,0.977609395980835,0.8939290642738342,0.12299737334251404,0.5657750653314474,15.309161420501948,9.761527810537697,4.752146244049072,4.637862205505371,,,,,,,,,,,,,,69.97354888916016
baseline,ip2p,treering,711000000001,change_material,3,background,make the background a desert,,,0.00026738907297293454,True,,,,,0.2918131351470947,0.29988107085227966,-0.008067935705184937,0.06563977152109146,0.9647475481033325,0.9608120322227478,0.16757915914058685,0.7932832448703699,16.31663234217894,8.97850161918069,4.750743389129639,4.637862205505371,,,,,,,,,,,,,,70.06546020507812
baseline,ip2p,treering,711000000001,change_material,4,style,make it look cinematic,,,0.0006925118155243764,True,,,,,0.2877958416938782,0.293354332447052,-0.005558490753173828,0.03691404312849045,0.9934480786323547,0.9900621771812439,0.024586135521531105,0.9498115034233267,28.020551826318222,9.085024393174233,4.757139205932617,4.637862205505371,,,,,,,,,,,,,,71.68848419189453
baseline,ip2p,treering,711000000002,change_material,0,none,,,,2.7714992880829486e-11,True,,,12.634222925341653,0.679503607681033,,,,,,,,,,,,,,,,,,,,,,,,,,56.401031494140625
baseline,ip2p,treering,711000000002,change_material,1,change_material,change the blue to plastic and make it golden,,,1.1112520486303237e-05,True,,,,,0.29820945858955383,0.2832406163215637,0.014968842267990112,0.17334643006324768,0.9600188732147217,0.9763604402542114,0.16215814650058746,0.7114261403922724,14.723909373341934,8.851653511235774,4.756683826446533,4.637862205505371,,,,,,,,,,,,,,65.38166809082031
baseline,ip2p,treering,711000000002,change_material,2,global_attribute,change the season to winter,,,0.00532866008069231,False,,,,,0.2925029397010803,0.29574769735336304,-0.003244757652282715,0.04787079244852066,0.918010950088501,0.9346431493759155,0.5663986206054688,0.6228269514167699,6.103428277224508,10.493249170991417,4.760457277297974,4.637862205505371,,,,,,,,,,,,,,66.6676254272461
baseline,ip2p,treering,711000000002,change_material,3,background,make the background a desert,,,7.657637334608733e-05,True,,,,,0.31141239404678345,0.3006107807159424,0.010801613330841064,0.09976793825626373,0.9281048774719238,0.9208502173423767,0.5348594784736633,0.6428451363873569,8.93516357943014,10.877540790074658,4.743307113647461,4.637862205505371,,,,,,,,,,,,,,66.32904815673828
baseline,ip2p,treering,711000000002,change_material,4,style,turn it into a watercolor painting,,,0.000428324248461014,True,,,,,0.2553256154060364,0.3184785842895508,-0.0631529688835144,0.00041629839688539505,0.9291867613792419,0.9444620609283447,0.2516619563102722,0.7138397364605646,13.375856508491154,9.913550843654974,4.751453638076782,4.637862205505371,,,,,,,,,,,,,,69.9852294921875
baseline,ip2p,treering,711000000003,change_material,0,none,,,,6.246839385373231e-08,True,,,13.909008545631494,0.7219935349694054,,,,,,,,,,,,,,,,,,,,,,,,,,58.415924072265625
baseline,ip2p,treering,711000000003,change_material,1,change_material,make it iron and make it sculpture,,,0.05935753498214345,False,,,,,0.3155438005924225,0.27754998207092285,0.037993818521499634,0.10660464316606522,0.8829866647720337,0.9135811924934387,0.35807713866233826,0.8154140858027185,15.807344201758385,11.817894373762641,4.7410736083984375,4.637862205505371,,,,,,,,,,,,,,66.53815460205078
baseline,ip2p,treering,711000000003,change_material,2,global_attribute,make it sunset lighting,,,0.1270327476102882,False,,,,,0.31326228380203247,0.2977260947227478,0.015536189079284668,0.16856476664543152,0.9509802460670471,0.9588861465454102,0.3737753927707672,0.8172101349037493,13.653244755679367,9.604618081556463,4.741739511489868,4.637862205505371,,,,,,,,,,,,,,67.8230972290039
baseline,ip2p,treering,711000000003,change_material,3,background,make the background a forest,,,0.5025992107299219,False,,,,,0.30130791664123535,0.292868047952652,0.008439868688583374,0.20276930928230286,0.8932260870933533,0.9209272861480713,0.532826840877533,0.7225597358757604,13.723318793303536,7.9596055644048,4.745244026184082,4.637862205505371,,,,,,,,,,,,,,71.35514831542969
baseline,ip2p,treering,711000000003,change_material,4,style,make it look cinematic,,,0.5921966139417,False,,,,,0.31172674894332886,0.3125820755958557,-0.0008553266525268555,0.07625869661569595,0.9909815788269043,0.9923744797706604,0.1468200832605362,0.8738983923879958,23.308769231615557,8.208129875225163,4.759585857391357,4.637862205505371,,,,,,,,,,,,,,73.26593780517578
baseline,ip2p,treering,711000000004,change_material,0,none,,,,2.3329125080103477e-11,True,,,13.291012851087551,0.5553594824039044,,,,,,,,,,,,,,,,,,,,,,,,,,56.55738830566406
baseline,ip2p,treering,711000000004,change_material,1,change_material,make it golden and make it sculpture,,,4.628588400585235e-05,True,,,,,0.25951385498046875,0.20217306911945343,0.05734078586101532,0.2686481177806854,0.9478694200515747,0.9317660927772522,0.24491187930107117,0.8026616571520203,16.607841242772615,11.356820901895684,4.7392418384552,4.637862205505371,,,,,,,,,,,,,,63.811344146728516
baseline,ip2p,treering,711000000004,change_material,2,global_attribute,change the season to winter,,,0.00010231896112632229,True,,,,,0.17806312441825867,0.22676050662994385,-0.04869738221168518,0.01231768261641264,0.9667187929153442,0.9464367628097534,0.4205327033996582,0.7143832607511961,10.736000245238808,11.922001914412942,4.753070592880249,4.637862205505371,,,,,,,,,,,,,,64.7513656616211
baseline,ip2p,treering,711000000004,change_material,3,background,make the background a desert,,,0.0002522650281127066,True,,,,,0.18840309977531433,0.1791943460702896,0.00920875370502472,0.015300363302230835,0.977972149848938,0.9827620983123779,0.17019258439540863,0.9067206166017753,18.702120616145223,11.43633436725393,4.745388507843018,4.637862205505371,,,,,,,,,,,,,,65.66835021972656
baseline,ip2p,treering,711000000004,change_material,4,style,make it look cinematic,,,0.00027407682595153736,True,,,,,0.2147078812122345,0.19625064730644226,0.018457233905792236,0.07380448281764984,0.9788838028907776,0.9882405996322632,0.04347558319568634,0.955558856432626,26.4081942458209,11.530961737900325,4.744475603103638,4.637862205505371,,,,,,,,,,,,,,66.01439666748047
baseline,ip2p,treering,811000000000,change_background,0,none,,,,3.350529442372059e-11,True,,,11.105806891341379,0.42495225571097645,,,,,,,,,,,,,,,,,,,,,,,,,,56.225948333740234
baseline,ip2p,treering,811000000000,change_background,1,change_background,change the background to forest,,,0.000223847170740748,True,,,,,0.23625853657722473,0.19292718172073364,0.04333135485649109,0.20958459377288818,0.8595578670501709,0.7567851543426514,0.6338219046592712,0.3451064109101784,7.26830869560664,6.396904217315842,4.7251012325286865,4.637862205505371,,,,,,,,,,,,,,68.09027862548828
baseline,ip2p,treering,811000000000,change_background,2,global_attribute,make it nighttime,,,0.0069953697190381315,False,,,,,0.29050004482269287,0.24653074145317078,0.043969303369522095,0.3066323399543762,0.9508033990859985,0.8775025010108948,0.46099400520324707,0.1241979408781518,9.776552895680332,3.339774035441443,4.738612174987793,4.637862205505371,,,,,,,,,,,,,,67.25294494628906
baseline,ip2p,treering,811000000000,change_background,3,background,replace the background with a beach,,,0.012943913080332855,False,,,,,0.24514219164848328,0.28022992610931396,-0.03508773446083069,0.06272049993276596,0.862632155418396,0.6147698760032654,0.6271299123764038,0.14874054861532973,5.700515758004943,8.391133457123932,4.733297348022461,4.637862205505371,,,,,,,,,,,,,,70.56026458740234
baseline,ip2p,treering,811000000000,change_background,4,style,make it anime style,,,0.23142536498643096,False,,,,,0.1995813101530075,0.24512439966201782,-0.045543089509010315,0.12094251811504364,0.8296501040458679,0.6606406569480896,0.5298834443092346,0.5018863386958023,13.726057873080581,8.573982768912796,4.738481521606445,4.637862205505371,,,,,,,,,,,,,,72.5279312133789
baseline,ip2p,treering,811000000001,change_background,0,none,,,,1.1055485939023344e-22,True,,,10.443004600517117,0.28857604949586846,,,,,,,,,,,,,,,,,,,,,,,,,,52.995662689208984
baseline,ip2p,treering,811000000001,change_background,1,change_background,change the background to dark,,,2.5631197513367846e-10,True,,,,,0.29230719804763794,0.31017014384269714,-0.017862945795059204,0.2510998249053955,0.8690636157989502,0.8246248960494995,0.48596638441085815,0.19118630531496805,5.816701496969106,6.25114545553177,4.744950771331787,4.637862205505371,,,,,,,,,,,,,,59.47314453125
baseline,ip2p,treering,811000000001,change_background,2,global_attribute,make it nighttime,,,0.0004299345544372848,True,,,,,0.27889442443847656,0.31055834889411926,-0.0316639244556427,0.03603817895054817,0.9200708270072937,0.5980963706970215,0.4711782932281494,0.4499055762914514,17.29189304277827,4.844586020572855,4.730521202087402,4.637862205505371,,,,,,,,,,,,,,66.69044494628906
baseline,ip2p,treering,811000000001,change_background,3,background,make the background a forest,,,0.13304226783999273,False,,,,,0.2451583743095398,0.2771221101284027,-0.031963735818862915,0.09715315699577332,0.9454467296600342,0.8433092832565308,0.3520643711090088,0.6058650176282153,28.778996726545905,4.6157193183338325,4.7517359256744385,4.637862205505371,,,,,,,,,,,,,,67.42935180664062
baseline,ip2p,treering,811000000001,change_background,4,style,make it look cinematic,,,0.36756687763015405,False,,,,,0.26880592107772827,0.25182420015335083,0.01698172092437744,0.09374172985553741,0.9490957856178284,0.8748343586921692,0.34950804710388184,0.17766118024391733,22.08194075660799,5.5713314688967905,4.755918264389038,4.637862205505371,,,,,,,,,,,,,,72.63094329833984
baseline,ip2p,treering,811000000002,change_background,0,none,,,,2.749825550756336e-10,True,,,15.555803736913365,0.6249701233525907,,,,,,,,,,,,,,,,,,,,,,,,,,57.365291595458984
baseline,ip2p,treering,811000000002,change_background,1,change_background,change the background to grass,,,0.04843309359434022,False,,,,,0.26416048407554626,0.21731963753700256,0.0468408465385437,0.2179470807313919,0.8723320960998535,0.8783318400382996,0.8205421566963196,0.49246000854785094,12.76598140660088,11.118452512271391,4.746075630187988,4.637862205505371,,,,,,,,,,,,,,72.40300750732422
baseline,ip2p,treering,811000000002,change_background,2,global_attribute,change the season to winter,,,0.17547104374530997,False,,,,,0.23989978432655334,0.2265293002128601,0.013370484113693237,0.25326603651046753,0.9136284589767456,0.968464195728302,0.4786330461502075,0.661788653419415,7.075213283562462,5.7345062118702845,4.7402098178863525,4.637862205505371,,,,,,,,,,,,,,75.1702651977539
baseline,ip2p,treering,811000000002,change_background,3,background,replace the background with a beach,,,0.290776065843827,False,,,,,0.24931202828884125,0.23178371787071228,0.017528310418128967,0.4457668960094452,0.931277334690094,0.9070791006088257,0.4218066930770874,0.7215302956707584,18.499758156401885,5.659958366376481,4.7574779987335205,4.637862205505371,,,,,,,,,,,,,,75.86512756347656
baseline,ip2p,treering,811000000002,change_background,4,style,turn it into a watercolor painting,,,0.09551617528595707,False,,,,,0.2524263858795166,0.23611506819725037,0.016311317682266235,0.20759493112564087,0.968908429145813,0.9168961048126221,0.2974914312362671,0.7771552274997638,16.98283367910642,4.963160100583791,4.761211395263672,4.637862205505371,,,,,,,,,,,,,,75.92121124267578
baseline,ip2p,treering,811000000003,change_background,0,none,,,,1.3265783666658892e-07,True,,,10.283614023417424,0.20048588173866458,,,,,,,,,,,,,,,,,,,,,,,,,,59.77602767944336
baseline,ip2p,treering,811000000003,change_background,1,change_background,change the background to blue,,,0.0007783961833370707,True,,,,,0.3134634494781494,0.2689530849456787,0.0445103645324707,0.3520321547985077,0.9430405497550964,0.9519666433334351,0.2729947865009308,0.5765008299121495,10.544203518295712,8.512873333218776,4.762449741363525,4.637862205505371,,,,,,,,,,,,,,68.31405639648438
baseline,ip2p,treering,811000000003,change_background,2,global_attribute,change the season to winter,,,0.04136575594148418,False,,,,,0.27289533615112305,0.2849166691303253,-0.01202133297920227,0.05814831703901291,0.9691383838653564,0.9559955596923828,0.13443207740783691,0.680892953216952,14.06720644679047,6.726651839854412,4.7491209506988525,4.637862205505371,,,,,,,,,,,,,,73.9253158569336
baseline,ip2p,treering,811000000003,change_background,3,background,make the background a desert,,,0.7687688073013417,False,,,,,0.17571765184402466,0.27066123485565186,-0.0949435830116272,0.1891109198331833,0.729878306388855,0.10235399007797241,0.7893267869949341,0.26071827706275047,7.246174104221861,7.538327766461547,4.752974987030029,4.637862205505371,,,,,,,,,,,,,,74.91881561279297
baseline,ip2p,treering,811000000003,change_background,4,style,turn it into a watercolor painting,,,0.2634229006300129,False,,,,,0.19197386503219604,0.15544041991233826,0.03653344511985779,0.008863676339387894,0.8681122064590454,0.8813137412071228,0.3906095027923584,0.6424437282104138,10.261868578129041,5.710889288105621,4.749140501022339,4.637862205505371,,,,,,,,,,,,,,71.74784088134766
baseline,ip2p,treering,811000000004,change_background,0,none,,,,4.716587503854644e-05,True,,,10.7666260610749,0.21885707443233096,,,,,,,,,,,,,,,,,,,,,,,,,,62.20609664916992
baseline,ip2p,treering,811000000004,change_background,1,change_background,change the background to red,,,0.025355984375107173,False,,,,,0.3021963834762573,0.26946765184402466,0.032728731632232666,0.21269391477108002,0.9021036028862,0.9711437225341797,0.2830621004104614,0.7459993693598092,16.321592684711735,9.426216595719941,4.756381511688232,4.637862205505371,,,,,,,,,,,,,,66.87505340576172
baseline,ip2p,treering,811000000004,change_background,2,global_attribute,make it rainy,,,0.09328307855261747,False,,,,,0.2627300024032593,0.2674822211265564,-0.004752218723297119,0.03641383349895477,0.9834833741188049,0.9867852926254272,0.09578368067741394,0.896913271094847,24.50504083101648,9.691581638105879,4.744932174682617,4.637862205505371,,,,,,,,,,,,,,69.61357879638672
baseline,ip2p,treering,811000000004,change_background,3,background,replace the background with a beach,,,0.11488225584165783,False,,,,,0.2643241882324219,0.2548424005508423,0.00948178768157959,0.01584964245557785,0.9808271527290344,0.9885356426239014,0.21966508030891418,0.8436225132361307,14.39366615825361,8.666840711880756,4.744471311569214,4.637862205505371,,,,,,,,,,,,,,70.44546508789062
baseline,ip2p,treering,811000000004,change_background,4,style,convert it to an oil painting,,,0.10668507347218342,False,,,,,0.26747891306877136,0.23688830435276031,0.030590608716011047,0.2333962470293045,0.9735536575317383,0.9823993444442749,0.049271564930677414,0.8966583377525307,25.624729931029467,8.600092218778748,4.748905897140503,4.637862205505371,,,,,,,,,,,,,,72.58342742919922
baseline,ip2p,treering,911000000000,change_style,0,none,,,,7.516631877007571e-12,True,,,14.201931691218725,0.46942451721941425,,,,,,,,,,,,,,,,,,,,,,,,,,55.984375
baseline,ip2p,treering,911000000000,change_style,1,change_style,make it realism style expressionism style,,,0.0003076900162955696,True,,,,,0.2962575852870941,0.24752382934093475,0.04873375594615936,0.17175793647766113,0.8418798446655273,0.8453171253204346,0.4099957346916199,0.6480481995874733,14.044456248321941,11.571648288491588,4.741142511367798,4.637862205505371,,,,,,,,,,,,,,64.66868591308594
baseline,ip2p,treering,911000000000,change_style,2,global_attribute,make it nighttime,,,6.489965546745506e-05,True,,,,,0.2966260313987732,0.30767858028411865,-0.011052548885345459,0.07587643712759018,0.9739569425582886,0.9790980815887451,0.23529359698295593,0.7874366170587549,14.60250928384939,11.091665437313619,4.75767707824707,4.637862205505371,,,,,,,,,,,,,,65.87406158447266
baseline,ip2p,treering,911000000000,change_style,3,background,replace the background with a beach,,,0.008586458257661963,False,,,,,0.2770218253135681,0.29625850915908813,-0.01923668384552002,-0.010735724121332169,0.8455120325088501,0.694675087928772,0.7560499310493469,0.45609582064941745,6.1386926366533,6.340657312740411,4.738809108734131,4.637862205505371,,,,,,,,,,,,,,68.38389587402344
baseline,ip2p,treering,911000000000,change_style,4,style,make it look cinematic,,,0.14900029012722568,False,,,,,0.2558346390724182,0.2773449122905731,-0.021510273218154907,0.03939765319228172,0.9579418897628784,0.77170729637146,0.24723589420318604,0.7402057162032162,14.698341574697103,8.635661313181338,4.734697341918945,4.637862205505371,,,,,,,,,,,,,,70.3426513671875
baseline,ip2p,treering,911000000001,change_style,0,none,,,,3.539125363455049e-36,True,,,8.48410098928233,0.3198412557069436,,,,,,,,,,,,,,,,,,,,,,,,,,47.168373107910156
baseline,ip2p,treering,911000000001,change_style,1,change_style,make it realism style painting,,,1.5580049253794962e-20,True,,,,,0.26150310039520264,0.25302764773368835,0.008475452661514282,0.052346620708703995,0.988105297088623,0.9777450561523438,0.06270670145750046,0.900298731865924,25.024098567923456,8.589748689786171,4.748622417449951,4.637862205505371,,,,,,,,,,,,,,53.37009811401367
baseline,ip2p,treering,911000000001,change_style,2,global_attribute,make it rainy,,,3.0550290228589365e-11,True,,,,,0.26401710510253906,0.2534725069999695,0.01054459810256958,0.1461157202720642,0.965743362903595,0.9544752240180969,0.20952005684375763,0.8218337604555151,23.16051912840999,8.23450010908103,4.761054039001465,4.637862205505371,,,,,,,,,,,,,,60.410194396972656
baseline,ip2p,treering,911000000001,change_style,3,background,replace the background with a beach,,,1.320313456992791e-06,True,,,,,0.2335091084241867,0.24840211868286133,-0.014893010258674622,0.04461029917001724,0.9081530570983887,0.8238263726234436,0.547844409942627,0.5315060030314122,11.13910269939759,8.737435046828457,4.752523422241211,4.637862205505371,,,,,,,,,,,,,,65.40242767333984
baseline,ip2p,treering,911000000001,change_style,4,style,make it anime style,,,0.0002099085096773272,True,,,,,0.2456505298614502,0.23636236786842346,0.009288161993026733,0.03714367374777794,0.925206184387207,0.9225487112998962,0.20159310102462769,0.871548422028788,17.45317913989443,7.923198148881058,4.759483575820923,4.637862205505371,,,,,,,,,,,,,,69.75092315673828
baseline,ip2p,treering,911000000002,change_style,0,none,,,,8.431959882646568e-16,True,,,12.206696607993102,0.4175378767551215,,,,,,,,,,,,,,,,,,,,,,,,,,54.256710052490234
baseline,ip2p,treering,911000000002,change_style,1,change_style,make it minimalism kids crayon drawing,,,3.872649571073268e-05,True,,,,,0.25498872995376587,0.2344565987586975,0.02053213119506836,0.10440575331449509,0.9477633237838745,0.9280674457550049,0.19796834886074066,0.6314587054067662,13.029902959490169,10.472396625757053,4.762800455093384,4.637862205505371,,,,,,,,,,,,,,64.37537384033203
baseline,ip2p,treering,911000000002,change_style,2,global_attribute,make it sunset lighting,,,0.2687641696549322,False,,,,,0.17457038164138794,0.2413213551044464,-0.06675097346305847,0.2646214962005615,0.6944718956947327,0.01718386635184288,0.9006209373474121,0.39117634767925663,7.6639634559093235,8.085156891176702,4.749258041381836,4.637862205505371,,,,,,,,,,,,,,69.80160522460938
baseline,ip2p,treering,911000000002,change_style,3,background,replace the background with a beach,,,0.10338298348072511,False,,,,,0.19655629992485046,0.18028973042964935,0.01626656949520111,0.13601689040660858,0.9650952816009521,0.9396293759346008,0.30210068821907043,0.8064364391176633,12.633371345101118,9.15330967250593,4.755460977554321,4.637862205505371,,,,,,,,,,,,,,69.59380340576172
baseline,ip2p,treering,911000000002,change_style,4,style,make it anime style,,,0.1725113553972196,False,,,,,0.20832279324531555,0.1928960382938385,0.01542675495147705,0.29985934495925903,0.8010599613189697,0.3688034415245056,0.6105295419692993,0.6514874587758595,12.849647724855672,7.35300693299179,4.759871244430542,4.637862205505371,,,,,,,,,,,,,,72.22547912597656
baseline,ip2p,treering,911000000003,change_style,0,none,,,,5.727517054117168e-16,True,,,12.115794738303531,0.33193690870182085,,,,,,,,,,,,,,,,,,,,,,,,,,53.75205993652344
baseline,ip2p,treering,911000000003,change_style,1,change_style,make it surrealism style wall mural,,,0.7024981328094917,False,,,,,0.2216697335243225,0.2483324110507965,-0.026662677526474,0.2577058970928192,0.6023846864700317,0.05590143799781799,0.7945207953453064,0.3171485373965176,11.001111844097153,9.300289921758464,4.748426675796509,4.637862205505371,,,,,,,,,,,,,,74.73789978027344
baseline,ip2p,treering,911000000003,change_style,2,global_attribute,make it nighttime,,,0.6817261041380509,False,,,,,0.23007676005363464,0.23155206441879272,-0.001475304365158081,0.020866606384515762,0.9857364892959595,0.9904931783676147,0.06780052185058594,0.8528630294141079,17.75436914497186,9.862405292892765,4.7554028034210205,4.637862205505371,,,,,,,,,,,,,,76.0464859008789
baseline,ip2p,treering,911000000003,change_style,3,background,make the background a city street,,,0.5325716870554025,False,,,,,0.15384441614151,0.22788701951503754,-0.07404260337352753,0.11262725293636322,0.7685359716415405,0.05527956783771515,0.7213042974472046,0.19734125283288795,9.19744373353718,7.6084933747929036,4.767648458480835,4.637862205505371,,,,,,,,,,,,,,73.0996322631836
baseline,ip2p,treering,911000000003,change_style,4,style,convert it to an oil painting,,,0.613234165190732,False,,,,,0.14774161577224731,0.1504286825656891,-0.0026870667934417725,0.10739268362522125,0.9912711381912231,0.991608202457428,0.057420797646045685,0.8818469107340832,24.481836043314903,7.2913463175892455,4.75572657585144,4.637862205505371,,,,,,,,,,,,,,76.3843765258789
baseline,ip2p,treering,911000000004,change_style,0,none,,,,3.140856870566455e-14,True,,,11.223135775136686,0.3859412952346153,,,,,,,,,,,,,,,,,,,,,,,,,,55.93397521972656
baseline,ip2p,treering,911000000004,change_style,1,change_style,make it photorealism style oil painting,,,0.050554644823144555,False,,,,,0.17855194211006165,0.26254451274871826,-0.08399257063865662,0.20295360684394836,0.6520256996154785,0.18570885062217712,0.8627417087554932,0.461324278879327,11.972710170219793,10.563205573491173,4.752759218215942,4.637862205505371,,,,,,,,,,,,,,69.23413848876953
baseline,ip2p,treering,911000000004,change_style,2,global_attribute,make it sunset lighting,,,0.040260670279649136,False,,,,,0.2261207103729248,0.17157019674777985,0.05455051362514496,0.19028545916080475,0.7495977878570557,0.2284112572669983,0.7015760540962219,0.6266427493421934,11.605100240430673,10.1105696440932,4.746838092803955,4.637862205505371,,,,,,,,,,,,,,71.24642944335938
baseline,ip2p,treering,911000000004,change_style,3,background,make the background a city street,,,0.6711587496627152,False,,,,,0.22495105862617493,0.227041557431221,-0.0020904988050460815,0.23447315394878387,0.774627685546875,0.21739622950553894,0.8102227449417114,0.5391550643238494,10.243785366555239,9.398759198918086,4.762676954269409,4.637862205505371,,,,,,,,,,,,,,71.93714141845703
baseline,ip2p,treering,911000000004,change_style,4,style,turn it into a watercolor painting,,,0.44356285546978275,False,,,,,0.22431068122386932,0.2201494425535202,0.004161238670349121,0.1132168173789978,0.9726876020431519,0.9560181498527527,0.18703705072402954,0.7378869978215749,13.28799335725944,6.83928799672586,4.758275032043457,4.637862205505371,,,,,,,,,,,,,,75.05915069580078
baseline,sdedit,gaussianshading,111000000000,change_object,0,none,,1.0,256.0,8.636168555094445e-78,True,154.0,True,9.199307351576458,0.11700393162010685,,,,,,,,,,,,,,,,,,,,,,,,,,
baseline,sdedit,gaussianshading,111000000000,change_object,1,change_object,change the fishes to sharks and change the kelp to flowers,0.91796875,235.0,2.986153404182484e-47,True,154.0,False,,,0.21152248978614807,0.2031935304403305,0.008328959345817566,0.16971731185913086,0.9047214984893799,0.7755745649337769,0.4294041693210602,0.29276863072521314,16.347909970134026,8.769375514469683,1.8738677501678467,6.062216758728027,,,,,,,,,,,,,,
baseline,sdedit,gaussianshading,111000000000,change_object,2,global_attribute,make it nighttime,0.73046875,187.0,4.739658514815314e-14,True,154.0,False,,,0.21588322520256042,0.20961067080497742,0.006272554397583008,0.055788617581129074,0.8987815380096436,0.800383448600769,0.3881983757019043,0.2396499426606115,14.555849200237866,8.462962789759306,1.8745348453521729,6.062216758728027,,,,,,,,,,,,,,
baseline,sdedit,gaussianshading,111000000000,change_object,3,background,make the background a desert,0.68359375,175.0,2.079972665522276e-09,True,154.0,False,,,0.24583911895751953,0.2123258411884308,0.033513277769088745,-0.041650328785181046,0.9278364181518555,0.5028921365737915,0.42052990198135376,0.20771339967938748,13.608845650189501,8.21247396615043,1.8782618045806885,6.062216758728027,,,,,,,,,,,,,,
baseline,sdedit,gaussianshading,111000000000,change_object,4,style,turn it into a watercolor painting,0.55859375,143.0,0.03485024746454654,False,154.0,False,,,0.2830907106399536,0.2654038667678833,0.017686843872070312,0.08187418431043625,0.9314087629318237,0.7833214402198792,0.41599857807159424,0.19745366018698066,13.359061414866591,8.321923414827904,1.8683130741119385,6.062216758728027,,,,,,,,,,,,,,
baseline,sdedit,gaussianshading,111000000001,change_object,0,none,,1.0,256.0,8.636168555094445e-78,True,154.0,True,8.9860467106644,0.2717814771104997,,,,,,,,,,,,,,,,,,,,,,,,,,
baseline,sdedit,gaussianshading,111000000001,change_object,1,change_object,change the cat to tiger and change the hat to scarf,0.734375,188.0,1.7204536953299547e-14,True,154.0,False,,,0.3071581721305847,0.2213076502084732,0.08585052192211151,0.21088966727256775,0.8189394474029541,0.5677237510681152,0.27393972873687744,0.6289701181488563,17.52430860966064,8.812473265002254,1.8716235160827637,6.062216758728027,,,,,,,,,,,,,,
baseline,sdedit,gaussianshading,111000000001,change_object,2,global_attribute,make it rainy,0.59375,152.0,0.001615383235414525,False,154.0,False,,,0.3418184220790863,0.299060583114624,0.04275783896446228,0.25031358003616333,0.9078792333602905,0.7981085777282715,0.3924609422683716,0.5706976438168763,16.399557765546447,8.562858597063785,1.8723092079162598,6.062216758728027,,,,,,,,,,,,,,
baseline,sdedit,gaussianshading,111000000001,change_object,3,background,make the background a desert,0.58203125,149.0,0.005126403726764799,False,154.0,False,,,0.3387577533721924,0.3265692889690399,0.012188464403152466,-0.029803520068526268,0.9621617197990417,0.9203050136566162,0.3328874707221985,0.4968459538135459,15.82970325972617,8.239603620019148,1.865476369857788,6.062216758728027,,,,,,,,,,,,,,
baseline,sdedit,gaussianshading,111000000001,change_object,4,style,make it look cinematic,0.578125,148.0,0.00731417444876026,False,154.0,False,,,0.35119837522506714,0.30986732244491577,0.04133105278015137,0.16028039157390594,0.9153018593788147,0.9473490118980408,0.33252379298210144,0.4480639623368597,15.594781035435021,8.365862111458812,1.8714721202850342,6.062216758728027,,,,,,,,,,,,,,
baseline,sdedit,gaussianshading,111000000002,change_object,0,none,,1.0,256.0,8.636168555094445e-78,True,154.0,True,10.505893891887396,0.2953279425926585,,,,,,,,,,,,,,,,,,,,,,,,,,
baseline,sdedit,gaussianshading,111000000002,change_object,1,change_object,change the duck to marmot and change the eyes to mouth,0.85546875,219.0,6.225232872012987e-33,True,154.0,False,,,0.14487721025943756,0.12294916063547134,0.021928049623966217,0.09267032891511917,0.8543561100959778,0.4341471791267395,0.3206678628921509,0.46805232444783457,16.50495990823341,10.264956162427119,1.8705377578735352,6.062216758728027,,,,,,,,,,,,,,
baseline,sdedit,gaussianshading,111000000002,change_object,2,global_attribute,make it nighttime,0.703125,180.0,3.340468412340495e-11,True,154.0,False,,,0.1755698025226593,0.12846232950687408,0.04710747301578522,0.035543207079172134,0.8455463647842407,0.7500948905944824,0.3045164942741394,0.41974534795508517,16.08708498306399,10.212420376499145,1.8643162250518799,6.062216758728027,,,,,,,,,,,,,,
baseline,sdedit,gaussianshading,111000000002,change_object,3,background,make the background a desert,0.61328125,157.0,0.00017424190213638033,True,154.0,False,,,0.23270443081855774,0.170752614736557,0.06195181608200073,0.007885327562689781,0.815182089805603,0.7520246505737305,0.34168487787246704,0.3670922836064583,16.102108554651327,10.355944168654636,1.867492914199829,6.062216758728027,,,,,,,,,,,,,,
baseline,sdedit,gaussianshading,111000000002,change_object,4,style,make it anime style,0.5859375,150.0,0.003540637028942644,False,154.0,False,,,0.18929344415664673,0.2170577049255371,-0.02776426076889038,-0.05594995990395546,0.8665043115615845,0.7375049591064453,0.3150497078895569,0.3377076559579976,15.613621363542034,9.943395819183324,1.8677809238433838,6.062216758728027,,,,,,,,,,,,,,
baseline,sdedit,gaussianshading,111000000003,change_object,0,none,,1.0,256.0,8.636168555094445e-78,True,154.0,True,10.35733426057638,0.2106831396304667,,,,,,,,,,,,,,,,,,,,,,,,,,
baseline,sdedit,gaussianshading,111000000003,change_object,1,change_object,change the bunny to pig and change the eyes to ears,0.85546875,219.0,6.225232872012987e-33,True,154.0,False,,,0.2590785026550293,0.20870207250118256,0.05037643015384674,0.45297539234161377,0.8423832654953003,0.47818613052368164,0.4026941657066345,0.3781802954273745,16.718881607748873,10.416013156498511,1.86517333984375,6.062216758728027,,,,,,,,,,,,,,
baseline,sdedit,gaussianshading,111000000003,change_object,2,global_attribute,change the season to winter,0.6484375,166.0,1.1760979985375116e-06,True,154.0,False,,,0.20707833766937256,0.21940158307552338,-0.012323245406150818,-0.01492066215723753,0.9675122499465942,0.9276301264762878,0.2957797348499298,0.377859651228548,16.739346037127785,10.543121916147024,1.8655695915222168,6.062216758728027,,,,,,,,,,,,,,
baseline,sdedit,gaussianshading,111000000003,change_object,3,background,make the background a city street,0.5625,144.0,0.026235836666071523,False,154.0,False,,,0.2849275469779968,0.18982580304145813,0.0951017439365387,0.008639458566904068,0.9493042230606079,0.9407232403755188,0.3651624023914337,0.37598045749500525,16.64325068428822,10.597712397271458,1.8715126514434814,6.062216758728027,,,,,,,,,,,,,,
baseline,sdedit,gaussianshading,111000000003,change_object,4,style,convert it to an oil painting,0.52734375,135.0,0.20827859374661445,False,154.0,False,,,0.25933152437210083,0.24949532747268677,0.009836196899414062,0.13036341965198517,0.9724881052970886,0.9495540857315063,0.3302159309387207,0.37535250088152655,16.444599874531917,10.165212525567478,1.872385025024414,6.062216758728027,,,,,,,,,,,,,,
baseline,sdedit,gaussianshading,111000000004,change_object,0,none,,1.0,256.0,8.636168555094445e-78,True,154.0,True,7.115145802723446,0.2836472779864273,,,,,,,,,,,,,,,,,,,,,,,,,,
baseline,sdedit,gaussianshading,111000000004,change_object,1,change_object,change the owl to cat and change the heart to circle,0.78125,200.0,1.8253945726409983e-20,True,154.0,False,,,0.17772050201892853,0.18557383120059967,-0.007853329181671143,0.05507802963256836,0.9518905878067017,0.886971116065979,0.23625874519348145,0.660496714307548,17.161774394857705,7.364253218012395,1.866518259048462,6.062216758728027,,,,,,,,,,,,,,
baseline,sdedit,gaussianshading,111000000004,change_object,2,global_attribute,make it sunset lighting,0.640625,164.0,3.998193698555462e-06,True,154.0,False,,,0.1766308844089508,0.16485081613063812,0.011780068278312683,-0.004470524378120899,0.9396601915359497,0.923486053943634,0.26698294281959534,0.5893101838742539,16.738540519931128,7.163991192569839,1.8680024147033691,6.062216758728027,,,,,,,,,,,,,,
baseline,sdedit,gaussianshading,111000000004,change_object,3,background,make the background a city street,0.5703125,146.0,0.014254461953498988,False,154.0,False,,,0.21402117609977722,0.1538211554288864,0.06020002067089081,0.02139408513903618,0.9361532926559448,0.8322393894195557,0.3018846809864044,0.541723390375454,15.844235400835744,7.52537278190167,1.8720877170562744,6.062216758728027,,,,,,,,,,,,,,
baseline,sdedit,gaussianshading,111000000004,change_object,4,style,make it anime style,0.56640625,145.0,0.019475917081157083,False,154.0,False,,,0.2052120864391327,0.2071176916360855,-0.0019056051969528198,0.026214487850666046,0.9348707795143127,0.7931957244873047,0.3153907060623169,0.4965167815846823,16.038693044235167,7.437186164460316,1.8740551471710205,6.062216758728027,,,,,,,,,,,,,,
baseline,sdedit,gaussianshading,211000000000,add_object,0,none,,1.0,256.0,8.636168555094445e-78,True,154.0,True,8.839147074962746,0.06688895771380311,,,,,,,,,,,,,,,,,,,,,,,,,,
baseline,sdedit,gaussianshading,211000000000,add_object,1,add_object,add scarf and add flowers in mouth,0.9140625,234.0,3.205950926783553e-46,True,154.0,False,,,0.2635310888290405,0.26637864112854004,-0.0028475522994995117,0.03689837083220482,0.9727815389633179,0.927907407283783,0.29336199164390564,0.28296158852591174,13.30509408082449,8.42407141681653,1.8653466701507568,6.062216758728027,,,,,,,,,,,,,,
baseline,sdedit,gaussianshading,211000000000,add_object,2,global_attribute,make it rainy,0.7109375,182.0,5.634806966794081e-12,True,154.0,False,,,0.291998952627182,0.2524278163909912,0.039571136236190796,0.04678301513195038,0.9594604969024658,0.867622971534729,0.29210516810417175,0.2919690189966744,12.53254721879437,8.435126053813924,1.8683292865753174,6.062216758728027,,,,,,,,,,,,,,
baseline,sdedit,gaussianshading,211000000000,add_object,3,background,make the background a desert,0.6484375,166.0,1.1760979985375116e-06,True,154.0,False,,,0.2874411344528198,0.2797068953514099,0.007734239101409912,0.07159922271966934,0.963421106338501,0.8255479335784912,0.29598796367645264,0.2881188053666928,12.488982436804188,8.40403594681834,1.874091386795044,6.062216758728027,,,,,,,,,,,,,,
baseline,sdedit,gaussianshading,211000000000,add_object,4,style,make it anime style,0.5859375,150.0,0.003540637028942644,False,154.0,False,,,0.2688409686088562,0.2572430968284607,0.011597871780395508,0.05588774383068085,0.9461175799369812,0.7795434594154358,0.302931547164917,0.2930540185955472,12.952506699324154,8.495912571260178,1.8709914684295654,6.062216758728027,,,,,,,,,,,,,,
baseline,sdedit,gaussianshading,211000000001,add_object,0,none,,1.0,256.0,8.636168555094445e-78,True,154.0,True,9.261554108668054,0.1879579337619269,,,,,,,,,,,,,,,,,,,,,,,,,,
baseline,sdedit,gaussianshading,211000000001,add_object,1,add_object,add a gold chain and add a star on its head,0.8359375,214.0,3.0319702919304125e-29,True,154.0,False,,,0.17468053102493286,0.17339828610420227,0.0012822449207305908,-0.034354906529188156,0.9821230173110962,0.9208625555038452,0.299949049949646,0.3963612630703992,15.457289031675337,9.240094005406172,1.8666908740997314,6.062216758728027,,,,,,,,,,,,,,
baseline,sdedit,gaussianshading,211000000001,add_object,2,global_attribute,make it nighttime,0.69140625,177.0,4.204472300805831e-10,True,154.0,False,,,0.16531401872634888,0.16833928227424622,-0.003025263547897339,0.05998479574918747,0.9722819328308105,0.9466824531555176,0.30938830971717834,0.373831218757152,15.207913553559589,9.30155806836872,1.8723456859588623,6.062216758728027,,,,,,,,,,,,,,
baseline,sdedit,gaussianshading,211000000001,add_object,3,background,make the background a desert,0.64453125,165.0,2.18634237364118e-06,True,154.0,False,,,0.16000032424926758,0.16669517755508423,-0.00669485330581665,-0.001620858907699585,0.9844386577606201,0.9593539237976074,0.28882986307144165,0.37927444972262364,15.712692786889637,9.385120665533938,1.870572805404663,6.062216758728027,,,,,,,,,,,,,,
baseline,sdedit,gaussianshading,211000000001,add_object,4,style,make it anime style,0.51953125,133.0,0.286930688297277,False,154.0,False,,,0.19520452618598938,0.15599116683006287,0.039213359355926514,0.09351798892021179,0.9472869038581848,0.8592652082443237,0.40505605936050415,0.32694306586953575,14.91213138585362,9.183213412345507,1.8702292442321777,6.062216758728027,,,,,,,,,,,,,,
baseline,sdedit,gaussianshading,211000000002,add_object,0,none,,1.0,256.0,8.636168555094445e-78,True,154.0,True,9.183493637196626,0.2672861669592577,,,,,,,,,,,,,,,,,,,,,,,,,,
baseline,sdedit,gaussianshading,211000000002,add_object,1,add_object,add leaves and add a flower,0.828125,212.0,7.406648089014277e-28,True,154.0,False,,,0.29741549491882324,0.2846612334251404,0.012754261493682861,-0.04261377081274986,0.9520391225814819,0.9405856728553772,0.21347880363464355,0.5154091242870038,19.31144900784832,8.957471509765444,1.8699915409088135,6.062216758728027,,,,,,,,,,,,,,
baseline,sdedit,gaussianshading,211000000002,add_object,2,global_attribute,make it sunset lighting,0.61328125,157.0,0.00017424190213638033,True,154.0,False,,,0.2698838412761688,0.28116604685783386,-0.011282205581665039,0.04019898176193237,0.9335002899169922,0.8960791826248169,0.2847020626068115,0.4422802626985743,18.27557265151667,8.88099124101961,1.8723995685577393,6.062216758728027,,,,,,,,,,,,,,
baseline,sdedit,gaussianshading,211000000002,add_object,3,background,make the background a forest,0.59375,152.0,0.001615383235414525,False,154.0,False,,,0.24796469509601593,0.2547105550765991,-0.006745859980583191,0.03892845660448074,0.9586362838745117,0.9284070134162903,0.2736509144306183,0.4407227569791978,17.76072989812217,8.893647128904728,1.8692054748535156,6.062216758728027,,,,,,,,,,,,,,
baseline,sdedit,gaussianshading,211000000002,add_object,4,style,turn it into a watercolor painting,0.56640625,145.0,0.019475917081157083,False,154.0,False,,,0.26698219776153564,0.22463300824165344,0.0423491895198822,0.20624876022338867,0.9376200437545776,0.8699603080749512,0.38373449444770813,0.36064070150986444,16.752813808535215,8.644716743626896,1.866206169128418,6.062216758728027,,,,,,,,,,,,,,
baseline,sdedit,gaussianshading,211000000003,add_object,0,none,,1.0,256.0,8.636168555094445e-78,True,154.0,True,8.703105901955848,0.24827610064277694,,,,,,,,,,,,,,,,,,,,,,,,,,
baseline,sdedit,gaussianshading,211000000003,add_object,1,add_object,add a hurbat and add a sword,0.87890625,225.0,8.283676586985015e-38,True,154.0,False,,,0.32825303077697754,0.3299528956413269,-0.0016998648643493652,0.05557619780302048,0.9631859064102173,0.876800000667572,0.344421923160553,0.4413647400733027,14.495240561852704,8.861608351068188,1.8702499866485596,6.062216758728027,,,,,,,,,,,,,,
baseline,sdedit,gaussianshading,211000000003,add_object,2,global_attribute,make it rainy,0.671875,172.0,2.006192357512582e-08,True,154.0,False,,,0.3104032278060913,0.30606958270072937,0.0043336451053619385,0.17467409372329712,0.9824547171592712,0.8376642465591431,0.3708195686340332,0.408418564844119,14.699670536509867,9.077534703290386,1.8716213703155518,6.062216758728027,,,,,,,,,,,,,,
baseline,sdedit,gaussianshading,211000000003,add_object,3,background,make the background a forest,0.65234375,167.0,6.222893350770624e-07,True,154.0,False,,,0.32691991329193115,0.30090445280075073,0.02601546049118042,-0.0009317193180322647,0.9787764549255371,0.7712778449058533,0.3972330689430237,0.3811453700296871,14.70092988202174,9.075705125139802,1.8693780899047852,6.062216758728027,,,,,,,,,,,,,,
baseline,sdedit,gaussianshading,211000000003,add_object,4,style,turn it into a watercolor painting,0.59765625,153.0,0.001066845586377874,False,154.0,False,,,0.3054234981536865,0.25059428811073303,0.05482921004295349,0.18906451761722565,0.9087737798690796,0.710310697555542,0.404063880443573,0.3282155055617888,14.330482324541835,8.982700416240421,1.8719956874847412,6.062216758728027,,,,,,,,,,,,,,
baseline,sdedit,gaussianshading,211000000004,add_object,0,none,,1.0,256.0,8.636168555094445e-78,True,154.0,True,7.7427025378020975,0.3560174058370766,,,,,,,,,,,,,,,,,,,,,,,,,,
baseline,sdedit,gaussianshading,211000000004,add_object,1,add_object,add a cat and add colorful flowers,0.79296875,203.0,3.5915369163460917e-22,True,154.0,False,,,0.2829306125640869,0.24725531041622162,0.035675302147865295,0.1250898540019989,0.8957430124282837,0.9026671648025513,0.2669617533683777,0.6012201195776267,14.715208735283083,7.9639816484537,1.8717186450958252,6.062216758728027,,,,,,,,,,,,,,
baseline,sdedit,gaussianshading,211000000004,add_object,2,global_attribute,change the season to winter,0.63671875,163.0,7.193286357543875e-06,True,154.0,False,,,0.29076921939849854,0.2604232430458069,0.03034597635269165,0.396384596824646,0.8986238241195679,0.8976805210113525,0.29491037130355835,0.5662562289329128,14.824955664596542,8.017879322699951,1.8769645690917969,6.062216758728027,,,,,,,,,,,,,,
baseline,sdedit,gaussianshading,211000000004,add_object,3,background,make the background a desert,0.6171875,158.0,0.0001065665615939295,True,154.0,False,,,0.27046632766723633,0.2870803475379944,-0.016614019870758057,0.07972756773233414,0.9591339826583862,0.9222165942192078,0.2881025969982147,0.57511637808624,14.717237331751576,7.995338836485562,1.871917486190796,6.062216758728027,,,,,,,,,,,,,,
baseline,sdedit,gaussianshading,211000000004,add_object,4,style,make it anime style,0.55859375,143.0,0.03485024746454654,False,154.0,False,,,0.25742319226264954,0.2615799903869629,-0.0041567981243133545,0.04895758256316185,0.9637062549591064,0.94382244348526,0.28269654512405396,0.5446752847070188,14.378024418568447,7.8824886350554015,1.865786075592041,6.062216758728027,,,,,,,,,,,,,,
baseline,sdedit,gaussianshading,311000000000,delete_object,0,none,,1.0,256.0,8.636168555094445e-78,True,154.0,True,10.245572704150614,0.28180264930662274,,,,,,,,,,,,,,,,,,,,,,,,,,
baseline,sdedit,gaussianshading,311000000000,delete_object,1,delete_object,remove the yellow flowers,0.8515625,218.0,3.610608202018879e-32,True,154.0,False,,,0.2274923324584961,0.22038157284259796,0.007110759615898132,-0.039885640144348145,0.9496734142303467,0.7941667437553406,0.30159518122673035,0.5463288893407462,17.487261578533367,10.438390735819693,1.869471549987793,6.062216758728027,,,,,,,,,,,,,,
baseline,sdedit,gaussianshading,311000000000,delete_object,2,global_attribute,change the season to winter,0.671875,172.0,2.006192357512582e-08,True,154.0,False,,,0.22538292407989502,0.1912662386894226,0.03411668539047241,0.11099505424499512,0.9038402438163757,0.7998470664024353,0.3192167282104492,0.5013057956074681,16.97680747562043,10.432747140954504,1.870816707611084,6.062216758728027,,,,,,,,,,,,,,
baseline,sdedit,gaussianshading,311000000000,delete_object,3,background,replace the background with a beach,0.63671875,163.0,7.193286357543875e-06,True,154.0,False,,,0.22294871509075165,0.20797346532344818,0.014975249767303467,-0.035809729248285294,0.9290681481361389,0.7553045153617859,0.36476945877075195,0.4408459885951214,15.560173927647531,9.936320891476743,1.8728530406951904,6.062216758728027,,,,,,,,,,,,,,
baseline,sdedit,gaussianshading,311000000000,delete_object,4,style,make it look cinematic,0.5703125,146.0,0.014254461953498988,False,154.0,False,,,0.22635897994041443,0.23118576407432556,-0.004826784133911133,-0.02414971962571144,0.9409575462341309,0.7390179634094238,0.3871174156665802,0.36478806097497607,14.370252107467977,9.62666493750601,1.8688697814941406,6.062216758728027,,,,,,,,,,,,,,
baseline,sdedit,gaussianshading,311000000001,delete_object,0,none,,0.99609375,255.0,2.2194953186592723e-75,True,154.0,False,8.58527312267716,0.32782570739198813,,,,,,,,,,,,,,,,,,,,,,,,,,
baseline,sdedit,gaussianshading,311000000001,delete_object,1,delete_object,remove the headphones,0.703125,180.0,3.340468412340495e-11,True,154.0,False,,,0.2338503897190094,0.20110036432743073,0.032750025391578674,0.07554900646209717,0.8775414228439331,0.9144122004508972,0.2296023666858673,0.6511617836544088,19.440508939242058,8.559799083496092,1.8685641288757324,6.062216758728027,,,,,,,,,,,,,,
baseline,sdedit,gaussianshading,311000000001,delete_object,2,global_attribute,make it sunset lighting,0.5859375,150.0,0.003540637028942644,False,154.0,False,,,0.2100069224834442,0.20906563103199005,0.0009412914514541626,0.0393008291721344,0.9676195383071899,0.8905231952667236,0.2268935739994049,0.6419631265788469,18.95790805785261,8.675363560128668,1.8680377006530762,6.062216758728027,,,,,,,,,,,,,,
baseline,sdedit,gaussianshading,311000000001,delete_object,3,background,replace the background with a beach,0.5546875,142.0,0.04565604346614265,False,154.0,False,,,0.17810019850730896,0.1976533979177475,-0.019553199410438538,-0.03507208824157715,0.9337228536605835,0.9257090091705322,0.23155730962753296,0.6270759246401122,19.37574167438116,8.814504922319962,1.8679656982421875,6.062216758728027,,,,,,,,,,,,,,
baseline,sdedit,gaussianshading,311000000001,delete_object,4,style,turn it into a watercolor painting,0.453125,116.0,0.9410011475579737,False,154.0,False,,,0.1713058352470398,0.13539281487464905,0.03591302037239075,0.05827181786298752,0.9299200773239136,0.9178771376609802,0.3185828924179077,0.5939422430205212,19.388629999796056,8.932171025996663,1.8678152561187744,6.062216758728027,,,,,,,,,,,,,,
baseline,sdedit,gaussianshading,311000000002,delete_object,0,none,,1.0,256.0,8.636168555094445e-78,True,154.0,True,8.964060591929057,0.29184609641788856,,,,,,,,,,,,,,,,,,,,,,,,,,
baseline,sdedit,gaussianshading,311000000002,delete_object,1,delete_object,remove a suit and remove a laptop,0.8515625,218.0,3.610608202018879e-32,True,154.0,False,,,0.24701102077960968,0.2404595911502838,0.006551429629325867,-0.04151798039674759,0.9534090161323547,0.9378939270973206,0.32752519845962524,0.613827520790355,18.64486770052053,9.128602009842444,1.872894525527954,6.062216758728027,,,,,,,,,,,,,,
baseline,sdedit,gaussianshading,311000000002,delete_object,2,global_attribute,make it nighttime,0.625,160.0,3.802648956854992e-05,True,154.0,False,,,0.21434032917022705,0.21950876712799072,-0.005168437957763672,0.03818288818001747,0.9598715305328369,0.9546773433685303,0.27361080050468445,0.5856154835610207,18.628904612246615,9.267643073577396,1.868562936782837,6.062216758728027,,,,,,,,,,,,,,
baseline,sdedit,gaussianshading,311000000002,delete_object,3,background,make the background a desert,0.5703125,146.0,0.014254461953498988,False,154.0,False,,,0.21478311717510223,0.2029009610414505,0.011882156133651733,0.015050800517201424,0.9719823598861694,0.9201141595840454,0.3411077558994293,0.5058089227876544,18.911781722167557,9.338693625508435,1.8648123741149902,6.062216758728027,,,,,,,,,,,,,,
baseline,sdedit,gaussianshading,311000000002,delete_object,4,style,make it anime style,0.49609375,127.0,0.5743424702535421,False,154.0,False,,,0.25791168212890625,0.22715625166893005,0.030755430459976196,0.0325760543346405,0.9368903636932373,0.9231376647949219,0.365451455116272,0.4419791209412593,17.60747814918635,9.349604475736214,1.8680083751678467,6.062216758728027,,,,,,,,,,,,,,
baseline,sdedit,gaussianshading,311000000003,delete_object,0,none,,1.0,256.0,8.636168555094445e-78,True,154.0,True,10.898780661995236,0.32893943908486384,,,,,,,,,,,,,,,,,,,,,,,,,,
baseline,sdedit,gaussianshading,311000000003,delete_object,1,delete_object,remove the flower,0.80859375,207.0,1.3712380249647504e-24,True,154.0,False,,,0.30113545060157776,0.2811353802680969,0.020000070333480835,-0.04304032772779465,0.9584711790084839,0.8848389387130737,0.2034359574317932,0.474863994018246,18.49951480969803,10.5219160276882,1.8693618774414062,6.062216758728027,,,,,,,,,,,,,,
baseline,sdedit,gaussianshading,311000000003,delete_object,2,global_attribute,make it sunset lighting,0.62890625,161.0,2.2181598404317305e-05,True,154.0,False,,,0.26915091276168823,0.27788829803466797,-0.008737385272979736,0.011874249204993248,0.9751320481300354,0.9171092510223389,0.18010225892066956,0.4613667408213806,18.051690818657143,10.354510265504198,1.8643341064453125,6.062216758728027,,,,,,,,,,,,,,
baseline,sdedit,gaussianshading,311000000003,delete_object,3,background,make the background a forest,0.52734375,135.0,0.20827859374661445,False,154.0,False,,,0.24849937856197357,0.24121882021427155,0.007280558347702026,0.035287611186504364,0.9835422039031982,0.9137846827507019,0.21133384108543396,0.45004714451715383,17.810015465158866,10.320346899060153,1.871086597442627,6.062216758728027,,,,,,,,,,,,,,
baseline,sdedit,gaussianshading,311000000003,delete_object,4,style,convert it to an oil painting,0.5234375,134.0,0.24592142499070546,False,154.0,False,,,0.2250688225030899,0.2210608720779419,0.00400795042514801,0.015916574746370316,0.9761847257614136,0.9279345273971558,0.21371915936470032,0.44038513015696124,17.855937791837054,10.146306839551741,1.8798339366912842,6.062216758728027,,,,,,,,,,,,,,
baseline,sdedit,gaussianshading,311000000004,delete_object,0,none,,1.0,256.0,8.636168555094445e-78,True,154.0,True,11.198281540149038,0.3102587631559394,,,,,,,,,,,,,,,,,,,,,,,,,,
baseline,sdedit,gaussianshading,311000000004,delete_object,1,delete_object,remove an iceberg and remove a plane flying overhead,0.7890625,202.0,1.3613713784205803e-21,True,154.0,False,,,0.22779041528701782,0.23164913058280945,-0.003858715295791626,0.055006951093673706,0.9301526546478271,0.8023573756217957,0.29629063606262207,0.6026328238366195,19.398177541470943,11.280324613588038,1.8650977611541748,6.062216758728027,,,,,,,,,,,,,,
baseline,sdedit,gaussianshading,311000000004,delete_object,2,global_attribute,make it rainy,0.5859375,150.0,0.003540637028942644,False,154.0,False,,,0.21006180346012115,0.2007836401462555,0.009278163313865662,0.02939942106604576,0.8965756297111511,0.8217471241950989,0.2647649943828583,0.601753426941408,19.733591333059188,11.605187522613614,1.8659768104553223,6.062216758728027,,,,,,,,,,,,,,
baseline,sdedit,gaussianshading,311000000004,delete_object,3,background,make the background a city street,0.5546875,142.0,0.04565604346614265,False,154.0,False,,,0.2854629456996918,0.18717259168624878,0.098290354013443,0.05417740345001221,0.8805896639823914,0.7838304042816162,0.3894025981426239,0.572237198463314,18.887817095750826,11.406369884606109,1.8659932613372803,6.062216758728027,,,,,,,,,,,,,,
baseline,sdedit,gaussianshading,311000000004,delete_object,4,style,convert it to an oil painting,0.5703125,146.0,0.014254461953498988,False,154.0,False,,,0.22670595347881317,0.2521372139453888,-0.025431260466575623,0.05119125172495842,0.9605562686920166,0.8805590271949768,0.3384101092815399,0.5621015837568054,18.744214689408427,11.806790045776872,1.8637006282806396,6.062216758728027,,,,,,,,,,,,,,
baseline,sdedit,gaussianshading,411000000000,change_content,0,none,,1.0,256.0,8.636168555094445e-78,True,154.0,True,7.113673285879916,0.15404719625899435,,,,,,,,,,,,,,,,,,,,,,,,,,
baseline,sdedit,gaussianshading,411000000000,change_content,1,change_content,change the big to small and make it big,0.83203125,213.0,1.519352074454233e-28,True,154.0,False,,,0.3311624825000763,0.33417171239852905,-0.003009229898452759,0.013994792476296425,0.9683198928833008,0.873333752155304,0.3399437665939331,0.2729331725946591,16.397700194964205,6.949411225299038,1.871389389038086,6.062216758728027,,,,,,,,,,,,,,
baseline,sdedit,gaussianshading,411000000000,change_content,2,global_attribute,make it nighttime,0.6875,176.0,9.434883206283348e-10,True,154.0,False,,,0.3073936402797699,0.30853429436683655,-0.0011406540870666504,-0.04262690618634224,0.9602528810501099,0.9209320545196533,0.3709600269794464,0.22086110909369738,15.605005661806874,7.080695397187804,1.8693795204162598,6.062216758728027,,,,,,,,,,,,,,
baseline,sdedit,gaussianshading,411000000000,change_content,3,background,replace the background with a beach,0.66015625,169.0,1.6571696603512374e-07,True,154.0,False,,,0.2908380925655365,0.2902832329273224,0.0005548596382141113,-0.013208331540226936,0.9536905288696289,0.901572585105896,0.3393454849720001,0.23393814296874008,15.346355231067903,6.962132158665673,1.8687713146209717,6.062216758728027,,,,,,,,,,,,,,
baseline,sdedit,gaussianshading,411000000000,change_content,4,style,turn it into a watercolor painting,0.6328125,162.0,1.2733712989619747e-05,True,154.0,False,,,0.3294597268104553,0.2976270914077759,0.03183263540267944,0.16185849905014038,0.9481407403945923,0.7772773504257202,0.36856645345687866,0.21857676961210237,13.85038700166022,6.900929017225926,1.8701391220092773,6.062216758728027,,,,,,,,,,,,,,
baseline,sdedit,gaussianshading,411000000001,change_content,0,none,,1.0,256.0,8.636168555094445e-78,True,154.0,True,8.398944287668687,0.19680853505985815,,,,,,,,,,,,,,,,,,,,,,,,,,
baseline,sdedit,gaussianshading,411000000001,change_content,1,change_content,change the spread out to fold in,0.890625,228.0,1.877862409762869e-40,True,154.0,False,,,0.3016212582588196,0.30034440755844116,0.001276850700378418,-0.007823205552995205,0.9761399030685425,0.9214544296264648,0.30772483348846436,0.40441965063359686,15.886135114555824,8.428210826899566,1.8708183765411377,6.062216758728027,,,,,,,,,,,,,,
baseline,sdedit,gaussianshading,411000000001,change_content,2,global_attribute,change the season to winter,0.6171875,158.0,0.0001065665615939295,True,154.0,False,,,0.27516576647758484,0.2677342891693115,0.007431477308273315,0.11598968505859375,0.974837601184845,0.9099695086479187,0.3382824659347534,0.395147462356694,15.812902083743811,8.488614924890914,1.8654122352600098,6.062216758728027,,,,,,,,,,,,,,
baseline,sdedit,gaussianshading,411000000001,change_content,3,background,replace the background with a beach,0.578125,148.0,0.00731417444876026,False,154.0,False,,,0.25387394428253174,0.26138269901275635,-0.007508754730224609,-0.013073761947453022,0.9795305728912354,0.8900808095932007,0.3513393998146057,0.38044735834582893,15.675286000981961,8.418671244607378,1.8743584156036377,6.062216758728027,,,,,,,,,,,,,,
baseline,sdedit,gaussianshading,411000000001,change_content,4,style,make it anime style,0.55859375,143.0,0.03485024746454654,False,154.0,False,,,0.3219233751296997,0.24104884266853333,0.08087453246116638,0.14176180958747864,0.9060016870498657,0.7418959140777588,0.47449082136154175,0.3456084087212006,15.364900647189899,8.333853732818104,1.8677575588226318,6.062216758728027,,,,,,,,,,,,,,
baseline,sdedit,gaussianshading,411000000002,change_content,0,none,,1.0,256.0,8.636168555094445e-78,True,154.0,True,8.40661333309375,0.2541303932342577,,,,,,,,,,,,,,,,,,,,,,,,,,
baseline,sdedit,gaussianshading,411000000002,change_content,1,change_content,change the scarf to cloak,0.82421875,211.0,3.51423537576076e-27,True,154.0,False,,,0.2855760157108307,0.3012106120586395,-0.015634596347808838,0.039052288979291916,0.933586835861206,0.9091519117355347,0.21589678525924683,0.658448876447738,18.557830065161635,8.528079914001642,1.8713033199310303,6.062216758728027,,,,,,,,,,,,,,
baseline,sdedit,gaussianshading,411000000002,change_content,2,global_attribute,change the season to winter,0.60546875,155.0,0.0004446015373390902,True,154.0,False,,,0.3307097852230072,0.2895107865333557,0.04119899868965149,0.1997278332710266,0.9247965812683105,0.930213451385498,0.37816357612609863,0.5322517250836213,17.24220127490194,8.380561968121404,1.8727068901062012,6.062216758728027,,,,,,,,,,,,,,
baseline,sdedit,gaussianshading,411000000002,change_content,3,background,make the background a city street,0.58203125,149.0,0.005126403726764799,False,154.0,False,,,0.31163763999938965,0.30150607228279114,0.01013156771659851,0.04964075982570648,0.9707232713699341,0.8995975255966187,0.30727678537368774,0.47564943502521934,16.491455779259347,8.34239119114455,1.8679680824279785,6.062216758728027,,,,,,,,,,,,,,
baseline,sdedit,gaussianshading,411000000002,change_content,4,style,make it look cinematic,0.52734375,135.0,0.20827859374661445,False,154.0,False,,,0.29330748319625854,0.295902281999588,-0.0025947988033294678,0.004000450484454632,0.9592164158821106,0.9147317409515381,0.31295880675315857,0.40897845469704747,15.997321092830672,8.118079021967402,1.8740155696868896,6.062216758728027,,,,,,,,,,,,,,
baseline,sdedit,gaussianshading,411000000003,change_content,0,none,,1.0,256.0,8.636168555094445e-78,True,154.0,True,7.118358839887444,0.11060133786132763,,,,,,,,,,,,,,,,,,,,,,,,,,
baseline,sdedit,gaussianshading,411000000003,change_content,1,change_content,change the furry wolf to bald wolf,0.859375,220.0,1.0404279969870501e-33,True,154.0,False,,,0.27696335315704346,0.2768421173095703,0.00012123584747314453,0.012207115069031715,0.9655694961547852,0.917659342288971,0.2802538275718689,0.44111912427005606,18.11771875576516,7.140479405205289,1.8699989318847656,6.062216758728027,,,,,,,,,,,,,,
baseline,sdedit,gaussianshading,411000000003,change_content,2,global_attribute,make it sunset lighting,0.6484375,166.0,1.1760979985375116e-06,True,154.0,False,,,0.25484198331832886,0.25454947352409363,0.0002925097942352295,0.05250650271773338,0.9835648536682129,0.9564642310142517,0.2669447958469391,0.43295357626952297,17.495923414146958,7.028382416440548,1.872751235961914,6.062216758728027,,,,,,,,,,,,,,
baseline,sdedit,gaussianshading,411000000003,change_content,3,background,make the background a forest,0.5703125,146.0,0.014254461953498988,False,154.0,False,,,0.26288023591041565,0.26625901460647583,-0.0033787786960601807,-0.04374174401164055,0.9692349433898926,0.9494584798812866,0.28333669900894165,0.4135553714612607,16.502559854107822,7.027594859214251,1.8738398551940918,6.062216758728027,,,,,,,,,,,,,,
baseline,sdedit,gaussianshading,411000000003,change_content,4,style,convert it to an oil painting,0.578125,148.0,0.00731417444876026,False,154.0,False,,,0.2795167565345764,0.24383774399757385,0.035679012537002563,0.28565698862075806,0.9189947843551636,0.849941611289978,0.3774256110191345,0.39024990095079093,16.007270447061796,6.863793027669466,1.8744230270385742,6.062216758728027,,,,,,,,,,,,,,
baseline,sdedit,gaussianshading,411000000004,change_content,0,none,,1.0,256.0,8.636168555094445e-78,True,154.0,True,8.087464370110261,0.20611588918104692,,,,,,,,,,,,,,,,,,,,,,,,,,
baseline,sdedit,gaussianshading,411000000004,change_content,1,change_content,change the shepherd dog to poodle dog and make it luxury,0.8203125,210.0,1.6236482975919755e-26,True,154.0,False,,,0.34961819648742676,0.3351322412490845,0.014485955238342285,0.11174407601356506,0.8505511283874512,0.7595115900039673,0.27383163571357727,0.5842616505813364,17.67842591687022,7.9951238942491,1.8652079105377197,6.062216758728027,,,,,,,,,,,,,,
baseline,sdedit,gaussianshading,411000000004,change_content,2,global_attribute,change the season to winter,0.625,160.0,3.802648956854992e-05,True,154.0,False,,,0.3392711281776428,0.31988048553466797,0.019390642642974854,0.21367593109607697,0.8863441944122314,0.8778703808784485,0.32048171758651733,0.5106501461429572,16.865131156917098,8.037472472612864,1.8701539039611816,6.062216758728027,,,,,,,,,,,,,,
baseline,sdedit,gaussianshading,411000000004,change_content,3,background,make the background a city street,0.5703125,146.0,0.014254461953498988,False,154.0,False,,,0.3225049674510956,0.33585113286972046,-0.013346165418624878,-0.010683084838092327,0.9324666857719421,0.8942364454269409,0.3639681041240692,0.44209082906281044,15.722408443426822,8.012874509542918,1.8714072704315186,6.062216758728027,,,,,,,,,,,,,,
baseline,sdedit,gaussianshading,411000000004,change_content,4,style,make it look cinematic,0.57421875,147.0,0.010284725520827362,False,154.0,False,,,0.18369828164577484,0.1781890094280243,0.005509272217750549,0.07241459935903549,0.9037742614746094,0.886709451675415,0.35417598485946655,0.40070442184975974,14.865222594474304,8.033333319097451,1.869915246963501,6.062216758728027,,,,,,,,,,,,,,
baseline,sdedit,gaussianshading,511000000000,change_pose,0,none,,1.0,256.0,8.636168555094445e-78,True,154.0,True,11.456081412582888,0.1430278429093034,,,,,,,,,,,,,,,,,,,,,,,,,,
baseline,sdedit,gaussianshading,511000000000,change_pose,1,change_pose,make it tail down and make it jumping,0.890625,228.0,1.877862409762869e-40,True,154.0,False,,,0.19528892636299133,0.20780488848686218,-0.01251596212387085,0.0013623721897602081,0.9078603982925415,0.684065580368042,0.3017038404941559,0.5157052839310098,18.691331346526333,11.279477764613027,1.8716299533843994,6.062216758728027,,,,,,,,,,,,,,
baseline,sdedit,gaussianshading,511000000000,change_pose,2,global_attribute,make it nighttime,0.67578125,173.0,9.590020184123932e-09,True,154.0,False,,,0.195592999458313,0.1814122349023819,0.014180764555931091,-0.00807949248701334,0.9190596342086792,0.6784023642539978,0.33944737911224365,0.4883918586263416,17.805337406770743,11.146704696723262,1.8713855743408203,6.062216758728027,,,,,,,,,,,,,,
baseline,sdedit,gaussianshading,511000000000,change_pose,3,background,make the background a city street,0.59765625,153.0,0.001066845586377874,False,154.0,False,,,0.20312857627868652,0.19032567739486694,0.01280289888381958,0.03286949172616005,0.8918337225914001,0.7703792452812195,0.36279523372650146,0.4803552065657055,17.3881814720569,11.093644356699935,1.8700792789459229,6.062216758728027,,,,,,,,,,,,,,
baseline,sdedit,gaussianshading,511000000000,change_pose,4,style,convert it to an oil painting,0.55859375,143.0,0.03485024746454654,False,154.0,False,,,0.21212467551231384,0.16161347925662994,0.0505111962556839,0.07841610908508301,0.9053879380226135,0.7833081483840942,0.3423551023006439,0.5011139720854391,18.200804186306794,11.055648565608333,1.8752074241638184,6.062216758728027,,,,,,,,,,,,,,
baseline,sdedit,gaussianshading,511000000001,change_pose,0,none,,1.0,256.0,8.636168555094445e-78,True,154.0,True,10.505468518376638,0.1420332031483642,,,,,,,,,,,,,,,,,,,,,,,,,,
baseline,sdedit,gaussianshading,511000000001,change_pose,1,change_pose,change the standing to sitting and make it tilting its head and make it wagging its tail,0.89453125,229.0,2.2834844785419352e-41,True,154.0,False,,,0.21496440470218658,0.21467244625091553,0.00029195845127105713,-0.0316326767206192,0.9455865025520325,0.8428659439086914,0.281147301197052,0.32699875341153023,18.461316957360893,10.666878262810258,1.8707923889160156,6.062216758728027,,,,,,,,,,,,,,
baseline,sdedit,gaussianshading,511000000001,change_pose,2,global_attribute,make it rainy,0.66015625,169.0,1.6571696603512374e-07,True,154.0,False,,,0.19233261048793793,0.1900796890258789,0.002252921462059021,0.031709104776382446,0.9451988339424133,0.8799147605895996,0.35327214002609253,0.308968136342732,17.854482992383687,10.686779539782219,1.8638150691986084,6.062216758728027,,,,,,,,,,,,,,
baseline,sdedit,gaussianshading,511000000001,change_pose,3,background,make the background a desert,0.60546875,155.0,0.0004446015373390902,True,154.0,False,,,0.20001643896102905,0.1984853297472,0.0015311092138290405,0.03553835675120354,0.9137498736381531,0.7672544121742249,0.39315545558929443,0.2861215963088193,17.19257993053953,10.692469572206809,1.870497226715088,6.062216758728027,,,,,,,,,,,,,,
baseline,sdedit,gaussianshading,511000000001,change_pose,4,style,make it look cinematic,0.48828125,125.0,0.6690835696077719,False,154.0,False,,,0.21010223031044006,0.2003163993358612,0.009785830974578857,-0.03020191192626953,0.9262946248054504,0.8612480759620667,0.4579000473022461,0.2742379709072689,16.855108520419076,10.725620010195001,1.8716747760772705,6.062216758728027,,,,,,,,,,,,,,
baseline,sdedit,gaussianshading,511000000002,change_pose,0,none,,1.0,256.0,8.636168555094445e-78,True,154.0,True,10.629545742963117,0.09791372844735874,,,,,,,,,,,,,,,,,,,,,,,,,,
baseline,sdedit,gaussianshading,511000000002,change_pose,1,change_pose,make it its mouth open and change the sitting to standing and make it roaring,0.86328125,221.0,1.684380861872333e-34,True,154.0,False,,,0.23691657185554504,0.2457948923110962,-0.008878320455551147,0.15257121622562408,0.9775046706199646,0.9585639238357544,0.31104373931884766,0.19233590979478335,18.838317281229543,10.595410886434811,1.8714473247528076,6.062216758728027,,,,,,,,,,,,,,
baseline,sdedit,gaussianshading,511000000002,change_pose,2,global_attribute,change the season to winter,0.66015625,169.0,1.6571696603512374e-07,True,154.0,False,,,0.22414079308509827,0.22037774324417114,0.003763049840927124,0.01762682944536209,0.9862531423568726,0.9475386738777161,0.35979077219963074,0.1819626191398754,17.334279853632026,10.420730111242968,1.8737156391143799,6.062216758728027,,,,,,,,,,,,,,
baseline,sdedit,gaussianshading,511000000002,change_pose,3,background,replace the background with a beach,0.5234375,134.0,0.24592142499070546,False,154.0,False,,,0.20052504539489746,0.2031974196434021,-0.0026723742485046387,0.03315000981092453,0.9827979803085327,0.960544228553772,0.34519457817077637,0.16559356648412935,15.513688339227897,10.117044535376255,1.8691794872283936,6.062216758728027,,,,,,,,,,,,,,
baseline,sdedit,gaussianshading,511000000002,change_pose,4,style,make it look cinematic,0.5390625,138.0,0.11748429190733982,False,154.0,False,,,0.20229020714759827,0.1991015374660492,0.0031886696815490723,0.04074326157569885,0.9652289152145386,0.9573915600776672,0.31195709109306335,0.19075971046439213,15.159336581051125,10.249743753324124,1.8738815784454346,6.062216758728027,,,,,,,,,,,,,,
baseline,sdedit,gaussianshading,511000000003,change_pose,0,none,,1.0,256.0,8.636168555094445e-78,True,154.0,True,10.106594243218176,0.47388762110696847,,,,,,,,,,,,,,,,,,,,,,,,,,
baseline,sdedit,gaussianshading,511000000003,change_pose,1,change_pose,change the wings spread to wings folded and make it beak pointed downward,0.76953125,197.0,7.574303030305025e-19,True,154.0,False,,,0.2850399911403656,0.27635014057159424,0.008689850568771362,0.011788364499807358,0.9720379114151001,0.9712836742401123,0.12848466634750366,0.8291225376729772,23.10708195115458,9.918129359166297,1.8740348815917969,6.062216758728027,,,,,,,,,,,,,,
baseline,sdedit,gaussianshading,511000000003,change_pose,2,global_attribute,make it nighttime,0.625,160.0,3.802648956854992e-05,True,154.0,False,,,0.284371554851532,0.2780064046382904,0.006365150213241577,0.05775430053472519,0.9667781591415405,0.9708340764045715,0.16625049710273743,0.7559478617942993,22.438122965940902,9.944233961652062,1.8745830059051514,6.062216758728027,,,,,,,,,,,,,,
baseline,sdedit,gaussianshading,511000000003,change_pose,3,background,make the background a city street,0.5,128.0,0.5249095549680696,False,154.0,False,,,0.2747521996498108,0.2706528306007385,0.004099369049072266,0.06534082442522049,0.9393547773361206,0.93430095911026,0.4550170302391052,0.5499974175785781,21.970553856786253,9.904094342465534,1.8762786388397217,6.062216758728027,,,,,,,,,,,,,,
baseline,sdedit,gaussianshading,511000000003,change_pose,4,style,convert it to an oil painting,0.50390625,129.0,0.4750904450319304,False,154.0,False,,,0.28022533655166626,0.25961366295814514,0.020611673593521118,0.16056539118289948,0.9241376519203186,0.9503303170204163,0.35722994804382324,0.45345683466298387,20.56106385929963,9.95700121354973,1.873729944229126,6.062216758728027,,,,,,,,,,,,,,
baseline,sdedit,gaussianshading,511000000004,change_pose,0,none,,1.0,256.0,8.636168555094445e-78,True,154.0,True,8.190399249456801,0.13693492711176794,,,,,,,,,,,,,,,,,,,,,,,,,,
baseline,sdedit,gaussianshading,511000000004,change_pose,1,change_pose,make it eyes closed and change the sitting to lying and make it above its head,0.890625,228.0,1.877862409762869e-40,True,154.0,False,,,0.2679629325866699,0.25524818897247314,0.012714743614196777,0.039663106203079224,0.9168106317520142,0.9281536936759949,0.33773767948150635,0.2717502122773418,17.46156616573162,8.112086062766906,1.8663158416748047,6.062216758728027,,,,,,,,,,,,,,
baseline,sdedit,gaussianshading,511000000004,change_pose,2,global_attribute,make it nighttime,0.6953125,178.0,1.8404447729063617e-10,True,154.0,False,,,0.29789960384368896,0.2655118703842163,0.032387733459472656,0.025824720039963722,0.9196517467498779,0.9414924383163452,0.3620269000530243,0.25239662134820884,16.482597225286973,8.01923757644998,1.8678960800170898,6.062216758728027,,,,,,,,,,,,,,
baseline,sdedit,gaussianshading,511000000004,change_pose,3,background,make the background a forest,0.5703125,146.0,0.014254461953498988,False,154.0,False,,,0.2856253981590271,0.3062494099140167,-0.020624011754989624,0.047439299523830414,0.8720974326133728,0.9584110975265503,0.3049542009830475,0.24970758219871383,15.881756800086508,7.865150926288652,1.8689422607421875,6.062216758728027,,,,,,,,,,,,,,
baseline,sdedit,gaussianshading,511000000004,change_pose,4,style,make it look cinematic,0.53515625,137.0,0.14399464326582861,False,154.0,False,,,0.26416635513305664,0.2910466492176056,-0.02688029408454895,0.004907235503196716,0.9454084038734436,0.9587947130203247,0.38537800312042236,0.22834749470875362,15.687463253056261,7.852261492392412,1.8727242946624756,6.062216758728027,,,,,,,,,,,,,,
baseline,sdedit,gaussianshading,611000000000,change_color,0,none,,1.0,256.0,8.636168555094445e-78,True,154.0,True,10.390207308806847,0.13954496143936154,,,,,,,,,,,,,,,,,,,,,,,,,,
baseline,sdedit,gaussianshading,611000000000,change_color,1,change_color,change the black to white and change the red to green,0.875,224.0,5.858468973293344e-37,True,154.0,False,,,0.23055098950862885,0.21213418245315552,0.018416807055473328,-0.05636576935648918,0.9741194248199463,0.8980190753936768,0.3158317506313324,0.5226558955729385,16.949734749404765,10.468418844880581,1.872973918914795,6.062216758728027,,,,,,,,,,,,,,
baseline,sdedit,gaussianshading,611000000000,change_color,2,global_attribute,change the season to winter,0.67578125,173.0,9.590020184123932e-09,True,154.0,False,,,0.29015785455703735,0.22117426991462708,0.06898358464241028,0.17356109619140625,0.9390869140625,0.8534613847732544,0.4722796082496643,0.4268139336213553,17.34862277681502,10.60079348500861,1.868635654449463,6.062216758728027,,,,,,,,,,,,,,
baseline,sdedit,gaussianshading,611000000000,change_color,3,background,make the background a desert,0.58984375,151.0,0.002409456784496175,False,154.0,False,,,0.24317464232444763,0.2805456221103668,-0.03737097978591919,0.012442082166671753,0.9429689049720764,0.8280594348907471,0.40755951404571533,0.40489468518464383,17.45989199459375,10.982908337679493,1.8698770999908447,6.062216758728027,,,,,,,,,,,,,,
baseline,sdedit,gaussianshading,611000000000,change_color,4,style,convert it to an oil painting,0.5234375,134.0,0.24592142499070546,False,154.0,False,,,0.22662603855133057,0.22786685824394226,-0.0012408196926116943,0.01974417269229889,0.9701195359230042,0.8935729265213013,0.3815200924873352,0.41155097469986684,17.579763561957854,10.63533404964482,1.8700032234191895,6.062216758728027,,,,,,,,,,,,,,
baseline,sdedit,gaussianshading,611000000001,change_color,0,none,,1.0,256.0,8.636168555094445e-78,True,154.0,True,9.483945050103086,0.14061361458380653,,,,,,,,,,,,,,,,,,,,,,,,,,
baseline,sdedit,gaussianshading,611000000001,change_color,1,change_color,make it white and change the pink to green,0.80859375,207.0,1.3712380249647504e-24,True,154.0,False,,,0.2544209659099579,0.2462502419948578,0.008170723915100098,0.10056672990322113,0.958419144153595,0.8751760721206665,0.2976950407028198,0.2942506460506174,16.612686345739732,9.223391413230367,1.8719286918640137,6.062216758728027,,,,,,,,,,,,,,
baseline,sdedit,gaussianshading,611000000001,change_color,2,global_attribute,make it nighttime,0.68359375,175.0,2.079972665522276e-09,True,154.0,False,,,0.24565234780311584,0.2584953010082245,-0.012842953205108643,0.0343828946352005,0.9490305185317993,0.9144234657287598,0.32899218797683716,0.2740325555309134,15.921064537809578,8.963276581788813,1.8747470378875732,6.062216758728027,,,,,,,,,,,,,,
baseline,sdedit,gaussianshading,611000000001,change_color,3,background,make the background a city street,0.56640625,145.0,0.019475917081157083,False,154.0,False,,,0.23788858950138092,0.22673355042934418,0.011155039072036743,0.018540970981121063,0.9249717593193054,0.8523082733154297,0.3706066906452179,0.25598449141998175,15.83752983588219,9.21243426268919,1.8615703582763672,6.062216758728027,,,,,,,,,,,,,,
baseline,sdedit,gaussianshading,611000000001,change_color,4,style,make it look cinematic,0.5390625,138.0,0.11748429190733982,False,154.0,False,,,0.2228773534297943,0.22672787308692932,-0.0038505196571350098,-0.09453658759593964,0.9210828542709351,0.8176274299621582,0.376948744058609,0.26167578028252136,15.572502618003522,9.260421666543287,1.8696675300598145,6.062216758728027,,,,,,,,,,,,,,
baseline,sdedit,gaussianshading,611000000002,change_color,0,none,,1.0,256.0,8.636168555094445e-78,True,154.0,True,7.676597113295724,0.09905324764349309,,,,,,,,,,,,,,,,,,,,,,,,,,
baseline,sdedit,gaussianshading,611000000002,change_color,1,change_color,change the brown to black and make it white,0.828125,212.0,7.406648089014277e-28,True,154.0,False,,,0.23794734477996826,0.2183293253183365,0.019618019461631775,0.021599091589450836,0.9366583824157715,0.9118695259094238,0.22127580642700195,0.4175051800578677,19.21656565554585,7.707414929848833,1.8861076831817627,6.062216758728027,,,,,,,,,,,,,,
baseline,sdedit,gaussianshading,611000000002,change_color,2,global_attribute,change the season to winter,0.69140625,177.0,4.204472300805831e-10,True,154.0,False,,,0.23721280694007874,0.23169168829917908,0.005521118640899658,0.014366097748279572,0.9696813821792603,0.9371436834335327,0.21539625525474548,0.3820750241885386,18.563034132505543,7.62975326933306,1.8659358024597168,6.062216758728027,,,,,,,,,,,,,,
baseline,sdedit,gaussianshading,611000000002,change_color,3,background,make the background a forest,0.6015625,154.0,0.0006939833935686392,True,154.0,False,,,0.2563011944293976,0.23988433182239532,0.01641686260700226,0.01190482173115015,0.8764078617095947,0.9452325105667114,0.2277933806180954,0.38150066597047355,17.835580296500453,7.677722967346712,1.868622064590454,6.062216758728027,,,,,,,,,,,,,,
baseline,sdedit,gaussianshading,611000000002,change_color,4,style,make it look cinematic,0.59765625,153.0,0.001066845586377874,False,154.0,False,,,0.24947626888751984,0.25336459279060364,-0.0038883239030838013,-0.03075246699154377,0.8932259678840637,0.9521725177764893,0.2570980191230774,0.36701804713178987,17.28010346985647,7.792735542897258,1.870675802230835,6.062216758728027,,,,,,,,,,,,,,
baseline,sdedit,gaussianshading,611000000003,change_color,0,none,,1.0,256.0,8.636168555094445e-78,True,154.0,True,8.787287540729702,0.2205031415690459,,,,,,,,,,,,,,,,,,,,,,,,,,
baseline,sdedit,gaussianshading,611000000003,change_color,1,change_color,change the white to pink and make it red,0.8359375,214.0,3.0319702919304125e-29,True,154.0,False,,,0.29366812109947205,0.2692403495311737,0.02442777156829834,0.12240960448980331,0.9529285430908203,0.7781752347946167,0.2786785364151001,0.527239655162765,19.290219643239833,8.68144272859417,1.8700156211853027,6.062216758728027,,,,,,,,,,,,,,
baseline,sdedit,gaussianshading,611000000003,change_color,2,global_attribute,change the season to winter,0.640625,164.0,3.998193698555462e-06,True,154.0,False,,,0.27403509616851807,0.2767464518547058,-0.002711355686187744,0.04675721749663353,0.9660772085189819,0.8812100291252136,0.3708740174770355,0.40947635257727716,17.483273152028097,8.492030835294505,1.8699560165405273,6.062216758728027,,,,,,,,,,,,,,
baseline,sdedit,gaussianshading,611000000003,change_color,3,background,make the background a forest,0.58203125,149.0,0.005126403726764799,False,154.0,False,,,0.25468623638153076,0.2647164463996887,-0.010030210018157959,0.03237239271402359,0.9522599577903748,0.852946400642395,0.3968280851840973,0.3692885530127527,16.150736064819572,8.565564274100808,1.8705854415893555,6.062216758728027,,,,,,,,,,,,,,
baseline,sdedit,gaussianshading,611000000003,change_color,4,style,convert it to an oil painting,0.5234375,134.0,0.24592142499070546,False,154.0,False,,,0.29769134521484375,0.24878177046775818,0.04890957474708557,-0.10055495798587799,0.9504225850105286,0.857690691947937,0.40262240171432495,0.36133974620956016,15.622937127277792,8.401765077174709,1.875774621963501,6.062216758728027,,,,,,,,,,,,,,
baseline,sdedit,gaussianshading,611000000004,change_color,0,none,,1.0,256.0,8.636168555094445e-78,True,154.0,True,8.698701288561296,0.26169447391015327,,,,,,,,,,,,,,,,,,,,,,,,,,
baseline,sdedit,gaussianshading,611000000004,change_color,1,change_color,change the white to purple and make it black,0.8359375,214.0,3.0319702919304125e-29,True,154.0,False,,,0.3045271039009094,0.2264305055141449,0.07809659838676453,0.20778976380825043,0.9251466393470764,0.8409451246261597,0.25805890560150146,0.6338467496905192,22.6157179281238,8.791219095124701,1.8707480430603027,6.062216758728027,,,,,,,,,,,,,,
baseline,sdedit,gaussianshading,611000000004,change_color,2,global_attribute,change the season to winter,0.6484375,166.0,1.1760979985375116e-06,True,154.0,False,,,0.3115004599094391,0.2905862033367157,0.02091425657272339,0.19930684566497803,0.8543270230293274,0.8187226057052612,0.36089301109313965,0.523422171491661,21.37355406259248,8.979320512140042,1.8696837425231934,6.062216758728027,,,,,,,,,,,,,,
baseline,sdedit,gaussianshading,611000000004,change_color,3,background,make the background a city street,0.515625,132.0,0.3309164303922281,False,154.0,False,,,0.29956382513046265,0.30096960067749023,-0.0014057755470275879,0.059324316680431366,0.9287068247795105,0.9322933554649353,0.3397687077522278,0.44373887861918027,19.725577123290666,8.876484987900541,1.8733484745025635,6.062216758728027,,,,,,,,,,,,,,
baseline,sdedit,gaussianshading,611000000004,change_color,4,style,make it anime style,0.62890625,161.0,2.2181598404317305e-05,True,154.0,False,,,0.2737622857093811,0.2855980694293976,-0.01183578372001648,-0.031385112553834915,0.9324724674224854,0.8061701059341431,0.32967960834503174,0.40635986764813153,18.20779793225262,8.670012211888373,1.8766329288482666,6.062216758728027,,,,,,,,,,,,,,
baseline,sdedit,gaussianshading,711000000000,change_material,0,none,,1.0,256.0,8.636168555094445e-78,True,154.0,True,11.586156160469736,0.18632078235745705,,,,,,,,,,,,,,,,,,,,,,,,,,
baseline,sdedit,gaussianshading,711000000000,change_material,1,change_material,make it knitted and make it toy,0.83984375,215.0,5.8829426640554515e-30,True,154.0,False,,,0.27180901169776917,0.2705993056297302,0.0012097060680389404,0.11266166716814041,0.8891416192054749,0.739875078201294,0.33600467443466187,0.3138541596664852,17.391625591193932,11.282760638696134,1.871155023574829,6.062216758728027,,,,,,,,,,,,,,
baseline,sdedit,gaussianshading,711000000000,change_material,2,global_attribute,change the season to winter,0.640625,164.0,3.998193698555462e-06,True,154.0,False,,,0.2726144790649414,0.25202661752700806,0.02058786153793335,-0.004196657799184322,0.9358361959457397,0.8409156203269958,0.3235543370246887,0.3086573134674751,16.11444650875965,10.79691860553293,1.8698229789733887,6.062216758728027,,,,,,,,,,,,,,
baseline,sdedit,gaussianshading,711000000000,change_material,3,background,make the background a desert,0.5546875,142.0,0.04565604346614265,False,154.0,False,,,0.22391313314437866,0.2629810571670532,-0.03906792402267456,0.01686546951532364,0.9458714127540588,0.8213385343551636,0.35710206627845764,0.29952893522403934,14.775839100902719,10.235791511387086,1.8705065250396729,6.062216758728027,,,,,,,,,,,,,,
baseline,sdedit,gaussianshading,711000000000,change_material,4,style,convert it to an oil painting,0.56640625,145.0,0.019475917081157083,False,154.0,False,,,0.2532550096511841,0.22025418281555176,0.033000826835632324,0.05726219713687897,0.920813798904419,0.8316804766654968,0.3639001250267029,0.2991536328449071,14.067285239634469,10.208792265915715,1.8705694675445557,6.062216758728027,,,,,,,,,,,,,,
baseline,sdedit,gaussianshading,711000000001,change_material,0,none,,1.0,256.0,8.636168555094445e-78,True,154.0,True,9.138226461967108,0.054710455176825025,,,,,,,,,,,,,,,,,,,,,,,,,,
baseline,sdedit,gaussianshading,711000000001,change_material,1,change_material,make it wooden and make it toy,0.7890625,202.0,1.3613713784205803e-21,True,154.0,False,,,0.289375901222229,0.23186558485031128,0.057510316371917725,0.2101980298757553,0.9003918170928955,0.7962612509727478,0.21748413145542145,0.6009241100318478,22.10243014905304,9.140318409546929,1.869901180267334,6.062216758728027,,,,,,,,,,,,,,
baseline,sdedit,gaussianshading,711000000001,change_material,2,global_attribute,make it nighttime,0.578125,148.0,0.00731417444876026,False,154.0,False,,,0.2710806727409363,0.2683563232421875,0.0027243494987487793,0.039593491703271866,0.9409425258636475,0.7118145823478699,0.3135397434234619,0.40943199914531636,20.963689807945865,9.070287036312855,1.868051290512085,6.062216758728027,,,,,,,,,,,,,,
baseline,sdedit,gaussianshading,711000000001,change_material,3,background,make the background a desert,0.54296875,139.0,0.0946239164605277,False,154.0,False,,,0.2545256018638611,0.269128680229187,-0.014603078365325928,-0.029698729515075684,0.9763577580451965,0.9116451144218445,0.2326274961233139,0.3612323176401728,20.418143009690624,9.00175788847805,1.8643527030944824,6.062216758728027,,,,,,,,,,,,,,
baseline,sdedit,gaussianshading,711000000001,change_material,4,style,make it look cinematic,0.49609375,127.0,0.5743424702535421,False,154.0,False,,,0.24015973508358002,0.23701460659503937,0.0031451284885406494,-0.0036608949303627014,0.9715892672538757,0.9062660336494446,0.280840128660202,0.34134113094556723,19.386819893906726,8.930867632282798,1.8685786724090576,6.062216758728027,,,,,,,,,,,,,,
baseline,sdedit,gaussianshading,711000000002,change_material,0,none,,1.0,256.0,8.636168555094445e-78,True,154.0,True,8.678570064849655,0.3677088414018275,,,,,,,,,,,,,,,,,,,,,,,,,,
baseline,sdedit,gaussianshading,711000000002,change_material,1,change_material,change the blue to plastic and make it golden,0.84375,216.0,1.1092499630302589e-30,True,154.0,False,,,0.24600037932395935,0.24266883730888367,0.0033315420150756836,-0.04115191847085953,0.971294641494751,0.8346679210662842,0.25069743394851685,0.5469405869667129,14.98652998589693,8.166599410496636,1.8658545017242432,6.062216758728027,,,,,,,,,,,,,,
baseline,sdedit,gaussianshading,711000000002,change_material,2,global_attribute,change the season to winter,0.6875,176.0,9.434883206283348e-10,True,154.0,False,,,0.25080445408821106,0.23407626152038574,0.016728192567825317,0.11208952963352203,0.9479296803474426,0.6865602731704712,0.32307523488998413,0.4573002174438587,14.51573974307905,8.041649534613335,1.8713946342468262,6.062216758728027,,,,,,,,,,,,,,
baseline,sdedit,gaussianshading,711000000002,change_material,3,background,make the background a desert,0.6015625,154.0,0.0006939833935686392,True,154.0,False,,,0.25290167331695557,0.2590612769126892,-0.006159603595733643,0.024128025397658348,0.9754897356033325,0.8440582156181335,0.2986173927783966,0.3967614742716927,13.656340847044934,7.533763902896534,1.8721513748168945,6.062216758728027,,,,,,,,,,,,,,
baseline,sdedit,gaussianshading,711000000002,change_material,4,style,turn it into a watercolor painting,0.5859375,150.0,0.003540637028942644,False,154.0,False,,,0.25190770626068115,0.2458576261997223,0.006050080060958862,0.19621065258979797,0.9750988483428955,0.8030987977981567,0.3256581723690033,0.34148706850180083,13.093648459583132,7.56125339694543,1.8712925910949707,6.062216758728027,,,,,,,,,,,,,,
baseline,sdedit,gaussianshading,711000000003,change_material,0,none,,1.0,256.0,8.636168555094445e-78,True,154.0,True,13.830004944245069,0.3634461319769482,,,,,,,,,,,,,,,,,,,,,,,,,,
baseline,sdedit,gaussianshading,711000000003,change_material,1,change_material,make it iron and make it sculpture,0.69140625,177.0,4.204472300805831e-10,True,154.0,False,,,0.275915265083313,0.24461838603019714,0.031296879053115845,0.11749529838562012,0.920911431312561,0.8640490770339966,0.34947049617767334,0.4167243999656256,19.322779115040806,13.11930648135429,1.8669977188110352,6.062216758728027,,,,,,,,,,,,,,
baseline,sdedit,gaussianshading,711000000003,change_material,2,global_attribute,make it sunset lighting,0.60546875,155.0,0.0004446015373390902,True,154.0,False,,,0.26069405674934387,0.25082749128341675,0.009866565465927124,0.016333166509866714,0.8717797994613647,0.6788723468780518,0.3548528552055359,0.3598121287206864,18.162078045912853,12.89403286808847,1.8680860996246338,6.062216758728027,,,,,,,,,,,,,,
baseline,sdedit,gaussianshading,711000000003,change_material,3,background,make the background a forest,0.55078125,141.0,0.05899885244202632,False,154.0,False,,,0.2786640524864197,0.258587509393692,0.02007654309272766,0.055588625371456146,0.9634812474250793,0.9102308750152588,0.35685253143310547,0.3219675277934401,17.863753112634704,12.647890994759024,1.8813045024871826,6.062216758728027,,,,,,,,,,,,,,
baseline,sdedit,gaussianshading,711000000003,change_material,4,style,make it look cinematic,0.50390625,129.0,0.4750904450319304,False,154.0,False,,,0.2800096869468689,0.28272581100463867,-0.0027161240577697754,-0.020626939833164215,0.958791971206665,0.9337048530578613,0.35041260719299316,0.3228045302901558,17.33277124619064,12.001348666530035,1.8664326667785645,6.062216758728027,,,,,,,,,,,,,,
baseline,sdedit,gaussianshading,711000000004,change_material,0,none,,1.0,256.0,8.636168555094445e-78,True,154.0,True,9.79938891185112,0.30892141036806625,,,,,,,,,,,,,,,,,,,,,,,,,,
baseline,sdedit,gaussianshading,711000000004,change_material,1,change_material,make it golden and make it sculpture,0.8046875,206.0,5.720924209180002e-24,True,154.0,False,,,0.22030675411224365,0.20825612545013428,0.012050628662109375,0.08807364106178284,0.9700571298599243,0.8585072755813599,0.27198922634124756,0.6192391785694938,20.117928745785314,9.83030333327389,1.8745489120483398,6.062216758728027,,,,,,,,,,,,,,
baseline,sdedit,gaussianshading,711000000004,change_material,2,global_attribute,change the season to winter,0.58984375,151.0,0.002409456784496175,False,154.0,False,,,0.2594166696071625,0.19377073645591736,0.06564593315124512,0.11238812655210495,0.8066408634185791,0.5932517051696777,0.36854392290115356,0.5280902706374068,18.422911328816035,9.612980509291916,1.8685708045959473,6.062216758728027,,,,,,,,,,,,,,
baseline,sdedit,gaussianshading,711000000004,change_material,3,background,make the background a desert,0.48046875,123.0,0.7540785750092945,False,154.0,False,,,0.2931285798549652,0.26555347442626953,0.02757510542869568,-0.029053321108222008,0.875338077545166,0.53310626745224,0.4842497408390045,0.41177266587109845,16.862563212151855,9.30541996655997,1.8690218925476074,6.062216758728027,,,,,,,,,,,,,,
baseline,sdedit,gaussianshading,711000000004,change_material,4,style,make it look cinematic,0.58984375,151.0,0.002409456784496175,False,154.0,False,,,0.3093143701553345,0.28600263595581055,0.023311734199523926,0.10902684181928635,0.8972365856170654,0.8691952228546143,0.45085540413856506,0.40091842370185904,16.070459700556867,9.132935344744292,1.871061086654663,6.062216758728027,,,,,,,,,,,,,,
baseline,sdedit,gaussianshading,811000000000,change_background,0,none,,1.0,256.0,8.636168555094445e-78,True,154.0,True,7.637556448068872,0.1728198280954708,,,,,,,,,,,,,,,,,,,,,,,,,,
baseline,sdedit,gaussianshading,811000000000,change_background,1,change_background,change the background to forest,0.71484375,183.0,2.2506982783628793e-12,True,154.0,False,,,0.2101970911026001,0.18711811304092407,0.023078978061676025,0.03470428287982941,0.9412908554077148,0.9517555832862854,0.2861550450325012,0.7817581055832372,21.526347534508005,7.432353088765624,1.8725910186767578,6.062216758728027,,,,,,,,,,,,,,
baseline,sdedit,gaussianshading,811000000000,change_background,2,global_attribute,make it nighttime,0.56640625,145.0,0.019475917081157083,False,154.0,False,,,0.21351408958435059,0.21658004820346832,-0.003065958619117737,-0.04559947922825813,0.9671061038970947,0.9284055829048157,0.17831715941429138,0.744700273209046,21.10624525391716,7.465037586037877,1.8741016387939453,6.062216758728027,,,,,,,,,,,,,,
baseline,sdedit,gaussianshading,811000000000,change_background,3,background,replace the background with a beach,0.55078125,141.0,0.05899885244202632,False,154.0,False,,,0.22616395354270935,0.215581476688385,0.01058247685432434,0.003848223015666008,0.9440466165542603,0.9249982833862305,0.2761036157608032,0.6869610379246085,21.035997920350663,7.26068925162701,1.873429298400879,6.062216758728027,,,,,,,,,,,,,,
baseline,sdedit,gaussianshading,811000000000,change_background,4,style,make it anime style,0.53515625,137.0,0.14399464326582861,False,154.0,False,,,0.22772961854934692,0.20065844058990479,0.02707117795944214,0.06460269540548325,0.9022339582443237,0.8599938750267029,0.39392685890197754,0.5486722779703195,19.61462958847496,7.1676656195588855,1.8716192245483398,6.062216758728027,,,,,,,,,,,,,,
baseline,sdedit,gaussianshading,811000000001,change_background,0,none,,1.0,256.0,8.636168555094445e-78,True,154.0,True,8.132124400881674,0.153075530369753,,,,,,,,,,,,,,,,,,,,,,,,,,
baseline,sdedit,gaussianshading,811000000001,change_background,1,change_background,change the background to dark,0.8671875,222.0,2.6394480808077633e-35,True,154.0,False,,,0.3289308547973633,0.3147404193878174,0.014190435409545898,0.02574915625154972,0.9686493873596191,0.863473653793335,0.351149320602417,0.37129951363257563,14.535404071192735,7.959794065771777,1.871082067489624,6.062216758728027,,,,,,,,,,,,,,
baseline,sdedit,gaussianshading,811000000001,change_background,2,global_attribute,make it nighttime,0.7109375,182.0,5.634806966794081e-12,True,154.0,False,,,0.32110005617141724,0.31843096017837524,0.002669095993041992,0.014902541413903236,0.9731096029281616,0.8859405517578125,0.3445633053779602,0.33119883337435096,14.044542534929278,8.113382854246861,1.8650972843170166,6.062216758728027,,,,,,,,,,,,,,
baseline,sdedit,gaussianshading,811000000001,change_background,3,background,make the background a forest,0.609375,156.0,0.00028049218678802843,True,154.0,False,,,0.2907189726829529,0.3125517964363098,-0.021832823753356934,0.011356201022863388,0.9646153450012207,0.9249889850616455,0.33233779668807983,0.3062536252893684,13.699966024565654,8.042229152977999,1.871307373046875,6.062216758728027,,,,,,,,,,,,,,
baseline,sdedit,gaussianshading,811000000001,change_background,4,style,make it look cinematic,0.578125,148.0,0.00731417444876026,False,154.0,False,,,0.3055592477321625,0.28405025601387024,0.021508991718292236,-0.001891885418444872,0.9659329652786255,0.9285885095596313,0.3314642608165741,0.2844055877552216,13.385094607510675,8.295950422745417,1.8667683601379395,6.062216758728027,,,,,,,,,,,,,,
baseline,sdedit,gaussianshading,811000000002,change_background,0,none,,1.0,256.0,8.636168555094445e-78,True,154.0,True,13.255242687879232,0.2630333621548004,,,,,,,,,,,,,,,,,,,,,,,,,,
baseline,sdedit,gaussianshading,811000000002,change_background,1,change_background,change the background to grass,0.87109375,223.0,4.0002186987512886e-36,True,154.0,False,,,0.20726513862609863,0.2291993498802185,-0.021934211254119873,-0.05307621881365776,0.9586502313613892,0.8535813689231873,0.2118060290813446,0.32766695379197475,19.855390139112096,12.943691527614812,1.8706824779510498,6.062216758728027,,,,,,,,,,,,,,
baseline,sdedit,gaussianshading,811000000002,change_background,2,global_attribute,change the season to winter,0.671875,172.0,2.006192357512582e-08,True,154.0,False,,,0.21401360630989075,0.20153814554214478,0.012475460767745972,0.05179779231548309,0.9812124371528625,0.8778766393661499,0.2410358041524887,0.31082480210790314,18.992958492631583,12.894285931650058,1.8745694160461426,6.062216758728027,,,,,,,,,,,,,,
baseline,sdedit,gaussianshading,811000000002,change_background,3,background,replace the background with a beach,0.6015625,154.0,0.0006939833935686392,True,154.0,False,,,0.21933649480342865,0.20626990497112274,0.013066589832305908,0.011280291713774204,0.9687580466270447,0.9187970757484436,0.4023585915565491,0.26891233228326744,18.044773548554936,12.52229775382907,1.8735880851745605,6.062216758728027,,,,,,,,,,,,,,
baseline,sdedit,gaussianshading,811000000002,change_background,4,style,turn it into a watercolor painting,0.53515625,137.0,0.14399464326582861,False,154.0,False,,,0.24914099276065826,0.22156722843647003,0.027573764324188232,0.146990567445755,0.9001680612564087,0.8919899463653564,0.43427708745002747,0.2556089554770033,16.997643268502948,12.192696901544524,1.8783226013183594,6.062216758728027,,,,,,,,,,,,,,
baseline,sdedit,gaussianshading,811000000003,change_background,0,none,,1.0,256.0,8.636168555094445e-78,True,154.0,True,7.705540339831477,0.08678071650546026,,,,,,,,,,,,,,,,,,,,,,,,,,
baseline,sdedit,gaussianshading,811000000003,change_background,1,change_background,change the background to blue,0.79296875,203.0,3.5915369163460917e-22,True,154.0,False,,,0.21933524310588837,0.22889849543571472,-0.009563252329826355,0.04137827828526497,0.9652994871139526,0.9196357727050781,0.27411940693855286,0.37619433327720175,15.501004142965664,7.775219804811806,1.8701164722442627,6.062216758728027,,,,,,,,,,,,,,
baseline,sdedit,gaussianshading,811000000003,change_background,2,global_attribute,change the season to winter,0.6875,176.0,9.434883206283348e-10,True,154.0,False,,,0.26192018389701843,0.18361157178878784,0.07830861210823059,0.04261041432619095,0.8862348794937134,0.9007101655006409,0.3265787959098816,0.32981071289608654,14.803703044940399,7.846083024337545,1.876631498336792,6.062216758728027,,,,,,,,,,,,,,
baseline,sdedit,gaussianshading,811000000003,change_background,3,background,make the background a desert,0.56640625,145.0,0.019475917081157083,False,154.0,False,,,0.2606354355812073,0.25747886300086975,0.0031565725803375244,0.008113989606499672,0.9636406898498535,0.9159058332443237,0.36225640773773193,0.28442082388955964,14.170257376046571,7.777465618714573,1.8726801872253418,6.062216758728027,,,,,,,,,,,,,,
baseline,sdedit,gaussianshading,811000000003,change_background,4,style,turn it into a watercolor painting,0.5703125,146.0,0.014254461953498988,False,154.0,False,,,0.26453667879104614,0.253991961479187,0.01054471731185913,0.019656572490930557,0.9493205547332764,0.9356598854064941,0.37892135977745056,0.2746999708110937,13.312913307812032,7.687992235515302,1.87174391746521,6.062216758728027,,,,,,,,,,,,,,
baseline,sdedit,gaussianshading,811000000004,change_background,0,none,,1.0,256.0,8.636168555094445e-78,True,154.0,True,9.133667208658917,0.09357019619029001,,,,,,,,,,,,,,,,,,,,,,,,,,
baseline,sdedit,gaussianshading,811000000004,change_background,1,change_background,change the background to red,0.88671875,227.0,1.4846454937872452e-39,True,154.0,False,,,0.23863089084625244,0.25121283531188965,-0.012581944465637207,0.01909494400024414,0.9705665707588196,0.9652265906333923,0.30641859769821167,0.2670387125177584,14.269558659029604,8.862861882606449,1.869114637374878,6.062216758728027,,,,,,,,,,,,,,
baseline,sdedit,gaussianshading,811000000004,change_background,2,global_attribute,make it rainy,0.71875,184.0,8.822608852267559e-13,True,154.0,False,,,0.2259959578514099,0.21866068243980408,0.007335275411605835,-0.0313451811671257,0.9752582311630249,0.9540566802024841,0.2980908751487732,0.2844977739558274,14.182378564668788,8.966871866743398,1.866405963897705,6.062216758728027,,,,,,,,,,,,,,
baseline,sdedit,gaussianshading,811000000004,change_background,3,background,replace the background with a beach,0.6171875,158.0,0.0001065665615939295,True,154.0,False,,,0.23546776175498962,0.2228907346725464,0.012577027082443237,0.013727720826864243,0.9674942493438721,0.9614399671554565,0.31651169061660767,0.25354275035949875,13.69853670728924,8.823431582319941,1.8836688995361328,6.062216758728027,,,,,,,,,,,,,,
baseline,sdedit,gaussianshading,811000000004,change_background,4,style,convert it to an oil painting,0.57421875,147.0,0.010284725520827362,False,154.0,False,,,0.2359948754310608,0.22153297066688538,0.014461904764175415,0.15386292338371277,0.929649829864502,0.8786084055900574,0.35377615690231323,0.266119402348667,13.552106998488737,8.840911475292836,1.8717730045318604,6.062216758728027,,,,,,,,,,,,,,
baseline,sdedit,gaussianshading,911000000000,change_style,0,none,,1.0,256.0,8.636168555094445e-78,True,154.0,True,9.856714760356803,0.21110788081522402,,,,,,,,,,,,,,,,,,,,,,,,,,
baseline,sdedit,gaussianshading,911000000000,change_style,1,change_style,make it realism style expressionism style,0.828125,212.0,7.406648089014277e-28,True,154.0,False,,,0.2726020812988281,0.268821120262146,0.003780961036682129,0.10406709462404251,0.9499726295471191,0.8795654773712158,0.30150243639945984,0.4353620908191174,16.06817752689524,9.563821948295457,1.8702614307403564,6.062216758728027,,,,,,,,,,,,,,
baseline,sdedit,gaussianshading,911000000000,change_style,2,global_attribute,make it nighttime,0.6953125,178.0,1.8404447729063617e-10,True,154.0,False,,,0.28402212262153625,0.26060542464256287,0.02341669797897339,0.04004909470677376,0.9516907930374146,0.9377022385597229,0.2917686700820923,0.42559179991126567,16.024241769690626,9.521705703646246,1.8738508224487305,6.062216758728027,,,,,,,,,,,,,,
baseline,sdedit,gaussianshading,911000000000,change_style,3,background,replace the background with a beach,0.5625,144.0,0.026235836666071523,False,154.0,False,,,0.2535998225212097,0.27002260088920593,-0.016422778367996216,0.04279804602265358,0.921438455581665,0.8774142861366272,0.3557037115097046,0.37536430226322276,15.69825527359768,9.783286921265912,1.8747084140777588,6.062216758728027,,,,,,,,,,,,,,
baseline,sdedit,gaussianshading,911000000000,change_style,4,style,make it look cinematic,0.56640625,145.0,0.019475917081157083,False,154.0,False,,,0.27192381024360657,0.2468600571155548,0.025063753128051758,0.042923469096422195,0.9134927988052368,0.8403751254081726,0.3787592649459839,0.3389324616386256,15.538626180515084,9.593203890505047,1.8721251487731934,6.062216758728027,,,,,,,,,,,,,,
baseline,sdedit,gaussianshading,911000000001,change_style,0,none,,1.0,256.0,8.636168555094445e-78,True,154.0,True,7.921834235010893,0.3814387242987902,,,,,,,,,,,,,,,,,,,,,,,,,,
baseline,sdedit,gaussianshading,911000000001,change_style,1,change_style,make it realism style painting,0.78515625,201.0,5.042243609889108e-21,True,154.0,False,,,0.2689787745475769,0.20424248278141022,0.06473629176616669,0.24199683964252472,0.793412446975708,0.47513437271118164,0.31268754601478577,0.6656516463649718,18.26698442428072,7.687281309768297,1.8624868392944336,6.062216758728027,,,,,,,,,,,,,,
baseline,sdedit,gaussianshading,911000000001,change_style,2,global_attribute,make it rainy,0.5390625,138.0,0.11748429190733982,False,154.0,False,,,0.2788812518119812,0.2525986135005951,0.02628263831138611,0.11161389201879501,0.9238879084587097,0.73746258020401,0.3180873990058899,0.5624221445931625,17.695977424966568,7.76703693953293,1.8634169101715088,6.062216758728027,,,,,,,,,,,,,,
baseline,sdedit,gaussianshading,911000000001,change_style,3,background,replace the background with a beach,0.54296875,139.0,0.0946239164605277,False,154.0,False,,,0.26186180114746094,0.2687252461910248,-0.006863445043563843,-0.032983094453811646,0.9287387728691101,0.8082543015480042,0.3359676003456116,0.5082860865150839,17.965539856653994,7.749202546553036,1.8816518783569336,6.062216758728027,,,,,,,,,,,,,,
baseline,sdedit,gaussianshading,911000000001,change_style,4,style,make it anime style,0.49609375,127.0,0.5743424702535421,False,154.0,False,,,0.29150229692459106,0.25035715103149414,0.041145145893096924,0.05064363777637482,0.8772225379943848,0.8301690220832825,0.3642770051956177,0.43638358187660065,17.203533334228183,7.739615694508961,1.8645844459533691,6.062216758728027,,,,,,,,,,,,,,
baseline,sdedit,gaussianshading,911000000002,change_style,0,none,,1.0,256.0,8.636168555094445e-78,True,154.0,True,6.62391642038843,0.13019910884624888,,,,,,,,,,,,,,,,,,,,,,,,,,
baseline,sdedit,gaussianshading,911000000002,change_style,1,change_style,make it minimalism kids crayon drawing,0.796875,204.0,9.255391288366052e-23,True,154.0,False,,,0.2642151415348053,0.2366778552532196,0.027537286281585693,0.17296206951141357,0.9440075159072876,0.8988457918167114,0.2599390745162964,0.33929866128625946,15.29463135186541,6.734949753589881,1.8707456588745117,6.062216758728027,,,,,,,,,,,,,,
baseline,sdedit,gaussianshading,911000000002,change_style,2,global_attribute,make it sunset lighting,0.69921875,179.0,7.91241544231877e-11,True,154.0,False,,,0.25924938917160034,0.25627750158309937,0.0029718875885009766,0.02944578230381012,0.9647170901298523,0.8969619870185852,0.2566322982311249,0.2879727243244352,14.594910319743569,6.679597535265534,1.8677873611450195,6.062216758728027,,,,,,,,,,,,,,
baseline,sdedit,gaussianshading,911000000002,change_style,3,background,replace the background with a beach,0.53125,136.0,0.1742606277334355,False,154.0,False,,,0.24850718677043915,0.24722644686698914,0.0012807399034500122,-0.011397695168852806,0.9761502742767334,0.8797959685325623,0.2742277979850769,0.2749913572132929,12.81132764879851,6.375227845374286,1.8723382949829102,6.062216758728027,,,,,,,,,,,,,,
baseline,sdedit,gaussianshading,911000000002,change_style,4,style,make it anime style,0.56640625,145.0,0.019475917081157083,False,154.0,False,,,0.27287405729293823,0.2545950710773468,0.01827898621559143,0.12410581856966019,0.9562596082687378,0.9020713567733765,0.28046783804893494,0.27290401290882743,12.567508275541213,6.70494522412233,1.8865418434143066,6.062216758728027,,,,,,,,,,,,,,
baseline,sdedit,gaussianshading,911000000003,change_style,0,none,,1.0,256.0,8.636168555094445e-78,True,154.0,True,6.512173675998144,0.0722609465834196,,,,,,,,,,,,,,,,,,,,,,,,,,
baseline,sdedit,gaussianshading,911000000003,change_style,1,change_style,make it surrealism style wall mural,0.875,224.0,5.858468973293344e-37,True,154.0,False,,,0.2607274353504181,0.23319187760353088,0.027535557746887207,0.03290443867444992,0.9504174590110779,0.9015184044837952,0.3807121515274048,0.38866850603995146,15.961473244693302,6.5956755820770905,1.8711400032043457,6.062216758728027,,,,,,,,,,,,,,
baseline,sdedit,gaussianshading,911000000003,change_style,2,global_attribute,make it nighttime,0.7109375,182.0,5.634806966794081e-12,True,154.0,False,,,0.271112322807312,0.2590579390525818,0.012054383754730225,0.03973641246557236,0.9423205256462097,0.9277412295341492,0.3887011408805847,0.3675852565150716,15.889818800937432,6.729879795341307,1.8704633712768555,6.062216758728027,,,,,,,,,,,,,,
baseline,sdedit,gaussianshading,911000000003,change_style,3,background,make the background a city street,0.55859375,143.0,0.03485024746454654,False,154.0,False,,,0.2382373809814453,0.2528228461742401,-0.0145854651927948,0.024718020111322403,0.9730352163314819,0.9257937669754028,0.391924649477005,0.36078756461650835,16.112654627591382,6.833655098023029,1.8711128234863281,6.062216758728027,,,,,,,,,,,,,,
baseline,sdedit,gaussianshading,911000000003,change_style,4,style,convert it to an oil painting,0.55859375,143.0,0.03485024746454654,False,154.0,False,,,0.28818240761756897,0.23045498132705688,0.057727426290512085,0.0100330151617527,0.9401496648788452,0.8472695350646973,0.451452374458313,0.28843818931370785,15.751013293421654,6.8320541192641056,1.8671531677246094,6.062216758728027,,,,,,,,,,,,,,
baseline,sdedit,gaussianshading,911000000004,change_style,0,none,,1.0,256.0,8.636168555094445e-78,True,154.0,True,10.469138961604829,0.38302115691498395,,,,,,,,,,,,,,,,,,,,,,,,,,
baseline,sdedit,gaussianshading,911000000004,change_style,1,change_style,make it photorealism style oil painting,0.6953125,178.0,1.8404447729063617e-10,True,154.0,False,,,0.2790244221687317,0.19873228669166565,0.08029213547706604,0.2896021604537964,0.8378020524978638,0.8233381509780884,0.3071861267089844,0.7200726340896301,23.599287730496048,10.464037634094634,1.869502305984497,6.062216758728027,,,,,,,,,,,,,,
baseline,sdedit,gaussianshading,911000000004,change_style,2,global_attribute,make it sunset lighting,0.68359375,175.0,2.079972665522276e-09,True,154.0,False,,,0.2965354323387146,0.29810020327568054,-0.0015647709369659424,0.027262412011623383,0.9457011222839355,0.9204055070877075,0.31082531809806824,0.6850838480646669,22.97744200472799,10.621994791857379,1.8714041709899902,6.062216758728027,,,,,,,,,,,,,,
baseline,sdedit,gaussianshading,911000000004,change_style,3,background,make the background a city street,0.5859375,150.0,0.003540637028942644,False,154.0,False,,,0.29447585344314575,0.29239121079444885,0.0020846426486968994,-0.002337651327252388,0.9509633779525757,0.8902930617332458,0.3112938404083252,0.647568226917015,22.906286697792034,10.483472062891547,1.8821496963500977,6.062216758728027,,,,,,,,,,,,,,
baseline,sdedit,gaussianshading,911000000004,change_style,4,style,turn it into a watercolor painting,0.5546875,142.0,0.04565604346614265,False,154.0,False,,,0.30910271406173706,0.2776028513908386,0.03149986267089844,0.07112172991037369,0.9240686893463135,0.8665753602981567,0.29753732681274414,0.615735994289116,21.35238719917271,10.605898660103543,1.8677141666412354,6.062216758728027,,,,,,,,,,,,,,
baseline,sdedit,none,111000000000,change_object,0,none,,,,,,,,inf,1.0,,,,,,,,,,,,,,,0.03921721107855696,False,,,68.07020568847656,0.4921875,126.0,0.6226346259555037,False,154.0,False,
baseline,sdedit,none,111000000000,change_object,1,change_object,change the fishes to sharks and change the kelp to flowers,,,,,,,,,0.22771644592285156,0.17576518654823303,0.05195125937461853,0.19909965991973877,0.8566110134124756,0.5495104789733887,0.4016924202442169,0.2749927855266612,16.597023763260342,16.597023763260342,1.8804948329925537,6.062216758728027,,,0.20197503884650664,False,,,76.4273452758789,0.46484375,119.0,0.8825157080926602,False,154.0,False,
baseline,sdedit,none,111000000000,change_object,2,global_attribute,make it nighttime,,,,,,,,,0.22706076502799988,0.2303219586610794,-0.003261193633079529,-0.02875678986310959,0.8947655558586121,0.5151962041854858,0.41697344183921814,0.2569851222984005,15.344394424736059,15.07553879431492,1.8710992336273193,6.062216758728027,,,0.6428102327885559,False,,,78.08145141601562,0.52734375,135.0,0.20827859374661445,False,154.0,False,
baseline,sdedit,none,111000000000,change_object,3,background,make the background a desert,,,,,,,,,0.22784706950187683,0.22294755280017853,0.004899516701698303,-0.014247763901948929,0.9614250659942627,0.841179609298706,0.38093799352645874,0.2543416860669407,14.229533082761366,13.548564419775786,1.8683006763458252,6.062216758728027,,,0.8802489438249264,False,,,77.49310302734375,0.546875,140.0,0.07521726680064354,False,154.0,False,
baseline,sdedit,none,111000000000,change_object,4,style,turn it into a watercolor painting,,,,,,,,,0.26308515667915344,0.1827753782272339,0.08030977845191956,0.24017426371574402,0.930826723575592,0.8230583071708679,0.41624459624290466,0.2348641363312237,13.758916054763674,13.019691765441078,1.8668172359466553,6.062216758728027,,,0.6641422629843776,False,,,78.64244842529297,0.5234375,134.0,0.24592142499070546,False,154.0,False,
baseline,sdedit,none,111000000001,change_object,0,none,,,,,,,,inf,1.0,,,,,,,,,,,,,,,0.6733671351209289,False,,,82.0671615600586,0.49609375,127.0,0.5743424702535421,False,154.0,False,
baseline,sdedit,none,111000000001,change_object,1,change_object,change the cat to tiger and change the hat to scarf,,,,,,,,,0.31562700867652893,0.23121017217636108,0.08441683650016785,0.2690807282924652,0.8413302302360535,0.5588059425354004,0.4315234422683716,0.4483611679023763,16.662389860067602,16.662389860067602,1.8700497150421143,6.062216758728027,,,0.5198752442228824,False,,,80.49571228027344,0.546875,140.0,0.07521726680064354,False,154.0,False,
baseline,sdedit,none,111000000001,change_object,2,global_attribute,make it rainy,,,,,,,,,0.33318573236465454,0.2943364083766937,0.038849323987960815,0.30398058891296387,0.9262537956237793,0.9297279119491577,0.34900909662246704,0.43711781590092696,15.965310944463491,14.210437914986837,1.8644936084747314,6.062216758728027,,,0.47300254419691196,False,,,79.43172454833984,0.49609375,127.0,0.5743424702535421,False,154.0,False,
baseline,sdedit,none,111000000001,change_object,3,background,make the background a desert,,,,,,,,,0.33580148220062256,0.3114655315876007,0.02433595061302185,-0.04506366699934006,0.9354013204574585,0.932153582572937,0.34088414907455444,0.3809539622252629,14.661712333445758,12.640891540902599,1.8706207275390625,6.062216758728027,,,0.8101890345191963,False,,,84.04926300048828,0.453125,116.0,0.9410011475579737,False,154.0,False,
baseline,sdedit,none,111000000001,change_object,4,style,make it look cinematic,,,,,,,,,0.3258611559867859,0.30776864290237427,0.01809251308441162,-0.012356631457805634,0.9645037055015564,0.9571942687034607,0.30703601241111755,0.38013932400046674,14.80536635308918,11.74794225871896,1.8799810409545898,6.062216758728027,,,0.5052706661003503,False,,,79.16944885253906,0.52734375,135.0,0.20827859374661445,False,154.0,False,
baseline,sdedit,none,111000000002,change_object,0,none,,,,,,,,inf,1.0,,,,,,,,,,,,,,,0.9727859271757056,False,,,86.19181060791016,0.46875,120.0,0.8560053567341714,False,154.0,False,
baseline,sdedit,none,111000000002,change_object,1,change_object,change the duck to marmot and change the eyes to mouth,,,,,,,,,0.24811109900474548,0.13731957972049713,0.11079151928424835,0.3295983076095581,0.8403279781341553,0.5194698572158813,0.37965986132621765,0.5649968587267981,18.275752967793856,18.275752967793856,1.8647992610931396,6.062216758728027,,,0.8466522562576596,False,,,84.70286560058594,0.54296875,139.0,0.0946239164605277,False,154.0,False,
baseline,sdedit,none,111000000002,change_object,2,global_attribute,make it nighttime,,,,,,,,,0.23308342695236206,0.24309974908828735,-0.010016322135925293,-0.006777413189411163,0.8667992353439331,0.8019291758537292,0.33780956268310547,0.5470490136493641,17.995157869792653,16.298137929408576,1.870488166809082,6.062216758728027,,,0.9901015029476952,False,,,87.72261047363281,0.5859375,150.0,0.003540637028942644,False,154.0,False,
baseline,sdedit,none,111000000002,change_object,3,background,make the background a desert,,,,,,,,,0.23257529735565186,0.22780728340148926,0.004768013954162598,-0.06268324702978134,0.8783864974975586,0.7539389133453369,0.3886651396751404,0.5030970429309448,17.762410067379925,15.14667074772461,1.8675522804260254,6.062216758728027,,,0.7495580363342625,False,,,83.30828857421875,0.53125,136.0,0.1742606277334355,False,154.0,False,
baseline,sdedit,none,111000000002,change_object,4,style,make it anime style,,,,,,,,,0.2104889452457428,0.20926757156848907,0.0012213736772537231,-0.08262287080287933,0.8923434615135193,0.9006435871124268,0.31334859132766724,0.49686855458581375,17.614914061223097,14.226418661978515,1.8686282634735107,6.062216758728027,,,0.7027647376178594,False,,,83.6772232055664,0.48828125,125.0,0.6690835696077719,False,154.0,False,
baseline,sdedit,none,111000000003,change_object,0,none,,,,,,,,inf,1.0,,,,,,,,,,,,,,,0.3301615953304741,False,,,72.87015533447266,0.5546875,142.0,0.04565604346614265,False,154.0,False,
baseline,sdedit,none,111000000003,change_object,1,change_object,change the bunny to pig and change the eyes to ears,,,,,,,,,0.2556923031806946,0.1970217525959015,0.05867055058479309,0.3437478542327881,0.851317286491394,0.6209661960601807,0.3454737067222595,0.3994562587907819,19.31860447654357,19.31860447654357,1.871272325515747,6.062216758728027,,,0.3223370061593037,False,,,80.44939422607422,0.51953125,133.0,0.286930688297277,False,154.0,False,
baseline,sdedit,none,111000000003,change_object,2,global_attribute,change the season to winter,,,,,,,,,0.22800502181053162,0.2216770201921463,0.006328001618385315,0.01532352901995182,0.9463735818862915,0.8791394829750061,0.39896875619888306,0.3487924821342259,18.355697538799514,17.592723745199116,1.874518871307373,6.062216758728027,,,0.12855942256484884,False,,,77.96647644042969,0.53515625,137.0,0.14399464326582861,False,154.0,False,
baseline,sdedit,none,111000000003,change_object,3,background,make the background a city street,,,,,,,,,0.2949173152446747,0.20492509007453918,0.0899922251701355,0.048794716596603394,0.9384883642196655,0.9197269678115845,0.4159071445465088,0.37152834917639366,18.37191362189005,16.757836574511405,1.8723783493041992,6.062216758728027,,,0.42944634492555017,False,,,79.2961654663086,0.484375,124.0,0.7130693117027229,False,154.0,False,
baseline,sdedit,none,111000000003,change_object,4,style,convert it to an oil painting,,,,,,,,,0.24678349494934082,0.2563406527042389,-0.009557157754898071,0.15324923396110535,0.8962558507919312,0.7327045202255249,0.397930771112442,0.3692948380977586,18.058134563909263,15.962153897281738,1.8706707954406738,6.062216758728027,,,0.6029201868264604,False,,,80.63886260986328,0.53125,136.0,0.1742606277334355,False,154.0,False,
baseline,sdedit,none,111000000004,change_object,0,none,,,,,,,,inf,1.0,,,,,,,,,,,,,,,0.5560444058351013,False,,,74.73863220214844,0.5234375,134.0,0.24592142499070546,False,154.0,False,
baseline,sdedit,none,111000000004,change_object,1,change_object,change the owl to cat and change the heart to circle,,,,,,,,,0.20445328950881958,0.18871130049228668,0.015741989016532898,0.07054461538791656,0.9409655928611755,0.8177418112754822,0.2965271770954132,0.550857494692837,16.50707249456499,16.50707249456499,1.8649039268493652,6.062216758728027,,,0.5715038210105272,False,,,76.88253021240234,0.4921875,126.0,0.6226346259555037,False,154.0,False,
baseline,sdedit,none,111000000004,change_object,2,global_attribute,make it sunset lighting,,,,,,,,,0.19298484921455383,0.1841854453086853,0.00879940390586853,0.0408659502863884,0.9304486513137817,0.8874160051345825,0.32502254843711853,0.4648645829514216,15.841569169791637,14.442875408338738,1.8696701526641846,6.062216758728027,,,0.32525993476032417,False,,,76.56149291992188,0.484375,124.0,0.7130693117027229,False,154.0,False,
baseline,sdedit,none,111000000004,change_object,3,background,make the background a city street,,,,,,,,,0.2321350872516632,0.17832034826278687,0.05381473898887634,0.016247009858489037,0.9403715133666992,0.8640743494033813,0.33650872111320496,0.4743074013682253,15.612532076687945,13.654373163538288,1.8657102584838867,6.062216758728027,,,0.015969331388695555,False,,,73.83321380615234,0.5390625,138.0,0.11748429190733982,False,154.0,False,
baseline,sdedit,none,111000000004,change_object,4,style,make it anime style,,,,,,,,,0.2405523657798767,0.22080929577350616,0.019743070006370544,0.03346147760748863,0.8946799039840698,0.8368871212005615,0.3932145833969116,0.4401360760549357,15.1184780249345,12.781941781056933,1.873652696609497,6.062216758728027,,,0.712065983908018,False,,,80.69243621826172,0.51953125,133.0,0.286930688297277,False,154.0,False,
baseline,sdedit,none,211000000000,add_object,0,none,,,,,,,,inf,1.0,,,,,,,,,,,,,,,0.31079202327146205,False,,,77.27735900878906,0.47265625,121.0,0.8257393722665645,False,154.0,False,
baseline,sdedit,none,211000000000,add_object,1,add_object,add scarf and add flowers in mouth,,,,,,,,,0.28119146823883057,0.2661797106266022,0.015011757612228394,0.006019978784024715,0.9779820442199707,0.8693481087684631,0.36953988671302795,0.37786144862389387,17.695661781007843,17.695661781007843,1.8720979690551758,6.062216758728027,,,0.07761525918374489,False,,,76.39104461669922,0.55859375,143.0,0.03485024746454654,False,154.0,False,
baseline,sdedit,none,211000000000,add_object,2,global_attribute,make it rainy,,,,,,,,,0.2454448789358139,0.2592087388038635,-0.013763859868049622,0.0449226014316082,0.9325992465019226,0.8223356604576111,0.33929264545440674,0.33751473954432426,16.756479315057575,16.045437750110793,1.8609416484832764,6.062216758728027,,,0.5322190503959731,False,,,76.22010803222656,0.54296875,139.0,0.0946239164605277,False,154.0,False,
baseline,sdedit,none,211000000000,add_object,3,background,make the background a desert,,,,,,,,,0.2767799496650696,0.23644773662090302,0.040332213044166565,0.09513211250305176,0.9378095865249634,0.859639048576355,0.34462788701057434,0.31915666547764915,16.02234178392496,14.793857436905245,1.8712987899780273,6.062216758728027,,,0.15600434566396995,False,,,76.21123504638672,0.52734375,135.0,0.20827859374661445,False,154.0,False,
baseline,sdedit,none,211000000000,add_object,4,style,make it anime style,,,,,,,,,0.25305473804473877,0.2649933695793152,-0.011938631534576416,-0.09511879831552505,0.9460861086845398,0.8503018617630005,0.3477925956249237,0.3100642528413829,15.315041354493848,13.956448344783006,1.8663694858551025,6.062216758728027,,,0.01128577138690932,False,,,73.47880554199219,0.50390625,129.0,0.4750904450319304,False,154.0,False,
baseline,sdedit,none,211000000001,add_object,0,none,,,,,,,,inf,1.0,,,,,,,,,,,,,,,0.9589669685808455,False,,,70.8835220336914,0.47265625,121.0,0.8257393722665645,False,154.0,False,
baseline,sdedit,none,211000000001,add_object,1,add_object,add a gold chain and add a star on its head,,,,,,,,,0.26927924156188965,0.19676573574543,0.07251350581645966,0.2590956389904022,0.9281682372093201,0.8087534308433533,0.3496086001396179,0.4073034536459255,20.03391138847627,20.03391138847627,1.86781644821167,6.062216758728027,,,0.6593287619545068,False,,,76.16343688964844,0.51171875,131.0,0.3773653740444963,False,154.0,False,
baseline,sdedit,none,211000000001,add_object,2,global_attribute,make it nighttime,,,,,,,,,0.2750261425971985,0.27351218461990356,0.0015139579772949219,-0.048849429935216904,0.9051307439804077,0.8562874794006348,0.36398035287857056,0.31500065436719776,18.601596054814166,18.99424224840762,1.869518756866455,6.062216758728027,,,0.7104013683264313,False,,,74.55032348632812,0.47265625,121.0,0.8257393722665645,False,154.0,False,
baseline,sdedit,none,211000000001,add_object,3,background,make the background a desert,,,,,,,,,0.2968886196613312,0.26142454147338867,0.035464078187942505,0.02918703854084015,0.9540218114852905,0.8260148763656616,0.33101627230644226,0.305740279491508,18.805745845725582,17.81328730192278,1.8699219226837158,6.062216758728027,,,0.8870128187798504,False,,,79.90687561035156,0.5390625,138.0,0.11748429190733982,False,154.0,False,
baseline,sdedit,none,211000000001,add_object,4,style,make it anime style,,,,,,,,,0.27016353607177734,0.30893367528915405,-0.03877013921737671,0.037155456840991974,0.945717990398407,0.8414160013198853,0.3095237612724304,0.2830311221004903,18.010702395611776,17.032999920946764,1.870910882949829,6.062216758728027,,,0.5541449807622063,False,,,72.64485931396484,0.5234375,134.0,0.24592142499070546,False,154.0,False,
baseline,sdedit,none,211000000002,add_object,0,none,,,,,,,,inf,1.0,,,,,,,,,,,,,,,0.5709845621873187,False,,,69.84831237792969,0.49609375,127.0,0.5743424702535421,False,154.0,False,
baseline,sdedit,none,211000000002,add_object,1,add_object,add leaves and add a flower,,,,,,,,,0.28020477294921875,0.29233336448669434,-0.012128591537475586,0.0036753742024302483,0.9430144429206848,0.955843985080719,0.2618735730648041,0.3141547081136485,14.102037153125227,14.102037153125227,1.8710076808929443,6.062216758728027,,,0.7061601889604543,False,,,72.3067855834961,0.515625,132.0,0.3309164303922281,False,154.0,False,
baseline,sdedit,none,211000000002,add_object,2,global_attribute,make it sunset lighting,,,,,,,,,0.2747136354446411,0.2611611485481262,0.013552486896514893,0.03217349946498871,0.9361818432807922,0.8763628602027893,0.29268166422843933,0.24231461794491507,13.230423845389424,12.401963052312087,1.8743557929992676,6.062216758728027,,,0.36846001690590735,False,,,71.96736907958984,0.46875,120.0,0.8560053567341714,False,154.0,False,
baseline,sdedit,none,211000000002,add_object,3,background,make the background a forest,,,,,,,,,0.2715711295604706,0.26757386326789856,0.0039972662925720215,-0.029074469581246376,0.9556373357772827,0.8949981331825256,0.3040201961994171,0.2373550187784423,12.722283719648784,11.472515765895261,1.868201494216919,6.062216758728027,,,0.7005821759925178,False,,,73.73277282714844,0.515625,132.0,0.3309164303922281,False,154.0,False,
baseline,sdedit,none,211000000002,add_object,4,style,turn it into a watercolor painting,,,,,,,,,0.24498295783996582,0.22716809809207916,0.017814859747886658,0.1990087628364563,0.9251648187637329,0.8674511909484863,0.4013713002204895,0.193328165674351,12.1748670856466,11.054140051386645,1.868628740310669,6.062216758728027,,,0.4946683242393276,False,,,75.92166900634766,0.4921875,126.0,0.6226346259555037,False,154.0,False,
baseline,sdedit,none,211000000003,add_object,0,none,,,,,,,,inf,1.0,,,,,,,,,,,,,,,0.5371997137692405,False,,,75.49107360839844,0.47265625,121.0,0.8257393722665645,False,154.0,False,
baseline,sdedit,none,211000000003,add_object,1,add_object,add a hurbat and add a sword,,,,,,,,,0.2636365592479706,0.23598408699035645,0.027652472257614136,0.011012589558959007,0.9112738370895386,0.8202846050262451,0.2419358193874359,0.5782584980748897,19.420266440240198,19.420266440240198,1.877211332321167,6.062216758728027,,,0.3784983380959691,False,,,79.17215728759766,0.48828125,125.0,0.6690835696077719,False,154.0,False,
baseline,sdedit,none,211000000003,add_object,2,global_attribute,make it rainy,,,,,,,,,0.31194886565208435,0.2631309926509857,0.04881787300109863,0.17788735032081604,0.9050118923187256,0.8519989252090454,0.3517341613769531,0.48530759504425447,18.49216913461995,17.283564388459812,1.8707025051116943,6.062216758728027,,,0.6372810557156114,False,,,80.65025329589844,0.484375,124.0,0.7130693117027229,False,154.0,False,
baseline,sdedit,none,211000000003,add_object,3,background,make the background a forest,,,,,,,,,0.3014851212501526,0.28764083981513977,0.013844281435012817,-0.01661977358162403,0.9242209196090698,0.885440468788147,0.29140934348106384,0.44352655298398086,17.137869899666782,15.8719198884628,1.8736135959625244,6.062216758728027,,,0.3597933550865661,False,,,78.32252502441406,0.5,128.0,0.5249095549680696,False,154.0,False,
baseline,sdedit,none,211000000003,add_object,4,style,turn it into a watercolor painting,,,,,,,,,0.2199365347623825,0.2315228283405304,-0.011586293578147888,0.08092932403087616,0.8770923614501953,0.8378702402114868,0.36115336418151855,0.3822947418659404,16.272034687132297,14.62668282865225,1.8729074001312256,6.062216758728027,,,0.18107352760060724,False,,,77.3755874633789,0.53125,136.0,0.1742606277334355,False,154.0,False,
baseline,sdedit,none,211000000004,add_object,0,none,,,,,,,,inf,1.0,,,,,,,,,,,,,,,0.37731844725803565,False,,,69.68087005615234,0.4765625,122.0,0.7917214062533855,False,154.0,False,
baseline,sdedit,none,211000000004,add_object,1,add_object,add a cat and add colorful flowers,,,,,,,,,0.28558260202407837,0.2593200206756592,0.02626258134841919,0.1377669870853424,0.9296315908432007,0.9309811592102051,0.31750667095184326,0.6504664393914144,17.289321601897814,17.289321601897814,1.8716230392456055,6.062216758728027,,,0.48809282519047587,False,,,74.7553939819336,0.48046875,123.0,0.7540785750092945,False,154.0,False,
baseline,sdedit,none,211000000004,add_object,2,global_attribute,change the season to winter,,,,,,,,,0.25401225686073303,0.25981736183166504,-0.005805104970932007,-0.00810557883232832,0.982744574546814,0.94117271900177,0.2687336206436157,0.5606437609169274,17.317624222817113,15.329840879275256,1.8667140007019043,6.062216758728027,,,0.4989000597352802,False,,,74.5098876953125,0.4453125,114.0,0.9651497525354534,False,154.0,False,
baseline,sdedit,none,211000000004,add_object,3,background,make the background a desert,,,,,,,,,0.25983092188835144,0.2476356029510498,0.012195318937301636,0.015898093581199646,0.9528499841690063,0.9449569582939148,0.2625541687011719,0.49021377437313474,16.644768416282197,14.09902908754111,1.8729372024536133,6.062216758728027,,,0.6782751424156511,False,,,77.03964233398438,0.5234375,134.0,0.24592142499070546,False,154.0,False,
baseline,sdedit,none,211000000004,add_object,4,style,make it anime style,,,,,,,,,0.24723437428474426,0.2585001289844513,-0.011265754699707031,-0.01256055198609829,0.9312624931335449,0.8859220743179321,0.31023284792900085,0.44132801220344325,16.48610530067237,13.777621971787955,1.8716468811035156,6.062216758728027,,,0.7843503219842596,False,,,72.47221374511719,0.51953125,133.0,0.286930688297277,False,154.0,False,
baseline,sdedit,none,311000000000,delete_object,0,none,,,,,,,,inf,1.0,,,,,,,,,,,,,,,0.576747947470303,False,,,71.28970336914062,0.5,128.0,0.5249095549680696,False,154.0,False,
baseline,sdedit,none,311000000000,delete_object,1,delete_object,remove the yellow flowers,,,,,,,,,0.22551609575748444,0.23209452629089355,-0.006578430533409119,0.06381095200777054,0.9471142888069153,0.8069584965705872,0.23352810740470886,0.6663346081416551,18.52273166666817,18.52273166666817,1.8710687160491943,6.062216758728027,,,0.2638323607212832,False,,,75.94547271728516,0.4921875,126.0,0.6226346259555037,False,154.0,False,
baseline,sdedit,none,311000000000,delete_object,2,global_attribute,change the season to winter,,,,,,,,,0.22406063973903656,0.1883327066898346,0.035727933049201965,0.2177673578262329,0.9447946548461914,0.7893968224525452,0.3896811306476593,0.5323631448406062,17.462892661730937,16.33223662077586,1.872629165649414,6.062216758728027,,,0.04061724649514101,False,,,72.05867767333984,0.4921875,126.0,0.6226346259555037,False,154.0,False,
baseline,sdedit,none,311000000000,delete_object,3,background,replace the background with a beach,,,,,,,,,0.22154681384563446,0.20473426580429077,0.01681254804134369,0.013205185532569885,0.9442492127418518,0.7439994215965271,0.3618440330028534,0.42568564205365345,16.361007258247003,15.055720512918391,1.8683099746704102,6.062216758728027,,,0.022015855008177036,False,,,76.3580093383789,0.5625,144.0,0.026235836666071523,False,154.0,False,
baseline,sdedit,none,311000000000,delete_object,4,style,make it look cinematic,,,,,,,,,0.2560906708240509,0.22560234367847443,0.030488327145576477,0.04551885277032852,0.9220772385597229,0.7536619901657104,0.39879095554351807,0.38888868872205107,15.733713751760867,14.010232125098906,1.8695099353790283,6.062216758728027,,,0.19546245453231698,False,,,75.63442993164062,0.52734375,135.0,0.20827859374661445,False,154.0,False,
baseline,sdedit,none,311000000001,delete_object,0,none,,,,,,,,inf,1.0,,,,,,,,,,,,,,,0.5436243664312204,False,,,74.45459747314453,0.51171875,131.0,0.3773653740444963,False,154.0,False,
baseline,sdedit,none,311000000001,delete_object,1,delete_object,remove the headphones,,,,,,,,,0.2016400396823883,0.2064104676246643,-0.004770427942276001,0.06939399242401123,0.9894832372665405,0.9228435754776001,0.1968373954296112,0.5950413769937465,19.79313398125727,19.79313398125727,1.869640588760376,6.062216758728027,,,0.3498533381901886,False,,,76.20091247558594,0.47265625,121.0,0.8257393722665645,False,154.0,False,
baseline,sdedit,none,311000000001,delete_object,2,global_attribute,make it sunset lighting,,,,,,,,,0.1702365279197693,0.16670571267604828,0.0035308152437210083,0.06322774291038513,0.9880547523498535,0.9251130819320679,0.22287894785404205,0.5548033682681247,19.039613249684418,18.07571379743578,1.8730599880218506,6.062216758728027,,,0.22030502737505075,False,,,76.27621459960938,0.5,128.0,0.5249095549680696,False,154.0,False,
baseline,sdedit,none,311000000001,delete_object,3,background,replace the background with a beach,,,,,,,,,0.164457768201828,0.1672016978263855,-0.002743929624557495,-0.057050783187150955,0.983051061630249,0.9512248039245605,0.20746251940727234,0.5453187917093406,19.437326941942136,17.79570773180026,1.868668556213379,6.062216758728027,,,0.6862858627465339,False,,,75.3830337524414,0.47265625,121.0,0.8257393722665645,False,154.0,False,
baseline,sdedit,none,311000000001,delete_object,4,style,turn it into a watercolor painting,,,,,,,,,0.1667833775281906,0.12010838091373444,0.04667499661445618,0.24777939915657043,0.9498836398124695,0.8746649622917175,0.3349844217300415,0.48768397979089473,18.64372379106212,16.84244128038821,1.872291088104248,6.062216758728027,,,0.41564844410832685,False,,,76.82201385498047,0.45703125,117.0,0.9247827331993564,False,154.0,False,
baseline,sdedit,none,311000000002,delete_object,0,none,,,,,,,,inf,1.0,,,,,,,,,,,,,,,0.6513558619541616,False,,,71.7811050415039,0.4609375,118.0,0.9053760835394723,False,154.0,False,
baseline,sdedit,none,311000000002,delete_object,1,delete_object,remove a suit and remove a laptop,,,,,,,,,0.26888221502304077,0.2647378146648407,0.004144400358200073,-0.04174770042300224,0.9771519303321838,0.9318523406982422,0.2668701112270355,0.6304085487235689,18.763596700788952,18.763596700788952,1.8667964935302734,6.062216758728027,,,0.1411510786922069,False,,,72.3426742553711,0.51953125,133.0,0.286930688297277,False,154.0,False,
baseline,sdedit,none,311000000002,delete_object,2,global_attribute,make it nighttime,,,,,,,,,0.261033296585083,0.24939119815826416,0.011642098426818848,0.13161274790763855,0.9844110012054443,0.9012627005577087,0.28968632221221924,0.6057467165467332,18.38236980667859,17.160411425604376,1.8737308979034424,6.062216758728027,,,0.6489620452037874,False,,,75.666015625,0.5,128.0,0.5249095549680696,False,154.0,False,
baseline,sdedit,none,311000000002,delete_object,3,background,make the background a desert,,,,,,,,,0.2425232231616974,0.24761271476745605,-0.005089491605758667,0.04987257719039917,0.9774657487869263,0.9106124639511108,0.31429892778396606,0.5861455590195981,18.34666123129976,16.35771009221342,1.8716492652893066,6.062216758728027,,,0.9782268756828958,False,,,78.61392974853516,0.55078125,141.0,0.05899885244202632,False,154.0,False,
baseline,sdedit,none,311000000002,delete_object,4,style,make it anime style,,,,,,,,,0.2588043510913849,0.2385619878768921,0.020242363214492798,0.10008282959461212,0.9302850365638733,0.7796996831893921,0.3211677372455597,0.5592456611403454,18.211926850447494,15.685143547953668,1.8694322109222412,6.062216758728027,,,0.6806414292873072,False,,,76.30424499511719,0.47265625,121.0,0.8257393722665645,False,154.0,False,
baseline,sdedit,none,311000000003,delete_object,0,none,,,,,,,,inf,1.0,,,,,,,,,,,,,,,0.18537731602603408,False,,,72.30131530761719,0.51171875,131.0,0.3773653740444963,False,154.0,False,
baseline,sdedit,none,311000000003,delete_object,1,delete_object,remove the flower,,,,,,,,,0.29344460368156433,0.2963303327560425,-0.0028857290744781494,-0.05898508429527283,0.9304196834564209,0.8099291324615479,0.19550448656082153,0.6557226632836478,22.062301097865266,22.062301097865266,1.8712327480316162,6.062216758728027,,,0.06819267297058491,False,,,74.39259338378906,0.5078125,130.0,0.4256575297464579,False,154.0,False,
baseline,sdedit,none,311000000003,delete_object,2,global_attribute,make it sunset lighting,,,,,,,,,0.2667928636074066,0.2697273790836334,-0.0029345154762268066,0.01853322610259056,0.953630805015564,0.8976203203201294,0.2216932475566864,0.6256430964153405,21.22820552077847,20.59841981107189,1.8719475269317627,6.062216758728027,,,0.3593592917703894,False,,,75.89224243164062,0.49609375,127.0,0.5743424702535421,False,154.0,False,
baseline,sdedit,none,311000000003,delete_object,3,background,make the background a forest,,,,,,,,,0.23387372493743896,0.2430359274148941,-0.00916220247745514,-0.0020116306841373444,0.9285173416137695,0.8497392535209656,0.2263721227645874,0.5712400429432448,20.05097064206508,19.27345547735904,1.8649849891662598,6.062216758728027,,,0.671858485272534,False,,,75.63865661621094,0.5,128.0,0.5249095549680696,False,154.0,False,
baseline,sdedit,none,311000000003,delete_object,4,style,convert it to an oil painting,,,,,,,,,0.22505468130111694,0.20785531401634216,0.01719936728477478,0.05139375478029251,0.9338866472244263,0.8920654654502869,0.22389653325080872,0.549963837421329,20.422904940356396,18.35385658142669,1.8685202598571777,6.062216758728027,,,0.799979709523562,False,,,77.67809295654297,0.51171875,131.0,0.3773653740444963,False,154.0,False,
baseline,sdedit,none,311000000004,delete_object,0,none,,,,,,,,inf,1.0,,,,,,,,,,,,,,,0.8819031699779752,False,,,74.2903060913086,0.46484375,119.0,0.8825157080926602,False,154.0,False,
baseline,sdedit,none,311000000004,delete_object,1,delete_object,remove an iceberg and remove a plane flying overhead,,,,,,,,,0.22213414311408997,0.23437021672725677,-0.012236073613166809,0.13922250270843506,0.9780452847480774,0.8832687735557556,0.2931285500526428,0.4658511386768504,19.030982623003222,19.030982623003222,1.8721306324005127,6.062216758728027,,,0.49801357284749803,False,,,77.41427612304688,0.5234375,134.0,0.24592142499070546,False,154.0,False,
baseline,sdedit,none,311000000004,delete_object,2,global_attribute,make it rainy,,,,,,,,,0.25731873512268066,0.2163679599761963,0.040950775146484375,0.07788457721471786,0.9489579200744629,0.8662550449371338,0.3415241539478302,0.44552732820340246,18.24628333961759,17.14045088056278,1.8667116165161133,6.062216758728027,,,0.9025259656898992,False,,,79.64260864257812,0.47265625,121.0,0.8257393722665645,False,154.0,False,
baseline,sdedit,none,311000000004,delete_object,3,background,make the background a city street,,,,,,,,,0.29869264364242554,0.24202746152877808,0.05666518211364746,0.03236401826143265,0.9390909671783447,0.802297830581665,0.4158538579940796,0.3904112727846942,17.290201309584127,15.43157226046145,1.8704886436462402,6.062216758728027,,,0.5815621628571384,False,,,79.20033264160156,0.5546875,142.0,0.04565604346614265,False,154.0,False,
baseline,sdedit,none,311000000004,delete_object,4,style,convert it to an oil painting,,,,,,,,,0.26893553137779236,0.2768532633781433,-0.007917732000350952,-0.14113591611385345,0.9636300802230835,0.8632107377052307,0.39609238505363464,0.34276063866461287,16.524249717590706,14.603774887730033,1.867570161819458,6.062216758728027,,,0.840966377574069,False,,,79.265625,0.5078125,130.0,0.4256575297464579,False,154.0,False,
baseline,sdedit,none,411000000000,change_content,0,none,,,,,,,,inf,1.0,,,,,,,,,,,,,,,0.1392835169564008,False,,,67.16726684570312,0.51171875,131.0,0.3773653740444963,False,154.0,False,
baseline,sdedit,none,411000000000,change_content,1,change_content,change the big to small and make it big,,,,,,,,,0.2803162932395935,0.26966190338134766,0.01065438985824585,0.0550321564078331,0.9602048993110657,0.9345115423202515,0.12200172245502472,0.6919867413955156,23.479262285498827,23.479262285498827,1.869248867034912,6.062216758728027,,,0.5120026989691862,False,,,73.2254409790039,0.55078125,141.0,0.05899885244202632,False,154.0,False,
baseline,sdedit,none,411000000000,change_content,2,global_attribute,make it nighttime,,,,,,,,,0.2742088735103607,0.2507714033126831,0.023437470197677612,0.2496275156736374,0.9639184474945068,0.8739607334136963,0.290057897567749,0.574024530940029,20.200230014378025,19.533097929747655,1.862654685974121,6.062216758728027,,,0.5236595395506429,False,,,78.40650939941406,0.53125,136.0,0.1742606277334355,False,154.0,False,
baseline,sdedit,none,411000000000,change_content,3,background,replace the background with a beach,,,,,,,,,0.2605758309364319,0.2676023840904236,-0.007026553153991699,0.05839625000953674,0.9783446788787842,0.8879452347755432,0.28911662101745605,0.51237915052611,18.762448727487616,17.982966219226466,1.8691017627716064,6.062216758728027,,,0.5856573123195198,False,,,74.98030090332031,0.5625,144.0,0.026235836666071523,False,154.0,False,
baseline,sdedit,none,411000000000,change_content,4,style,turn it into a watercolor painting,,,,,,,,,0.28728586435317993,0.24769409000873566,0.039591774344444275,0.21880215406417847,0.9503695964813232,0.8897963166236877,0.3291981816291809,0.42572538050734776,18.065158585709625,16.8866678773847,1.8735108375549316,6.062216758728027,,,0.07235259937556372,False,,,72.23363494873047,0.5859375,150.0,0.003540637028942644,False,154.0,False,
baseline,sdedit,none,411000000001,change_content,0,none,,,,,,,,inf,1.0,,,,,,,,,,,,,,,0.3334514121446835,False,,,79.62966918945312,0.45703125,117.0,0.9247827331993564,False,154.0,False,
baseline,sdedit,none,411000000001,change_content,1,change_content,change the spread out to fold in,,,,,,,,,0.2902870774269104,0.2911192774772644,-0.0008322000503540039,-0.0981874018907547,0.9626632928848267,0.8838420510292053,0.35482436418533325,0.4173158326432045,15.593483705136864,15.593483705136864,1.8730101585388184,6.062216758728027,,,0.7052277816032323,False,,,83.4161605834961,0.453125,116.0,0.9410011475579737,False,154.0,False,
baseline,sdedit,none,411000000001,change_content,2,global_attribute,change the season to winter,,,,,,,,,0.2847471833229065,0.26783719658851624,0.01690998673439026,0.14658759534358978,0.9085279703140259,0.899480938911438,0.37730059027671814,0.3676831752128377,15.266822291087369,13.666688258409188,1.8688349723815918,6.062216758728027,,,0.6241826634693525,False,,,81.41410064697266,0.46484375,119.0,0.8825157080926602,False,154.0,False,
baseline,sdedit,none,411000000001,change_content,3,background,replace the background with a beach,,,,,,,,,0.26141947507858276,0.2595122754573822,0.0019071996212005615,0.10002101957798004,0.9139690399169922,0.9050226211547852,0.3794904947280884,0.3416694325962411,14.847170478596327,12.726211129741232,1.8697607517242432,6.062216758728027,,,0.4978202621712733,False,,,79.49320983886719,0.5078125,130.0,0.4256575297464579,False,154.0,False,
baseline,sdedit,none,411000000001,change_content,4,style,make it anime style,,,,,,,,,0.22904150187969208,0.24126286804676056,-0.012221366167068481,0.011464204639196396,0.9753990173339844,0.8300973176956177,0.4264851212501526,0.311383446834665,14.202619941396932,12.079198888443134,1.873473882675171,6.062216758728027,,,0.5638128193991314,False,,,80.24815368652344,0.51953125,133.0,0.286930688297277,False,154.0,False,
baseline,sdedit,none,411000000002,change_content,0,none,,,,,,,,inf,1.0,,,,,,,,,,,,,,,0.7286025268190336,False,,,72.8296890258789,0.46875,120.0,0.8560053567341714,False,154.0,False,
baseline,sdedit,none,411000000002,change_content,1,change_content,change the scarf to cloak,,,,,,,,,0.28254199028015137,0.28524544835090637,-0.002703458070755005,0.04508012533187866,0.916627049446106,0.842245876789093,0.2530977725982666,0.39078056188878524,17.649471231818122,17.649471231818122,1.8741130828857422,6.062216758728027,,,0.4413804684209801,False,,,76.49365234375,0.46875,120.0,0.8560053567341714,False,154.0,False,
baseline,sdedit,none,411000000002,change_content,2,global_attribute,change the season to winter,,,,,,,,,0.33449074625968933,0.2597256898880005,0.07476505637168884,0.2673667073249817,0.8644441366195679,0.8124771118164062,0.3975355923175812,0.29957393664598686,16.44406002923112,15.521236407727724,1.873833417892456,6.062216758728027,,,0.5543885587366977,False,,,79.04948425292969,0.47265625,121.0,0.8257393722665645,False,154.0,False,
baseline,sdedit,none,411000000002,change_content,3,background,make the background a city street,,,,,,,,,0.29423224925994873,0.3090267777442932,-0.014794528484344482,-0.0034451819956302643,0.9566333889961243,0.8313255906105042,0.3788818418979645,0.26483579473366575,15.049555987731589,14.261121799103124,1.8687713146209717,6.062216758728027,,,0.10607312310589785,False,,,76.55510711669922,0.515625,132.0,0.3309164303922281,False,154.0,False,
baseline,sdedit,none,411000000002,change_content,4,style,make it look cinematic,,,,,,,,,0.31764572858810425,0.2878066301345825,0.02983909845352173,-0.060889750719070435,0.9177827835083008,0.7081800699234009,0.4389941096305847,0.20969359356615516,14.223932859463812,13.24594271669147,1.8692114353179932,6.062216758728027,,,0.3753512828364233,False,,,79.4643783569336,0.47265625,121.0,0.8257393722665645,False,154.0,False,
baseline,sdedit,none,411000000003,change_content,0,none,,,,,,,,inf,1.0,,,,,,,,,,,,,,,0.31048591941693804,False,,,77.14502716064453,0.48828125,125.0,0.6690835696077719,False,154.0,False,
baseline,sdedit,none,411000000003,change_content,1,change_content,change the furry wolf to bald wolf,,,,,,,,,0.25656840205192566,0.26848262548446655,-0.011914223432540894,-0.053185414522886276,0.9418004751205444,0.9352562427520752,0.334353506565094,0.33772931128009526,18.2269355528003,18.2269355528003,1.8686671257019043,6.062216758728027,,,0.14277502886897092,False,,,75.44344329833984,0.51171875,131.0,0.3773653740444963,False,154.0,False,
baseline,sdedit,none,411000000003,change_content,2,global_attribute,make it sunset lighting,,,,,,,,,0.24849048256874084,0.23200875520706177,0.016481727361679077,0.04675564169883728,0.9533138275146484,0.9387819766998291,0.32230013608932495,0.286801466178868,17.383987131932624,16.669541211372145,1.8712241649627686,6.062216758728027,,,0.1640746720766991,False,,,76.41258239746094,0.4921875,126.0,0.6226346259555037,False,154.0,False,
baseline,sdedit,none,411000000003,change_content,3,background,make the background a forest,,,,,,,,,0.2749713659286499,0.2718042731285095,0.003167092800140381,0.005789255723357201,0.9676363468170166,0.9312595129013062,0.3832255005836487,0.2679169445648308,16.17922922576831,15.021134470199042,1.8665783405303955,6.062216758728027,,,0.37189941966662143,False,,,78.69092559814453,0.5390625,138.0,0.11748429190733982,False,154.0,False,
baseline,sdedit,none,411000000003,change_content,4,style,convert it to an oil painting,,,,,,,,,0.27896833419799805,0.26516884565353394,0.013799488544464111,0.17217430472373962,0.9622388482093811,0.8991661667823792,0.41088050603866577,0.2601704790551552,15.836716800792365,14.523957617155663,1.86751127243042,6.062216758728027,,,0.22808360929491173,False,,,78.82295989990234,0.55078125,141.0,0.05899885244202632,False,154.0,False,
baseline,sdedit,none,411000000004,change_content,0,none,,,,,,,,inf,1.0,,,,,,,,,,,,,,,0.7474507485532279,False,,,77.45088195800781,0.5234375,134.0,0.24592142499070546,False,154.0,False,
baseline,sdedit,none,411000000004,change_content,1,change_content,change the shepherd dog to poodle dog and make it luxury,,,,,,,,,0.3327711224555969,0.3195938467979431,0.013177275657653809,0.1785152107477188,0.9032023549079895,0.6365715265274048,0.39956778287887573,0.41751935062515183,16.808158755613714,16.808158755613714,1.8657951354980469,6.062216758728027,,,0.527531278130438,False,,,73.89899444580078,0.52734375,135.0,0.20827859374661445,False,154.0,False,
baseline,sdedit,none,411000000004,change_content,2,global_attribute,change the season to winter,,,,,,,,,0.30470606684684753,0.2981468141078949,0.006559252738952637,0.002181605901569128,0.9423550367355347,0.7547353506088257,0.368704617023468,0.37554966993191324,15.668693098940418,14.605562978967887,1.865675687789917,6.062216758728027,,,0.7056494047666136,False,,,77.35321807861328,0.49609375,127.0,0.5743424702535421,False,154.0,False,
baseline,sdedit,none,411000000004,change_content,3,background,make the background a city street,,,,,,,,,0.3013632297515869,0.2851162254810333,0.01624700427055359,0.06180571764707565,0.9406479001045227,0.7830148339271545,0.3584609031677246,0.34018869736636653,14.270707733573666,13.279407093299774,1.8704314231872559,6.062216758728027,,,0.7663653124102761,False,,,78.46057891845703,0.5078125,130.0,0.4256575297464579,False,154.0,False,
baseline,sdedit,none,411000000004,change_content,4,style,make it look cinematic,,,,,,,,,0.17063061892986298,0.18154606223106384,-0.010915443301200867,0.038387469947338104,0.9289019107818604,0.8346260190010071,0.3889828026294708,0.3256012925886454,13.398662147309706,12.36858132297241,1.881089687347412,6.062216758728027,,,0.5835131029702502,False,,,76.85869598388672,0.56640625,145.0,0.019475917081157083,False,154.0,False,
baseline,sdedit,none,511000000000,change_pose,0,none,,,,,,,,inf,1.0,,,,,,,,,,,,,,,0.8496218578236155,False,,,76.11294555664062,0.4609375,118.0,0.9053760835394723,False,154.0,False,
baseline,sdedit,none,511000000000,change_pose,1,change_pose,make it tail down and make it jumping,,,,,,,,,0.2055836021900177,0.19898396730422974,0.006599634885787964,-0.00935249775648117,0.9422781467437744,0.7845622897148132,0.32948389649391174,0.23842825012813243,18.665520628888753,18.665520628888753,1.868478536605835,6.062216758728027,,,0.8871880656719809,False,,,80.48786163330078,0.46875,120.0,0.8560053567341714,False,154.0,False,
baseline,sdedit,none,511000000000,change_pose,2,global_attribute,make it nighttime,,,,,,,,,0.1949801743030548,0.18378494679927826,0.01119522750377655,0.05957457423210144,0.9307706356048584,0.8101032972335815,0.32358142733573914,0.21692175186750753,17.991488536791564,17.219971369264663,1.8699069023132324,6.062216758728027,,,0.6089197902161283,False,,,79.53079223632812,0.5078125,130.0,0.4256575297464579,False,154.0,False,
baseline,sdedit,none,511000000000,change_pose,3,background,make the background a city street,,,,,,,,,0.21658095717430115,0.18914029002189636,0.027440667152404785,0.08193153142929077,0.9398816823959351,0.8757355809211731,0.34196606278419495,0.2058441752457978,17.299646215389927,16.057103591451007,1.870063066482544,6.062216758728027,,,0.6458481413068867,False,,,76.65316772460938,0.53125,136.0,0.1742606277334355,False,154.0,False,
baseline,sdedit,none,511000000000,change_pose,4,style,convert it to an oil painting,,,,,,,,,0.2612417936325073,0.20605716109275818,0.055184632539749146,0.19490942358970642,0.8393164873123169,0.6262428760528564,0.39432352781295776,0.21535690516358222,16.994934204572157,15.775131498274519,1.8730661869049072,6.062216758728027,,,0.7327138869515329,False,,,80.98420715332031,0.46875,120.0,0.8560053567341714,False,154.0,False,
baseline,sdedit,none,511000000001,change_pose,0,none,,,,,,,,inf,1.0,,,,,,,,,,,,,,,0.34333645208821,False,,,76.25027465820312,0.49609375,127.0,0.5743424702535421,False,154.0,False,
baseline,sdedit,none,511000000001,change_pose,1,change_pose,change the standing to sitting and make it tilting its head and make it wagging its tail,,,,,,,,,0.22764219343662262,0.21389080584049225,0.013751387596130371,0.06747303158044815,0.8898637294769287,0.8628617525100708,0.2536739110946655,0.35420896947878444,16.832092319955443,16.832092319955443,1.8750276565551758,6.062216758728027,,,0.5286988478064668,False,,,79.37018585205078,0.484375,124.0,0.7130693117027229,False,154.0,False,
baseline,sdedit,none,511000000001,change_pose,2,global_attribute,make it rainy,,,,,,,,,0.2130659520626068,0.2143920660018921,-0.0013261139392852783,-0.09763405472040176,0.9152728915214539,0.9009705781936646,0.3201889991760254,0.30301601051444144,15.845049991632273,14.909780016447044,1.8756093978881836,6.062216758728027,,,0.28211552878859675,False,,,77.0953140258789,0.4921875,126.0,0.6226346259555037,False,154.0,False,
baseline,sdedit,none,511000000001,change_pose,3,background,make the background a desert,,,,,,,,,0.2106616497039795,0.20834606885910034,0.0023155808448791504,0.051224011927843094,0.8898715972900391,0.883634626865387,0.3064165711402893,0.2970500292894249,15.352416981566643,13.927604084953874,1.866950511932373,6.062216758728027,,,0.4419367182674626,False,,,80.52515411376953,0.52734375,135.0,0.20827859374661445,False,154.0,False,
baseline,sdedit,none,511000000001,change_pose,4,style,make it look cinematic,,,,,,,,,0.20311953127384186,0.20774134993553162,-0.004621818661689758,-0.025597766041755676,0.9706183671951294,0.880524754524231,0.3166677951812744,0.2938911692449319,15.482711503930114,13.511424363939309,1.8648648262023926,6.062216758728027,,,0.0838026539805956,False,,,74.54632568359375,0.49609375,127.0,0.5743424702535421,False,154.0,False,
baseline,sdedit,none,511000000002,change_pose,0,none,,,,,,,,inf,1.0,,,,,,,,,,,,,,,0.8645601824060007,False,,,78.5244369506836,0.5234375,134.0,0.24592142499070546,False,154.0,False,
baseline,sdedit,none,511000000002,change_pose,1,change_pose,make it its mouth open and change the sitting to standing and make it roaring,,,,,,,,,0.24367213249206543,0.24372060596942902,-4.8473477363586426e-05,0.009262612089514732,0.9453305006027222,0.9494857788085938,0.29497647285461426,0.3039160789512089,18.542481991065834,18.542481991065834,1.8629484176635742,6.062216758728027,,,0.4578323624239362,False,,,78.25037384033203,0.4453125,114.0,0.9651497525354534,False,154.0,False,
baseline,sdedit,none,511000000002,change_pose,2,global_attribute,change the season to winter,,,,,,,,,0.24027656018733978,0.2165171355009079,0.023759424686431885,0.08159013092517853,0.9462202191352844,0.954594612121582,0.302541047334671,0.2789848734505737,17.898513521827788,16.855273847798564,1.8694944381713867,6.062216758728027,,,0.6937931111340857,False,,,76.3443832397461,0.4453125,114.0,0.9651497525354534,False,154.0,False,
baseline,sdedit,none,511000000002,change_pose,3,background,replace the background with a beach,,,,,,,,,0.23559516668319702,0.22048456966876984,0.015110597014427185,0.06572997570037842,0.9535317420959473,0.9510089755058289,0.32720091938972473,0.26294812750762564,16.483922405057957,15.308766940229896,1.8660590648651123,6.062216758728027,,,0.5512786826361058,False,,,78.58748626708984,0.48046875,123.0,0.7540785750092945,False,154.0,False,
baseline,sdedit,none,511000000002,change_pose,4,style,make it look cinematic,,,,,,,,,0.25299105048179626,0.23862837255001068,0.014362677931785583,0.00882420688867569,0.9573686718940735,0.9378432035446167,0.3149815499782562,0.2644417665207701,15.752802889234584,14.448770366520991,1.8627636432647705,6.062216758728027,,,0.9219329825813382,False,,,79.0752182006836,0.453125,116.0,0.9410011475579737,False,154.0,False,
baseline,sdedit,none,511000000003,change_pose,0,none,,,,,,,,inf,1.0,,,,,,,,,,,,,,,0.3187729844981217,False,,,80.7135238647461,0.53125,136.0,0.1742606277334355,False,154.0,False,
baseline,sdedit,none,511000000003,change_pose,1,change_pose,change the wings spread to wings folded and make it beak pointed downward,,,,,,,,,0.29507917165756226,0.28379207849502563,0.011287093162536621,0.020987050607800484,0.9667602777481079,0.9623578786849976,0.16069166362285614,0.7281484476745851,18.459720407682987,18.459720407682987,1.8744292259216309,6.062216758728027,,,0.7852181446936912,False,,,82.04948425292969,0.46875,120.0,0.8560053567341714,False,154.0,False,
baseline,sdedit,none,511000000003,change_pose,2,global_attribute,make it nighttime,,,,,,,,,0.27130448818206787,0.2837638258934021,-0.012459337711334229,0.03538825362920761,0.9657459259033203,0.9656020998954773,0.17548386752605438,0.7061848656712476,18.208380521330557,16.326784003104077,1.8718585968017578,6.062216758728027,,,0.24573891152647004,False,,,81.3438720703125,0.52734375,135.0,0.20827859374661445,False,154.0,False,
baseline,sdedit,none,511000000003,change_pose,3,background,make the background a city street,,,,,,,,,0.27209576964378357,0.2583571672439575,0.01373860239982605,0.03453103452920914,0.9461861848831177,0.8918973803520203,0.29986172914505005,0.609184634967058,17.955076610058263,14.688837077746566,1.8689873218536377,6.062216758728027,,,0.5119285988046548,False,,,80.2885971069336,0.48046875,123.0,0.7540785750092945,False,154.0,False,
baseline,sdedit,none,511000000003,change_pose,4,style,convert it to an oil painting,,,,,,,,,0.26224061846733093,0.2577703595161438,0.004470258951187134,0.17095984518527985,0.9549264907836914,0.8890982866287231,0.3300313651561737,0.4988863458232691,17.14274616941561,13.95095803529044,1.8835930824279785,6.062216758728027,,,0.483059094909454,False,,,80.33222961425781,0.50390625,129.0,0.4750904450319304,False,154.0,False,
baseline,sdedit,none,511000000004,change_pose,0,none,,,,,,,,inf,1.0,,,,,,,,,,,,,,,0.5187030400001348,False,,,78.90283966064453,0.5078125,130.0,0.4256575297464579,False,154.0,False,
baseline,sdedit,none,511000000004,change_pose,1,change_pose,make it eyes closed and change the sitting to lying and make it above its head,,,,,,,,,0.23531381785869598,0.2317391335964203,0.003574684262275696,0.04511122405529022,0.9559821486473083,0.9598798751831055,0.2632307708263397,0.5171772700525791,19.850558710228107,19.850558710228107,1.8696129322052002,6.062216758728027,,,0.36296172300022433,False,,,78.49410247802734,0.515625,132.0,0.3309164303922281,False,154.0,False,
baseline,sdedit,none,511000000004,change_pose,2,global_attribute,make it nighttime,,,,,,,,,0.2162826806306839,0.22909530997276306,-0.012812629342079163,-0.008801581338047981,0.9781243801116943,0.9602013826370239,0.25780221819877625,0.44665159975024354,18.76754387851944,17.942902841705475,1.8718931674957275,6.062216758728027,,,0.8777321442009741,False,,,81.73612976074219,0.45703125,117.0,0.9247827331993564,False,154.0,False,
baseline,sdedit,none,511000000004,change_pose,3,background,make the background a forest,,,,,,,,,0.2300533652305603,0.22018900513648987,0.009864360094070435,0.11325785517692566,0.9685980081558228,0.9539937973022461,0.281332403421402,0.40508800608463713,17.129722947313297,15.903898405330285,1.8690247535705566,6.062216758728027,,,0.5386894469037246,False,,,80.26922607421875,0.4765625,122.0,0.7917214062533855,False,154.0,False,
baseline,sdedit,none,511000000004,change_pose,4,style,make it look cinematic,,,,,,,,,0.2253146469593048,0.2165086269378662,0.008806020021438599,0.08833111077547073,0.9808933138847351,0.964022159576416,0.31032681465148926,0.3712684693166395,16.602226990003366,15.238757077899939,1.867504358291626,6.062216758728027,,,0.8947722168020233,False,,,79.94709014892578,0.48828125,125.0,0.6690835696077719,False,154.0,False,
baseline,sdedit,none,611000000000,change_color,0,none,,,,,,,,inf,1.0,,,,,,,,,,,,,,,0.538355188323086,False,,,76.88028717041016,0.48828125,125.0,0.6690835696077719,False,154.0,False,
baseline,sdedit,none,611000000000,change_color,1,change_color,change the black to white and change the red to green,,,,,,,,,0.26447683572769165,0.26975637674331665,-0.005279541015625,-0.002445939928293228,0.9538736343383789,0.8637698888778687,0.3720298111438751,0.2518537561804152,16.687327640882447,16.687327640882447,1.8689627647399902,6.062216758728027,,,0.11395554935984695,False,,,74.08221435546875,0.47265625,121.0,0.8257393722665645,False,154.0,False,
baseline,sdedit,none,611000000000,change_color,2,global_attribute,change the season to winter,,,,,,,,,0.2609541118144989,0.2453758418560028,0.015578269958496094,0.14638306200504303,0.9609229564666748,0.8678309917449951,0.38065946102142334,0.22999102535158186,15.956763617226672,15.419580115614997,1.8747055530548096,6.062216758728027,,,0.28101839827374947,False,,,74.29611206054688,0.50390625,129.0,0.4750904450319304,False,154.0,False,
baseline,sdedit,none,611000000000,change_color,3,background,make the background a desert,,,,,,,,,0.2580108046531677,0.25115951895713806,0.006851285696029663,0.048810046166181564,0.9694945812225342,0.8582760691642761,0.34927260875701904,0.23856958690429778,16.087461483933904,15.200518132662344,1.8921654224395752,6.062216758728027,,,0.7538875795747048,False,,,80.15098571777344,0.48828125,125.0,0.6690835696077719,False,154.0,False,
baseline,sdedit,none,611000000000,change_color,4,style,convert it to an oil painting,,,,,,,,,0.2547001242637634,0.2503577768802643,0.0043423473834991455,0.09278696775436401,0.9688528180122375,0.8491692543029785,0.3299202620983124,0.233738491310817,15.609998752856182,14.118778843004527,1.86440110206604,6.062216758728027,,,0.6754233898338436,False,,,80.69639587402344,0.43359375,111.0,0.985745538046501,False,154.0,False,
baseline,sdedit,none,611000000001,change_color,0,none,,,,,,,,inf,1.0,,,,,,,,,,,,,,,0.31175336348458554,False,,,75.25898742675781,0.49609375,127.0,0.5743424702535421,False,154.0,False,
baseline,sdedit,none,611000000001,change_color,1,change_color,make it white and change the pink to green,,,,,,,,,0.24112699925899506,0.23344747722148895,0.0076795220375061035,0.05977554991841316,0.9609187245368958,0.8249519467353821,0.398640513420105,0.44925149506004464,16.402475166145535,16.402475166145535,1.8719675540924072,6.062216758728027,,,0.2261396129542081,False,,,78.44154357910156,0.48046875,123.0,0.7540785750092945,False,154.0,False,
baseline,sdedit,none,611000000001,change_color,2,global_attribute,make it nighttime,,,,,,,,,0.2352178990840912,0.23183074593544006,0.003387153148651123,0.0005933502689003944,0.9735574722290039,0.91939377784729,0.33912020921707153,0.424859443944716,16.56880883962718,15.097202896056917,1.8680355548858643,6.062216758728027,,,0.5222304008742308,False,,,77.200927734375,0.49609375,127.0,0.5743424702535421,False,154.0,False,
baseline,sdedit,none,611000000001,change_color,3,background,make the background a city street,,,,,,,,,0.23647218942642212,0.2256147861480713,0.01085740327835083,-0.07169059664011002,0.959764838218689,0.9221236705780029,0.3933848738670349,0.43020505109737717,16.695911635702267,14.84573599151053,1.877570390701294,6.062216758728027,,,0.6689255885542258,False,,,79.08586883544922,0.51953125,133.0,0.286930688297277,False,154.0,False,
baseline,sdedit,none,611000000001,change_color,4,style,make it look cinematic,,,,,,,,,0.20435525476932526,0.2094823122024536,-0.005127057433128357,0.007114144042134285,0.9700444936752319,0.9363547563552856,0.3341633677482605,0.45624066038756056,17.681682384525168,15.060218426725589,1.8704848289489746,6.062216758728027,,,0.24827043505834046,False,,,79.62191009521484,0.4765625,122.0,0.7917214062533855,False,154.0,False,
baseline,sdedit,none,611000000002,change_color,0,none,,,,,,,,inf,1.0,,,,,,,,,,,,,,,0.6106008342344856,False,,,74.97216033935547,0.5078125,130.0,0.4256575297464579,False,154.0,False,
baseline,sdedit,none,611000000002,change_color,1,change_color,change the brown to black and make it white,,,,,,,,,0.2285061776638031,0.22572395205497742,0.0027822256088256836,0.031483832746744156,0.9698576927185059,0.8802952766418457,0.3331896960735321,0.3064932332461224,16.72944116422508,16.72944116422508,1.8686354160308838,6.062216758728027,,,0.5187510987529855,False,,,78.22447204589844,0.5078125,130.0,0.4256575297464579,False,154.0,False,
baseline,sdedit,none,611000000002,change_color,2,global_attribute,change the season to winter,,,,,,,,,0.2610640823841095,0.21699117124080658,0.04407291114330292,0.25762975215911865,0.9302059412002563,0.9294382929801941,0.35369884967803955,0.27924611352668044,16.145266186250666,14.855556585070788,1.8661267757415771,6.062216758728027,,,0.6443073735542488,False,,,77.71009063720703,0.484375,124.0,0.7130693117027229,False,154.0,False,
baseline,sdedit,none,611000000002,change_color,3,background,make the background a forest,,,,,,,,,0.27017834782600403,0.26895642280578613,0.0012219250202178955,-0.028348559513688087,0.9807435274124146,0.9559918642044067,0.3091236352920532,0.31805342773627926,16.262067470165512,14.067425431514772,1.872354507446289,6.062216758728027,,,0.605966817717376,False,,,77.53907012939453,0.51171875,131.0,0.3773653740444963,False,154.0,False,
baseline,sdedit,none,611000000002,change_color,4,style,make it look cinematic,,,,,,,,,0.2593817114830017,0.25671276450157166,0.0026689469814300537,0.11894920468330383,0.9825519323348999,0.96564120054245,0.29514431953430176,0.336400243789771,16.259239771448858,13.672939698789925,1.867293357849121,6.062216758728027,,,0.399971476210421,False,,,78.20477294921875,0.48828125,125.0,0.6690835696077719,False,154.0,False,
baseline,sdedit,none,611000000003,change_color,0,none,,,,,,,,inf,1.0,,,,,,,,,,,,,,,0.46102034836761974,False,,,77.89494323730469,0.5390625,138.0,0.11748429190733982,False,154.0,False,
baseline,sdedit,none,611000000003,change_color,1,change_color,change the white to pink and make it red,,,,,,,,,0.3109174370765686,0.3000105023384094,0.01090693473815918,-0.03126458078622818,0.9659866690635681,0.9018987417221069,0.34641432762145996,0.3802660742201369,16.047485991133502,16.047485991133502,1.8769404888153076,6.062216758728027,,,0.8273271918167008,False,,,83.01289367675781,0.49609375,127.0,0.5743424702535421,False,154.0,False,
baseline,sdedit,none,611000000003,change_color,2,global_attribute,change the season to winter,,,,,,,,,0.30992555618286133,0.28857022523880005,0.02135533094406128,0.11465950310230255,0.9485858678817749,0.8713079690933228,0.3813008666038513,0.30729987031474987,14.587472728898232,13.705808422118984,1.8730638027191162,6.062216758728027,,,0.24051662769257226,False,,,79.30013275146484,0.48828125,125.0,0.6690835696077719,False,154.0,False,
baseline,sdedit,none,611000000003,change_color,3,background,make the background a forest,,,,,,,,,0.3095988631248474,0.29523253440856934,0.014366328716278076,0.049550771713256836,0.9450090527534485,0.8652465343475342,0.3990482687950134,0.29255582522304313,13.866209726782436,13.066911931466647,1.872279405593872,6.062216758728027,,,0.7260218132301052,False,,,81.0842514038086,0.46484375,119.0,0.8825157080926602,False,154.0,False,
baseline,sdedit,none,611000000003,change_color,4,style,convert it to an oil painting,,,,,,,,,0.30045443773269653,0.2952563464641571,0.005198091268539429,-0.06655912846326828,0.9539594054222107,0.7593318223953247,0.3456166982650757,0.3292085798403323,13.850357520979905,12.456073567083676,1.8717200756072998,6.062216758728027,,,0.45683753797875576,False,,,77.07743835449219,0.41796875,107.0,0.9964593629710573,False,154.0,False,
baseline,sdedit,none,611000000004,change_color,0,none,,,,,,,,inf,1.0,,,,,,,,,,,,,,,0.6421462539295572,False,,,75.0623550415039,0.4453125,114.0,0.9651497525354534,False,154.0,False,
baseline,sdedit,none,611000000004,change_color,1,change_color,change the white to purple and make it black,,,,,,,,,0.288640558719635,0.25876134634017944,0.029879212379455566,0.07835303992033005,0.9238220453262329,0.8360103964805603,0.26790672540664673,0.35033402836111865,19.030038801473637,19.030038801473637,1.866457462310791,6.062216758728027,,,0.20684979407222553,False,,,73.42455291748047,0.453125,116.0,0.9410011475579737,False,154.0,False,
baseline,sdedit,none,611000000004,change_color,2,global_attribute,change the season to winter,,,,,,,,,0.29837357997894287,0.30228427052497864,-0.003910690546035767,0.1361708641052246,0.880852222442627,0.759541392326355,0.4151182770729065,0.3037534527958244,17.704328982490164,17.040207746044523,1.868215799331665,6.062216758728027,,,0.836821566059211,False,,,76.75357818603516,0.5390625,138.0,0.11748429190733982,False,154.0,False,
baseline,sdedit,none,611000000004,change_color,3,background,make the background a city street,,,,,,,,,0.26536887884140015,0.26828205585479736,-0.002913177013397217,0.1388750970363617,0.9245166778564453,0.8070508241653442,0.44461366534233093,0.25967010342856006,15.934278938707337,14.9186428593407,1.8707053661346436,6.062216758728027,,,0.67977805820266,False,,,79.13595581054688,0.50390625,129.0,0.4750904450319304,False,154.0,False,
baseline,sdedit,none,611000000004,change_color,4,style,make it anime style,,,,,,,,,0.22315528988838196,0.2550520598888397,-0.031896770000457764,-0.03886847198009491,0.9492965936660767,0.7915843725204468,0.395399272441864,0.24173936184498537,14.982476385640691,14.261570021612979,1.8740785121917725,6.062216758728027,,,0.7103134095274816,False,,,76.15137481689453,0.51171875,131.0,0.3773653740444963,False,154.0,False,
baseline,sdedit,none,711000000000,change_material,0,none,,,,,,,,inf,1.0,,,,,,,,,,,,,,,0.8535268613859814,False,,,69.522216796875,0.53515625,137.0,0.14399464326582861,False,154.0,False,
baseline,sdedit,none,711000000000,change_material,1,change_material,make it knitted and make it toy,,,,,,,,,0.31435102224349976,0.2966555058956146,0.017695516347885132,0.09340439736843109,0.9449265599250793,0.810066819190979,0.20620833337306976,0.48085060648819883,21.875569083330255,21.875569083330255,1.8649120330810547,6.062216758728027,,,0.12489952453271509,False,,,68.9150390625,0.48828125,125.0,0.6690835696077719,False,154.0,False,
baseline,sdedit,none,711000000000,change_material,2,global_attribute,change the season to winter,,,,,,,,,0.2898448705673218,0.29402655363082886,-0.00418168306350708,0.24891239404678345,0.9278639554977417,0.8919950723648071,0.3204379677772522,0.4221675635694629,21.44430741274502,20.313969432449916,1.8773972988128662,6.062216758728027,,,0.17060540504896182,False,,,70.56425476074219,0.5390625,138.0,0.11748429190733982,False,154.0,False,
baseline,sdedit,none,711000000000,change_material,3,background,make the background a desert,,,,,,,,,0.3104957342147827,0.29362747073173523,0.016868263483047485,-0.10679458826780319,0.9425745606422424,0.866722583770752,0.3095152676105499,0.32472581012635654,19.899686147608513,18.34312274391295,1.873143196105957,6.062216758728027,,,0.07631173239792204,False,,,69.66071319580078,0.5,128.0,0.5249095549680696,False,154.0,False,
baseline,sdedit,none,711000000000,change_material,4,style,convert it to an oil painting,,,,,,,,,0.31700414419174194,0.3087131381034851,0.008291006088256836,0.12727181613445282,0.9504877328872681,0.8447306156158447,0.2966363728046417,0.305708583747488,18.48967117133798,17.688923744084626,1.873509407043457,6.062216758728027,,,0.28369430187311784,False,,,72.4881820678711,0.5546875,142.0,0.04565604346614265,False,154.0,False,
baseline,sdedit,none,711000000001,change_material,0,none,,,,,,,,inf,1.0,,,,,,,,,,,,,,,0.7460792844224368,False,,,80.10717010498047,0.453125,116.0,0.9410011475579737,False,154.0,False,
baseline,sdedit,none,711000000001,change_material,1,change_material,make it wooden and make it toy,,,,,,,,,0.30700549483299255,0.2247481644153595,0.08225733041763306,0.24317976832389832,0.783074676990509,0.6173100471496582,0.35937684774398804,0.2078690488260273,11.724986420750183,11.724986420750183,1.8713688850402832,6.062216758728027,,,0.8167461582627349,False,,,80.42990112304688,0.46484375,119.0,0.8825157080926602,False,154.0,False,
baseline,sdedit,none,711000000001,change_material,2,global_attribute,make it nighttime,,,,,,,,,0.3178372383117676,0.29358845949172974,0.024248778820037842,0.03463653475046158,0.9384502172470093,0.7875335216522217,0.3630305826663971,0.21960510533828195,11.44687028900069,10.193597057551493,1.879164457321167,6.062216758728027,,,0.6994838817242658,False,,,81.34278106689453,0.4609375,118.0,0.9053760835394723,False,154.0,False,
baseline,sdedit,none,711000000001,change_material,3,background,make the background a desert,,,,,,,,,0.2883005738258362,0.3086234927177429,-0.02032291889190674,0.04001026973128319,0.9420040845870972,0.8478942513465881,0.31833234429359436,0.24888164543910674,11.538895676010757,9.879931165952199,1.8734323978424072,6.062216758728027,,,0.269044875691517,False,,,79.969970703125,0.5,128.0,0.5249095549680696,False,154.0,False,
baseline,sdedit,none,711000000001,change_material,4,style,make it look cinematic,,,,,,,,,0.2786880135536194,0.2641788721084595,0.014509141445159912,-0.029789339751005173,0.9146255850791931,0.8303110599517822,0.3120853006839752,0.26051236699290525,12.402117326200752,10.056012913841151,1.8727965354919434,6.062216758728027,,,0.6149281942427084,False,,,82.3343276977539,0.42578125,109.0,0.9926858255512397,False,154.0,False,
baseline,sdedit,none,711000000002,change_material,0,none,,,,,,,,inf,1.0,,,,,,,,,,,,,,,0.38126341650540585,False,,,70.76358032226562,0.50390625,129.0,0.4750904450319304,False,154.0,False,
baseline,sdedit,none,711000000002,change_material,1,change_material,change the blue to plastic and make it golden,,,,,,,,,0.309037983417511,0.28246933221817017,0.02656865119934082,0.071249820291996,0.8524747490882874,0.7618305087089539,0.25059863924980164,0.7451731000582741,20.70737551709126,20.70737551709126,1.8632938861846924,6.062216758728027,,,0.426851893231217,False,,,74.2796630859375,0.49609375,127.0,0.5743424702535421,False,154.0,False,
baseline,sdedit,none,711000000002,change_material,2,global_attribute,change the season to winter,,,,,,,,,0.32706013321876526,0.2852681577205658,0.04179197549819946,0.3325498700141907,0.8303741216659546,0.6772207021713257,0.39291995763778687,0.65154837727807,20.327935957597923,18.496386399914343,1.8760433197021484,6.062216758728027,,,0.5206042862008223,False,,,73.82091522216797,0.5,128.0,0.5249095549680696,False,154.0,False,
baseline,sdedit,none,711000000002,change_material,3,background,make the background a desert,,,,,,,,,0.3231543302536011,0.32864755392074585,-0.005493223667144775,0.03811895102262497,0.9522515535354614,0.8304240107536316,0.3073616325855255,0.5437687995158752,19.46067678319128,17.181208451642732,1.8699228763580322,6.062216758728027,,,0.49085125066595353,False,,,77.37088775634766,0.5,128.0,0.5249095549680696,False,154.0,False,
baseline,sdedit,none,711000000002,change_material,4,style,turn it into a watercolor painting,,,,,,,,,0.29678428173065186,0.2880091071128845,0.008775174617767334,0.11127728223800659,0.9606485962867737,0.7813500165939331,0.318331778049469,0.47756034684762155,18.191664903873928,15.525015612645445,1.8706037998199463,6.062216758728027,,,0.29882161679543034,False,,,76.56515502929688,0.515625,132.0,0.3309164303922281,False,154.0,False,
baseline,sdedit,none,711000000003,change_material,0,none,,,,,,,,inf,1.0,,,,,,,,,,,,,,,0.9115111835498698,False,,,71.43505859375,0.52734375,135.0,0.20827859374661445,False,154.0,False,
baseline,sdedit,none,711000000003,change_material,1,change_material,make it iron and make it sculpture,,,,,,,,,0.2813073396682739,0.2773209810256958,0.003986358642578125,0.013543328270316124,0.9645604491233826,0.8251466155052185,0.39876073598861694,0.6691410101923401,22.776261208787012,22.776261208787012,1.871717929840088,6.062216758728027,,,0.5761074787949307,False,,,73.92555236816406,0.515625,132.0,0.3309164303922281,False,154.0,False,
baseline,sdedit,none,711000000003,change_material,2,global_attribute,make it sunset lighting,,,,,,,,,0.26585865020751953,0.2603945732116699,0.005464076995849609,-0.00936021376401186,0.9663875102996826,0.9108952283859253,0.21996818482875824,0.6136221824509577,23.158921982701642,21.594464565301156,1.868839979171753,6.062216758728027,,,0.3914541090770595,False,,,73.82878875732422,0.51171875,131.0,0.3773653740444963,False,154.0,False,
baseline,sdedit,none,711000000003,change_material,3,background,make the background a forest,,,,,,,,,0.25466206669807434,0.2550191879272461,-0.00035712122917175293,0.030810590833425522,0.9679827094078064,0.9043394327163696,0.2755531966686249,0.5638007311766616,22.808741973004413,20.558563493729153,1.8753602504730225,6.062216758728027,,,0.6970983658817788,False,,,79.27922821044922,0.4921875,126.0,0.6226346259555037,False,154.0,False,
baseline,sdedit,none,711000000003,change_material,4,style,make it look cinematic,,,,,,,,,0.26247650384902954,0.2666819393634796,-0.004205435514450073,-0.022576507180929184,0.9568638801574707,0.8921170234680176,0.2399493008852005,0.5021481563340561,22.744283006279133,19.21888728692718,1.8723204135894775,6.062216758728027,,,0.6619721510491096,False,,,80.34117889404297,0.46484375,119.0,0.8825157080926602,False,154.0,False,
baseline,sdedit,none,711000000004,change_material,0,none,,,,,,,,inf,1.0,,,,,,,,,,,,,,,0.09718311642661114,False,,,72.1232681274414,0.546875,140.0,0.07521726680064354,False,154.0,False,
baseline,sdedit,none,711000000004,change_material,1,change_material,make it golden and make it sculpture,,,,,,,,,0.22260496020317078,0.21133607625961304,0.01126888394355774,0.08217301964759827,0.9308828711509705,0.7762778401374817,0.24805328249931335,0.731337817846451,20.830190293968446,20.830190293968446,1.8736298084259033,6.062216758728027,,,0.6615432785242438,False,,,78.32412719726562,0.48828125,125.0,0.6690835696077719,False,154.0,False,
baseline,sdedit,none,711000000004,change_material,2,global_attribute,change the season to winter,,,,,,,,,0.23798853158950806,0.18426531553268433,0.05372321605682373,0.22989435493946075,0.8470258712768555,0.5697335004806519,0.4767773747444153,0.6390147979843963,18.53265981289883,17.02422839816492,1.8646750450134277,6.062216758728027,,,0.6745021602215221,False,,,77.64891815185547,0.46484375,119.0,0.8825157080926602,False,154.0,False,
baseline,sdedit,none,711000000004,change_material,3,background,make the background a desert,,,,,,,,,0.3098936080932617,0.24117891490459442,0.0687146931886673,-0.007817860692739487,0.9133155345916748,0.7755740284919739,0.45127174258232117,0.5173980170535333,17.15911953612745,15.334320365533005,1.8735108375549316,6.062216758728027,,,0.5333688679088848,False,,,77.23734283447266,0.4453125,114.0,0.9651497525354534,False,154.0,False,
baseline,sdedit,none,711000000004,change_material,4,style,make it look cinematic,,,,,,,,,0.3107908368110657,0.3153530955314636,-0.004562258720397949,0.05009368807077408,0.9529919624328613,0.7898046970367432,0.39212891459465027,0.48233098218932263,16.70365599597147,14.392687585454711,1.8707571029663086,6.062216758728027,,,0.37013180269245743,False,,,77.30046081542969,0.5546875,142.0,0.04565604346614265,False,154.0,False,
baseline,sdedit,none,811000000000,change_background,0,none,,,,,,,,inf,1.0,,,,,,,,,,,,,,,0.6018986485634092,False,,,77.44886779785156,0.50390625,129.0,0.4750904450319304,False,154.0,False,
baseline,sdedit,none,811000000000,change_background,1,change_background,change the background to forest,,,,,,,,,0.19709965586662292,0.19408422708511353,0.0030154287815093994,0.07031044363975525,0.9484382271766663,0.8676947355270386,0.32704153656959534,0.2121404431063745,15.756624026414256,15.756624026414256,1.8716235160827637,6.062216758728027,,,0.8645882692224367,False,,,78.46333312988281,0.546875,140.0,0.07521726680064354,False,154.0,False,
baseline,sdedit,none,811000000000,change_background,2,global_attribute,make it nighttime,,,,,,,,,0.20110675692558289,0.1976584792137146,0.003448277711868286,0.02068960666656494,0.9534684419631958,0.878350019454956,0.2631595730781555,0.205515639657607,15.36030507892933,15.056269324816247,1.8722496032714844,6.062216758728027,,,0.5845700390983628,False,,,77.73334503173828,0.5234375,134.0,0.24592142499070546,False,154.0,False,
baseline,sdedit,none,811000000000,change_background,3,background,replace the background with a beach,,,,,,,,,0.2216145396232605,0.20347118377685547,0.01814335584640503,-0.028398782014846802,0.9644515514373779,0.9045183658599854,0.2709650993347168,0.213136649721367,14.670779026345567,13.614045167672124,1.8726677894592285,6.062216758728027,,,0.595525564343214,False,,,76.78145599365234,0.50390625,129.0,0.4750904450319304,False,154.0,False,
baseline,sdedit,none,811000000000,change_background,4,style,make it anime style,,,,,,,,,0.23546554148197174,0.2030712366104126,0.03239430487155914,0.19798102974891663,0.9490022659301758,0.8653435707092285,0.32923322916030884,0.1888012110765415,13.89099785834408,13.187586951079208,1.87434720993042,6.062216758728027,,,0.49484287041177677,False,,,80.65858459472656,0.4765625,122.0,0.7917214062533855,False,154.0,False,
baseline,sdedit,none,811000000001,change_background,0,none,,,,,,,,inf,1.0,,,,,,,,,,,,,,,0.4023560921906465,False,,,76.68826293945312,0.50390625,129.0,0.4750904450319304,False,154.0,False,
baseline,sdedit,none,811000000001,change_background,1,change_background,change the background to dark,,,,,,,,,0.3298082947731018,0.31688401103019714,0.012924283742904663,-0.05119352787733078,0.9142907857894897,0.9184725284576416,0.39319127798080444,0.2875672360850127,13.649697642779802,13.649697642779802,1.8649234771728516,6.062216758728027,,,0.10211927130002227,False,,,77.64942932128906,0.5,128.0,0.5249095549680696,False,154.0,False,
baseline,sdedit,none,811000000001,change_background,2,global_attribute,make it nighttime,,,,,,,,,0.29774200916290283,0.3138484060764313,-0.016106396913528442,0.0914405882358551,0.9798693060874939,0.924845814704895,0.35939404368400574,0.2737511010213565,13.502652566724036,12.344784699701341,1.8652472496032715,6.062216758728027,,,0.4819921705611215,False,,,79.9133071899414,0.51953125,133.0,0.286930688297277,False,154.0,False,
baseline,sdedit,none,811000000001,change_background,3,background,make the background a forest,,,,,,,,,0.3112774193286896,0.2938529849052429,0.017424434423446655,-0.015480749309062958,0.9797261953353882,0.9172971248626709,0.3611423969268799,0.2580500097375616,13.562858904800528,11.644310474854695,1.8669407367706299,6.062216758728027,,,0.48605447359107534,False,,,79.4872817993164,0.41796875,107.0,0.9964593629710573,False,154.0,False,
baseline,sdedit,none,811000000001,change_background,4,style,make it look cinematic,,,,,,,,,0.31370681524276733,0.3101001977920532,0.0036066174507141113,-0.026784639805555344,0.9804669618606567,0.9188766479492188,0.3225081264972687,0.24725858727877895,13.503106313589708,11.191699063616165,1.8721883296966553,6.062216758728027,,,0.9336791550356875,False,,,84.49461364746094,0.51953125,133.0,0.286930688297277,False,154.0,False,
baseline,sdedit,none,811000000002,change_background,0,none,,,,,,,,inf,1.0,,,,,,,,,,,,,,,0.4123568937226255,False,,,71.67254638671875,0.51953125,133.0,0.286930688297277,False,154.0,False,
baseline,sdedit,none,811000000002,change_background,1,change_background,change the background to grass,,,,,,,,,0.22922013700008392,0.25163066387176514,-0.022410526871681213,-0.018488850444555283,0.933982253074646,0.9511626958847046,0.27039310336112976,0.46297214850063834,21.496391936927704,21.496391936927704,1.8726658821105957,6.062216758728027,,,0.1118323617202231,False,,,77.08539581298828,0.484375,124.0,0.7130693117027229,False,154.0,False,
baseline,sdedit,none,811000000002,change_background,2,global_attribute,change the season to winter,,,,,,,,,0.23889529705047607,0.2192002534866333,0.019695043563842773,0.04511299729347229,0.9689201712608337,0.9449992179870605,0.28535008430480957,0.4116733769427828,20.432951114216955,19.52418713458107,1.871863603591919,6.062216758728027,,,0.1170684324860518,False,,,72.09146881103516,0.49609375,127.0,0.5743424702535421,False,154.0,False,
baseline,sdedit,none,811000000002,change_background,3,background,replace the background with a beach,,,,,,,,,0.25515004992485046,0.22895371913909912,0.026196330785751343,0.09666424989700317,0.9575472474098206,0.8846518397331238,0.34478598833084106,0.35303442093187326,19.141875514408856,17.94101859067974,1.8628225326538086,6.062216758728027,,,0.571667552987129,False,,,73.90641021728516,0.5078125,130.0,0.4256575297464579,False,154.0,False,
baseline,sdedit,none,811000000002,change_background,4,style,turn it into a watercolor painting,,,,,,,,,0.2903890907764435,0.2537122666835785,0.03667682409286499,0.13081203401088715,0.9118065237998962,0.899528443813324,0.41303935647010803,0.3376448089834538,17.997536347307236,16.983511472174317,1.8671033382415771,6.062216758728027,,,0.10655911728545393,False,,,72.30094146728516,0.58984375,151.0,0.002409456784496175,False,154.0,False,
baseline,sdedit,none,811000000003,change_background,0,none,,,,,,,,inf,1.0,,,,,,,,,,,,,,,0.7148597409707017,False,,,73.48078918457031,0.53125,136.0,0.1742606277334355,False,154.0,False,
baseline,sdedit,none,811000000003,change_background,1,change_background,change the background to blue,,,,,,,,,0.23575086891651154,0.2515704035758972,-0.01581953465938568,0.17582730948925018,0.9386999607086182,0.8922779560089111,0.29565078020095825,0.3316385223755249,14.553213068705418,14.553213068705418,1.8665902614593506,6.062216758728027,,,0.34207764678707797,False,,,80.22411346435547,0.54296875,139.0,0.0946239164605277,False,154.0,False,
baseline,sdedit,none,811000000003,change_background,2,global_attribute,change the season to winter,,,,,,,,,0.23131170868873596,0.21679434180259705,0.014517366886138916,-0.035671789199113846,0.9800294637680054,0.9564999341964722,0.27494704723358154,0.3096323766221068,12.93837007143745,12.9153275759294,1.8809261322021484,6.062216758728027,,,0.7022893423838303,False,,,77.35254669189453,0.49609375,127.0,0.5743424702535421,False,154.0,False,
baseline,sdedit,none,811000000003,change_background,3,background,make the background a desert,,,,,,,,,0.2281419187784195,0.22431418299674988,0.0038277357816696167,-0.022874893620610237,0.9423372745513916,0.8921182751655579,0.3248516619205475,0.27301436229265985,12.235318071952685,12.09821517654447,1.8684160709381104,6.062216758728027,,,0.33625843565157754,False,,,76.58330535888672,0.515625,132.0,0.3309164303922281,False,154.0,False,
baseline,sdedit,none,811000000003,change_background,4,style,turn it into a watercolor painting,,,,,,,,,0.21559935808181763,0.2152186930179596,0.0003806650638580322,-0.04821784421801567,0.9581400156021118,0.9184326529502869,0.332983136177063,0.2721083586355479,12.217599815723348,11.570459190104634,1.868511438369751,6.062216758728027,,,0.36744053393213905,False,,,76.1993408203125,0.50390625,129.0,0.4750904450319304,False,154.0,False,
baseline,sdedit,none,811000000004,change_background,0,none,,,,,,,,inf,1.0,,,,,,,,,,,,,,,0.13411630131914437,False,,,71.30188751220703,0.5,128.0,0.5249095549680696,False,154.0,False,
baseline,sdedit,none,811000000004,change_background,1,change_background,change the background to red,,,,,,,,,0.23229160904884338,0.24620717763900757,-0.013915568590164185,-0.048203714191913605,0.9721424579620361,0.9693304300308228,0.24095380306243896,0.3829094328390747,16.859049404028365,16.859049404028365,1.8731837272644043,6.062216758728027,,,0.6422301786698638,False,,,76.83922576904297,0.54296875,139.0,0.0946239164605277,False,154.0,False,
baseline,sdedit,none,811000000004,change_background,2,global_attribute,make it rainy,,,,,,,,,0.20907071232795715,0.21417085826396942,-0.005100145936012268,0.02629498392343521,0.9037051796913147,0.9387520551681519,0.3112892210483551,0.35446659145705767,15.591314023588964,15.225743370170884,1.8724427223205566,6.062216758728027,,,0.6494346640736123,False,,,76.35791015625,0.52734375,135.0,0.20827859374661445,False,154.0,False,
baseline,sdedit,none,811000000004,change_background,3,background,replace the background with a beach,,,,,,,,,0.2353053092956543,0.20425395667552948,0.031051352620124817,-0.03678935766220093,0.8887268304824829,0.8341959714889526,0.35443997383117676,0.29638360045282774,13.809768890383769,13.539447547449653,1.8718674182891846,6.062216758728027,,,0.02527575988083487,False,,,69.80951690673828,0.48828125,125.0,0.6690835696077719,False,154.0,False,
baseline,sdedit,none,811000000004,change_background,4,style,convert it to an oil painting,,,,,,,,,0.2116622030735016,0.22451774775981903,-0.012855544686317444,0.046928770840168,0.8847012519836426,0.9107736349105835,0.33088988065719604,0.29667919451713537,13.660717708184043,13.405143453544465,1.8789854049682617,6.062216758728027,,,0.029136781898460522,False,,,74.2956314086914,0.4921875,126.0,0.6226346259555037,False,154.0,False,
baseline,sdedit,none,911000000000,change_style,0,none,,,,,,,,inf,1.0,,,,,,,,,,,,,,,0.7748991999924004,False,,,76.8954086303711,0.453125,116.0,0.9410011475579737,False,154.0,False,
baseline,sdedit,none,911000000000,change_style,1,change_style,make it realism style expressionism style,,,,,,,,,0.2892455458641052,0.2787727415561676,0.010472804307937622,0.115212082862854,0.9475311040878296,0.8497824668884277,0.4058317244052887,0.4744245852943174,18.712322251186343,18.712322251186343,1.8827250003814697,6.062216758728027,,,0.47751891258197093,False,,,75.51998901367188,0.44921875,115.0,0.9543439565338574,False,154.0,False,
baseline,sdedit,none,911000000000,change_style,2,global_attribute,make it nighttime,,,,,,,,,0.3100435137748718,0.2724299728870392,0.03761354088783264,0.058768320828676224,0.8970521688461304,0.8674471378326416,0.32717978954315186,0.4205769861690491,18.07523879230616,16.91981974810398,1.8648149967193604,6.062216758728027,,,0.5611729812843567,False,,,74.77019500732422,0.51953125,133.0,0.286930688297277,False,154.0,False,
baseline,sdedit,none,911000000000,change_style,3,background,replace the background with a beach,,,,,,,,,0.2932644188404083,0.28683745861053467,0.006426960229873657,0.03264044225215912,0.9328424334526062,0.8565494418144226,0.45193085074424744,0.37251985233519713,16.069202474958402,14.905536960398917,1.8874921798706055,6.062216758728027,,,0.7490400937651787,False,,,77.02751922607422,0.46484375,119.0,0.8825157080926602,False,154.0,False,
baseline,sdedit,none,911000000000,change_style,4,style,make it look cinematic,,,,,,,,,0.29041165113449097,0.27955666184425354,0.010854989290237427,0.12376713752746582,0.9234055876731873,0.8690841197967529,0.39772167801856995,0.34730430373838345,15.844061054256318,14.771891553812946,1.8686444759368896,6.062216758728027,,,0.8846783466958726,False,,,83.20602416992188,0.5234375,134.0,0.24592142499070546,False,154.0,False,
baseline,sdedit,none,911000000001,change_style,0,none,,,,,,,,inf,1.0,,,,,,,,,,,,,,,0.19839078491053153,False,,,75.02072143554688,0.52734375,135.0,0.20827859374661445,False,154.0,False,
baseline,sdedit,none,911000000001,change_style,1,change_style,make it realism style painting,,,,,,,,,0.2655954360961914,0.21797901391983032,0.047616422176361084,0.20791704952716827,0.775857150554657,0.48953568935394287,0.2848871350288391,0.546747523120925,16.67380784464467,16.67380784464467,1.8691589832305908,6.062216758728027,,,0.395539837810768,False,,,75.88648986816406,0.4921875,126.0,0.6226346259555037,False,154.0,False,
baseline,sdedit,none,911000000001,change_style,2,global_attribute,make it rainy,,,,,,,,,0.30266445875167847,0.2522771656513214,0.050387293100357056,0.23085683584213257,0.9514927268028259,0.7692536115646362,0.3026862144470215,0.5195969867564508,16.096911073893736,15.369897773918808,1.8679885864257812,6.062216758728027,,,0.29987717915700324,False,,,75.74911499023438,0.49609375,127.0,0.5743424702535421,False,154.0,False,
baseline,sdedit,none,911000000001,change_style,3,background,replace the background with a beach,,,,,,,,,0.2507908046245575,0.2848187983036041,-0.03402799367904663,-0.02024933695793152,0.9239404797554016,0.7682524919509888,0.33304452896118164,0.4814103693075534,15.659591773312084,14.001932460993746,1.869676113128662,6.062216758728027,,,0.7105401050245415,False,,,77.2526626586914,0.48828125,125.0,0.6690835696077719,False,154.0,False,
baseline,sdedit,none,911000000001,change_style,4,style,make it anime style,,,,,,,,,0.3300684690475464,0.2516137361526489,0.07845473289489746,0.0927249863743782,0.8726383447647095,0.8042787909507751,0.3299809396266937,0.46553029279965025,16.069035815209194,13.630285337904372,1.8743171691894531,6.062216758728027,,,0.5170934041165358,False,,,77.92850494384766,0.4765625,122.0,0.7917214062533855,False,154.0,False,
baseline,sdedit,none,911000000002,change_style,0,none,,,,,,,,inf,1.0,,,,,,,,,,,,,,,0.11866184802929405,False,,,75.53153228759766,0.4765625,122.0,0.7917214062533855,False,154.0,False,
baseline,sdedit,none,911000000002,change_style,1,change_style,make it minimalism kids crayon drawing,,,,,,,,,0.24241572618484497,0.21900999546051025,0.023405730724334717,0.11266794800758362,0.9101880788803101,0.7414319515228271,0.39858317375183105,0.38581216966042703,14.84391187151451,14.84391187151451,1.8700709342956543,6.062216758728027,,,0.459568210649358,False,,,79.60382843017578,0.51953125,133.0,0.286930688297277,False,154.0,False,
baseline,sdedit,none,911000000002,change_style,2,global_attribute,make it sunset lighting,,,,,,,,,0.26960012316703796,0.2386896312236786,0.030910491943359375,0.08223661780357361,0.94731605052948,0.9022015333175659,0.34800827503204346,0.34613962241745905,14.391656256534372,13.041541157111322,1.8685503005981445,6.062216758728027,,,0.45454360979365604,False,,,77.07327270507812,0.5078125,130.0,0.4256575297464579,False,154.0,False,
baseline,sdedit,none,911000000002,change_style,3,background,replace the background with a beach,,,,,,,,,0.2572718858718872,0.2562513053417206,0.001020580530166626,0.10305365920066833,0.9678512811660767,0.90434330701828,0.33353495597839355,0.36177584606778196,14.40957898349489,12.32754901802519,1.8691692352294922,6.062216758728027,,,0.13882561275695546,False,,,76.41850280761719,0.4296875,110.0,0.9897152744791726,False,154.0,False,
baseline,sdedit,none,911000000002,change_style,4,style,make it anime style,,,,,,,,,0.253398597240448,0.26888859272003174,-0.01548999547958374,0.02857859991490841,0.9612185955047607,0.8730796575546265,0.33666127920150757,0.3545920965225613,14.410768319189462,11.82988360634461,1.861891269683838,6.062216758728027,,,0.6274672501490944,False,,,80.5572738647461,0.46875,120.0,0.8560053567341714,False,154.0,False,
baseline,sdedit,none,911000000003,change_style,0,none,,,,,,,,inf,1.0,,,,,,,,,,,,,,,0.8852439828074634,False,,,78.78750610351562,0.515625,132.0,0.3309164303922281,False,154.0,False,
baseline,sdedit,none,911000000003,change_style,1,change_style,make it surrealism style wall mural,,,,,,,,,0.2683778405189514,0.24950802326202393,0.01886981725692749,0.04779616743326187,0.9722287654876709,0.8740798830986023,0.3352522850036621,0.3226141920602182,15.583899481083591,15.583899481083591,1.8679208755493164,6.062216758728027,,,0.41127880599803635,False,,,75.22090911865234,0.46484375,119.0,0.8825157080926602,False,154.0,False,
baseline,sdedit,none,911000000003,change_style,2,global_attribute,make it nighttime,,,,,,,,,0.2736600637435913,0.27068477869033813,0.002975285053253174,0.019811222329735756,0.9747505784034729,0.8610910177230835,0.34986352920532227,0.327035137137897,15.708938145701607,14.422815339626991,1.8675251007080078,6.062216758728027,,,0.8478162146878618,False,,,79.068359375,0.46484375,119.0,0.8825157080926602,False,154.0,False,
baseline,sdedit,none,911000000003,change_style,3,background,make the background a city street,,,,,,,,,0.25871601700782776,0.2589181661605835,-0.0002021491527557373,-0.05849089473485947,0.9695531129837036,0.9049708843231201,0.34534981846809387,0.3577885580631162,15.54021624655461,13.243055918124284,1.8722071647644043,6.062216758728027,,,0.21415678121687598,False,,,76.67012786865234,0.46484375,119.0,0.8825157080926602,False,154.0,False,
baseline,sdedit,none,911000000003,change_style,4,style,convert it to an oil painting,,,,,,,,,0.2735247015953064,0.2595926523208618,0.01393204927444458,0.022178828716278076,0.9746077060699463,0.9168338775634766,0.351430743932724,0.32063068227537134,14.873485402161005,12.686292504226733,1.8693392276763916,6.062216758728027,,,0.32704153306705375,False,,,75.58517456054688,0.49609375,127.0,0.5743424702535421,False,154.0,False,
baseline,sdedit,none,911000000004,change_style,0,none,,,,,,,,inf,1.0,,,,,,,,,,,,,,,0.4289653241542201,False,,,75.32074737548828,0.46875,120.0,0.8560053567341714,False,154.0,False,
baseline,sdedit,none,911000000004,change_style,1,change_style,make it photorealism style oil painting,,,,,,,,,0.3281811475753784,0.24129460752010345,0.08688654005527496,0.2611607313156128,0.8572195768356323,0.8660163879394531,0.4476102292537689,0.5825359870615833,21.50242349811652,21.50242349811652,1.8732781410217285,6.062216758728027,,,0.5730798797840764,False,,,78.51483917236328,0.46484375,119.0,0.8825157080926602,False,154.0,False,
baseline,sdedit,none,911000000004,change_style,2,global_attribute,make it sunset lighting,,,,,,,,,0.332394540309906,0.32416898012161255,0.008225560188293457,0.03979206085205078,0.9521518349647522,0.9150567054748535,0.40027183294296265,0.5969675076520874,21.923191583654905,19.972022943576366,1.8806757926940918,6.062216758728027,,,0.21837694361957966,False,,,75.95449829101562,0.53125,136.0,0.1742606277334355,False,154.0,False,
baseline,sdedit,none,911000000004,change_style,3,background,make the background a city street,,,,,,,,,0.31436780095100403,0.322048544883728,-0.007680743932723999,0.04135845601558685,0.9456265568733215,0.9007994532585144,0.4328199028968811,0.5645546988551066,21.719237281908384,18.734224276229657,1.8673391342163086,6.062216758728027,,,0.7885483118059302,False,,,76.0838851928711,0.5234375,134.0,0.24592142499070546,False,154.0,False,
baseline,sdedit,none,911000000004,change_style,4,style,turn it into a watercolor painting,,,,,,,,,0.2963104844093323,0.2912861406803131,0.005024343729019165,0.09679634869098663,0.9384118318557739,0.8893131017684937,0.3963852822780609,0.5097291240634969,20.23175407606636,17.847442844268826,1.8641808032989502,6.062216758728027,,,0.3386016086608101,False,,,78.00617218017578,0.53125,136.0,0.1742606277334355,False,154.0,False,
baseline,sdedit,treering,111000000000,change_object,0,none,,,,7.034763669863462e-12,True,,,16.38449272914191,0.4813627770184552,,,,,,,,,,,,,,,,,,,,,,,,,,54.28868103027344
baseline,sdedit,treering,111000000000,change_object,1,change_object,change the fishes to sharks and change the kelp to flowers,,,0.15126973146473063,False,,,,,0.221889927983284,0.17519035935401917,0.04669956862926483,0.13208863139152527,0.9236710071563721,0.760116696357727,0.3708694875240326,0.27409859558847094,15.702855873107977,14.099251025074963,1.8697805404663086,6.062216758728027,,,,,,,,,,,,,,74.99449157714844
baseline,sdedit,treering,111000000000,change_object,2,global_attribute,make it nighttime,,,0.7293669238783688,False,,,,,0.23569905757904053,0.22419095039367676,0.01150810718536377,-0.007700428366661072,0.9469180107116699,0.7410613298416138,0.4115094244480133,0.21972980585479177,14.41187452564239,12.855113197909844,1.8728811740875244,6.062216758728027,,,,,,,,,,,,,,80.31793975830078
baseline,sdedit,treering,111000000000,change_object,3,background,make the background a desert,,,0.9811742255818285,False,,,,,0.22613182663917542,0.2304050326347351,-0.004273205995559692,-0.0005084052681922913,0.9519134163856506,0.8381730318069458,0.4061705768108368,0.19488780718972576,13.33086135570343,11.75994073690702,1.8656833171844482,6.062216758728027,,,,,,,,,,,,,,83.6804428100586
baseline,sdedit,treering,111000000000,change_object,4,style,turn it into a watercolor painting,,,0.6829555065454295,False,,,,,0.26588350534439087,0.20189635455608368,0.06398715078830719,0.1614881455898285,0.8733741044998169,0.7083508968353271,0.42792871594429016,0.1738460668282308,12.212492260333768,11.0699606354392,1.8767917156219482,6.062216758728027,,,,,,,,,,,,,,80.97683715820312
baseline,sdedit,treering,111000000001,change_object,0,none,,,,2.152443230708661e-15,True,,,14.265767177958095,0.5941715088082891,,,,,,,,,,,,,,,,,,,,,,,,,,56.61848831176758
baseline,sdedit,treering,111000000001,change_object,1,change_object,change the cat to tiger and change the hat to scarf,,,0.21151150350113604,False,,,,,0.3108444809913635,0.2209763526916504,0.08986812829971313,0.23174315690994263,0.8326141238212585,0.6562325954437256,0.4072597026824951,0.4357660233613391,16.829063670995847,12.824827144716494,1.865185260772705,6.062216758728027,,,,,,,,,,,,,,76.14361572265625
baseline,sdedit,treering,111000000001,change_object,2,global_attribute,make it rainy,,,0.338242350301037,False,,,,,0.29152077436447144,0.2871769070625305,0.004343867301940918,0.04388730227947235,0.8508714437484741,0.7903244495391846,0.323097288608551,0.4289130750712014,15.881080923266744,11.660415042712092,1.8707377910614014,6.062216758728027,,,,,,,,,,,,,,75.52487182617188
baseline,sdedit,treering,111000000001,change_object,3,background,make the background a desert,,,0.7959021756728976,False,,,,,0.328212708234787,0.2745632529258728,0.053649455308914185,-0.05965368449687958,0.8818570971488953,0.9473195672035217,0.32401973009109497,0.40111162833742925,15.243867918585588,10.82436652343413,1.8677642345428467,6.062216758728027,,,,,,,,,,,,,,82.31236267089844
baseline,sdedit,treering,111000000001,change_object,4,style,make it look cinematic,,,0.37491916524083263,False,,,,,0.3204100430011749,0.2980254888534546,0.022384554147720337,0.024315983057022095,0.9700050354003906,0.9540838003158569,0.3290182650089264,0.3889977976638425,14.561886283853582,10.453504683615119,1.8763413429260254,6.062216758728027,,,,,,,,,,,,,,78.1816635131836
baseline,sdedit,treering,111000000002,change_object,0,none,,,,1.010731454087629e-12,True,,,11.902121896928728,0.5308907067456987,,,,,,,,,,,,,,,,,,,,,,,,,,55.76355743408203
baseline,sdedit,treering,111000000002,change_object,1,change_object,change the duck to marmot and change the eyes to mouth,,,0.2926388368443919,False,,,,,0.2178804874420166,0.11860555410385132,0.09927493333816528,0.2367551475763321,0.8026010394096375,0.3546704053878784,0.3404572308063507,0.7206194371770961,21.54163694813937,11.772513888927769,1.866865634918213,6.062216758728027,,,,,,,,,,,,,,75.90111541748047
baseline,sdedit,treering,111000000002,change_object,2,global_attribute,make it nighttime,,,0.6649580905574193,False,,,,,0.2728889286518097,0.2150193750858307,0.057869553565979004,0.12895986437797546,0.8459103107452393,0.680645763874054,0.3450717329978943,0.6641365127235238,21.291687506189728,11.66457610431889,1.8733704090118408,6.062216758728027,,,,,,,,,,,,,,74.93386840820312
baseline,sdedit,treering,111000000002,change_object,3,background,make the background a desert,,,0.5068205303778497,False,,,,,0.2627631723880768,0.27087944746017456,-0.008116275072097778,0.09255650639533997,0.8418153524398804,0.521670401096344,0.4840787947177887,0.5655768580371321,20.723574710405046,11.414382540698131,1.869894027709961,6.062216758728027,,,,,,,,,,,,,,75.5691146850586
baseline,sdedit,treering,111000000002,change_object,4,style,make it anime style,,,0.6342935140805328,False,,,,,0.17238469421863556,0.22531969845294952,-0.052935004234313965,-0.039935819804668427,0.8073338270187378,0.7868830561637878,0.45801842212677,0.47939369309475327,20.040885563940517,11.09924798759531,1.8673913478851318,6.062216758728027,,,,,,,,,,,,,,80.39979553222656
baseline,sdedit,treering,111000000003,change_object,0,none,,,,6.266341512848988e-25,True,,,13.409957805465396,0.5319175490491966,,,,,,,,,,,,,,,,,,,,,,,,,,51.915000915527344
baseline,sdedit,treering,111000000003,change_object,1,change_object,change the bunny to pig and change the eyes to ears,,,0.05215174967372461,False,,,,,0.25342461466789246,0.18366709351539612,0.06975752115249634,0.32292985916137695,0.8337557911872864,0.6476987600326538,0.34832125902175903,0.3465441018988487,16.27326195235417,12.599337036590823,1.8650338649749756,6.062216758728027,,,,,,,,,,,,,,75.78204345703125
baseline,sdedit,treering,111000000003,change_object,2,global_attribute,change the season to winter,,,0.05230486070499388,False,,,,,0.2556965947151184,0.22548240423202515,0.03021419048309326,0.13909365236759186,0.955162763595581,0.8923352956771851,0.3607962727546692,0.32625574663783063,15.408358226006309,12.171998933872711,1.8709003925323486,6.062216758728027,,,,,,,,,,,,,,75.91368103027344
baseline,sdedit,treering,111000000003,change_object,3,background,make the background a city street,,,0.2832456082139732,False,,,,,0.23020412027835846,0.2338748276233673,-0.00367070734500885,0.013833947479724884,0.9502264261245728,0.931390643119812,0.38516953587532043,0.32619449389574323,15.287243293345274,11.82429771508116,1.8651976585388184,6.062216758728027,,,,,,,,,,,,,,78.47799682617188
baseline,sdedit,treering,111000000003,change_object,4,style,convert it to an oil painting,,,0.5534740153364374,False,,,,,0.2021198868751526,0.19819453358650208,0.003925353288650513,0.009371893480420113,0.9554383754730225,0.932796835899353,0.3843832015991211,0.3314527987504499,15.818474989694218,12.072058833011038,1.8692739009857178,6.062216758728027,,,,,,,,,,,,,,80.94618225097656
baseline,sdedit,treering,111000000004,change_object,0,none,,,,3.036812017765944e-13,True,,,11.080223839967715,0.4733149881083551,,,,,,,,,,,,,,,,,,,,,,,,,,54.8210334777832
baseline,sdedit,treering,111000000004,change_object,1,change_object,change the owl to cat and change the heart to circle,,,0.42229908510414854,False,,,,,0.2591058313846588,0.17620494961738586,0.08290088176727295,0.45538532733917236,0.880011796951294,0.7943824529647827,0.37025314569473267,0.6314839602928348,18.8293323097152,10.794668647168335,1.8718149662017822,6.062216758728027,,,,,,,,,,,,,,75.66087341308594
baseline,sdedit,treering,111000000004,change_object,2,global_attribute,make it sunset lighting,,,0.12978062770979523,False,,,,,0.2338726967573166,0.23659545183181763,-0.0027227550745010376,-0.046263646334409714,0.9353338479995728,0.8508481383323669,0.3902478814125061,0.5579405858328287,18.30464696321486,10.612259497385699,1.872253656387329,6.062216758728027,,,,,,,,,,,,,,71.49746704101562
baseline,sdedit,treering,111000000004,change_object,3,background,make the background a city street,,,0.000679200536907847,True,,,,,0.21244436502456665,0.21858462691307068,-0.006140261888504028,0.029915256425738335,0.9481956958770752,0.7553530335426331,0.28095072507858276,0.556392481424337,17.54019408248826,10.356954928638991,1.8731389045715332,6.062216758728027,,,,,,,,,,,,,,66.34474182128906
baseline,sdedit,treering,111000000004,change_object,4,style,make it anime style,,,0.6447048539276478,False,,,,,0.21468530595302582,0.20203298330307007,0.01265232264995575,-0.004409346729516983,0.9166699051856995,0.7702126502990723,0.39450570940971375,0.5141124642162964,17.712734633603354,10.27571344246434,1.8695704936981201,6.062216758728027,,,,,,,,,,,,,,79.0335693359375
baseline,sdedit,treering,211000000000,add_object,0,none,,,,1.1900362144352077e-25,True,,,14.352408770997304,0.5081143316122015,,,,,,,,,,,,,,,,,,,,,,,,,,52.60954666137695
baseline,sdedit,treering,211000000000,add_object,1,add_object,add scarf and add flowers in mouth,,,0.000561518895141899,True,,,,,0.2683485150337219,0.27249300479888916,-0.004144489765167236,0.11235576122999191,0.958574652671814,0.827175498008728,0.3382437229156494,0.40193590741146207,16.844249401734604,12.962715074725889,1.8811876773834229,6.062216758728027,,,,,,,,,,,,,,72.07171630859375
baseline,sdedit,treering,211000000000,add_object,2,global_attribute,make it rainy,,,0.1258490457339074,False,,,,,0.28310802578926086,0.24501186609268188,0.03809615969657898,0.39559051394462585,0.9285426139831543,0.7798836827278137,0.3506331443786621,0.34372268407472006,15.653884193436973,12.452450611292532,1.8743481636047363,6.062216758728027,,,,,,,,,,,,,,73.39295196533203
baseline,sdedit,treering,211000000000,add_object,3,background,make the background a desert,,,0.09275529341931062,False,,,,,0.3045046925544739,0.285666823387146,0.01883786916732788,-0.026320967823266983,0.9593788385391235,0.8706351518630981,0.3432759940624237,0.2933375326090136,14.90469159248578,11.806075618691347,1.8656885623931885,6.062216758728027,,,,,,,,,,,,,,75.85397338867188
baseline,sdedit,treering,211000000000,add_object,4,style,make it anime style,,,0.02334657190565112,False,,,,,0.28753912448883057,0.28987017273902893,-0.0023310482501983643,-0.05658559501171112,0.9570035338401794,0.8943954706192017,0.3470459580421448,0.27216947494188704,14.475697483026567,11.491239942235474,1.876326560974121,6.062216758728027,,,,,,,,,,,,,,71.8907241821289
baseline,sdedit,treering,211000000001,add_object,0,none,,,,3.5044155975692255e-11,True,,,14.3097833802576,0.5804233221066746,,,,,,,,,,,,,,,,,,,,,,,,,,55.57867431640625
baseline,sdedit,treering,211000000001,add_object,1,add_object,add a gold chain and add a star on its head,,,0.2205035583369567,False,,,,,0.21705761551856995,0.19968043267726898,0.017377182841300964,0.06747119873762131,0.8719014525413513,0.8607770204544067,0.3033686876296997,0.49975624230798443,20.79349215748687,13.482408875574837,1.872117280960083,6.062216758728027,,,,,,,,,,,,,,73.65716552734375
baseline,sdedit,treering,211000000001,add_object,2,global_attribute,make it nighttime,,,0.331288026746316,False,,,,,0.2300698459148407,0.21418073773384094,0.015889108180999756,0.009566126391291618,0.8914581537246704,0.8793606162071228,0.2932034730911255,0.408876519313444,19.264817397087985,13.414302402337881,1.8658087253570557,6.062216758728027,,,,,,,,,,,,,,73.03704071044922
baseline,sdedit,treering,211000000001,add_object,3,background,make the background a desert,,,0.6185748946427382,False,,,,,0.25817519426345825,0.22193464636802673,0.03624054789543152,0.02155495621263981,0.9027135372161865,0.8967575430870056,0.31960007548332214,0.3608212406199676,19.116374503301525,12.99149743907104,1.870692253112793,6.062216758728027,,,,,,,,,,,,,,78.24269104003906
baseline,sdedit,treering,211000000001,add_object,4,style,make it anime style,,,0.7043351382332778,False,,,,,0.2823311686515808,0.24956586956977844,0.03276529908180237,0.05135570466518402,0.9135796427726746,0.8790953755378723,0.3282332420349121,0.29471047933855005,17.766286281507277,12.600067438412403,1.8700716495513916,6.062216758728027,,,,,,,,,,,,,,74.26465606689453
baseline,sdedit,treering,211000000002,add_object,0,none,,,,8.076158286549305e-09,True,,,10.508415705141232,0.45347596285591063,,,,,,,,,,,,,,,,,,,,,,,,,,58.74110412597656
baseline,sdedit,treering,211000000002,add_object,1,add_object,add leaves and add a flower,,,0.36760614225920407,False,,,,,0.26194941997528076,0.2721099555492401,-0.01016053557395935,-0.019615618512034416,0.9584589004516602,0.9184017777442932,0.26675742864608765,0.4641206270444331,18.721630143568294,9.976389770603385,1.8682029247283936,6.062216758728027,,,,,,,,,,,,,,71.97920989990234
baseline,sdedit,treering,211000000002,add_object,2,global_attribute,make it sunset lighting,,,0.2745634161896824,False,,,,,0.23762640357017517,0.2461353838443756,-0.00850898027420044,0.013666666112840176,0.9605482816696167,0.9575986862182617,0.211233451962471,0.3759915148728474,17.623464862408213,9.682246557917601,1.8707759380340576,6.062216758728027,,,,,,,,,,,,,,70.21310424804688
baseline,sdedit,treering,211000000002,add_object,3,background,make the background a forest,,,0.3687748787861496,False,,,,,0.24491822719573975,0.2308592051267624,0.014059022068977356,0.0068588461726903915,0.9791617393493652,0.9485918283462524,0.22545038163661957,0.3642923344463809,17.52500770869381,9.554869728303526,1.8721308708190918,6.062216758728027,,,,,,,,,,,,,,75.38677215576172
baseline,sdedit,treering,211000000002,add_object,4,style,turn it into a watercolor painting,,,0.44084613626054436,False,,,,,0.21715880930423737,0.21530956029891968,0.001849249005317688,0.06460247933864594,0.9810582399368286,0.9388741254806519,0.2409268617630005,0.3229151340497302,17.150019513977604,9.311890406093779,1.8740637302398682,6.062216758728027,,,,,,,,,,,,,,75.4179458618164
baseline,sdedit,treering,211000000003,add_object,0,none,,,,6.1058371408457605e-18,True,,,12.932215750492354,0.5377974696454592,,,,,,,,,,,,,,,,,,,,,,,,,,53.815433502197266
baseline,sdedit,treering,211000000003,add_object,1,add_object,add a hurbat and add a sword,,,0.01090682705962831,False,,,,,0.3269553780555725,0.32048046588897705,0.006474912166595459,-0.00029697269201278687,0.9138482809066772,0.8438428640365601,0.2822275459766388,0.5443463950769101,20.012300641397207,12.571770752321761,1.8704915046691895,6.062216758728027,,,,,,,,,,,,,,72.67875671386719
baseline,sdedit,treering,211000000003,add_object,2,global_attribute,make it rainy,,,0.3213725115210628,False,,,,,0.3401857316493988,0.3125368058681488,0.02764892578125,0.09006316214799881,0.9238710403442383,0.6759552955627441,0.4054042100906372,0.5070053451287931,20.213675079698483,12.649843937056371,1.8691205978393555,6.062216758728027,,,,,,,,,,,,,,76.1856918334961
baseline,sdedit,treering,211000000003,add_object,3,background,make the background a forest,,,0.1321603548768045,False,,,,,0.30786049365997314,0.3185241222381592,-0.010663628578186035,0.060697443783283234,0.920159101486206,0.7805469632148743,0.411667138338089,0.38564554799790735,18.353776247123317,12.156102779645215,1.873795747756958,6.062216758728027,,,,,,,,,,,,,,76.5318603515625
baseline,sdedit,treering,211000000003,add_object,4,style,turn it into a watercolor painting,,,0.05469423028224213,False,,,,,0.288814514875412,0.23929934203624725,0.049515172839164734,0.18830768764019012,0.9324378967285156,0.6865569353103638,0.3933908939361572,0.31418461615104837,17.194775526736617,11.831860405132765,1.8713276386260986,6.062216758728027,,,,,,,,,,,,,,76.74884796142578
baseline,sdedit,treering,211000000004,add_object,0,none,,,,6.410445215056577e-15,True,,,11.671147871202795,0.5847262174552421,,,,,,,,,,,,,,,,,,,,,,,,,,53.84947967529297
baseline,sdedit,treering,211000000004,add_object,1,add_object,add a cat and add colorful flowers,,,0.09816571836588925,False,,,,,0.3061821162700653,0.24846142530441284,0.057720690965652466,0.16472533345222473,0.8850787878036499,0.91741943359375,0.4018871784210205,0.6246898761016412,19.001971929353722,11.168188008408084,1.8772153854370117,6.062216758728027,,,,,,,,,,,,,,70.0149154663086
baseline,sdedit,treering,211000000004,add_object,2,global_attribute,change the season to winter,,,0.2063961948603183,False,,,,,0.33846625685691833,0.2806999087333679,0.057766348123550415,0.3295619487762451,0.8622933626174927,0.8691638708114624,0.5005406141281128,0.4274220951239025,17.260212007888427,10.81065898171156,1.8700227737426758,6.062216758728027,,,,,,,,,,,,,,75.62031555175781
baseline,sdedit,treering,211000000004,add_object,3,background,make the background a desert,,,0.6913142046319756,False,,,,,0.32497096061706543,0.3256269693374634,-0.0006560087203979492,0.006577624939382076,0.9427449107170105,0.8869565725326538,0.4522772431373596,0.36985421052035417,16.236356754447005,10.832463983827111,1.8673036098480225,6.062216758728027,,,,,,,,,,,,,,75.40526580810547
baseline,sdedit,treering,211000000004,add_object,4,style,make it anime style,,,0.9090213071296716,False,,,,,0.3073183596134186,0.31704556941986084,-0.00972720980644226,0.06905058026313782,0.9256572127342224,0.9077227115631104,0.4296377897262573,0.3965188268145143,16.176791171413534,10.607241566526152,1.8720455169677734,6.062216758728027,,,,,,,,,,,,,,74.37931823730469
baseline,sdedit,treering,311000000000,delete_object,0,none,,,,1.5553091904804547e-16,True,,,16.11471088466765,0.6673439488285315,,,,,,,,,,,,,,,,,,,,,,,,,,54.08997344970703
baseline,sdedit,treering,311000000000,delete_object,1,delete_object,remove the yellow flowers,,,0.05919535610604686,False,,,,,0.22372731566429138,0.22779753804206848,-0.0040702223777771,0.042643532156944275,0.9453102946281433,0.7383101582527161,0.2134535014629364,0.699207591643754,20.28018205534928,15.157712068226047,1.8665430545806885,6.062216758728027,,,,,,,,,,,,,,73.62476348876953
baseline,sdedit,treering,311000000000,delete_object,2,global_attribute,change the season to winter,,,0.0019292011289883922,False,,,,,0.1906636655330658,0.18729272484779358,0.003370940685272217,0.11754383146762848,0.9400331377983093,0.7078845500946045,0.3292834162712097,0.6190429133007528,19.125143748706485,14.575923178571772,1.8690342903137207,6.062216758728027,,,,,,,,,,,,,,70.23973083496094
baseline,sdedit,treering,311000000000,delete_object,3,background,replace the background with a beach,,,0.0033174122469300732,False,,,,,0.2100306898355484,0.17149126529693604,0.038539424538612366,0.023727605119347572,0.9307698011398315,0.7180057764053345,0.33460453152656555,0.5104975967372036,18.337895697091795,13.89391114599533,1.8688898086547852,6.062216758728027,,,,,,,,,,,,,,73.55182647705078
baseline,sdedit,treering,311000000000,delete_object,4,style,make it look cinematic,,,0.08808191037730623,False,,,,,0.2770703434944153,0.22100229561328888,0.056068047881126404,0.12679767608642578,0.8553075194358826,0.5717489719390869,0.39464640617370605,0.44788524899322596,17.787254639964097,13.44208004926518,1.870548963546753,6.062216758728027,,,,,,,,,,,,,,73.38079071044922
baseline,sdedit,treering,311000000001,delete_object,0,none,,,,8.4052481181773e-12,True,,,12.02124600782418,0.4990616687079195,,,,,,,,,,,,,,,,,,,,,,,,,,55.31175994873047
baseline,sdedit,treering,311000000001,delete_object,1,delete_object,remove the headphones,,,0.1782985198635815,False,,,,,0.19921992719173431,0.19397291541099548,0.005247011780738831,0.04852653667330742,0.9153314828872681,0.834321916103363,0.2546309232711792,0.6458112933338594,22.057110964686363,11.625220250834376,1.8696160316467285,6.062216758728027,,,,,,,,,,,,,,69.94467163085938
baseline,sdedit,treering,311000000001,delete_object,2,global_attribute,make it sunset lighting,,,0.19130969366330636,False,,,,,0.19464856386184692,0.17318761348724365,0.02146095037460327,0.02169174887239933,0.8307679295539856,0.741411566734314,0.2814071774482727,0.6065562010865677,21.374916702542098,11.443318957281324,1.8724422454833984,6.062216758728027,,,,,,,,,,,,,,70.65185546875
baseline,sdedit,treering,311000000001,delete_object,3,background,replace the background with a beach,,,0.43227529278584426,False,,,,,0.1838420033454895,0.18276913464069366,0.0010728687047958374,0.07063951343297958,0.9114217758178711,0.7409920692443848,0.27014538645744324,0.6019686161931673,21.90508540173001,11.514657488345117,1.8676018714904785,6.062216758728027,,,,,,,,,,,,,,70.96512603759766
baseline,sdedit,treering,311000000001,delete_object,4,style,turn it into a watercolor painting,,,0.2609223738882616,False,,,,,0.2766650319099426,0.13271906971931458,0.14394596219062805,0.2942807078361511,0.734165370464325,0.5227470397949219,0.5171888470649719,0.49983732692759836,20.803286820985527,11.253113017393536,1.8692867755889893,6.062216758728027,,,,,,,,,,,,,,75.72061157226562
baseline,sdedit,treering,311000000002,delete_object,0,none,,,,1.0841448021957336e-09,True,,,12.91504029059443,0.5153142875448721,,,,,,,,,,,,,,,,,,,,,,,,,,57.24256896972656
baseline,sdedit,treering,311000000002,delete_object,1,delete_object,remove a suit and remove a laptop,,,0.08960821658694786,False,,,,,0.24676893651485443,0.25572967529296875,-0.008960738778114319,-0.011988664045929909,0.9525032043457031,0.8522830009460449,0.2872571647167206,0.597555165351082,18.558755069567322,12.462989397374036,1.8762726783752441,6.062216758728027,,,,,,,,,,,,,,71.8177261352539
baseline,sdedit,treering,311000000002,delete_object,2,global_attribute,make it nighttime,,,0.4125227813887378,False,,,,,0.2344455122947693,0.22575832903385162,0.008687183260917664,0.024059904739260674,0.9831573963165283,0.919852614402771,0.2880092263221741,0.5662276072358229,18.310796957269826,12.326340298862224,1.864741563796997,6.062216758728027,,,,,,,,,,,,,,77.32110595703125
baseline,sdedit,treering,311000000002,delete_object,3,background,make the background a desert,,,0.9779094746000238,False,,,,,0.23480895161628723,0.2232239991426468,0.011584952473640442,-0.024027761071920395,0.9747761487960815,0.9420439600944519,0.3178805112838745,0.5357434204910977,18.156415474069124,11.840580405658713,1.8671786785125732,6.062216758728027,,,,,,,,,,,,,,79.58645629882812
baseline,sdedit,treering,311000000002,delete_object,4,style,make it anime style,,,0.5539278871964458,False,,,,,0.24219128489494324,0.23012344539165497,0.012067839503288269,0.09098243713378906,0.9635120630264282,0.8969172239303589,0.340906023979187,0.48663537675181434,17.70123851479969,11.804320746704999,1.8839912414550781,6.062216758728027,,,,,,,,,,,,,,76.44962310791016
baseline,sdedit,treering,311000000003,delete_object,0,none,,,,1.456782298168143e-15,True,,,14.59227790397888,0.6504397628733183,,,,,,,,,,,,,,,,,,,,,,,,,,55.287139892578125
baseline,sdedit,treering,311000000003,delete_object,1,delete_object,remove the flower,,,0.00492625217323129,False,,,,,0.3204784691333771,0.28029313683509827,0.04018533229827881,-0.0846133679151535,0.8550387620925903,0.7988796234130859,0.23787866532802582,0.6132023680879825,20.5820471402825,13.633940483749074,1.8722374439239502,6.062216758728027,,,,,,,,,,,,,,72.00148010253906
baseline,sdedit,treering,311000000003,delete_object,2,global_attribute,make it sunset lighting,,,0.25426119398308344,False,,,,,0.29678118228912354,0.2981739044189453,-0.0013927221298217773,0.01833970658481121,0.9667934775352478,0.8896018266677856,0.2226850539445877,0.5895800995142985,20.055875558066468,13.455045304679361,1.8753025531768799,6.062216758728027,,,,,,,,,,,,,,75.98680114746094
baseline,sdedit,treering,311000000003,delete_object,3,background,make the background a forest,,,0.5983342176457683,False,,,,,0.2909027338027954,0.2773759961128235,0.013526737689971924,0.006140146404504776,0.9276071786880493,0.8644892573356628,0.2726176083087921,0.5519832475132305,19.195221260286097,13.095673775463478,1.867095947265625,6.062216758728027,,,,,,,,,,,,,,77.05970764160156
baseline,sdedit,treering,311000000003,delete_object,4,style,convert it to an oil painting,,,0.4484315710588265,False,,,,,0.25414443016052246,0.2576063275337219,-0.003461897373199463,-0.006236491724848747,0.92835533618927,0.9103387594223022,0.3017004728317261,0.5054864540875345,19.58814834850344,12.842184392847631,1.8702573776245117,6.062216758728027,,,,,,,,,,,,,,75.86980438232422
baseline,sdedit,treering,311000000004,delete_object,0,none,,,,6.084225404173574e-12,True,,,15.978035620794644,0.5118688489418022,,,,,,,,,,,,,,,,,,,,,,,,,,56.75059127807617
baseline,sdedit,treering,311000000004,delete_object,1,delete_object,remove an iceberg and remove a plane flying overhead,,,0.21748219378531902,False,,,,,0.23279911279678345,0.2162007838487625,0.016598328948020935,0.08203931897878647,0.9739469289779663,0.9199955463409424,0.23025773465633392,0.4648828345882589,20.798437378581927,14.8998758988086,1.8734254837036133,6.062216758728027,,,,,,,,,,,,,,73.82481384277344
baseline,sdedit,treering,311000000004,delete_object,2,global_attribute,make it rainy,,,0.8005459769975334,False,,,,,0.2178201824426651,0.2216070592403412,-0.0037868767976760864,0.003802819177508354,0.9796078205108643,0.8992883563041687,0.24088051915168762,0.4843370367648397,20.497823912176308,14.399656728497074,1.8669631481170654,6.062216758728027,,,,,,,,,,,,,,78.19209289550781
baseline,sdedit,treering,311000000004,delete_object,3,background,make the background a city street,,,0.4808751896555985,False,,,,,0.3087949752807617,0.19587792456150055,0.11291705071926117,0.0930732935667038,0.8865063190460205,0.5779850482940674,0.45722365379333496,0.3867137733989729,19.157420951976462,13.497723404509268,1.879058599472046,6.062216758728027,,,,,,,,,,,,,,77.54295349121094
baseline,sdedit,treering,311000000004,delete_object,4,style,convert it to an oil painting,,,0.6839247422113595,False,,,,,0.26648902893066406,0.27195990085601807,-0.005470871925354004,-0.08964759856462479,0.957084059715271,0.7694318294525146,0.4384745955467224,0.3592982235243291,18.482667102250304,13.299854929922004,1.8696262836456299,6.062216758728027,,,,,,,,,,,,,,77.76577758789062
baseline,sdedit,treering,411000000000,change_content,0,none,,,,4.428899240464058e-11,True,,,11.765897500315127,0.6226956947258134,,,,,,,,,,,,,,,,,,,,,,,,,,57.11982727050781
baseline,sdedit,treering,411000000000,change_content,1,change_content,change the big to small and make it big,,,0.08869612502052224,False,,,,,0.2907893657684326,0.30281201004981995,-0.012022644281387329,-0.04787386581301689,0.9337469339370728,0.9220349788665771,0.115208700299263,0.6448475757915131,21.634057783790496,11.417886550443878,1.8735425472259521,6.062216758728027,,,,,,,,,,,,,,69.25780487060547
baseline,sdedit,treering,411000000000,change_content,2,global_attribute,make it nighttime,,,0.30082736439850505,False,,,,,0.3107300400733948,0.2745360732078552,0.03619396686553955,0.1542237102985382,0.9206680059432983,0.8958507776260376,0.28107863664627075,0.5119471742543066,19.374189233015656,11.051652680005596,1.8685860633850098,6.062216758728027,,,,,,,,,,,,,,73.75634765625
baseline,sdedit,treering,411000000000,change_content,3,background,replace the background with a beach,,,0.2666662535781897,False,,,,,0.26782384514808655,0.2971770763397217,-0.029353231191635132,0.026953240856528282,0.9335877299308777,0.9136990904808044,0.26995283365249634,0.44876302828217884,18.508058921346567,11.361745831586234,1.876481533050537,6.062216758728027,,,,,,,,,,,,,,72.96576690673828
baseline,sdedit,treering,411000000000,change_content,4,style,turn it into a watercolor painting,,,0.08694663584344721,False,,,,,0.3057407736778259,0.2692614197731018,0.03647935390472412,0.07413167506456375,0.9294973015785217,0.9060407280921936,0.2966160178184509,0.4120162849073603,18.0894959993871,10.975334672871922,1.8666741847991943,6.062216758728027,,,,,,,,,,,,,,71.7024154663086
baseline,sdedit,treering,411000000001,change_content,0,none,,,,7.11573070353453e-22,True,,,12.299949138989712,0.25612533852555125,,,,,,,,,,,,,,,,,,,,,,,,,,52.92195129394531
baseline,sdedit,treering,411000000001,change_content,1,change_content,change the spread out to fold in,,,0.2204407778657314,False,,,,,0.2912975549697876,0.2774833142757416,0.01381424069404602,-0.07635007798671722,0.9781466126441956,0.8755329251289368,0.33886095881462097,0.33972010360002186,15.338045661662294,11.434330850975233,1.8733069896697998,6.062216758728027,,,,,,,,,,,,,,73.73365020751953
baseline,sdedit,treering,411000000001,change_content,2,global_attribute,change the season to winter,,,0.609039888886549,False,,,,,0.2548117935657501,0.2580917477607727,-0.003279954195022583,0.058570027351379395,0.97416090965271,0.9067390561103821,0.3503386378288269,0.3119131833360773,14.845268235194023,10.855658907027674,1.8692207336425781,6.062216758728027,,,,,,,,,,,,,,79.66897583007812
baseline,sdedit,treering,411000000001,change_content,3,background,replace the background with a beach,,,0.4519098930044961,False,,,,,0.2569732069969177,0.2454758733510971,0.011497333645820618,0.04814241826534271,0.9674547910690308,0.9014219045639038,0.39223581552505493,0.2833747511281638,14.332152106771467,10.780583576677516,1.8735194206237793,6.062216758728027,,,,,,,,,,,,,,75.84669494628906
baseline,sdedit,treering,411000000001,change_content,4,style,make it anime style,,,0.4673483257452817,False,,,,,0.2510393261909485,0.2403598427772522,0.010679483413696289,0.10888378322124481,0.9539046287536621,0.840692400932312,0.41111400723457336,0.27388678914361947,14.593266369261503,10.882424842431227,1.8749613761901855,6.062216758728027,,,,,,,,,,,,,,78.45135498046875
baseline,sdedit,treering,411000000002,change_content,0,none,,,,1.755998985485715e-09,True,,,9.960647142268641,0.3497093628605268,,,,,,,,,,,,,,,,,,,,,,,,,,56.13054656982422
baseline,sdedit,treering,411000000002,change_content,1,change_content,change the scarf to cloak,,,0.49179482181267403,False,,,,,0.29783007502555847,0.28875190019607544,0.009078174829483032,0.2566779553890228,0.8535748720169067,0.8943203091621399,0.23674359917640686,0.538692669213226,18.624476410977625,10.100788780887832,1.8714849948883057,6.062216758728027,,,,,,,,,,,,,,75.70858764648438
baseline,sdedit,treering,411000000002,change_content,2,global_attribute,change the season to winter,,,0.7055893742791599,False,,,,,0.3300938606262207,0.28619149327278137,0.04390236735343933,0.18832287192344666,0.808832049369812,0.8110002279281616,0.4832894802093506,0.4231010807470277,16.612380986139684,9.636814416062858,1.8713879585266113,6.062216758728027,,,,,,,,,,,,,,74.68768310546875
baseline,sdedit,treering,411000000002,change_content,3,background,make the background a city street,,,0.18357084254212705,False,,,,,0.2977556586265564,0.3037621080875397,-0.006006449460983276,0.10240643471479416,0.9612753391265869,0.8844640254974365,0.3691316545009613,0.4072327836910639,15.993620217323656,9.527735903079073,1.8740603923797607,6.062216758728027,,,,,,,,,,,,,,72.3020248413086
baseline,sdedit,treering,411000000002,change_content,4,style,make it look cinematic,,,0.537966768924561,False,,,,,0.29927778244018555,0.2897237539291382,0.009554028511047363,0.036926593631505966,0.9213677644729614,0.9151582717895508,0.37707793712615967,0.3436671248290663,15.756469486726425,9.483579289065098,1.8698523044586182,6.062216758728027,,,,,,,,,,,,,,77.30965423583984
baseline,sdedit,treering,411000000003,change_content,0,none,,,,6.374250346078759e-35,True,,,13.93018703873707,0.5902702029811789,,,,,,,,,,,,,,,,,,,,,,,,,,48.19135665893555
baseline,sdedit,treering,411000000003,change_content,1,change_content,change the furry wolf to bald wolf,,,0.009786353882059486,False,,,,,0.2657041847705841,0.2645326256752014,0.0011715590953826904,0.03479471802711487,0.9836077690124512,0.9068787097930908,0.4077925682067871,0.38926618383071415,18.559917618801624,12.798666895449756,1.862044334411621,6.062216758728027,,,,,,,,,,,,,,72.10481262207031
baseline,sdedit,treering,411000000003,change_content,2,global_attribute,make it sunset lighting,,,0.07379875152172205,False,,,,,0.2634788751602173,0.25274890661239624,0.010729968547821045,0.06969404220581055,0.9667580127716064,0.9259515404701233,0.3980836570262909,0.3229004553613768,18.134341434255823,12.376103366055764,1.8735508918762207,6.062216758728027,,,,,,,,,,,,,,74.41011810302734
baseline,sdedit,treering,411000000003,change_content,3,background,make the background a forest,,,0.2680696810632394,False,,,,,0.27120381593704224,0.28185391426086426,-0.010650098323822021,0.004537861794233322,0.9532358646392822,0.9153635501861572,0.4048171937465668,0.287003951005182,16.765413174986126,11.754985446491727,1.8698949813842773,6.062216758728027,,,,,,,,,,,,,,77.14811706542969
baseline,sdedit,treering,411000000003,change_content,4,style,convert it to an oil painting,,,0.13640561440045054,False,,,,,0.2984730005264282,0.2640264332294464,0.03444656729698181,0.25178974866867065,0.9304543733596802,0.8588521480560303,0.5088438987731934,0.28522705171399493,16.028845584420306,11.365017075087469,1.8782758712768555,6.062216758728027,,,,,,,,,,,,,,77.85786437988281
baseline,sdedit,treering,411000000004,change_content,0,none,,,,1.525415102330786e-19,True,,,14.498951229536337,0.44496269982296344,,,,,,,,,,,,,,,,,,,,,,,,,,52.4425163269043
baseline,sdedit,treering,411000000004,change_content,1,change_content,change the shepherd dog to poodle dog and make it luxury,,,0.1476249042905306,False,,,,,0.3108499348163605,0.2919713854789734,0.018878549337387085,0.2509790062904358,0.8739726543426514,0.5890555381774902,0.4028571546077728,0.46358701223384896,17.2996076797853,13.190634804391674,1.8684611320495605,6.062216758728027,,,,,,,,,,,,,,70.26997375488281
baseline,sdedit,treering,411000000004,change_content,2,global_attribute,change the season to winter,,,0.5776113947637136,False,,,,,0.28012749552726746,0.27941611409187317,0.0007113814353942871,-0.029733799397945404,0.9751110672950745,0.8136026263237,0.2858882546424866,0.43203741263216927,17.447612805978686,12.473950054537283,1.8755154609680176,6.062216758728027,,,,,,,,,,,,,,75.18630981445312
baseline,sdedit,treering,411000000004,change_content,3,background,make the background a city street,,,0.7464306334419955,False,,,,,0.2714172303676605,0.26398059725761414,0.007436633110046387,-0.0015998901799321175,0.9424188137054443,0.8451900482177734,0.30397865176200867,0.4007863909454968,16.348820655168247,11.84155472422687,1.8700892925262451,6.062216758728027,,,,,,,,,,,,,,75.13232421875
baseline,sdedit,treering,411000000004,change_content,4,style,make it look cinematic,,,0.819880772344042,False,,,,,0.1763133704662323,0.17232784628868103,0.0039855241775512695,-0.08973875641822815,0.9608297348022461,0.9025070667266846,0.2938534915447235,0.4046500144388361,16.000892980353573,11.349975219208684,1.878394365310669,6.062216758728027,,,,,,,,,,,,,,78.8498764038086
baseline,sdedit,treering,511000000000,change_pose,0,none,,,,9.71651067413481e-22,True,,,14.800002041836052,0.4676667249221436,,,,,,,,,,,,,,,,,,,,,,,,,,51.5604362487793
baseline,sdedit,treering,511000000000,change_pose,1,change_pose,make it tail down and make it jumping,,,0.35681136108468864,False,,,,,0.22665631771087646,0.1943962126970291,0.03226010501384735,0.13273313641548157,0.9555662870407104,0.7606407403945923,0.3724861741065979,0.24147681481712116,19.413569691089233,14.073074608197398,1.8776359558105469,6.062216758728027,,,,,,,,,,,,,,74.4433364868164
baseline,sdedit,treering,511000000000,change_pose,2,global_attribute,make it nighttime,,,0.3296446658977995,False,,,,,0.21900562942028046,0.21233117580413818,0.006674453616142273,0.054609738290309906,0.8634867668151855,0.6026167273521423,0.3879636526107788,0.2142205868103614,18.891758759723178,13.907964173359456,1.8718454837799072,6.062216758728027,,,,,,,,,,,,,,78.01808166503906
baseline,sdedit,treering,511000000000,change_pose,3,background,make the background a city street,,,0.6001303568806766,False,,,,,0.2150065004825592,0.21181774139404297,0.0031887590885162354,0.01807360351085663,0.877960205078125,0.6481555700302124,0.39135295152664185,0.18570453305817677,17.82338991597436,13.460502746407615,1.8647854328155518,6.062216758728027,,,,,,,,,,,,,,75.96393585205078
baseline,sdedit,treering,511000000000,change_pose,4,style,convert it to an oil painting,,,0.6003294050131621,False,,,,,0.24463464319705963,0.2068711817264557,0.03776346147060394,0.15796628594398499,0.7498210072517395,0.6191912293434143,0.42838427424430847,0.18637461568951644,17.093797986014565,13.179290291215999,1.8727853298187256,6.062216758728027,,,,,,,,,,,,,,80.02880859375
baseline,sdedit,treering,511000000001,change_pose,0,none,,,,2.1335379122290922e-16,True,,,11.14319501116579,0.32823318170654053,,,,,,,,,,,,,,,,,,,,,,,,,,53.39867401123047
baseline,sdedit,treering,511000000001,change_pose,1,change_pose,change the standing to sitting and make it tilting its head and make it wagging its tail,,,0.19657130051171418,False,,,,,0.23876892030239105,0.21128582954406738,0.02748309075832367,-0.022042986005544662,0.9017764329910278,0.8439739346504211,0.3019457757472992,0.4216259960908948,17.762729641327553,10.842583572044635,1.8704593181610107,6.062216758728027,,,,,,,,,,,,,,73.12108612060547
baseline,sdedit,treering,511000000001,change_pose,2,global_attribute,make it rainy,,,0.10315000164613199,False,,,,,0.19820347428321838,0.2135200798511505,-0.015316605567932129,0.05757421255111694,0.9284433126449585,0.8281422257423401,0.3261290192604065,0.38518499582310817,17.45795170264268,10.666092464614279,1.874974012374878,6.062216758728027,,,,,,,,,,,,,,73.01494598388672
baseline,sdedit,treering,511000000001,change_pose,3,background,make the background a desert,,,0.49612548800274014,False,,,,,0.22160330414772034,0.1915106624364853,0.030092641711235046,0.24466261267662048,0.910325825214386,0.8793419003486633,0.3335389792919159,0.36820940329728885,16.698209529059746,10.702697328842952,1.8722307682037354,6.062216758728027,,,,,,,,,,,,,,77.44857025146484
baseline,sdedit,treering,511000000001,change_pose,4,style,make it look cinematic,,,0.12700026234430542,False,,,,,0.21353530883789062,0.2102310061454773,0.00330430269241333,0.040362030267715454,0.9409483671188354,0.8801885843276978,0.30443716049194336,0.36871463114366715,16.43300299684037,10.562622150730771,1.8691003322601318,6.062216758728027,,,,,,,,,,,,,,72.79004669189453
baseline,sdedit,treering,511000000002,change_pose,0,none,,,,3.45113082211789e-20,True,,,15.648786517165716,0.43648754601858597,,,,,,,,,,,,,,,,,,,,,,,,,,52.84537887573242
baseline,sdedit,treering,511000000002,change_pose,1,change_pose,make it its mouth open and change the sitting to standing and make it roaring,,,0.059119624242429544,False,,,,,0.2375221997499466,0.24458293616771698,-0.007060736417770386,0.05516143515706062,0.967486560344696,0.9580193758010864,0.24220740795135498,0.3653922548497586,19.83680126335526,14.455039856905296,1.8691706657409668,6.062216758728027,,,,,,,,,,,,,,74.13614654541016
baseline,sdedit,treering,511000000002,change_pose,2,global_attribute,change the season to winter,,,0.46313152531459484,False,,,,,0.22120898962020874,0.21066825091838837,0.010540738701820374,0.028407108038663864,0.9557709693908691,0.9755925536155701,0.2800756096839905,0.30273056262485604,18.845880268586658,14.069748058869626,1.8704164028167725,6.062216758728027,,,,,,,,,,,,,,75.0212173461914
baseline,sdedit,treering,511000000002,change_pose,3,background,replace the background with a beach,,,0.3091992231433977,False,,,,,0.20279526710510254,0.20487383008003235,-0.0020785629749298096,-0.036154359579086304,0.9659027457237244,0.9679597616195679,0.272979199886322,0.2608638297085856,17.01288436998426,13.387821346560123,1.8704235553741455,6.062216758728027,,,,,,,,,,,,,,77.30443572998047
baseline,sdedit,treering,511000000002,change_pose,4,style,make it look cinematic,,,0.807527758686682,False,,,,,0.2221764475107193,0.20667274296283722,0.01550370454788208,0.026300597935914993,0.9216341972351074,0.9575849175453186,0.3016960918903351,0.25849396193852475,16.627211182378545,13.302692684842283,1.880544900894165,6.062216758728027,,,,,,,,,,,,,,76.97655487060547
baseline,sdedit,treering,511000000003,change_pose,0,none,,,,0.00010413780432205531,True,,,12.327885752453083,0.5846368447194995,,,,,,,,,,,,,,,,,,,,,,,,,,63.26549530029297
baseline,sdedit,treering,511000000003,change_pose,1,change_pose,change the wings spread to wings folded and make it beak pointed downward,,,0.5756745200127233,False,,,,,0.281096488237381,0.27436205744743347,0.00673443078994751,-0.047284647822380066,0.9452304840087891,0.9636377096176147,0.1558775007724762,0.7974674711944051,19.849233858496433,11.951749883283146,1.8653123378753662,6.062216758728027,,,,,,,,,,,,,,75.49078369140625
baseline,sdedit,treering,511000000003,change_pose,2,global_attribute,make it nighttime,,,0.031218473572934387,False,,,,,0.2761058807373047,0.2696723937988281,0.0064334869384765625,0.057258933782577515,0.9657655954360962,0.968418538570404,0.2023003250360489,0.7647410666597839,19.43252560816783,11.849839598225632,1.8845341205596924,6.062216758728027,,,,,,,,,,,,,,73.23863220214844
baseline,sdedit,treering,511000000003,change_pose,3,background,make the background a city street,,,0.1486702327100541,False,,,,,0.25274842977523804,0.25922611355781555,-0.006477683782577515,0.055093344300985336,0.92411208152771,0.923416018486023,0.43570780754089355,0.5814471742141708,18.75752028502022,11.546535624400352,1.8715832233428955,6.062216758728027,,,,,,,,,,,,,,73.0298080444336
baseline,sdedit,treering,511000000003,change_pose,4,style,convert it to an oil painting,,,0.31248525854601705,False,,,,,0.28208762407302856,0.23642170429229736,0.0456659197807312,0.108674556016922,0.932701826095581,0.8514998555183411,0.4479711651802063,0.45764188036530423,17.063472334261323,11.202690847727265,1.868471384048462,6.062216758728027,,,,,,,,,,,,,,77.34795379638672
baseline,sdedit,treering,511000000004,change_pose,0,none,,,,1.2972740694425563e-18,True,,,12.296263662951834,0.5759113325468924,,,,,,,,,,,,,,,,,,,,,,,,,,55.207969665527344
baseline,sdedit,treering,511000000004,change_pose,1,change_pose,make it eyes closed and change the sitting to lying and make it above its head,,,0.06718362009279796,False,,,,,0.2294171154499054,0.23720683157444,-0.007789716124534607,0.014451500028371811,0.9743379950523376,0.9715398550033569,0.25298064947128296,0.555255532342119,21.35309439531206,12.247027545865892,1.8688981533050537,6.062216758728027,,,,,,,,,,,,,,74.58387756347656
baseline,sdedit,treering,511000000004,change_pose,2,global_attribute,make it nighttime,,,0.7092950533451102,False,,,,,0.21835193037986755,0.2237030267715454,-0.0053510963916778564,0.015964917838573456,0.9685699343681335,0.9676021933555603,0.25808483362197876,0.47602415510976365,19.782386644321505,11.924522412729655,1.8724284172058105,6.062216758728027,,,,,,,,,,,,,,78.89549255371094
baseline,sdedit,treering,511000000004,change_pose,3,background,make the background a forest,,,0.43537607457973876,False,,,,,0.24542644619941711,0.22661703824996948,0.018809407949447632,0.027115188539028168,0.9696581959724426,0.9729337692260742,0.27292731404304504,0.4199022576527572,18.439243588826265,11.413909007383886,1.8722920417785645,6.062216758728027,,,,,,,,,,,,,,80.63990020751953
baseline,sdedit,treering,511000000004,change_pose,4,style,make it look cinematic,,,0.7509880837407811,False,,,,,0.21656310558319092,0.2391609251499176,-0.022597819566726685,-0.05975888669490814,0.9736255407333374,0.9692611694335938,0.3298506438732147,0.3756168470603976,17.378547435621016,11.10518936422973,1.8715288639068604,6.062216758728027,,,,,,,,,,,,,,78.7266845703125
baseline,sdedit,treering,611000000000,change_color,0,none,,,,3.0029665685685777e-33,True,,,15.135664719849913,0.39400921354984497,,,,,,,,,,,,,,,,,,,,,,,,,,48.88472366333008
baseline,sdedit,treering,611000000000,change_color,1,change_color,change the black to white and change the red to green,,,0.0004731269130087676,True,,,,,0.25963467359542847,0.24721182882785797,0.012422844767570496,0.019920669496059418,0.9489139318466187,0.878684401512146,0.3401722311973572,0.21905776947323297,15.731618505880565,13.203626364096138,1.8751027584075928,6.062216758728027,,,,,,,,,,,,,,69.45452880859375
baseline,sdedit,treering,611000000000,change_color,2,global_attribute,change the season to winter,,,0.11402964997683954,False,,,,,0.2815929055213928,0.2454266995191574,0.03616620600223541,0.04466213285923004,0.9024789333343506,0.8052576184272766,0.34227514266967773,0.19742367075258974,14.884941054485878,12.785651883212545,1.8845479488372803,6.062216758728027,,,,,,,,,,,,,,72.43706512451172
baseline,sdedit,treering,611000000000,change_color,3,background,make the background a desert,,,0.5792447758056646,False,,,,,0.267105370759964,0.2811148762702942,-0.0140095055103302,-0.03245004639029503,0.9587993621826172,0.750662088394165,0.363258421421051,0.1785752676497249,14.98530789900576,12.904397915366108,1.8722975254058838,6.062216758728027,,,,,,,,,,,,,,77.42133331298828
baseline,sdedit,treering,611000000000,change_color,4,style,convert it to an oil painting,,,0.6147434913257515,False,,,,,0.25705406069755554,0.2493426501750946,0.0077114105224609375,0.22232455015182495,0.8851972818374634,0.6337032318115234,0.46077460050582886,0.1724495332320438,14.273121415566862,12.020333124638523,1.8713915348052979,6.062216758728027,,,,,,,,,,,,,,78.84693908691406
baseline,sdedit,treering,611000000001,change_color,0,none,,,,2.2452389264508886e-14,True,,,12.188539796962841,0.4134768856029399,,,,,,,,,,,,,,,,,,,,,,,,,,55.85511779785156
baseline,sdedit,treering,611000000001,change_color,1,change_color,make it white and change the pink to green,,,0.025372090781889987,False,,,,,0.23500384390354156,0.22594723105430603,0.009056612849235535,0.05680867284536362,0.9714596271514893,0.8056994676589966,0.38281160593032837,0.39232453190210187,16.487844380876506,11.518354414577727,1.8695933818817139,6.062216758728027,,,,,,,,,,,,,,72.30770111083984
baseline,sdedit,treering,611000000001,change_color,2,global_attribute,make it nighttime,,,0.5706289039450626,False,,,,,0.2331053614616394,0.22389723360538483,0.009208127856254578,0.0097522446885705,0.9631707668304443,0.868765115737915,0.39272111654281616,0.3226935194956007,15.696892610632213,10.761866056724864,1.870548963546753,6.062216758728027,,,,,,,,,,,,,,76.44042205810547
baseline,sdedit,treering,611000000001,change_color,3,background,make the background a city street,,,0.4572670580110549,False,,,,,0.23025888204574585,0.2192627191543579,0.01099616289138794,-0.020590495318174362,0.9278109073638916,0.8740033507347107,0.42996904253959656,0.32873200718871315,16.19081710022767,10.83468309051083,1.8729743957519531,6.062216758728027,,,,,,,,,,,,,,78.01273345947266
baseline,sdedit,treering,611000000001,change_color,4,style,make it look cinematic,,,0.1056731328735781,False,,,,,0.22415921092033386,0.20942789316177368,0.01473131775856018,-0.023005113005638123,0.9038646817207336,0.8532921075820923,0.42120108008384705,0.3794963832585829,17.069569815120865,11.294770244565381,1.8709537982940674,6.062216758728027,,,,,,,,,,,,,,75.83716583251953
baseline,sdedit,treering,611000000002,change_color,0,none,,,,1.3122366268148336e-20,True,,,9.924643782276648,0.25237116513485885,,,,,,,,,,,,,,,,,,,,,,,,,,51.2351188659668
baseline,sdedit,treering,611000000002,change_color,1,change_color,change the brown to black and make it white,,,0.08481147978735445,False,,,,,0.3085581064224243,0.31721800565719604,-0.008659899234771729,0.15246997773647308,0.8729194402694702,0.7106571197509766,0.3746200501918793,0.34031348470073236,18.26222188950602,9.588199167564552,1.8695528507232666,6.062216758728027,,,,,,,,,,,,,,72.49949645996094
baseline,sdedit,treering,611000000002,change_color,2,global_attribute,change the season to winter,,,0.1207986895436886,False,,,,,0.2801753282546997,0.2972024381160736,-0.0170271098613739,0.02306259423494339,0.9105205535888672,0.8881957530975342,0.33754363656044006,0.26466082598096374,16.4980488415431,9.120365448452992,1.8748688697814941,6.062216758728027,,,,,,,,,,,,,,72.53461456298828
baseline,sdedit,treering,611000000002,change_color,3,background,make the background a forest,,,0.337843201560306,False,,,,,0.2876352071762085,0.2810659408569336,0.006569266319274902,0.10800810158252716,0.8993996977806091,0.9241923689842224,0.3028634488582611,0.286250592658628,16.16158070889185,8.82675608343165,1.8705048561096191,6.062216758728027,,,,,,,,,,,,,,79.96308898925781
baseline,sdedit,treering,611000000002,change_color,4,style,make it look cinematic,,,0.1282794828812115,False,,,,,0.269713819026947,0.2877531051635742,-0.018039286136627197,-0.06994331628084183,0.947324275970459,0.884161114692688,0.33322882652282715,0.27418833500515444,15.096012804320889,8.67486537045949,1.8716011047363281,6.062216758728027,,,,,,,,,,,,,,75.58735656738281
baseline,sdedit,treering,611000000003,change_color,0,none,,,,3.9376203791747123e-31,True,,,14.246070807093062,0.5048028445149285,,,,,,,,,,,,,,,,,,,,,,,,,,49.672218322753906
baseline,sdedit,treering,611000000003,change_color,1,change_color,change the white to pink and make it red,,,0.407738740604426,False,,,,,0.30588236451148987,0.30036479234695435,0.0055175721645355225,0.021505221724510193,0.9332120418548584,0.8600364327430725,0.43395960330963135,0.46524232694316403,19.34600643106244,13.204071220430915,1.87009596824646,6.062216758728027,,,,,,,,,,,,,,78.8942642211914
baseline,sdedit,treering,611000000003,change_color,2,global_attribute,change the season to winter,,,0.04103183869744951,False,,,,,0.31301844120025635,0.2898264527320862,0.023191988468170166,0.23456457257270813,0.9492484331130981,0.7769955396652222,0.4492807984352112,0.36061281477828033,17.758528530832244,12.367579535800083,1.867981195449829,6.062216758728027,,,,,,,,,,,,,,75.7162857055664
baseline,sdedit,treering,611000000003,change_color,3,background,make the background a forest,,,0.6129360504664515,False,,,,,0.3313214182853699,0.30800092220306396,0.023320496082305908,0.09774257987737656,0.9642235040664673,0.8286999464035034,0.41980141401290894,0.31511611993459343,16.179333601601115,11.700397392961111,1.8723983764648438,6.062216758728027,,,,,,,,,,,,,,80.95791625976562
baseline,sdedit,treering,611000000003,change_color,4,style,convert it to an oil painting,,,0.24167528197997723,False,,,,,0.32869768142700195,0.3218208849430084,0.00687679648399353,-0.04399646073579788,0.9631791114807129,0.8582776188850403,0.38517525792121887,0.2998146722592514,14.650944671547656,10.882238454583026,1.871828556060791,6.062216758728027,,,,,,,,,,,,,,76.36119842529297
baseline,sdedit,treering,611000000004,change_color,0,none,,,,6.515797346375174e-07,True,,,15.07276417039832,0.5971714514274993,,,,,,,,,,,,,,,,,,,,,,,,,,60.14811325073242
baseline,sdedit,treering,611000000004,change_color,1,change_color,change the white to purple and make it black,,,0.04372370275176163,False,,,,,0.2516763210296631,0.22004449367523193,0.03163182735443115,0.01425207033753395,0.9110645055770874,0.8747894763946533,0.2351340800523758,0.3873728067892607,19.808487955224614,14.248988928164525,1.872401237487793,6.062216758728027,,,,,,,,,,,,,,69.94215393066406
baseline,sdedit,treering,611000000004,change_color,2,global_attribute,change the season to winter,,,0.5431966137898355,False,,,,,0.29399192333221436,0.27775728702545166,0.016234636306762695,0.039507754147052765,0.9254457354545593,0.8654508590698242,0.4110982418060303,0.32888694145377295,18.217970763751236,13.386779083960969,1.876253366470337,6.062216758728027,,,,,,,,,,,,,,74.79803466796875
baseline,sdedit,treering,611000000004,change_color,3,background,make the background a city street,,,0.433813034514292,False,,,,,0.2339177280664444,0.2634429335594177,-0.029525205492973328,0.0806317925453186,0.8438137769699097,0.807779848575592,0.43035000562667847,0.2528549520579649,16.398016338668214,12.700347444219728,1.867849588394165,6.062216758728027,,,,,,,,,,,,,,75.70573425292969
baseline,sdedit,treering,611000000004,change_color,4,style,make it anime style,,,0.3281777507269824,False,,,,,0.26017266511917114,0.21582484245300293,0.04434782266616821,0.02091146633028984,0.8362581133842468,0.609701931476593,0.4222850203514099,0.2333663242490144,15.256974603541845,12.203730518640114,1.8745231628417969,6.062216758728027,,,,,,,,,,,,,,73.31876373291016
baseline,sdedit,treering,711000000000,change_material,0,none,,,,3.786134889087303e-08,True,,,18.948392745732423,0.7159292552456411,,,,,,,,,,,,,,,,,,,,,,,,,,57.71159362792969
baseline,sdedit,treering,711000000000,change_material,1,change_material,make it knitted and make it toy,,,0.0609915251019378,False,,,,,0.3319163918495178,0.2892700731754303,0.042646318674087524,0.22118324041366577,0.9166632294654846,0.8469617962837219,0.25676852464675903,0.437372081246981,21.267070618557547,17.89074686285734,1.8656840324401855,6.062216758728027,,,,,,,,,,,,,,69.5125732421875
baseline,sdedit,treering,711000000000,change_material,2,global_attribute,change the season to winter,,,0.052138964492393775,False,,,,,0.33232709765434265,0.30868953466415405,0.0236375629901886,0.06736144423484802,0.9501108527183533,0.8854027986526489,0.27270954847335815,0.39161532384135117,20.676104190958362,16.920653647812912,1.8678016662597656,6.062216758728027,,,,,,,,,,,,,,69.68925476074219
baseline,sdedit,treering,711000000000,change_material,3,background,make the background a desert,,,0.11459660802471373,False,,,,,0.30205613374710083,0.3216850757598877,-0.019628942012786865,-0.05955299735069275,0.9421523809432983,0.8506536483764648,0.3157130479812622,0.28282599890464954,18.417143521802764,15.60292805093831,1.8715214729309082,6.062216758728027,,,,,,,,,,,,,,70.73385620117188
baseline,sdedit,treering,711000000000,change_material,4,style,convert it to an oil painting,,,0.15506754093204506,False,,,,,0.35893964767456055,0.2885477542877197,0.07039189338684082,0.14147555828094482,0.9063979387283325,0.8651539087295532,0.3185127377510071,0.2537422233114963,16.880315238635596,14.955291217058132,1.8695333003997803,6.062216758728027,,,,,,,,,,,,,,73.50779724121094
baseline,sdedit,treering,711000000001,change_material,0,none,,,,2.2839901684743655e-20,True,,,12.079771466857352,0.2781366347990644,,,,,,,,,,,,,,,,,,,,,,,,,,51.500152587890625
baseline,sdedit,treering,711000000001,change_material,1,change_material,make it wooden and make it toy,,,0.1680467404044417,False,,,,,0.3117907643318176,0.23756006360054016,0.07423070073127747,0.2310146987438202,0.8779280185699463,0.6501564979553223,0.40393632650375366,0.33189943636277225,15.308562683889742,10.83424941246223,1.8684256076812744,6.062216758728027,,,,,,,,,,,,,,75.75914001464844
baseline,sdedit,treering,711000000001,change_material,2,global_attribute,make it nighttime,,,0.2590185507852843,False,,,,,0.27421775460243225,0.2935486435890198,-0.019330888986587524,0.045211903750896454,0.948293149471283,0.5795736312866211,0.38797426223754883,0.2686800963200365,14.30715546721984,10.062342910411257,1.8746836185455322,6.062216758728027,,,,,,,,,,,,,,76.73958587646484
baseline,sdedit,treering,711000000001,change_material,3,background,make the background a desert,,,0.07517088384209532,False,,,,,0.2677910625934601,0.2735537588596344,-0.005762696266174316,0.02448008581995964,0.9082033634185791,0.6168122291564941,0.38780489563941956,0.24876637321273223,13.671254129556708,9.620595159948058,1.873075246810913,6.062216758728027,,,,,,,,,,,,,,74.08039855957031
baseline,sdedit,treering,711000000001,change_material,4,style,make it look cinematic,,,0.21891563918190254,False,,,,,0.24251484870910645,0.2628704309463501,-0.020355582237243652,0.010947372764348984,0.8953632116317749,0.659871518611908,0.39020323753356934,0.2645227667320766,13.415526516346173,9.371768795429094,1.8714640140533447,6.062216758728027,,,,,,,,,,,,,,76.65525817871094
baseline,sdedit,treering,711000000002,change_material,0,none,,,,2.7714992880829486e-11,True,,,12.634222925341653,0.679503607681033,,,,,,,,,,,,,,,,,,,,,,,,,,56.401031494140625
baseline,sdedit,treering,711000000002,change_material,1,change_material,change the blue to plastic and make it golden,,,0.17508978994393876,False,,,,,0.2962668836116791,0.2832406163215637,0.013026267290115356,0.019829655066132545,0.9333875775337219,0.8843460083007812,0.3943105638027191,0.6653759318930276,19.53301215758563,12.195917420751204,1.8691887855529785,6.062216758728027,,,,,,,,,,,,,,72.97663879394531
baseline,sdedit,treering,711000000002,change_material,2,global_attribute,change the season to winter,,,0.5124462194571869,False,,,,,0.33451876044273376,0.2951560616493225,0.039362698793411255,0.276280015707016,0.8936609029769897,0.812692403793335,0.4606013298034668,0.5387441005880814,17.93511837662123,11.941570935920465,1.8735566139221191,6.062216758728027,,,,,,,,,,,,,,79.66768646240234
baseline,sdedit,treering,711000000002,change_material,3,background,make the background a desert,,,0.377362872022442,False,,,,,0.33584290742874146,0.33487623929977417,0.0009666681289672852,0.05847446620464325,0.953619122505188,0.8605088591575623,0.30918949842453003,0.4620476452151163,17.189329166216346,11.559843706041818,1.863431453704834,6.062216758728027,,,,,,,,,,,,,,78.32620239257812
baseline,sdedit,treering,711000000002,change_material,4,style,turn it into a watercolor painting,,,0.3210702381997875,False,,,,,0.33398115634918213,0.31445634365081787,0.019524812698364258,0.1787351369857788,0.9545108079910278,0.9180467128753662,0.3496256172657013,0.3708510508192309,15.698171070793974,11.000991381521853,1.8755981922149658,6.062216758728027,,,,,,,,,,,,,,77.47767639160156
baseline,sdedit,treering,711000000003,change_material,0,none,,,,6.246839385373231e-08,True,,,13.909008545631494,0.7219935349694054,,,,,,,,,,,,,,,,,,,,,,,,,,58.415924072265625
baseline,sdedit,treering,711000000003,change_material,1,change_material,make it iron and make it sculpture,,,0.15267801348341808,False,,,,,0.2903791666030884,0.27754998207092285,0.012829184532165527,0.11411765217781067,0.9234844446182251,0.8885783553123474,0.1961558759212494,0.7555615934737387,23.489211438758577,13.458802938196538,1.869412899017334,6.062216758728027,,,,,,,,,,,,,,70.68342590332031
baseline,sdedit,treering,711000000003,change_material,2,global_attribute,make it sunset lighting,,,0.0444889709061263,False,,,,,0.28408321738243103,0.2712705731391907,0.012812644243240356,0.052111610770225525,0.9594446420669556,0.8865500688552856,0.13572832942008972,0.7246087325696235,23.66037527007166,13.882790065487765,1.8700191974639893,6.062216758728027,,,,,,,,,,,,,,68.88805389404297
baseline,sdedit,treering,711000000003,change_material,3,background,make the background a forest,,,0.31068754935307696,False,,,,,0.2691056430339813,0.27825677394866943,-0.00915113091468811,-0.0010039322078227997,0.960497260093689,0.8955134153366089,0.2279280722141266,0.6734884047927766,23.379632743519146,13.985327441246087,1.8710331916809082,6.062216758728027,,,,,,,,,,,,,,70.97323608398438
baseline,sdedit,treering,711000000003,change_material,4,style,make it look cinematic,,,0.5442044889203462,False,,,,,0.29136916995048523,0.27485233545303345,0.016516834497451782,0.0316038578748703,0.9561310410499573,0.8703694343566895,0.22589486837387085,0.5963464635236555,23.050845272709218,13.344439604621904,1.8690071105957031,6.062216758728027,,,,,,,,,,,,,,75.20384979248047
baseline,sdedit,treering,711000000004,change_material,0,none,,,,2.3329125080103477e-11,True,,,13.291012851087551,0.5553594824039044,,,,,,,,,,,,,,,,,,,,,,,,,,56.55738830566406
baseline,sdedit,treering,711000000004,change_material,1,change_material,make it golden and make it sculpture,,,0.37774727753645504,False,,,,,0.25656750798225403,0.20217306911945343,0.0543944388628006,0.23449048399925232,0.8406205177307129,0.4583488404750824,0.3499554991722107,0.705934110261516,19.3658085553626,12.826090932645215,1.8711268901824951,6.062216758728027,,,,,,,,,,,,,,75.99523162841797
baseline,sdedit,treering,711000000004,change_material,2,global_attribute,change the season to winter,,,0.330284315642854,False,,,,,0.3168155252933502,0.2308485507965088,0.08596697449684143,0.2773974537849426,0.9008554220199585,0.7527148723602295,0.4069160223007202,0.6331320274508612,17.78288327955883,12.481433809540022,1.8672945499420166,6.062216758728027,,,,,,,,,,,,,,74.46800231933594
baseline,sdedit,treering,711000000004,change_material,3,background,make the background a desert,,,0.6401022355655653,False,,,,,0.3350459933280945,0.31331223249435425,0.021733760833740234,0.008224204182624817,0.9652833938598633,0.8786762952804565,0.3683741092681885,0.6089447692359801,18.256873382883498,12.400175718703712,1.8813080787658691,6.062216758728027,,,,,,,,,,,,,,76.06845092773438
baseline,sdedit,treering,711000000004,change_material,4,style,make it look cinematic,,,0.5268216480924072,False,,,,,0.3142543435096741,0.32805198431015015,-0.013797640800476074,0.01548935379832983,0.9343240857124329,0.8837617635726929,0.40810465812683105,0.5798903955061753,18.18336696369344,12.18508224740111,1.873157262802124,6.062216758728027,,,,,,,,,,,,,,80.6347885131836
baseline,sdedit,treering,811000000000,change_background,0,none,,,,3.350529442372059e-11,True,,,11.105806891341379,0.42495225571097645,,,,,,,,,,,,,,,,,,,,,,,,,,56.225948333740234
baseline,sdedit,treering,811000000000,change_background,1,change_background,change the background to forest,,,0.4552924314892863,False,,,,,0.2131013125181198,0.19292718172073364,0.02017413079738617,0.09656095504760742,0.9185923337936401,0.8439785242080688,0.2908741533756256,0.25778771529222394,18.719730779155235,10.695720139078691,1.867274284362793,6.062216758728027,,,,,,,,,,,,,,76.64409637451172
baseline,sdedit,treering,811000000000,change_background,2,global_attribute,make it nighttime,,,0.5513295475803999,False,,,,,0.23568052053451538,0.22527337074279785,0.01040714979171753,-0.009543485939502716,0.94804847240448,0.9197344183921814,0.24702827632427216,0.23799866427761415,17.746024707229328,10.46591842920834,1.8715007305145264,6.062216758728027,,,,,,,,,,,,,,75.34693145751953
baseline,sdedit,treering,811000000000,change_background,3,background,replace the background with a beach,,,0.5289812243694394,False,,,,,0.22854886949062347,0.23863574862480164,-0.010086879134178162,-0.050046406686306,0.9570059776306152,0.908177375793457,0.21984946727752686,0.24382862111245304,17.26682906582095,10.074273077660006,1.8695530891418457,6.062216758728027,,,,,,,,,,,,,,78.64258575439453
baseline,sdedit,treering,811000000000,change_background,4,style,make it anime style,,,0.2521979259254821,False,,,,,0.21394605934619904,0.20830181241035461,0.005644246935844421,0.13649716973304749,0.9546838402748108,0.8299906849861145,0.28472715616226196,0.20200671222926633,15.673478447409646,9.905513448483559,1.8732154369354248,6.062216758728027,,,,,,,,,,,,,,78.94261932373047
baseline,sdedit,treering,811000000001,change_background,0,none,,,,1.1055485939023344e-22,True,,,10.443004600517117,0.28857604949586846,,,,,,,,,,,,,,,,,,,,,,,,,,52.995662689208984
baseline,sdedit,treering,811000000001,change_background,1,change_background,change the background to dark,,,0.0010830856197101943,False,,,,,0.3226968050003052,0.31017014384269714,0.012526661157608032,0.0015699914656579494,0.9718823432922363,0.8875875473022461,0.3492901027202606,0.31735667244481086,12.837848518369865,9.314811586806394,1.8726885318756104,6.062216758728027,,,,,,,,,,,,,,70.28181457519531
baseline,sdedit,treering,811000000001,change_background,2,global_attribute,make it nighttime,,,0.12794495577760157,False,,,,,0.31145691871643066,0.3073863387107849,0.004070580005645752,0.01950540766119957,0.9735299944877625,0.893146812915802,0.38275861740112305,0.29913595983910585,12.179652133609725,8.91616741257585,1.8754174709320068,6.062216758728027,,,,,,,,,,,,,,74.75392150878906
baseline,sdedit,treering,811000000001,change_background,3,background,make the background a forest,,,0.1430875659172257,False,,,,,0.31016913056373596,0.3082045316696167,0.0019645988941192627,0.02395176701247692,0.9806960821151733,0.8801146149635315,0.39677977561950684,0.27640019227949214,11.748169990598946,8.724750931947119,1.8686494827270508,6.062216758728027,,,,,,,,,,,,,,74.18936157226562
baseline,sdedit,treering,811000000001,change_background,4,style,make it look cinematic,,,0.9153649649381845,False,,,,,0.30581095814704895,0.30341601371765137,0.002394944429397583,-0.03333123028278351,0.9855793118476868,0.8784195184707642,0.3714695870876312,0.25118354433086715,11.343418924767853,8.480417848554753,1.8704805374145508,6.062216758728027,,,,,,,,,,,,,,81.46320343017578
baseline,sdedit,treering,811000000002,change_background,0,none,,,,2.749825550756336e-10,True,,,15.555803736913365,0.6249701233525907,,,,,,,,,,,,,,,,,,,,,,,,,,57.365291595458984
baseline,sdedit,treering,811000000002,change_background,1,change_background,change the background to grass,,,0.0036781306531762314,False,,,,,0.22323772311210632,0.21731963753700256,0.00591808557510376,0.04335034266114235,0.9723184108734131,0.9516136646270752,0.14375638961791992,0.5006311168650459,19.733661158904262,14.945537135787937,1.868886947631836,6.062216758728027,,,,,,,,,,,,,,68.36266326904297
baseline,sdedit,treering,811000000002,change_background,2,global_attribute,change the season to winter,,,0.04934462500226032,False,,,,,0.20704703032970428,0.21340838074684143,-0.006361350417137146,-0.001120464876294136,0.9611644744873047,0.8725538849830627,0.3191109895706177,0.4235667211475292,18.50918725074129,14.586443449999054,1.872690200805664,6.062216758728027,,,,,,,,,,,,,,67.85572814941406
baseline,sdedit,treering,811000000002,change_background,3,background,replace the background with a beach,,,0.5505691305594291,False,,,,,0.19830787181854248,0.19437551498413086,0.003932356834411621,0.0739562138915062,0.9456973075866699,0.7766661047935486,0.4448239207267761,0.3228726208786065,17.856194468373342,14.247299662984075,1.869783878326416,6.062216758728027,,,,,,,,,,,,,,75.03556060791016
baseline,sdedit,treering,811000000002,change_background,4,style,turn it into a watercolor painting,,,0.17418834948955805,False,,,,,0.2842997908592224,0.19810126721858978,0.08619852364063263,0.10422079265117645,0.9166171550750732,0.822874128818512,0.4701175391674042,0.29732140837171894,16.994028491174426,13.848113462986873,1.8685567378997803,6.062216758728027,,,,,,,,,,,,,,76.3211898803711
baseline,sdedit,treering,811000000003,change_background,0,none,,,,1.3265783666658892e-07,True,,,10.283614023417424,0.20048588173866458,,,,,,,,,,,,,,,,,,,,,,,,,,59.77602767944336
baseline,sdedit,treering,811000000003,change_background,1,change_background,change the background to blue,,,0.3058762336543248,False,,,,,0.29687631130218506,0.2689530849456787,0.027923226356506348,0.07219178974628448,0.9501145482063293,0.9177719950675964,0.2735416293144226,0.4088878077430811,15.649566552104337,9.93460823710287,1.8692724704742432,6.062216758728027,,,,,,,,,,,,,,75.61750030517578
baseline,sdedit,treering,811000000003,change_background,2,global_attribute,change the season to winter,,,0.29397730092849866,False,,,,,0.27979525923728943,0.26643770933151245,0.013357549905776978,0.012810824438929558,0.9765344858169556,0.932060182094574,0.29598870873451233,0.3572174707607298,14.454870374880633,9.370752823427079,1.8698430061340332,6.062216758728027,,,,,,,,,,,,,,73.85993194580078
baseline,sdedit,treering,811000000003,change_background,3,background,make the background a desert,,,0.2542262002875093,False,,,,,0.25484269857406616,0.2670271098613739,-0.01218441128730774,-0.018577702343463898,0.9737969040870667,0.9431486129760742,0.31142786145210266,0.3439403618117092,14.169711428318944,9.492005105486662,1.872044563293457,6.062216758728027,,,,,,,,,,,,,,75.2333755493164
baseline,sdedit,treering,811000000003,change_background,4,style,turn it into a watercolor painting,,,0.27312829373934067,False,,,,,0.233970046043396,0.241696298122406,-0.00772625207901001,0.10279746353626251,0.9726273417472839,0.9317618608474731,0.31616517901420593,0.33141542959216125,14.14071641300967,9.319493741022328,1.8784968852996826,6.062216758728027,,,,,,,,,,,,,,76.16143035888672
baseline,sdedit,treering,811000000004,change_background,0,none,,,,4.716587503854644e-05,True,,,10.7666260610749,0.21885707443233096,,,,,,,,,,,,,,,,,,,,,,,,,,62.20609664916992
baseline,sdedit,treering,811000000004,change_background,1,change_background,change the background to red,,,0.3173633989511898,False,,,,,0.2633266746997833,0.26946765184402466,-0.006140977144241333,0.022811036556959152,0.979754626750946,0.9575908184051514,0.17141976952552795,0.6515211553627736,21.092548691070924,10.807786964405805,1.8710999488830566,6.062216758728027,,,,,,,,,,,,,,73.25879669189453
baseline,sdedit,treering,811000000004,change_background,2,global_attribute,make it rainy,,,0.2662903007301291,False,,,,,0.288649320602417,0.23490270972251892,0.05374661087989807,0.33541667461395264,0.9588079452514648,0.946587085723877,0.371665894985199,0.5714056095941645,20.47638999459759,10.463724825576417,1.8779199123382568,6.062216758728027,,,,,,,,,,,,,,71.4360122680664
baseline,sdedit,treering,811000000004,change_background,3,background,replace the background with a beach,,,0.10353349864578892,False,,,,,0.3004283308982849,0.2861040532588959,0.014324277639389038,0.03474960848689079,0.9801698923110962,0.948436975479126,0.2521860599517822,0.4828679205021416,19.85393372850959,10.42468303983063,1.874448299407959,6.062216758728027,,,,,,,,,,,,,,71.87503814697266
baseline,sdedit,treering,811000000004,change_background,4,style,convert it to an oil painting,,,0.05563149164197029,False,,,,,0.29297250509262085,0.26253706216812134,0.03043544292449951,0.24585260450839996,0.9189397096633911,0.8634876012802124,0.33222419023513794,0.44696652943706777,19.1739796742248,10.50142665080761,1.8756132125854492,6.062216758728027,,,,,,,,,,,,,,71.8145751953125
baseline,sdedit,treering,911000000000,change_style,0,none,,,,7.516631877007571e-12,True,,,14.201931691218725,0.46942451721941425,,,,,,,,,,,,,,,,,,,,,,,,,,55.984375
baseline,sdedit,treering,911000000000,change_style,1,change_style,make it realism style expressionism style,,,0.09630145512054353,False,,,,,0.2936704158782959,0.24752382934093475,0.046146586537361145,0.2238876223564148,0.924294114112854,0.8361386060714722,0.3088437020778656,0.5033663884195543,20.088126618726335,13.434965943646,1.8652024269104004,6.062216758728027,,,,,,,,,,,,,,72.49674987792969
baseline,sdedit,treering,911000000000,change_style,2,global_attribute,make it nighttime,,,0.3023618119829717,False,,,,,0.3087303638458252,0.2800441086292267,0.02868625521659851,0.07823440432548523,0.9453110098838806,0.8122892379760742,0.40791356563568115,0.3688138286288505,18.100417541459542,12.6451648886505,1.869694709777832,6.062216758728027,,,,,,,,,,,,,,74.64370727539062
baseline,sdedit,treering,911000000000,change_style,3,background,replace the background with a beach,,,0.511669589579811,False,,,,,0.2964023947715759,0.2902160882949829,0.006186306476593018,0.02054162137210369,0.9200749397277832,0.8104552030563354,0.409084290266037,0.3005223553513621,16.287365557009384,12.131807055795907,1.8702771663665771,6.062216758728027,,,,,,,,,,,,,,73.89210510253906
baseline,sdedit,treering,911000000000,change_style,4,style,make it look cinematic,,,0.7084087753943377,False,,,,,0.2768983542919159,0.28074270486831665,-0.003844350576400757,0.039923496544361115,0.9429855942726135,0.8181961178779602,0.43194589018821716,0.25081824954578497,15.936471368149885,12.129549393017175,1.8707911968231201,6.062216758728027,,,,,,,,,,,,,,79.04100799560547
baseline,sdedit,treering,911000000001,change_style,0,none,,,,3.539125363455049e-36,True,,,8.48410098928233,0.3198412557069436,,,,,,,,,,,,,,,,,,,,,,,,,,47.168373107910156
baseline,sdedit,treering,911000000001,change_style,1,change_style,make it realism style painting,,,0.12546415320185314,False,,,,,0.27888453006744385,0.25302764773368835,0.025856882333755493,0.17512549459934235,0.8103438019752502,0.5422792434692383,0.5079351663589478,0.35650628804678286,17.446332035066174,8.236426613983408,1.869553565979004,6.062216758728027,,,,,,,,,,,,,,71.85073852539062
baseline,sdedit,treering,911000000001,change_style,2,global_attribute,make it rainy,,,0.17677013625022853,False,,,,,0.2854045033454895,0.26774945855140686,0.01765504479408264,0.05112992972135544,0.9147917628288269,0.5918699502944946,0.44867652654647827,0.35372776500040337,17.157609785065745,7.895659951830236,1.864861011505127,6.062216758728027,,,,,,,,,,,,,,72.80661010742188
baseline,sdedit,treering,911000000001,change_style,3,background,replace the background with a beach,,,0.8411919503285089,False,,,,,0.30581969022750854,0.2700069546699524,0.03581273555755615,0.030208664014935493,0.9046615362167358,0.6267077922821045,0.46393778920173645,0.3290098295878656,17.47070003721962,7.839276579040943,1.8728816509246826,6.062216758728027,,,,,,,,,,,,,,78.40182495117188
baseline,sdedit,treering,911000000001,change_style,4,style,make it anime style,,,0.5653872002277787,False,,,,,0.3151080012321472,0.3003581464290619,0.014749854803085327,0.028163403272628784,0.8694127798080444,0.5108033418655396,0.42993560433387756,0.300509830527992,17.048238581967837,7.822659662533223,1.8719074726104736,6.062216758728027,,,,,,,,,,,,,,76.27335357666016
baseline,sdedit,treering,911000000002,change_style,0,none,,,,8.431959882646568e-16,True,,,12.206696607993102,0.4175378767551215,,,,,,,,,,,,,,,,,,,,,,,,,,54.256710052490234
baseline,sdedit,treering,911000000002,change_style,1,change_style,make it minimalism kids crayon drawing,,,0.08116604943841649,False,,,,,0.2613476514816284,0.2344565987586975,0.026891052722930908,0.1882028430700302,0.9592550992965698,0.8682799339294434,0.2679513096809387,0.4233918759056328,17.050128269586548,11.25631754977853,1.8717427253723145,6.062216758728027,,,,,,,,,,,,,,73.48567962646484
baseline,sdedit,treering,911000000002,change_style,2,global_attribute,make it sunset lighting,,,0.2514462864267599,False,,,,,0.256242573261261,0.25273317098617554,0.0035094022750854492,0.02587081864476204,0.9782501459121704,0.8582366108894348,0.30407676100730896,0.3604924088485921,15.284416581706427,10.644264391919542,1.8743412494659424,6.062216758728027,,,,,,,,,,,,,,74.17478942871094
baseline,sdedit,treering,911000000002,change_style,3,background,replace the background with a beach,,,0.10179961642473036,False,,,,,0.24061602354049683,0.2377791851758957,0.0028368383646011353,-0.0022727660834789276,0.9738520383834839,0.876172661781311,0.30441007018089294,0.36375521376855086,14.892457752046294,10.477148649289589,1.873387336730957,6.062216758728027,,,,,,,,,,,,,,73.50125885009766
baseline,sdedit,treering,911000000002,change_style,4,style,make it anime style,,,0.5186279520261886,False,,,,,0.2668555974960327,0.2506400942802429,0.016215503215789795,0.006059139966964722,0.9672802686691284,0.8547214865684509,0.3121259808540344,0.3422888144469276,15.293722935429715,10.530860385205115,1.8735084533691406,6.062216758728027,,,,,,,,,,,,,,79.71768951416016
baseline,sdedit,treering,911000000003,change_style,0,none,,,,5.727517054117168e-16,True,,,12.115794738303531,0.33193690870182085,,,,,,,,,,,,,,,,,,,,,,,,,,53.75205993652344
baseline,sdedit,treering,911000000003,change_style,1,change_style,make it surrealism style wall mural,,,0.17043375838569189,False,,,,,0.2629960775375366,0.2483324110507965,0.014663666486740112,0.12714442610740662,0.9799396991729736,0.8856996297836304,0.38022392988204956,0.45739726526372376,16.75302628254121,11.42623198139301,1.8659498691558838,6.062216758728027,,,,,,,,,,,,,,72.57367706298828
baseline,sdedit,treering,911000000003,change_style,2,global_attribute,make it nighttime,,,0.6881080243480886,False,,,,,0.25417360663414,0.2602365016937256,-0.006062895059585571,0.03840414807200432,0.9846155047416687,0.9546765089035034,0.32486191391944885,0.41535055612715216,16.356884580311128,11.092706116529317,1.8711681365966797,6.062216758728027,,,,,,,,,,,,,,79.47840118408203
baseline,sdedit,treering,911000000003,change_style,3,background,make the background a city street,,,0.4490037676535693,False,,,,,0.29047924280166626,0.24345363676548004,0.04702560603618622,-0.04155310243368149,0.950764000415802,0.8361461758613586,0.35507166385650635,0.41799704287358935,15.804858879648286,10.746921150368339,1.8658809661865234,6.062216758728027,,,,,,,,,,,,,,76.56790924072266
baseline,sdedit,treering,911000000003,change_style,4,style,convert it to an oil painting,,,0.3976449725145321,False,,,,,0.24347853660583496,0.28589677810668945,-0.04241824150085449,-0.09990473091602325,0.949950635433197,0.901874303817749,0.3898140490055084,0.3764400966308176,15.20836471513321,10.550947193273196,1.868668556213379,6.062216758728027,,,,,,,,,,,,,,76.75979614257812
baseline,sdedit,treering,911000000004,change_style,0,none,,,,3.140856870566455e-14,True,,,11.223135775136686,0.3859412952346153,,,,,,,,,,,,,,,,,,,,,,,,,,55.93397521972656
baseline,sdedit,treering,911000000004,change_style,1,change_style,make it photorealism style oil painting,,,0.5439349645849778,False,,,,,0.33341243863105774,0.26254451274871826,0.07086792588233948,0.300274133682251,0.9283854961395264,0.8945209980010986,0.364859014749527,0.4562536574753024,19.992695799140044,10.731365220760933,1.8667378425598145,6.062216758728027,,,,,,,,,,,,,,78.51603698730469
baseline,sdedit,treering,911000000004,change_style,2,global_attribute,make it sunset lighting,,,0.4502487047912449,False,,,,,0.302969753742218,0.32023942470550537,-0.017269670963287354,0.0848722904920578,0.9720567464828491,0.9441460967063904,0.29906409978866577,0.44255157579507204,20.121274518395182,11.093110702160715,1.8682496547698975,6.062216758728027,,,,,,,,,,,,,,74.93262481689453
baseline,sdedit,treering,911000000004,change_style,3,background,make the background a city street,,,0.9135853442362317,False,,,,,0.3111773729324341,0.2946147918701172,0.016562581062316895,0.18823173642158508,0.9650315642356873,0.9224891662597656,0.3330610990524292,0.4104607597493363,20.221687612308557,10.997790959307753,1.8657891750335693,6.062216758728027,,,,,,,,,,,,,,77.46424102783203
baseline,sdedit,treering,911000000004,change_style,4,style,turn it into a watercolor painting,,,0.5271520838154208,False,,,,,0.2583985924720764,0.2880071699619293,-0.029608577489852905,0.05283663421869278,0.9560770988464355,0.9326766729354858,0.3609773814678192,0.35859739237861915,19.307054686388895,11.281360774285943,1.8695530891418457,6.062216758728027,,,,,,,,,,,,,,78.43582916259766
