method,editor,watermark,id,category,level,round_category,instruction,bit_acc,matches,p_value,detected,threshold_matches,exact_payload,wm_psnr,wm_ssim,clip_t,clip_t_in,clip_t_gain,clip_dir,clip_i,dino,lpips,ssim,psnr,psnr_vs_orig,edit_seconds,edit_peak_mem_gb,treering_bit_acc,treering_matches,treering_p_value,treering_detected,treering_threshold_matches,treering_exact_payload,treering_tr_l1,gaussianshading_bit_acc,gaussianshading_matches,gaussianshading_p_value,gaussianshading_detected,gaussianshading_threshold_matches,gaussianshading_exact_payload,tr_l1,edit_success,detected_at_l0,joint_success
baseline,ip2p,gaussianshading,111000000000,change_object,0,none,,1.0,256.0,8.636168555094445e-78,True,154.0,True,9.199307351576458,0.1170039316201068,,,,,,,,,,,,,,,,,,,,,,,,,,,,True,
baseline,ip2p,gaussianshading,111000000000,change_object,1,change_object,change the fishes to sharks and change the kelp to flowers,1.0,256.0,8.636168555094445e-78,True,154.0,True,,,0.2006706297397613,0.2031935304403305,-0.0025229007005691,0.0200879611074924,0.979362964630127,0.963795244693756,0.1428042650222778,0.8341027643720179,19.859425881395403,8.02669088877556,4.749576568603516,4.637862205505371,,,,,,,,,,,,,,,0.0,True,0.0
baseline,ip2p,gaussianshading,111000000000,change_object,2,global_attribute,make it nighttime,1.0,256.0,8.636168555094445e-78,True,154.0,True,,,0.2035331130027771,0.2050501406192779,-0.0015170276165008,0.1007786020636558,0.939787983894348,0.8954907655715942,0.2951008379459381,0.5572968120669154,12.837028809020197,8.797549879537947,4.752809524536133,4.637862205505371,,,,,,,,,,,,,,,0.0,True,0.0
baseline,ip2p,gaussianshading,111000000000,change_object,3,background,make the background a desert,0.953125,244.0,1.1558269801063896e-57,True,154.0,False,,,0.164511427283287,0.1996328383684158,-0.0351214110851287,0.1241782903671264,0.7510135173797607,0.2898546755313873,0.8125571012496948,0.2427235061370489,7.33251022818026,8.70401463692324,4.751299142837524,4.637862205505371,,,,,,,,,,,,,,,0.0,True,0.0
baseline,ip2p,gaussianshading,111000000000,change_object,4,style,turn it into a watercolor painting,0.8984375,230.0,2.66611512016044e-42,True,154.0,False,,,0.1749428808689117,0.0944796279072761,0.0804632529616355,0.1315111517906189,0.8922510147094727,0.8620268702507019,0.3185476064682007,0.5424187011540686,10.3377584596655,6.533275580142648,4.754535436630249,4.637862205505371,,,,,,,,,,,,,,,1.0,True,1.0
baseline,ip2p,gaussianshading,111000000001,change_object,0,none,,1.0,256.0,8.636168555094445e-78,True,154.0,True,8.9860467106644,0.2717814771104997,,,,,,,,,,,,,,,,,,,,,,,,,,,,True,
baseline,ip2p,gaussianshading,111000000001,change_object,1,change_object,change the cat to tiger and change the hat to scarf,0.9765625,250.0,3.260325837244994e-66,True,154.0,False,,,0.2855944633483886,0.2213076502084732,0.0642868131399154,0.2449926137924194,0.7425838708877563,0.3335919082164764,0.4116452932357788,0.5329989174718521,11.572090471869064,7.522255461699516,4.770738124847412,4.637862205505371,,,,,,,,,,,,,,,1.0,True,1.0
baseline,ip2p,gaussianshading,111000000001,change_object,2,global_attribute,make it rainy,0.921875,236.0,2.643924297128365e-48,True,154.0,False,,,0.2728413939476013,0.2754530310630798,-0.0026116371154785,0.2119336277246475,0.9676672220230104,0.9750309586524964,0.2091539353132248,0.8829351766914405,19.353891586250658,7.27127662331519,4.753133535385132,4.637862205505371,,,,,,,,,,,,,,,0.0,True,0.0
baseline,ip2p,gaussianshading,111000000001,change_object,3,background,make the background a desert,0.875,224.0,5.858468973293344e-37,True,154.0,False,,,0.2503738105297088,0.2653108239173889,-0.01493701338768,0.0456184446811676,0.988313615322113,0.9724426865577698,0.2295884490013122,0.8977480960321409,17.67830596569147,7.092895372891604,4.762402772903442,4.637862205505371,,,,,,,,,,,,,,,0.0,True,0.0
baseline,ip2p,gaussianshading,111000000001,change_object,4,style,make it look cinematic,0.87109375,223.0,4.0002186987512886e-36,True,154.0,False,,,0.2519922852516174,0.2433191835880279,0.0086731016635894,-0.1493793278932571,0.9940976500511168,0.9903439283370972,0.0399238131940364,0.954721501685576,26.860705488939143,7.033510208373462,4.761516571044922,4.637862205505371,,,,,,,,,,,,,,,0.0,True,0.0
baseline,ip2p,gaussianshading,111000000002,change_object,0,none,,1.0,256.0,8.636168555094445e-78,True,154.0,True,10.505893891887396,0.2953279425926585,,,,,,,,,,,,,,,,,,,,,,,,,,,,True,
baseline,ip2p,gaussianshading,111000000002,change_object,1,change_object,change the duck to marmot and change the eyes to mouth,1.0,256.0,8.636168555094445e-78,True,154.0,True,,,0.1830762177705764,0.1229491606354713,0.0601270571351051,0.0935280248522758,0.9015227556228638,0.4129602015018463,0.2556884884834289,0.7122933537317367,16.144948224193946,10.44402923338022,4.745943784713745,4.637862205505371,,,,,,,,,,,,,,,1.0,True,1.0
baseline,ip2p,gaussianshading,111000000002,change_object,2,global_attribute,make it nighttime,1.0,256.0,8.636168555094445e-78,True,154.0,True,,,0.1676687896251678,0.1664780676364898,0.0011907219886779,0.0892293900251388,0.9713857769966124,0.9446581602096558,0.233762726187706,0.4056708769656191,10.370796976706153,7.562185996292911,4.756194829940796,4.637862205505371,,,,,,,,,,,,,,,1.0,True,1.0
baseline,ip2p,gaussianshading,111000000002,change_object,3,background,make the background a desert,1.0,256.0,8.636168555094445e-78,True,154.0,True,,,0.1805697232484817,0.1589478850364685,0.0216218382120132,-0.0051659662276506,0.957821488380432,0.9664710760116576,0.349971741437912,0.667670291721118,14.285054557407342,8.51830279594424,4.7546327114105225,4.637862205505371,,,,,,,,,,,,,,,0.0,True,0.0
baseline,ip2p,gaussianshading,111000000002,change_object,4,style,make it anime style,1.0,256.0,8.636168555094445e-78,True,154.0,True,,,0.1900942325592041,0.1757877618074417,0.0143064707517623,0.0555362813174724,0.9687932133674622,0.9457305669784546,0.2514869272708893,0.5779518935532206,13.745049631911389,10.214912765205376,4.743208646774292,4.637862205505371,,,,,,,,,,,,,,,1.0,True,1.0
baseline,ip2p,gaussianshading,111000000003,change_object,0,none,,1.0,256.0,8.636168555094445e-78,True,154.0,True,10.35733426057638,0.2106831396304667,,,,,,,,,,,,,,,,,,,,,,,,,,,,True,
baseline,ip2p,gaussianshading,111000000003,change_object,1,change_object,change the bunny to pig and change the eyes to ears,1.0,256.0,8.636168555094445e-78,True,154.0,True,,,0.243568867444992,0.2087020725011825,0.0348667949438095,0.4286031126976013,0.818517804145813,0.355009377002716,0.3212582468986511,0.6326567969836315,13.91805624922834,9.278399819138212,4.752702474594116,4.637862205505371,,,,,,,,,,,,,,,1.0,True,1.0
baseline,ip2p,gaussianshading,111000000003,change_object,2,global_attribute,change the season to winter,1.0,256.0,8.636168555094445e-78,True,154.0,True,,,0.2114008516073227,0.2097522765398025,0.0016485750675201,0.031601533293724,0.9787505865097046,0.9883861541748048,0.2477725148200988,0.8430670292707928,14.043828260795754,7.416486336962434,4.74634861946106,4.637862205505371,,,,,,,,,,,,,,,1.0,True,1.0
baseline,ip2p,gaussianshading,111000000003,change_object,3,background,make the background a city street,0.97265625,249.0,1.1692859003985972e-64,True,154.0,False,,,0.115360215306282,0.1896917223930359,-0.0743315070867538,0.2035902440547943,0.7098296880722046,0.0256202444434165,0.6626904606819153,0.3660081552056836,12.21939880545596,7.44540633773909,4.749971151351929,4.637862205505371,,,,,,,,,,,,,,,0.0,True,0.0
baseline,ip2p,gaussianshading,111000000003,change_object,4,style,convert it to an oil painting,0.97265625,249.0,1.1692859003985972e-64,True,154.0,False,,,0.1317691206932068,0.1289148926734924,0.0028542280197143,0.0905777961015701,0.987572968006134,0.9813643097877502,0.0851052328944206,0.9071852174697368,24.588864438224583,7.608172839905542,4.738303422927856,4.637862205505371,,,,,,,,,,,,,,,1.0,True,1.0
baseline,ip2p,gaussianshading,111000000004,change_object,0,none,,1.0,256.0,8.636168555094445e-78,True,154.0,True,7.115145802723446,0.2836472779864273,,,,,,,,,,,,,,,,,,,,,,,,,,,,True,
baseline,ip2p,gaussianshading,111000000004,change_object,1,change_object,change the owl to cat and change the heart to circle,0.98828125,253.0,2.415032856233154e-71,True,154.0,False,,,0.1890240460634231,0.1855738312005996,0.0034502148628234,-0.093336783349514,0.9287193417549132,0.8671624660491943,0.3415904343128204,0.649674267940996,12.497111018623624,7.271563056577161,4.753333806991577,4.637862205505371,,,,,,,,,,,,,,,0.0,True,0.0
baseline,ip2p,gaussianshading,111000000004,change_object,2,global_attribute,make it sunset lighting,0.90625,232.0,3.1994752247177773e-44,True,154.0,False,,,0.1844658553600311,0.1810745447874069,0.0033913105726242,0.2299515902996063,0.712134838104248,0.1131921708583831,0.7677590250968933,0.535027053100426,9.302191471657874,8.3608197709084,4.757630348205566,4.637862205505371,,,,,,,,,,,,,,,1.0,True,1.0
baseline,ip2p,gaussianshading,111000000004,change_object,3,background,make the background a city street,0.7734375,198.0,2.236627445132154e-19,True,154.0,False,,,0.1620263755321502,0.1861826777458191,-0.0241563022136688,0.1790744364261627,0.8121944665908813,0.1132431030273437,0.6842328906059265,0.5801308774906345,11.486658077094912,8.680139576914698,4.752808094024658,4.637862205505371,,,,,,,,,,,,,,,0.0,True,0.0
baseline,ip2p,gaussianshading,111000000004,change_object,4,style,make it anime style,0.73046875,187.0,4.739658514815315e-14,True,154.0,False,,,0.1608198434114456,0.1686439514160156,-0.00782410800457,-0.0151417888700962,0.9920476078987122,0.9900696873664856,0.0695353299379348,0.9226700555283868,20.56673254112479,7.968266327654366,4.740758895874023,4.637862205505371,,,,,,,,,,,,,,,0.0,True,0.0
baseline,ip2p,gaussianshading,211000000000,add_object,0,none,,1.0,256.0,8.636168555094445e-78,True,154.0,True,8.839147074962746,0.0668889577138031,,,,,,,,,,,,,,,,,,,,,,,,,,,,True,
baseline,ip2p,gaussianshading,211000000000,add_object,1,add_object,add scarf and add flowers in mouth,1.0,256.0,8.636168555094445e-78,True,154.0,True,,,0.2824280560016632,0.26637864112854,0.0160494148731231,0.2331643998622894,0.7234728932380676,0.2507935166358948,0.3842276036739349,0.6923860110266385,15.51957300886017,8.430770899684784,4.770563125610352,4.637862205505371,,,,,,,,,,,,,,,1.0,True,1.0
baseline,ip2p,gaussianshading,211000000000,add_object,2,global_attribute,make it rainy,1.0,256.0,8.636168555094445e-78,True,154.0,True,,,0.3011262714862823,0.2852376997470855,0.0158885717391967,0.1047639101743698,0.967611849308014,0.9607267379760742,0.1653866916894912,0.8584063205327075,17.31717947483094,8.331875134638425,4.758815288543701,4.637862205505371,,,,,,,,,,,,,,,1.0,True,1.0
baseline,ip2p,gaussianshading,211000000000,add_object,3,background,make the background a desert,1.0,256.0,8.636168555094445e-78,True,154.0,True,,,0.291430652141571,0.3013269901275635,-0.0098963379859924,-0.0303900241851806,0.9833981990814208,0.9696046113967896,0.0537658408284187,0.94394090039442,25.134712491372028,8.145823937991207,4.759237766265869,4.637862205505371,,,,,,,,,,,,,,,0.0,True,0.0
baseline,ip2p,gaussianshading,211000000000,add_object,4,style,make it anime style,1.0,256.0,8.636168555094445e-78,True,154.0,True,,,0.2733878493309021,0.2703788876533508,0.0030089616775512,0.1902281939983368,0.8984363079071045,0.8683590888977051,0.1415799111127853,0.8037260363285753,14.846664080185125,7.65300413259927,4.737309217453003,4.637862205505371,,,,,,,,,,,,,,,1.0,True,1.0
baseline,ip2p,gaussianshading,211000000001,add_object,0,none,,1.0,256.0,8.636168555094445e-78,True,154.0,True,9.261554108668054,0.1879579337619269,,,,,,,,,,,,,,,,,,,,,,,,,,,,True,
baseline,ip2p,gaussianshading,211000000001,add_object,1,add_object,add a gold chain and add a star on its head,1.0,256.0,8.636168555094445e-78,True,154.0,True,,,0.2252571880817413,0.1733982861042022,0.051858901977539,0.2526684105396271,0.9584290981292723,0.9913021326065063,0.0805044397711753,0.8910636933026729,23.53993168286526,9.188196834586757,4.752774715423584,4.637862205505371,,,,,,,,,,,,,,,1.0,True,1.0
baseline,ip2p,gaussianshading,211000000001,add_object,2,global_attribute,make it nighttime,0.99609375,255.0,2.2194953186592723e-75,True,154.0,False,,,0.2422180026769638,0.2258297801017761,0.0163882225751876,0.0401002988219261,0.9719853401184082,0.9605591297149658,0.1988775432109832,0.5490367946198588,10.623542971730986,9.239646304421376,4.761201858520508,4.637862205505371,,,,,,,,,,,,,,,1.0,True,1.0
baseline,ip2p,gaussianshading,211000000001,add_object,3,background,make the background a desert,0.99609375,255.0,2.2194953186592723e-75,True,154.0,False,,,0.2290628999471664,0.2346574366092682,-0.0055945366621017,0.111632153391838,0.9861685037612916,0.9935743808746338,0.0710474401712417,0.9227372438485968,24.018836794585816,9.182959744667562,4.751086711883545,4.637862205505371,,,,,,,,,,,,,,,0.0,True,0.0
baseline,ip2p,gaussianshading,211000000001,add_object,4,style,make it anime style,0.984375,252.0,1.533689029792275e-69,True,154.0,False,,,0.2168769538402557,0.2368812561035156,-0.0200043022632598,0.0552373640239238,0.9681267142295836,0.9579026699066162,0.3052449226379394,0.5097009025768943,10.428767361895222,8.51457345181974,4.753202438354492,4.637862205505371,,,,,,,,,,,,,,,0.0,True,0.0
baseline,ip2p,gaussianshading,211000000002,add_object,0,none,,1.0,256.0,8.636168555094445e-78,True,154.0,True,9.183493637196626,0.2672861669592577,,,,,,,,,,,,,,,,,,,,,,,,,,,,True,
baseline,ip2p,gaussianshading,211000000002,add_object,1,add_object,add leaves and add a flower,1.0,256.0,8.636168555094445e-78,True,154.0,True,,,0.2109798341989517,0.2846612334251404,-0.0736813992261886,0.1056548655033111,0.7345223426818848,0.1516041308641433,0.438256025314331,0.5606774826738499,14.54562818513176,9.321051063109,4.74232029914856,4.637862205505371,,,,,,,,,,,,,,,0.0,True,0.0
baseline,ip2p,gaussianshading,211000000002,add_object,2,global_attribute,make it sunset lighting,0.68359375,175.0,2.079972665522276e-09,True,154.0,False,,,0.167051762342453,0.2101812958717346,-0.0431295335292816,0.2466022670269012,0.7539350390434265,0.1003874391317367,1.0210113525390625,0.3264556848011659,7.731262362631676,5.302402902474052,4.735613822937012,4.637862205505371,,,,,,,,,,,,,,,0.0,True,0.0
baseline,ip2p,gaussianshading,211000000002,add_object,3,background,make the background a forest,0.52734375,135.0,0.2082785937466144,False,154.0,False,,,0.2136682569980621,0.1829605549573898,0.0307077020406723,0.2112702429294586,0.9155770540237428,0.3998938202857971,0.6333222389221191,0.610180371673409,14.67654561878609,4.3808490763703585,4.766803979873657,4.637862205505371,,,,,,,,,,,,,,,1.0,True,0.0
baseline,ip2p,gaussianshading,211000000002,add_object,4,style,turn it into a watercolor painting,0.51171875,131.0,0.3773653740444963,False,154.0,False,,,0.1992602348327636,0.1825303137302398,0.0167299211025238,0.1261488646268844,0.9052397012710572,0.6253784894943237,0.6538311243057251,0.4004018965969358,8.622871713977823,6.861540575492638,4.732441186904907,4.637862205505371,,,,,,,,,,,,,,,1.0,True,0.0
baseline,ip2p,gaussianshading,211000000003,add_object,0,none,,1.0,256.0,8.636168555094445e-78,True,154.0,True,8.703105901955848,0.2482761006427769,,,,,,,,,,,,,,,,,,,,,,,,,,,,True,
baseline,ip2p,gaussianshading,211000000003,add_object,1,add_object,add a hurbat and add a sword,1.0,256.0,8.636168555094445e-78,True,154.0,True,,,0.3287212550640106,0.3299528956413269,-0.0012316405773162,-0.0128115117549896,0.9966644048690796,0.993610143661499,0.0542352236807346,0.9123225258981766,22.64658920592865,8.535502472323348,4.752287149429321,4.637862205505371,,,,,,,,,,,,,,,0.0,True,0.0
baseline,ip2p,gaussianshading,211000000003,add_object,2,global_attribute,make it rainy,1.0,256.0,8.636168555094445e-78,True,154.0,True,,,0.3222336769104004,0.308227002620697,0.0140066742897033,0.3140042722225189,0.9919084310531616,0.9915480613708496,0.0782350823283195,0.9297857468222236,24.175883713993723,8.462119710254736,4.761373043060303,4.637862205505371,,,,,,,,,,,,,,,1.0,True,1.0
baseline,ip2p,gaussianshading,211000000003,add_object,3,background,make the background a forest,1.0,256.0,8.636168555094445e-78,True,154.0,True,,,0.2947565913200378,0.3074092268943786,-0.0126526355743408,-0.0007533547468483,0.99101322889328,0.9855172634124756,0.1527745127677917,0.8509757567165922,18.775760074145897,8.564596758668616,4.743703365325928,4.637862205505371,,,,,,,,,,,,,,,0.0,True,0.0
baseline,ip2p,gaussianshading,211000000003,add_object,4,style,turn it into a watercolor painting,1.0,256.0,8.636168555094445e-78,True,154.0,True,,,0.2406681627035141,0.2275622487068176,0.0131059139966964,0.0762485265731811,0.9776954650878906,0.9608643054962158,0.1528685837984085,0.7552621258402624,13.054647012309992,7.394665487871299,4.759123086929321,4.637862205505371,,,,,,,,,,,,,,,1.0,True,1.0
baseline,ip2p,gaussianshading,211000000004,add_object,0,none,,1.0,256.0,8.636168555094445e-78,True,154.0,True,7.7427025378020975,0.3560174058370766,,,,,,,,,,,,,,,,,,,,,,,,,,,,True,
baseline,ip2p,gaussianshading,211000000004,add_object,1,add_object,add a cat and add colorful flowers,0.9140625,234.0,3.205950926783553e-46,True,154.0,False,,,0.3202674686908722,0.2472553104162216,0.0730121582746505,0.3896762728691101,0.831276535987854,0.7477916479110718,0.3987773060798645,0.700382718467865,13.792107132213498,6.908958281941522,4.748375654220581,4.637862205505371,,,,,,,,,,,,,,,1.0,True,1.0
baseline,ip2p,gaussianshading,211000000004,add_object,2,global_attribute,change the season to winter,0.87109375,223.0,4.0002186987512886e-36,True,154.0,False,,,0.2942742705345154,0.3053922653198242,-0.0111179947853088,0.0575935170054435,0.8986327648162842,0.9122276902198792,0.4264235496520996,0.6457866759829222,8.241331125329651,8.520509874474198,4.7580342292785645,4.637862205505371,,,,,,,,,,,,,,,0.0,True,0.0
baseline,ip2p,gaussianshading,211000000004,add_object,3,background,make the background a desert,0.77734375,199.0,6.461079525806242e-20,True,154.0,False,,,0.2312764525413513,0.2935636043548584,-0.062287151813507,0.1215023845434188,0.895205020904541,0.8107710480690002,0.4900407791137695,0.5782814840542373,6.385640492208891,6.997538479090587,4.764092445373535,4.637862205505371,,,,,,,,,,,,,,,0.0,True,0.0
baseline,ip2p,gaussianshading,211000000004,add_object,4,style,make it anime style,0.71484375,183.0,2.2506982783628793e-12,True,154.0,False,,,0.2468658983707428,0.2222560942173004,0.0246098041534423,0.1150947958230972,0.9447996020317078,0.9680471420288086,0.1818528920412063,0.7412554305232623,12.257617130669605,7.907257556854557,4.741527557373047,4.637862205505371,,,,,,,,,,,,,,,1.0,True,1.0
baseline,ip2p,gaussianshading,311000000000,delete_object,0,none,,1.0,256.0,8.636168555094445e-78,True,154.0,True,10.245572704150614,0.2818026493066227,,,,,,,,,,,,,,,,,,,,,,,,,,,,True,
baseline,ip2p,gaussianshading,311000000000,delete_object,1,delete_object,remove the yellow flowers,0.99609375,255.0,2.2194953186592723e-75,True,154.0,False,,,0.206932708621025,0.2203815728425979,-0.0134488642215728,0.1306255161762237,0.6814724206924438,0.3547205328941345,0.6909217238426208,0.5340754182015768,13.723722009873198,11.114529834296832,4.740234851837158,4.637862205505371,,,,,,,,,,,,,,,0.0,True,0.0
baseline,ip2p,gaussianshading,311000000000,delete_object,2,global_attribute,change the season to winter,0.98828125,253.0,2.415032856233154e-71,True,154.0,False,,,0.2585461735725403,0.2002395093441009,0.0583066642284393,0.2034378349781036,0.88759446144104,0.780565083026886,0.4331302344799042,0.8470497932088614,10.802353830119529,8.230778157628723,4.739781141281128,4.637862205505371,,,,,,,,,,,,,,,1.0,True,1.0
baseline,ip2p,gaussianshading,311000000000,delete_object,3,background,replace the background with a beach,0.94921875,243.0,2.1791966102837964e-56,True,154.0,False,,,0.2372442483901977,0.256369948387146,-0.0191256999969482,0.2702027261257171,0.8557676076889038,0.6692978143692017,0.4462737739086151,0.8235291533693013,16.380306260077617,7.3141669080319724,4.7494165897369385,4.637862205505371,,,,,,,,,,,,,,,0.0,True,0.0
baseline,ip2p,gaussianshading,311000000000,delete_object,4,style,make it look cinematic,0.94921875,243.0,2.1791966102837964e-56,True,154.0,False,,,0.2420051395893097,0.2315099686384201,0.0104951709508895,0.0634930431842804,0.9812253713607788,0.9785249829292296,0.098185047507286,0.9475921118374756,21.07855192631581,7.91905427535043,4.750946998596191,4.637862205505371,,,,,,,,,,,,,,,1.0,True,1.0
baseline,ip2p,gaussianshading,311000000001,delete_object,0,none,,0.99609375,255.0,2.2194953186592723e-75,True,154.0,False,8.58527312267716,0.3278257073919881,,,,,,,,,,,,,,,,,,,,,,,,,,,,True,
baseline,ip2p,gaussianshading,311000000001,delete_object,1,delete_object,remove the headphones,0.9765625,250.0,3.260325837244994e-66,True,154.0,False,,,0.2683030068874359,0.2011003643274307,0.0672026425600051,0.2189839631319046,0.8322386145591736,0.962684154510498,0.1211207062005996,0.8623490895655813,21.591057374451648,8.628672954585712,4.74782133102417,4.637862205505371,,,,,,,,,,,,,,,1.0,True,1.0
baseline,ip2p,gaussianshading,311000000001,delete_object,2,global_attribute,make it sunset lighting,0.96484375,247.0,1.0114433457778881e-61,True,154.0,False,,,0.2484683245420456,0.2416277527809143,0.0068405717611312,0.1593099236488342,0.9469674825668336,0.9411420822143556,0.3202715814113617,0.537017035478142,11.427799547498726,6.517332191826126,4.756190538406372,4.637862205505371,,,,,,,,,,,,,,,1.0,True,1.0
baseline,ip2p,gaussianshading,311000000001,delete_object,3,background,replace the background with a beach,0.9375,240.0,9.32004825992086e-53,True,154.0,False,,,0.2083572298288345,0.2292733639478683,-0.0209161341190338,0.040392555296421,0.9571595191955566,0.9611340761184692,0.3425657153129577,0.5810656174152348,9.090369931527585,8.927094213311928,4.74206280708313,4.637862205505371,,,,,,,,,,,,,,,0.0,True,0.0
baseline,ip2p,gaussianshading,311000000001,delete_object,4,style,turn it into a watercolor painting,0.9296875,238.0,1.7638096167789926e-50,True,154.0,False,,,0.223921924829483,0.1873912215232849,0.0365307033061981,0.1700485199689865,0.9304394721984864,0.947975218296051,0.2489727735519409,0.767484783646705,12.90583031236273,7.437619379481185,4.754161357879639,4.637862205505371,,,,,,,,,,,,,,,1.0,True,1.0
baseline,ip2p,gaussianshading,311000000002,delete_object,0,none,,1.0,256.0,8.636168555094445e-78,True,154.0,True,8.964060591929057,0.2918460964178885,,,,,,,,,,,,,,,,,,,,,,,,,,,,True,
baseline,ip2p,gaussianshading,311000000002,delete_object,1,delete_object,remove a suit and remove a laptop,0.8203125,210.0,1.6236482975919755e-26,True,154.0,False,,,0.1313162893056869,0.2404595911502838,-0.1091433018445968,0.0736822038888931,0.685839831829071,0.2778637409210205,0.4755888283252716,0.5709830453780725,13.815476467926848,8.978872685246525,4.734131097793579,4.637862205505371,,,,,,,,,,,,,,,0.0,True,0.0
baseline,ip2p,gaussianshading,311000000002,delete_object,2,global_attribute,make it nighttime,0.71484375,183.0,2.2506982783628793e-12,True,154.0,False,,,0.1215576082468032,0.1246579736471176,-0.0031003654003143,0.0838145762681961,0.9892215728759766,0.9911584258079528,0.1228464618325233,0.8292914849851306,14.408060955115856,10.484305322278338,4.744056701660156,4.637862205505371,,,,,,,,,,,,,,,0.0,True,0.0
baseline,ip2p,gaussianshading,311000000002,delete_object,3,background,make the background a desert,0.66796875,171.0,4.1252128083976546e-08,True,154.0,False,,,0.1462897658348083,0.1219445243477821,0.0243452414870262,0.0022295918315649,0.9770087599754332,0.961830735206604,0.1256763190031051,0.8932655008778078,19.49911059532328,10.48391530844494,4.74793553352356,4.637862205505371,,,,,,,,,,,,,,,1.0,True,1.0
baseline,ip2p,gaussianshading,311000000002,delete_object,4,style,make it anime style,0.6171875,158.0,0.0001065665615939,True,154.0,False,,,0.2004280984401703,0.1487965583801269,0.0516315400600433,0.2364496141672134,0.8032560348510742,0.8684405088424683,0.2253382802009582,0.7600618603291539,13.693383654298945,8.40383531336271,4.747051954269409,4.637862205505371,,,,,,,,,,,,,,,1.0,True,1.0
baseline,ip2p,gaussianshading,311000000003,delete_object,0,none,,1.0,256.0,8.636168555094445e-78,True,154.0,True,10.898780661995236,0.3289394390848638,,,,,,,,,,,,,,,,,,,,,,,,,,,,True,
baseline,ip2p,gaussianshading,311000000003,delete_object,1,delete_object,remove the flower,0.98828125,253.0,2.415032856233154e-71,True,154.0,False,,,0.1484698355197906,0.2811353802680969,-0.1326655447483062,-0.043727733194828,0.6064325571060181,0.1006909906864166,0.7987260222434998,0.2560773722249373,12.390738286259342,10.714125508450994,4.752424001693726,4.637862205505371,,,,,,,,,,,,,,,0.0,True,0.0
baseline,ip2p,gaussianshading,311000000003,delete_object,2,global_attribute,make it sunset lighting,0.98828125,253.0,2.415032856233154e-71,True,154.0,False,,,0.160726398229599,0.1514811813831329,0.009245216846466,0.0482823550701141,0.8386832475662231,0.5662769079208374,0.5939227342605591,0.2910346497330941,10.327911147521494,6.349895032267224,4.745863914489746,4.637862205505371,,,,,,,,,,,,,,,1.0,True,1.0
baseline,ip2p,gaussianshading,311000000003,delete_object,3,background,make the background a forest,0.94921875,243.0,2.1791966102837964e-56,True,154.0,False,,,0.1582270115613937,0.1627750396728515,-0.0045480281114578,0.2350635826587677,0.899512767791748,0.602435290813446,0.5692564845085144,0.4533704863788793,15.433699969039766,6.344955265786082,4.760332822799683,4.637862205505371,,,,,,,,,,,,,,,0.0,True,0.0
baseline,ip2p,gaussianshading,311000000003,delete_object,4,style,convert it to an oil painting,0.9140625,234.0,3.205950926783553e-46,True,154.0,False,,,0.1693385243415832,0.1740261763334274,-0.0046876519918441,0.0077105946838855,0.9732954502105712,0.9477146863937378,0.1382302343845367,0.7574716001700702,20.979224868639676,6.824335370571167,4.752227544784546,4.637862205505371,,,,,,,,,,,,,,,0.0,True,0.0
baseline,ip2p,gaussianshading,311000000004,delete_object,0,none,,1.0,256.0,8.636168555094445e-78,True,154.0,True,11.198281540149038,0.3102587631559394,,,,,,,,,,,,,,,,,,,,,,,,,,,,True,
baseline,ip2p,gaussianshading,311000000004,delete_object,1,delete_object,remove an iceberg and remove a plane flying overhead,0.95703125,245.0,5.636055143626461e-59,True,154.0,False,,,0.1763650327920913,0.2316491305828094,-0.055284097790718,0.0145863723009824,0.8502022624015808,0.6075029969215393,0.4986146688461303,0.663079994084092,14.850638292932173,12.336413018995724,4.7314677238464355,4.637862205505371,,,,,,,,,,,,,,,0.0,True,0.0
baseline,ip2p,gaussianshading,311000000004,delete_object,2,global_attribute,make it rainy,0.87890625,225.0,8.283676586985015e-38,True,154.0,False,,,0.1504880636930465,0.1545283496379852,-0.0040402859449386,0.2004523575305938,0.9325605630874634,0.8731077909469604,0.2296414077281952,0.7982447960199538,13.82422917419347,11.566123487116652,4.7394492626190186,4.637862205505371,,,,,,,,,,,,,,,0.0,True,0.0
baseline,ip2p,gaussianshading,311000000004,delete_object,3,background,make the background a city street,0.734375,188.0,1.7204536953299547e-14,True,154.0,False,,,0.1877795606851577,0.1303476691246032,0.0574318915605545,0.2151038348674774,0.735614538192749,-0.0010385364294052,0.8944122791290283,0.3761401822617309,12.14972862533092,11.212329114367066,4.754935264587402,4.637862205505371,,,,,,,,,,,,,,,1.0,True,1.0
baseline,ip2p,gaussianshading,311000000004,delete_object,4,style,convert it to an oil painting,0.69921875,179.0,7.91241544231877e-11,True,154.0,False,,,0.1824537813663482,0.1802808344364166,0.0021729469299316,0.1281240880489349,0.9906282424926758,0.9821881055831908,0.1175829321146011,0.8592949934058877,23.14733522438106,11.293221637009436,4.753275156021118,4.637862205505371,,,,,,,,,,,,,,,1.0,True,1.0
baseline,ip2p,gaussianshading,411000000000,change_content,0,none,,1.0,256.0,8.636168555094445e-78,True,154.0,True,7.113673285879916,0.1540471962589943,,,,,,,,,,,,,,,,,,,,,,,,,,,,True,
baseline,ip2p,gaussianshading,411000000000,change_content,1,change_content,change the big to small and make it big,1.0,256.0,8.636168555094445e-78,True,154.0,True,,,0.3326744139194488,0.334171712398529,-0.0014972984790802,-0.0563422478735446,0.9958624243736268,0.9906034469604492,0.0330670215189456,0.8045699667962133,28.20938649725228,7.057032363202991,4.745123386383057,4.637862205505371,,,,,,,,,,,,,,,0.0,True,0.0
baseline,ip2p,gaussianshading,411000000000,change_content,2,global_attribute,make it nighttime,0.96875,248.0,3.6548533133462435e-63,True,154.0,False,,,0.2511109709739685,0.3048152327537536,-0.0537042617797851,0.1950398832559585,0.7471086978912354,0.5275582671165466,0.7406930923461914,0.2820655261017684,8.783282408719398,7.365428025679083,4.745509147644043,4.637862205505371,,,,,,,,,,,,,,,0.0,True,0.0
baseline,ip2p,gaussianshading,411000000000,change_content,3,background,replace the background with a beach,0.96875,248.0,3.6548533133462435e-63,True,154.0,False,,,0.269396424293518,0.2448799610137939,0.0245164632797241,-0.0365430973470211,0.9494194984436036,0.8705280423164368,0.2632472515106201,0.6165669641191189,12.067975068830272,6.572831411746838,4.74700403213501,4.637862205505371,,,,,,,,,,,,,,,0.0,True,0.0
baseline,ip2p,gaussianshading,411000000000,change_content,4,style,turn it into a watercolor painting,0.9140625,234.0,3.205950926783553e-46,True,154.0,False,,,0.2564469873905182,0.2709145545959472,-0.014467567205429,0.0208127405494451,0.9633607864379884,0.9252636432647704,0.2354369610548019,0.6639129457055467,17.493261449030516,5.741201513356447,4.753186225891113,4.637862205505371,,,,,,,,,,,,,,,0.0,True,0.0
baseline,ip2p,gaussianshading,411000000001,change_content,0,none,,1.0,256.0,8.636168555094445e-78,True,154.0,True,8.398944287668687,0.1968085350598581,,,,,,,,,,,,,,,,,,,,,,,,,,,,True,
baseline,ip2p,gaussianshading,411000000001,change_content,1,change_content,change the spread out to fold in,0.9921875,254.0,2.8410403695694194e-73,True,154.0,False,,,0.142537385225296,0.3003444075584411,-0.1578070223331451,0.1113697215914726,0.6774821281433105,0.0457732081413269,0.828386664390564,0.4461838449563826,13.116550371676682,10.233141403078497,4.757697343826294,4.637862205505371,,,,,,,,,,,,,,,0.0,True,0.0
baseline,ip2p,gaussianshading,411000000001,change_content,2,global_attribute,change the season to winter,0.9609375,246.0,2.50913452180952e-60,True,154.0,False,,,0.1582842320203781,0.1187973693013191,0.0394868627190589,0.1681655049324035,0.904712975025177,0.906188189983368,0.6668105125427246,0.7170145591742708,6.717324606689904,5.127061209465075,4.752999782562256,4.637862205505371,,,,,,,,,,,,,,,1.0,True,1.0
baseline,ip2p,gaussianshading,411000000001,change_content,3,background,replace the background with a beach,0.93359375,239.0,1.3220258613285196e-51,True,154.0,False,,,0.18198162317276,0.1463562846183776,0.0356253385543823,0.0901016071438789,0.9394047260284424,0.7531065940856934,0.4105320274829864,0.6964151755978651,17.51611365408884,4.899812441493764,4.7483954429626465,4.637862205505371,,,,,,,,,,,,,,,1.0,True,1.0
baseline,ip2p,gaussianshading,411000000001,change_content,4,style,make it anime style,0.9140625,234.0,3.205950926783553e-46,True,154.0,False,,,0.1974482238292694,0.1971416175365448,0.0003066062927246,0.1033594757318496,0.9550713300704956,0.94512140750885,0.1933816820383072,0.8621233238348486,19.42039577045666,4.639736114471916,4.740999698638916,4.637862205505371,,,,,,,,,,,,,,,1.0,True,1.0
baseline,ip2p,gaussianshading,411000000002,change_content,0,none,,1.0,256.0,8.636168555094445e-78,True,154.0,True,8.40661333309375,0.2541303932342577,,,,,,,,,,,,,,,,,,,,,,,,,,,,True,
baseline,ip2p,gaussianshading,411000000002,change_content,1,change_content,change the scarf to cloak,0.875,224.0,5.858468973293344e-37,True,154.0,False,,,0.1895573139190673,0.3012106120586395,-0.1116532981395721,0.2237097918987274,0.6426931619644165,0.1334781348705291,0.749898374080658,0.4523904602025618,8.261286720448972,8.000117545616233,4.750805139541626,4.637862205505371,,,,,,,,,,,,,,,0.0,True,0.0
baseline,ip2p,gaussianshading,411000000002,change_content,2,global_attribute,change the season to winter,0.71484375,183.0,2.2506982783628793e-12,True,154.0,False,,,0.2013397812843322,0.1704183220863342,0.030921459197998,0.1969089210033416,0.8982441425323486,0.950020432472229,0.1831042170524597,0.8179110557982905,13.771053106002038,8.363867079620203,4.756040096282959,4.637862205505371,,,,,,,,,,,,,,,1.0,True,1.0
baseline,ip2p,gaussianshading,411000000002,change_content,3,background,make the background a city street,0.6484375,166.0,1.1760979985375116e-06,True,154.0,False,,,0.1998909562826156,0.1720931082963943,0.0277978479862213,0.1917632520198822,0.9203239679336548,0.8575435876846313,0.2197062075138092,0.7997823569044011,16.770470962750565,8.10139498743509,4.745376825332642,4.637862205505371,,,,,,,,,,,,,,,1.0,True,1.0
baseline,ip2p,gaussianshading,411000000002,change_content,4,style,make it look cinematic,0.62109375,159.0,6.41623925198612e-05,True,154.0,False,,,0.2151669263839721,0.2285934388637542,-0.0134265124797821,0.0035019256174564,0.9913874864578248,0.9947757124900818,0.0156726315617561,0.9413379658407104,26.21941615834092,7.938732778999748,4.745902061462402,4.637862205505371,,,,,,,,,,,,,,,0.0,True,0.0
baseline,ip2p,gaussianshading,411000000003,change_content,0,none,,1.0,256.0,8.636168555094445e-78,True,154.0,True,7.118358839887444,0.1106013378613276,,,,,,,,,,,,,,,,,,,,,,,,,,,,True,
baseline,ip2p,gaussianshading,411000000003,change_content,1,change_content,change the furry wolf to bald wolf,1.0,256.0,8.636168555094445e-78,True,154.0,True,,,0.2571015954017639,0.2768421173095703,-0.0197405219078063,0.0134384613484144,0.964918613433838,0.9280476570129396,0.129353865981102,0.8073317641452217,22.540474983793803,6.9515658312746,4.7501301765441895,4.637862205505371,,,,,,,,,,,,,,,0.0,True,0.0
baseline,ip2p,gaussianshading,411000000003,change_content,2,global_attribute,make it sunset lighting,0.98828125,253.0,2.415032856233154e-71,True,154.0,False,,,0.2741031050682068,0.2371655106544494,0.0369375944137573,0.2927968502044678,0.9252398014068604,0.8784130811691284,0.5927119255065918,0.3484391546143334,7.782946666168414,7.4402657573504065,4.748512506484985,4.637862205505371,,,,,,,,,,,,,,,1.0,True,1.0
baseline,ip2p,gaussianshading,411000000003,change_content,3,background,make the background a forest,0.94921875,243.0,2.1791966102837964e-56,True,154.0,False,,,0.2185007631778717,0.2646770477294922,-0.0461762845516204,0.150887131690979,0.8751236200332642,0.7778679132461548,0.6981664896011353,0.3824735241545418,12.705008134499614,7.242574182572294,4.7402777671813965,4.637862205505371,,,,,,,,,,,,,,,0.0,True,0.0
baseline,ip2p,gaussianshading,411000000003,change_content,4,style,convert it to an oil painting,0.9375,240.0,9.32004825992086e-53,True,154.0,False,,,0.2395047545433044,0.2384295761585235,0.0010751783847808,0.0548104792833328,0.9900636672973632,0.97755229473114,0.1612227112054824,0.7175537260905859,22.332990691075043,7.143891423563437,4.760757207870483,4.637862205505371,,,,,,,,,,,,,,,1.0,True,1.0
baseline,ip2p,gaussianshading,411000000004,change_content,0,none,,1.0,256.0,8.636168555094445e-78,True,154.0,True,8.087464370110261,0.2061158891810469,,,,,,,,,,,,,,,,,,,,,,,,,,,,True,
baseline,ip2p,gaussianshading,411000000004,change_content,1,change_content,change the shepherd dog to poodle dog and make it luxury,1.0,256.0,8.636168555094445e-78,True,154.0,True,,,0.3540434837341308,0.3351322412490845,0.0189112424850463,0.1858888566493988,0.969820201396942,0.9136142730712892,0.0548938140273094,0.9216869995063286,27.64654831236957,8.149282429813143,4.749879837036133,4.637862205505371,,,,,,,,,,,,,,,1.0,True,1.0
baseline,ip2p,gaussianshading,411000000004,change_content,2,global_attribute,change the season to winter,1.0,256.0,8.636168555094445e-78,True,154.0,True,,,0.3198069334030151,0.3180362582206726,0.0017706751823425,0.0761054828763008,0.9706301689147948,0.9259300827980042,0.2152760773897171,0.8384541843240315,13.032801884032471,7.29707818044953,4.752026081085205,4.637862205505371,,,,,,,,,,,,,,,1.0,True,1.0
baseline,ip2p,gaussianshading,411000000004,change_content,3,background,make the background a city street,0.984375,252.0,1.533689029792275e-69,True,154.0,False,,,0.2107318937778473,0.305923581123352,-0.0951916873455047,0.2137373685836792,0.7981528043746948,0.3817037045955658,0.5144570469856262,0.4845186056411347,12.175913027255994,8.457673736096323,4.7503955364227295,4.637862205505371,,,,,,,,,,,,,,,0.0,True,0.0
baseline,ip2p,gaussianshading,411000000004,change_content,4,style,make it look cinematic,0.97265625,249.0,1.1692859003985972e-64,True,154.0,False,,,0.1674767285585403,0.1693257391452789,-0.0018490105867385,0.0662248134613037,0.9764088988304138,0.9751058220863342,0.1633345037698745,0.7421459196027693,13.158303212554523,9.190217570800844,4.753813028335571,4.637862205505371,,,,,,,,,,,,,,,0.0,True,0.0
baseline,ip2p,gaussianshading,511000000000,change_pose,0,none,,1.0,256.0,8.636168555094445e-78,True,154.0,True,11.456081412582888,0.1430278429093034,,,,,,,,,,,,,,,,,,,,,,,,,,,,True,
baseline,ip2p,gaussianshading,511000000000,change_pose,1,change_pose,make it tail down and make it jumping,1.0,256.0,8.636168555094445e-78,True,154.0,True,,,0.2111049145460128,0.2078048884868621,0.0033000260591506,-0.0655882060527801,0.9937824606895448,0.9754821062088012,0.1140859350562095,0.8674496848907863,24.593350427138425,10.91507338524523,4.75101900100708,4.637862205505371,,,,,,,,,,,,,,,0.0,True,0.0
baseline,ip2p,gaussianshading,511000000000,change_pose,2,global_attribute,make it nighttime,1.0,256.0,8.636168555094445e-78,True,154.0,True,,,0.2413411289453506,0.1976315677165985,0.0437095612287521,0.1020494699478149,0.9125962257385254,0.9720019102096558,0.2453872859477996,0.4511804595370942,11.573655187824682,9.341549418856902,4.734791278839111,4.637862205505371,,,,,,,,,,,,,,,1.0,True,1.0
baseline,ip2p,gaussianshading,511000000000,change_pose,3,background,make the background a city street,1.0,256.0,8.636168555094445e-78,True,154.0,True,,,0.2424912750720977,0.2350255697965622,0.0074657052755355,0.2895837426185608,0.9121964573860168,0.614142656326294,0.5509501695632935,0.2939328217136817,10.317452966633486,9.07948785432598,4.7585344314575195,4.637862205505371,,,,,,,,,,,,,,,1.0,True,1.0
baseline,ip2p,gaussianshading,511000000000,change_pose,4,style,convert it to an oil painting,1.0,256.0,8.636168555094445e-78,True,154.0,True,,,0.2552274465560913,0.235573723912239,0.0196537226438522,0.1884253025054931,0.9746770858764648,0.980506420135498,0.0800232961773872,0.8932485171640484,21.526581465527187,8.561124541196248,4.740301847457886,4.637862205505371,,,,,,,,,,,,,,,1.0,True,1.0
baseline,ip2p,gaussianshading,511000000001,change_pose,0,none,,1.0,256.0,8.636168555094445e-78,True,154.0,True,10.505468518376638,0.1420332031483642,,,,,,,,,,,,,,,,,,,,,,,,,,,,True,
baseline,ip2p,gaussianshading,511000000001,change_pose,1,change_pose,change the standing to sitting and make it tilting its head and make it wagging its tail,1.0,256.0,8.636168555094445e-78,True,154.0,True,,,0.2431282550096511,0.2146724462509155,0.0284558087587356,-0.0848660096526146,0.9222366809844972,0.9632370471954346,0.0888365358114242,0.8403490319790884,25.66951514063146,10.29284357746374,4.7512335777282715,4.637862205505371,,,,,,,,,,,,,,,0.0,True,0.0
baseline,ip2p,gaussianshading,511000000001,change_pose,2,global_attribute,make it rainy,1.0,256.0,8.636168555094445e-78,True,154.0,True,,,0.2225506007671356,0.2129263877868652,0.0096242129802703,0.1781090795993805,0.9367555379867554,0.9488884210586548,0.2510648667812347,0.6168476955855318,13.163161162086476,8.973982839689151,4.738717555999756,4.637862205505371,,,,,,,,,,,,,,,1.0,True,1.0
baseline,ip2p,gaussianshading,511000000001,change_pose,3,background,make the background a desert,1.0,256.0,8.636168555094445e-78,True,154.0,True,,,0.1972833424806594,0.2257131338119506,-0.0284297913312912,0.0724218934774398,0.9454033970832824,0.9582294821739196,0.2213507890701294,0.7076798586939654,16.514866004631582,9.405294291600198,4.756528615951538,4.637862205505371,,,,,,,,,,,,,,,0.0,True,0.0
baseline,ip2p,gaussianshading,511000000001,change_pose,4,style,make it look cinematic,1.0,256.0,8.636168555094445e-78,True,154.0,True,,,0.2057167142629623,0.2071385979652404,-0.0014218837022781,-0.067148171365261,0.9866571426391602,0.988466739654541,0.0523578152060508,0.9167592389721446,26.58988897955364,9.38768635344844,4.744223356246948,4.637862205505371,,,,,,,,,,,,,,,0.0,True,0.0
baseline,ip2p,gaussianshading,511000000002,change_pose,0,none,,1.0,256.0,8.636168555094445e-78,True,154.0,True,10.629545742963115,0.0979137284473587,,,,,,,,,,,,,,,,,,,,,,,,,,,,True,
baseline,ip2p,gaussianshading,511000000002,change_pose,1,change_pose,make it its mouth open and change the sitting to standing and make it roaring,1.0,256.0,8.636168555094445e-78,True,154.0,True,,,0.2766574025154114,0.2457948923110962,0.0308625102043151,0.2224084138870239,0.9454180002212524,0.8811131715774536,0.1536790579557418,0.7277121580390685,22.694735378747964,10.04914266703152,4.764602184295654,4.637862205505371,,,,,,,,,,,,,,,1.0,True,1.0
baseline,ip2p,gaussianshading,511000000002,change_pose,2,global_attribute,change the season to winter,1.0,256.0,8.636168555094445e-78,True,154.0,True,,,0.2571343779563904,0.244139015674591,0.0129953622817993,0.1364399790763855,0.9443644881248474,0.9323202967643738,0.652776300907135,0.4264253625363876,10.367667571552852,7.1178175820824645,4.754599094390869,4.637862205505371,,,,,,,,,,,,,,,1.0,True,1.0
baseline,ip2p,gaussianshading,511000000002,change_pose,3,background,replace the background with a beach,1.0,256.0,8.636168555094445e-78,True,154.0,True,,,0.2281973958015442,0.2368277162313461,-0.0086303204298019,0.0211806390434503,0.9654675722122192,0.9784544110298156,0.290884256362915,0.6912064564089229,17.436026589540464,6.561027455521408,4.7400596141815186,4.637862205505371,,,,,,,,,,,,,,,0.0,True,0.0
baseline,ip2p,gaussianshading,511000000002,change_pose,4,style,make it look cinematic,1.0,256.0,8.636168555094445e-78,True,154.0,True,,,0.2177861928939819,0.2358835339546203,-0.0180973410606384,0.0218069124966859,0.979644536972046,0.981744647026062,0.2374635487794876,0.7461460198810109,13.305001819891071,9.412861412014976,4.746788024902344,4.637862205505371,,,,,,,,,,,,,,,0.0,True,0.0
baseline,ip2p,gaussianshading,511000000003,change_pose,0,none,,1.0,256.0,8.636168555094445e-78,True,154.0,True,10.106594243218176,0.4738876211069684,,,,,,,,,,,,,,,,,,,,,,,,,,,,True,
baseline,ip2p,gaussianshading,511000000003,change_pose,1,change_pose,change the wings spread to wings folded and make it beak pointed downward,1.0,256.0,8.636168555094445e-78,True,154.0,True,,,0.1996569484472274,0.2763501405715942,-0.0766931921243667,0.032384093850851,0.7974305152893066,0.3622779846191406,0.1880226880311966,0.8495862432792606,19.521130762901684,9.736464226864406,4.749281406402588,4.637862205505371,,,,,,,,,,,,,,,0.0,True,0.0
baseline,ip2p,gaussianshading,511000000003,change_pose,2,global_attribute,make it nighttime,0.9921875,254.0,2.8410403695694194e-73,True,154.0,False,,,0.2251850664615631,0.1989351212978363,0.0262499451637268,0.0691570788621902,0.962816596031189,0.959535837173462,0.3783817291259765,0.3361191434246148,11.50353743533625,6.736245516116278,4.752214193344116,4.637862205505371,,,,,,,,,,,,,,,1.0,True,1.0
baseline,ip2p,gaussianshading,511000000003,change_pose,3,background,make the background a city street,0.94140625,241.0,6.158684939215741e-54,True,154.0,False,,,0.2519517540931701,0.2156321555376052,0.0363195985555648,0.2042093575000763,0.8750318288803101,0.7208210825920105,0.555284857749939,0.4518304359232333,14.36066012115575,8.171960220226499,4.7578020095825195,4.637862205505371,,,,,,,,,,,,,,,1.0,True,1.0
baseline,ip2p,gaussianshading,511000000003,change_pose,4,style,convert it to an oil painting,0.91015625,233.0,3.278493037067405e-45,True,154.0,False,,,0.272335797548294,0.2549183666706085,0.0174174308776855,-0.0302219707518816,0.973245084285736,0.944943904876709,0.1143368035554885,0.8955421427659598,27.757796790399816,8.279989984476652,4.736665487289429,4.637862205505371,,,,,,,,,,,,,,,0.0,True,0.0
baseline,ip2p,gaussianshading,511000000004,change_pose,0,none,,1.0,256.0,8.636168555094445e-78,True,154.0,True,8.190399249456801,0.1369349271117679,,,,,,,,,,,,,,,,,,,,,,,,,,,,True,
baseline,ip2p,gaussianshading,511000000004,change_pose,1,change_pose,make it eyes closed and change the sitting to lying and make it above its head,1.0,256.0,8.636168555094445e-78,True,154.0,True,,,0.2567447423934936,0.2552481889724731,0.0014965534210205,-0.0553661398589611,0.9970784187316896,0.9953815937042236,0.0865253582596778,0.8553429519674168,25.352781669093783,8.137147165409415,4.735628128051758,4.637862205505371,,,,,,,,,,,,,,,0.0,True,0.0
baseline,ip2p,gaussianshading,511000000004,change_pose,2,global_attribute,make it nighttime,1.0,256.0,8.636168555094445e-78,True,154.0,True,,,0.245071604847908,0.2501303255558014,-0.0050587207078933,0.0822423174977302,0.9850256443023682,0.9766398072242736,0.2598076462745666,0.4618292393181908,10.980179112057655,6.197493959020291,4.754625558853149,4.637862205505371,,,,,,,,,,,,,,,0.0,True,0.0
baseline,ip2p,gaussianshading,511000000004,change_pose,3,background,make the background a forest,1.0,256.0,8.636168555094445e-78,True,154.0,True,,,0.2559813559055328,0.246616393327713,0.0093649625778198,-0.0143839195370674,0.9888205528259276,0.9918911457061768,0.1140451431274414,0.8464530338271942,23.321696679621656,6.134561099967596,4.766201496124268,4.637862205505371,,,,,,,,,,,,,,,0.0,True,0.0
baseline,ip2p,gaussianshading,511000000004,change_pose,4,style,make it look cinematic,1.0,256.0,8.636168555094445e-78,True,154.0,True,,,0.2788595557212829,0.2660660743713379,0.012793481349945,0.0332254767417907,0.9933514595031738,0.996387243270874,0.0452148728072643,0.9265225791113124,29.052537833593178,5.971026976600421,4.761012077331543,4.637862205505371,,,,,,,,,,,,,,,1.0,True,1.0
baseline,ip2p,gaussianshading,611000000000,change_color,0,none,,1.0,256.0,8.636168555094445e-78,True,154.0,True,10.390207308806849,0.1395449614393615,,,,,,,,,,,,,,,,,,,,,,,,,,,,True,
baseline,ip2p,gaussianshading,611000000000,change_color,1,change_color,change the black to white and change the red to green,1.0,256.0,8.636168555094445e-78,True,154.0,True,,,0.2333166003227234,0.2121341824531555,0.0211824178695678,0.1451188921928405,0.9693859815597534,0.8911116719245911,0.1608775705099105,0.9011138754495378,19.444768906023796,9.288155467027146,4.749236583709717,4.637862205505371,,,,,,,,,,,,,,,1.0,True,1.0
baseline,ip2p,gaussianshading,611000000000,change_color,2,global_attribute,change the season to winter,1.0,256.0,8.636168555094445e-78,True,154.0,True,,,0.2286588102579116,0.2215931713581085,0.0070656388998031,0.0017455164343118,0.9865435361862184,0.9752868413925172,0.1816222816705703,0.9145990149341116,17.13587011797904,7.25551207451319,4.756211757659912,4.637862205505371,,,,,,,,,,,,,,,1.0,True,1.0
baseline,ip2p,gaussianshading,611000000000,change_color,3,background,make the background a desert,1.0,256.0,8.636168555094445e-78,True,154.0,True,,,0.2122828066349029,0.2228404581546783,-0.0105576515197753,0.0229636691510677,0.9652986526489258,0.9510443210601808,0.2439385503530502,0.8806616040780669,15.34633138965222,7.165920697513028,4.761899948120117,4.637862205505371,,,,,,,,,,,,,,,0.0,True,0.0
baseline,ip2p,gaussianshading,611000000000,change_color,4,style,convert it to an oil painting,1.0,256.0,8.636168555094445e-78,True,154.0,True,,,0.2258917093276977,0.2120876312255859,0.0138040781021118,0.2193154394626617,0.9813541173934937,0.9854170680046082,0.1137643158435821,0.92628086338317,24.56915922354002,6.893714716805861,4.754557847976685,4.637862205505371,,,,,,,,,,,,,,,1.0,True,1.0
baseline,ip2p,gaussianshading,611000000001,change_color,0,none,,1.0,256.0,8.636168555094445e-78,True,154.0,True,9.483945050103086,0.1406136145838065,,,,,,,,,,,,,,,,,,,,,,,,,,,,True,
baseline,ip2p,gaussianshading,611000000001,change_color,1,change_color,make it white and change the pink to green,1.0,256.0,8.636168555094445e-78,True,154.0,True,,,0.2878741025924682,0.2462502419948578,0.0416238605976104,0.238503411412239,0.938477337360382,0.924116849899292,0.3655834794044494,0.6250568805587481,12.53372847065183,7.985478421088881,4.7330992221832275,4.637862205505371,,,,,,,,,,,,,,,1.0,True,1.0
baseline,ip2p,gaussianshading,611000000001,change_color,2,global_attribute,make it nighttime,1.0,256.0,8.636168555094445e-78,True,154.0,True,,,0.284787505865097,0.289828896522522,-0.0050413906574249,0.0625213831663131,0.9857367277145386,0.9912829399108888,0.1492059379816055,0.7871527834089137,15.523104825107142,8.204163662465673,4.745859146118164,4.637862205505371,,,,,,,,,,,,,,,0.0,True,0.0
baseline,ip2p,gaussianshading,611000000001,change_color,3,background,make the background a city street,0.88671875,227.0,1.4846454937872452e-39,True,154.0,False,,,0.1697046160697937,0.267018586397171,-0.0973139703273773,0.2457401156425476,0.6821495294570923,-0.024339148774743,0.7918267846107483,0.1227802318345,7.939416233497888,9.144769548802191,4.757506847381592,4.637862205505371,,,,,,,,,,,,,,,0.0,True,0.0
baseline,ip2p,gaussianshading,611000000001,change_color,4,style,make it look cinematic,0.875,224.0,5.858468973293344e-37,True,154.0,False,,,0.1628822237253189,0.1570237427949905,0.0058584809303283,0.0256666839122772,0.9924800395965576,0.9904756546020508,0.0647214502096176,0.8462643077716202,21.40087008861603,8.947742449727325,4.745776176452637,4.637862205505371,,,,,,,,,,,,,,,1.0,True,1.0
baseline,ip2p,gaussianshading,611000000002,change_color,0,none,,1.0,256.0,8.636168555094445e-78,True,154.0,True,7.676597113295724,0.099053247643493,,,,,,,,,,,,,,,,,,,,,,,,,,,,True,
baseline,ip2p,gaussianshading,611000000002,change_color,1,change_color,change the brown to black and make it white,1.0,256.0,8.636168555094445e-78,True,154.0,True,,,0.2596226930618286,0.2183293253183365,0.0412933677434921,0.2195831090211868,0.9214964509010316,0.9403700828552246,0.2436789572238922,0.6818618307963255,13.321356661916514,6.918786480042383,4.761338233947754,4.637862205505371,,,,,,,,,,,,,,,1.0,True,1.0
baseline,ip2p,gaussianshading,611000000002,change_color,2,global_attribute,change the season to winter,1.0,256.0,8.636168555094445e-78,True,154.0,True,,,0.2708058953285217,0.2653309404850006,0.0054749548435211,0.159742385149002,0.980613112449646,0.9782915711402892,0.1435521990060806,0.7986670357876973,19.63915174077067,6.291746363523988,4.749147176742554,4.637862205505371,,,,,,,,,,,,,,,1.0,True,1.0
baseline,ip2p,gaussianshading,611000000002,change_color,3,background,make the background a forest,1.0,256.0,8.636168555094445e-78,True,154.0,True,,,0.2264251410961151,0.2705889046192169,-0.0441637635231018,0.0817804783582687,0.9312118887901306,0.9500712156295776,0.3422558605670929,0.592864207069716,9.524512695485589,7.5765662943314975,4.745555877685547,4.637862205505371,,,,,,,,,,,,,,,0.0,True,0.0
baseline,ip2p,gaussianshading,611000000002,change_color,4,style,make it look cinematic,1.0,256.0,8.636168555094445e-78,True,154.0,True,,,0.2264702767133712,0.2175682783126831,0.0089019984006881,-0.0513890646398067,0.99161958694458,0.995869755744934,0.0334428623318672,0.9286874669047136,26.16307969368939,7.374540627635469,4.753842353820801,4.637862205505371,,,,,,,,,,,,,,,0.0,True,0.0
baseline,ip2p,gaussianshading,611000000003,change_color,0,none,,1.0,256.0,8.636168555094445e-78,True,154.0,True,8.787287540729702,0.2205031415690459,,,,,,,,,,,,,,,,,,,,,,,,,,,,True,
baseline,ip2p,gaussianshading,611000000003,change_color,1,change_color,change the white to pink and make it red,1.0,256.0,8.636168555094445e-78,True,154.0,True,,,0.3206923007965088,0.2692403495311737,0.051451951265335,0.3925082683563232,0.9463053941726683,0.8792853355407715,0.3120972812175751,0.7580923770296165,14.55406691765447,8.261622752680516,4.754741430282593,4.637862205505371,,,,,,,,,,,,,,,1.0,True,1.0
baseline,ip2p,gaussianshading,611000000003,change_color,2,global_attribute,change the season to winter,1.0,256.0,8.636168555094445e-78,True,154.0,True,,,0.2607652842998504,0.3063971102237701,-0.0456318259239196,0.0668733119964599,0.9655557870864868,0.9347907304763794,0.3603298962116241,0.5862120984275943,9.059584943026367,7.305759837886718,4.750641584396362,4.637862205505371,,,,,,,,,,,,,,,0.0,True,0.0
baseline,ip2p,gaussianshading,611000000003,change_color,3,background,make the background a forest,1.0,256.0,8.636168555094445e-78,True,154.0,True,,,0.2399767935276031,0.2474860846996307,-0.0075092911720275,0.0803195685148239,0.9810392260551452,0.9737663865089417,0.3214804828166961,0.5662293567942869,9.210930923105243,8.361123691781396,4.753529071807861,4.637862205505371,,,,,,,,,,,,,,,0.0,True,0.0
baseline,ip2p,gaussianshading,611000000003,change_color,4,style,convert it to an oil painting,1.0,256.0,8.636168555094445e-78,True,154.0,True,,,0.2356218546628952,0.2209089696407318,0.0147128850221633,0.062426671385765,0.9426966905593872,0.9569954872131348,0.3683762848377228,0.4761695362172974,18.266535664985746,8.431507112269177,4.763182878494263,4.637862205505371,,,,,,,,,,,,,,,1.0,True,1.0
baseline,ip2p,gaussianshading,611000000004,change_color,0,none,,1.0,256.0,8.636168555094445e-78,True,154.0,True,8.698701288561296,0.2616944739101532,,,,,,,,,,,,,,,,,,,,,,,,,,,,True,
baseline,ip2p,gaussianshading,611000000004,change_color,1,change_color,change the white to purple and make it black,1.0,256.0,8.636168555094445e-78,True,154.0,True,,,0.2881110906600952,0.2264305055141449,0.0616805851459503,0.3018761277198791,0.8912979960441589,0.8679816126823425,0.3370526731014251,0.6977553621127495,12.664043806433408,8.385255763991287,4.753160238265991,4.637862205505371,,,,,,,,,,,,,,,1.0,True,1.0
baseline,ip2p,gaussianshading,611000000004,change_color,2,global_attribute,change the season to winter,1.0,256.0,8.636168555094445e-78,True,154.0,True,,,0.2611406445503235,0.2567482590675354,0.004392385482788,0.0730270519852638,0.917871356010437,0.9099034070968628,0.372067242860794,0.7037493330143567,11.867467167000052,6.70515754404652,4.757686138153076,4.637862205505371,,,,,,,,,,,,,,,1.0,True,1.0
baseline,ip2p,gaussianshading,611000000004,change_color,3,background,make the background a city street,1.0,256.0,8.636168555094445e-78,True,154.0,True,,,0.1072819232940673,0.251416265964508,-0.1441343426704406,0.1483058631420135,0.6133968830108643,-0.0152122341096401,0.6813149452209473,0.2926872147780241,8.373388135785882,7.092691862084961,4.760265588760376,4.637862205505371,,,,,,,,,,,,,,,0.0,True,0.0
baseline,ip2p,gaussianshading,611000000004,change_color,4,style,make it anime style,1.0,256.0,8.636168555094445e-78,True,154.0,True,,,0.1311699151992797,0.1113877743482589,0.0197821408510208,0.1016038730740547,0.9864293336868286,0.9907934665679932,0.0963405594229698,0.9066284819948142,22.9400729440059,6.7839300763388755,4.746561765670776,4.637862205505371,,,,,,,,,,,,,,,1.0,True,1.0
baseline,ip2p,gaussianshading,711000000000,change_material,0,none,,1.0,256.0,8.636168555094445e-78,True,154.0,True,11.586156160469736,0.186320782357457,,,,,,,,,,,,,,,,,,,,,,,,,,,,True,
baseline,ip2p,gaussianshading,711000000000,change_material,1,change_material,make it knitted and make it toy,0.77734375,199.0,6.461079525806242e-20,True,154.0,False,,,0.2450214475393295,0.2705993056297302,-0.0255778580904006,0.1825754046440124,0.8071948289871216,0.5059822797775269,0.4705831408500671,0.2995403966547473,15.470572382285974,10.926193133152225,4.744922161102295,4.637862205505371,,,,,,,,,,,,,,,0.0,True,0.0
baseline,ip2p,gaussianshading,711000000000,change_material,2,global_attribute,change the season to winter,0.703125,180.0,3.340468412340495e-11,True,154.0,False,,,0.2193791568279266,0.2256169915199279,-0.0062378346920013,0.0262161307036876,0.9873249530792236,0.9876641631126404,0.0826222822070121,0.8040720526653105,20.79915568538143,10.391613604485734,4.7420995235443115,4.637862205505371,,,,,,,,,,,,,,,0.0,True,0.0
baseline,ip2p,gaussianshading,711000000000,change_material,3,background,make the background a desert,0.6953125,178.0,1.8404447729063615e-10,True,154.0,False,,,0.2241423428058624,0.2080423086881637,0.0161000341176986,-0.0386870242655277,0.9316460490226746,0.9667625427246094,0.1017834842205047,0.8450184309371792,19.125134611518057,10.66746942130456,4.74133038520813,4.637862205505371,,,,,,,,,,,,,,,0.0,True,0.0
baseline,ip2p,gaussianshading,711000000000,change_material,4,style,convert it to an oil painting,0.6640625,170.0,8.338613937483143e-08,True,154.0,False,,,0.2471553385257721,0.2227653861045837,0.0243899524211883,0.0963223725557327,0.928187131881714,0.9408068656921388,0.0689387917518615,0.8661478652675929,18.6906549387922,11.713431235188558,4.743695497512817,4.637862205505371,,,,,,,,,,,,,,,1.0,True,1.0
baseline,ip2p,gaussianshading,711000000001,change_material,0,none,,1.0,256.0,8.636168555094445e-78,True,154.0,True,9.138226461967108,0.054710455176825,,,,,,,,,,,,,,,,,,,,,,,,,,,,True,
baseline,ip2p,gaussianshading,711000000001,change_material,1,change_material,make it wooden and make it toy,0.82421875,211.0,3.51423537576076e-27,True,154.0,False,,,0.3073954582214355,0.2318655848503112,0.0755298733711242,0.2572295665740967,0.8255630135536194,0.5475941300392151,0.8300082683563232,0.6132253904099191,13.120168358427652,8.909990967433401,4.762631177902222,4.637862205505371,,,,,,,,,,,,,,,1.0,True,1.0
baseline,ip2p,gaussianshading,711000000001,change_material,2,global_attribute,make it nighttime,0.5625,144.0,0.0262358366660715,False,154.0,False,,,0.2852883040904999,0.2880409359931946,-0.0027526319026947,0.1208197623491287,0.8081037998199463,0.5402666330337524,0.5654811263084412,0.3393780955317053,8.708565133959565,8.377583504712883,4.740379571914673,4.637862205505371,,,,,,,,,,,,,,,0.0,True,0.0
baseline,ip2p,gaussianshading,711000000001,change_material,3,background,make the background a desert,0.5546875,142.0,0.0456560434661426,False,154.0,False,,,0.2015562951564788,0.2786070108413696,-0.0770507156848907,0.0739765241742134,0.9361050724983216,0.972726821899414,0.1611679643392563,0.8244910544276044,16.22900674780893,8.006773456966652,4.754189729690552,4.637862205505371,,,,,,,,,,,,,,,0.0,True,0.0
baseline,ip2p,gaussianshading,711000000001,change_material,4,style,make it look cinematic,0.515625,132.0,0.3309164303922281,False,154.0,False,,,0.1982557922601699,0.1879054307937622,0.0103503614664077,0.0054940078407526,0.9873639345169068,0.9802848100662231,0.022129513323307,0.9118642438897088,26.430776346025453,8.12735976829325,4.752445220947266,4.637862205505371,,,,,,,,,,,,,,,1.0,True,0.0
baseline,ip2p,gaussianshading,711000000002,change_material,0,none,,1.0,256.0,8.636168555094445e-78,True,154.0,True,8.678570064849655,0.3677088414018275,,,,,,,,,,,,,,,,,,,,,,,,,,,,True,
baseline,ip2p,gaussianshading,711000000002,change_material,1,change_material,change the blue to plastic and make it golden,1.0,256.0,8.636168555094445e-78,True,154.0,True,,,0.2323048710823059,0.2426688373088836,-0.0103639662265777,0.1996183097362518,0.9511903524398804,0.9140859246253968,0.2789087295532226,0.6918522629024592,11.084208191157458,8.122762954172924,4.745800495147705,4.637862205505371,,,,,,,,,,,,,,,0.0,True,0.0
baseline,ip2p,gaussianshading,711000000002,change_material,2,global_attribute,change the season to winter,1.0,256.0,8.636168555094445e-78,True,154.0,True,,,0.2534116506576538,0.2375180721282959,0.0158935785293579,-0.0488019436597824,0.9703578352928162,0.9258063435554504,0.296035885810852,0.7211246436271762,10.03344585806242,9.25352756859734,4.743191719055176,4.637862205505371,,,,,,,,,,,,,,,0.0,True,0.0
baseline,ip2p,gaussianshading,711000000002,change_material,3,background,make the background a desert,0.98828125,253.0,2.415032856233154e-71,True,154.0,False,,,0.2589649260044098,0.2615084946155548,-0.002543568611145,0.0261725485324859,0.989218294620514,0.8860276937484741,0.1520140469074249,0.9259222510156908,16.285136835486465,9.399556325609284,4.735353708267212,4.637862205505371,,,,,,,,,,,,,,,0.0,True,0.0
baseline,ip2p,gaussianshading,711000000002,change_material,4,style,turn it into a watercolor painting,0.984375,252.0,1.533689029792275e-69,True,154.0,False,,,0.2590866684913635,0.2515313625335693,0.0075553059577941,0.1612171083688736,0.9633129239082336,0.8591709136962891,0.2837855517864227,0.7218432161439452,13.40717200222684,7.992571672902401,4.746723651885986,4.637862205505371,,,,,,,,,,,,,,,1.0,True,1.0
baseline,ip2p,gaussianshading,711000000003,change_material,0,none,,1.0,256.0,8.636168555094445e-78,True,154.0,True,13.830004944245069,0.3634461319769482,,,,,,,,,,,,,,,,,,,,,,,,,,,,True,
baseline,ip2p,gaussianshading,711000000003,change_material,1,change_material,make it iron and make it sculpture,0.92578125,237.0,2.2201834526978018e-49,True,154.0,False,,,0.2979503273963928,0.2446183860301971,0.0533319413661956,0.2161038815975189,0.8478939533233643,0.8107209205627441,0.3774780631065368,0.4765613751841716,12.1399758811028,11.22029070358549,4.758488178253174,4.637862205505371,,,,,,,,,,,,,,,1.0,True,1.0
baseline,ip2p,gaussianshading,711000000003,change_material,2,global_attribute,make it sunset lighting,0.87890625,225.0,8.283676586985015e-38,True,154.0,False,,,0.2915869653224945,0.2748095393180847,0.0167774260044097,0.1985605359077453,0.9190928339958192,0.9454129934310912,0.3716368079185486,0.5364777086525915,12.290318008483908,7.742711031323792,4.751626014709473,4.637862205505371,,,,,,,,,,,,,,,1.0,True,1.0
baseline,ip2p,gaussianshading,711000000003,change_material,3,background,make the background a forest,0.859375,220.0,1.0404279969870501e-33,True,154.0,False,,,0.2580587267875671,0.2818768918514251,-0.023818165063858,0.1943843513727188,0.8424859046936035,0.2920750975608825,0.7380219101905823,0.4073842558686504,12.585725950592192,7.088221948167882,4.736875772476196,4.637862205505371,,,,,,,,,,,,,,,0.0,True,0.0
baseline,ip2p,gaussianshading,711000000003,change_material,4,style,make it look cinematic,0.828125,212.0,7.406648089014277e-28,True,154.0,False,,,0.2725455164909363,0.2745650112628937,-0.0020194947719573,0.0206964500248432,0.9867609739303588,0.9675831198692322,0.0845434367656707,0.8525113219188697,27.720992398001997,6.744582549891016,4.746279239654541,4.637862205505371,,,,,,,,,,,,,,,0.0,True,0.0
baseline,ip2p,gaussianshading,711000000004,change_material,0,none,,1.0,256.0,8.636168555094445e-78,True,154.0,True,9.79938891185112,0.3089214103680662,,,,,,,,,,,,,,,,,,,,,,,,,,,,True,
baseline,ip2p,gaussianshading,711000000004,change_material,1,change_material,make it golden and make it sculpture,1.0,256.0,8.636168555094445e-78,True,154.0,True,,,0.2300764918327331,0.2082561254501342,0.0218203663825988,0.2007679343223571,0.9799789190292358,0.9615617990493774,0.2923024594783783,0.6813828834881331,15.748905755415793,8.81316835631554,4.751264333724976,4.637862205505371,,,,,,,,,,,,,,,1.0,True,1.0
baseline,ip2p,gaussianshading,711000000004,change_material,2,global_attribute,change the season to winter,0.99609375,255.0,2.2194953186592723e-75,True,154.0,False,,,0.1869515478610992,0.2022865712642669,-0.0153350234031677,0.0529908165335655,0.973012149333954,0.932031512260437,0.554007887840271,0.5528205088352256,8.69519298568549,9.669715686072829,4.755744457244873,4.637862205505371,,,,,,,,,,,,,,,0.0,True,0.0
baseline,ip2p,gaussianshading,711000000004,change_material,3,background,make the background a desert,0.99609375,255.0,2.2194953186592723e-75,True,154.0,False,,,0.186731606721878,0.1922385096549987,-0.0055069029331207,0.038521185517311,0.9869107007980348,0.9815709590911864,0.2181875258684158,0.8747682863438248,19.71180820834992,9.650230236863884,4.766586780548096,4.637862205505371,,,,,,,,,,,,,,,0.0,True,0.0
baseline,ip2p,gaussianshading,711000000004,change_material,4,style,make it look cinematic,0.984375,252.0,1.533689029792275e-69,True,154.0,False,,,0.2121080160140991,0.1971992552280426,0.0149087607860565,0.0400790646672248,0.9824024438858032,0.9914380311965942,0.0527688413858413,0.9269854183664727,24.58959833828766,9.578407992111504,4.734906196594238,4.637862205505371,,,,,,,,,,,,,,,1.0,True,1.0
baseline,ip2p,gaussianshading,811000000000,change_background,0,none,,1.0,256.0,8.636168555094445e-78,True,154.0,True,7.637556448068872,0.1728198280954708,,,,,,,,,,,,,,,,,,,,,,,,,,,,True,
baseline,ip2p,gaussianshading,811000000000,change_background,1,change_background,change the background to forest,0.99609375,255.0,2.2194953186592723e-75,True,154.0,False,,,0.2741375267505646,0.187118113040924,0.0870194137096405,0.3460758328437805,0.9443843364715576,0.9754625558853148,0.4218766987323761,0.734824740900387,15.754156760357551,5.737330040062493,4.753263235092163,4.637862205505371,,,,,,,,,,,,,,,1.0,True,1.0
baseline,ip2p,gaussianshading,811000000000,change_background,2,global_attribute,make it nighttime,0.984375,252.0,1.533689029792275e-69,True,154.0,False,,,0.2515405118465423,0.2728792130947113,-0.0213387012481689,0.1855454444885254,0.9675303101539612,0.9692246913909912,0.3934519588947296,0.2654539908882391,13.413089600512114,3.4906274649215954,4.7483298778533936,4.637862205505371,,,,,,,,,,,,,,,0.0,True,0.0
baseline,ip2p,gaussianshading,811000000000,change_background,3,background,replace the background with a beach,0.98828125,253.0,2.415032856233154e-71,True,154.0,False,,,0.2327730357646942,0.2526595890522003,-0.0198865532875061,0.1511515974998474,0.9384356141090392,0.9587785601615906,0.5178235173225403,0.2598258317568428,9.237864799179986,7.336614135127602,4.758742094039917,4.637862205505371,,,,,,,,,,,,,,,0.0,True,0.0
baseline,ip2p,gaussianshading,811000000000,change_background,4,style,make it anime style,0.9609375,246.0,2.50913452180952e-60,True,154.0,False,,,0.2748523950576782,0.224098652601242,0.0507537424564361,0.2437924444675445,0.7858090400695801,0.8961304426193237,0.3097068071365356,0.7700305245271247,12.747679783546618,8.733894902554908,4.745225429534912,4.637862205505371,,,,,,,,,,,,,,,1.0,True,1.0
baseline,ip2p,gaussianshading,811000000001,change_background,0,none,,1.0,256.0,8.636168555094445e-78,True,154.0,True,8.132124400881674,0.153075530369753,,,,,,,,,,,,,,,,,,,,,,,,,,,,True,
baseline,ip2p,gaussianshading,811000000001,change_background,1,change_background,change the background to dark,1.0,256.0,8.636168555094445e-78,True,154.0,True,,,0.3228881657123565,0.3147404193878174,0.0081477463245391,0.3368753790855407,0.9401692152023317,0.8605700731277466,0.4804940223693847,0.2941861278727053,7.726351091346802,6.017159086935172,4.7561938762664795,4.637862205505371,,,,,,,,,,,,,,,1.0,True,1.0
baseline,ip2p,gaussianshading,811000000001,change_background,2,global_attribute,make it nighttime,0.99609375,255.0,2.2194953186592723e-75,True,154.0,False,,,0.1972270309925079,0.334417462348938,-0.13719043135643,0.1209940910339355,0.7720479965209961,0.1767673790454864,0.536166250705719,0.3896473914390101,15.766998131546302,5.081280925870921,4.751535892486572,4.637862205505371,,,,,,,,,,,,,,,0.0,True,0.0
baseline,ip2p,gaussianshading,811000000001,change_background,3,background,make the background a forest,0.984375,252.0,1.533689029792275e-69,True,154.0,False,,,0.1714433878660202,0.2066539227962494,-0.0352105349302291,0.0021628234535455,0.8862065076828003,0.539137065410614,0.3737794458866119,0.5687851747532935,22.773656663839475,4.797854370092821,4.761975288391113,4.637862205505371,,,,,,,,,,,,,,,0.0,True,0.0
baseline,ip2p,gaussianshading,811000000001,change_background,4,style,make it look cinematic,0.97265625,249.0,1.1692859003985972e-64,True,154.0,False,,,0.1948566734790802,0.1948938965797424,-3.7223100662231445e-05,0.0572983846068382,0.9790666103363036,0.9366444945335388,0.1912820935249328,0.6333223572003737,27.46837771581021,5.167672480701679,4.745413303375244,4.637862205505371,,,,,,,,,,,,,,,0.0,True,0.0
baseline,ip2p,gaussianshading,811000000002,change_background,0,none,,1.0,256.0,8.636168555094445e-78,True,154.0,True,13.255242687879232,0.2630333621548004,,,,,,,,,,,,,,,,,,,,,,,,,,,,True,
baseline,ip2p,gaussianshading,811000000002,change_background,1,change_background,change the background to grass,1.0,256.0,8.636168555094445e-78,True,154.0,True,,,0.2836255133152008,0.2291993498802185,0.0544261634349823,0.2538637518882751,0.913379728794098,0.9552698731422424,0.543656587600708,0.4857137023737474,16.119506744519047,11.02858983152857,4.762441635131836,4.637862205505371,,,,,,,,,,,,,,,1.0,True,1.0
baseline,ip2p,gaussianshading,811000000002,change_background,2,global_attribute,change the season to winter,1.0,256.0,8.636168555094445e-78,True,154.0,True,,,0.2418061345815658,0.2539303004741668,-0.012124165892601,0.166140615940094,0.947383999824524,0.9670887589454652,0.4262979924678802,0.6469102694749356,9.337386270945249,7.981158590593234,4.742109537124634,4.637862205505371,,,,,,,,,,,,,,,0.0,True,0.0
baseline,ip2p,gaussianshading,811000000002,change_background,3,background,replace the background with a beach,1.0,256.0,8.636168555094445e-78,True,154.0,True,,,0.2324759066104889,0.2277025580406189,0.0047733485698699,0.0644511282444,0.9659128785133362,0.9696030616760254,0.2882207632064819,0.6836254509627694,17.505346525170037,8.502413501132189,4.748777866363525,4.637862205505371,,,,,,,,,,,,,,,1.0,True,1.0
baseline,ip2p,gaussianshading,811000000002,change_background,4,style,turn it into a watercolor painting,1.0,256.0,8.636168555094445e-78,True,154.0,True,,,0.2379016280174255,0.2207187712192535,0.0171828567981719,0.1456039845943451,0.9644267559051514,0.9374144077301024,0.309247076511383,0.6959945404600144,12.694414201753707,5.759424041019844,4.749448776245117,4.637862205505371,,,,,,,,,,,,,,,1.0,True,1.0
baseline,ip2p,gaussianshading,811000000003,change_background,0,none,,1.0,256.0,8.636168555094445e-78,True,154.0,True,7.705540339831477,0.0867807165054602,,,,,,,,,,,,,,,,,,,,,,,,,,,,True,
baseline,ip2p,gaussianshading,811000000003,change_background,1,change_background,change the background to blue,1.0,256.0,8.636168555094445e-78,True,154.0,True,,,0.2742690443992615,0.2288984954357147,0.0453705489635467,0.2578163146972656,0.9776568412780762,0.962716281414032,0.1742735356092453,0.7942730989894277,16.15409286321099,6.97941574829297,4.752188205718994,4.637862205505371,,,,,,,,,,,,,,,1.0,True,1.0
baseline,ip2p,gaussianshading,811000000003,change_background,2,global_attribute,change the season to winter,1.0,256.0,8.636168555094445e-78,True,154.0,True,,,0.2815035581588745,0.2415051460266113,0.0399984121322631,0.0567762479186058,0.968309760093689,0.97378671169281,0.1513408124446869,0.7915303791322227,13.749285651653745,5.963913689366791,4.749624729156494,4.637862205505371,,,,,,,,,,,,,,,1.0,True,1.0
baseline,ip2p,gaussianshading,811000000003,change_background,3,background,make the background a desert,0.99609375,255.0,2.2194953186592723e-75,True,154.0,False,,,0.2696982622146606,0.2756327986717224,-0.0059345364570617,0.0951683297753334,0.9844295978546144,0.9652918577194214,0.1185564249753952,0.8615038132622833,16.676451351525184,6.209593754333243,4.745509147644043,4.637862205505371,,,,,,,,,,,,,,,0.0,True,0.0
baseline,ip2p,gaussianshading,811000000003,change_background,4,style,turn it into a watercolor painting,0.9921875,254.0,2.8410403695694194e-73,True,154.0,False,,,0.2324665784835815,0.2352867275476455,-0.002820149064064,0.0916989594697952,0.9814773797988892,0.9616896510124208,0.2056625038385391,0.7514444931423877,14.569180960566444,4.945146166648826,4.744759798049927,4.637862205505371,,,,,,,,,,,,,,,0.0,True,0.0
baseline,ip2p,gaussianshading,811000000004,change_background,0,none,,1.0,256.0,8.636168555094445e-78,True,154.0,True,9.133667208658917,0.09357019619029,,,,,,,,,,,,,,,,,,,,,,,,,,,,True,
baseline,ip2p,gaussianshading,811000000004,change_background,1,change_background,change the background to red,1.0,256.0,8.636168555094445e-78,True,154.0,True,,,0.2898001074790954,0.2512128353118896,0.0385872721672058,0.2690070867538452,0.8944398760795593,0.93122535943985,0.5900121331214905,0.2782353656230736,7.441926796122208,7.0111525394497125,4.758104562759399,4.637862205505371,,,,,,,,,,,,,,,1.0,True,1.0
baseline,ip2p,gaussianshading,811000000004,change_background,2,global_attribute,make it rainy,1.0,256.0,8.636168555094445e-78,True,154.0,True,,,0.2910038530826568,0.2568733096122741,0.0341305434703826,0.3745157718658447,0.8398664593696594,0.5228749513626099,0.80232173204422,0.1399773367827263,6.717329676871737,8.510675401291392,4.747709035873413,4.637862205505371,,,,,,,,,,,,,,,1.0,True,1.0
baseline,ip2p,gaussianshading,811000000004,change_background,3,background,replace the background with a beach,0.984375,252.0,1.533689029792275e-69,True,154.0,False,,,0.2762971520423889,0.2821716666221618,-0.0058745145797729,0.035132348537445,0.9758813977241516,0.8509402275085449,0.2586912810802459,0.5993690042198231,11.367263205707829,8.392181059432367,4.749610662460327,4.637862205505371,,,,,,,,,,,,,,,0.0,True,0.0
baseline,ip2p,gaussianshading,811000000004,change_background,4,style,convert it to an oil painting,0.9765625,250.0,3.260325837244994e-66,True,154.0,False,,,0.2267491519451141,0.2508429586887359,-0.0240938067436218,0.0334915220737457,0.9626832008361816,0.9328867793083192,0.109139934182167,0.870141643301645,22.690826152827107,7.838555069561569,4.747288942337036,4.637862205505371,,,,,,,,,,,,,,,0.0,True,0.0
baseline,ip2p,gaussianshading,911000000000,change_style,0,none,,1.0,256.0,8.636168555094445e-78,True,154.0,True,9.856714760356803,0.211107880815224,,,,,,,,,,,,,,,,,,,,,,,,,,,,True,
baseline,ip2p,gaussianshading,911000000000,change_style,1,change_style,make it realism style expressionism style,1.0,256.0,8.636168555094445e-78,True,154.0,True,,,0.276985764503479,0.268821120262146,0.008164644241333,0.1885727643966674,0.97856867313385,0.9590791463851928,0.1814640462398529,0.7772424535915835,17.951358632580718,9.605400970122378,4.753782510757446,4.637862205505371,,,,,,,,,,,,,,,1.0,True,1.0
baseline,ip2p,gaussianshading,911000000000,change_style,2,global_attribute,make it nighttime,1.0,256.0,8.636168555094445e-78,True,154.0,True,,,0.2805072367191314,0.2669543921947479,0.0135528445243835,0.1067282333970069,0.9872668385505676,0.9800304174423218,0.1180946007370948,0.6837858388978973,12.96515448753527,9.1095323152712,4.755243301391602,4.637862205505371,,,,,,,,,,,,,,,1.0,True,1.0
baseline,ip2p,gaussianshading,911000000000,change_style,3,background,replace the background with a beach,1.0,256.0,8.636168555094445e-78,True,154.0,True,,,0.3008047938346863,0.2636437118053436,0.0371610820293426,0.0684321969747543,0.9161430597305298,0.8933873772621155,0.4779112637042999,0.3432729366746562,5.754738723210503,6.623855795580184,4.760775089263916,4.637862205505371,,,,,,,,,,,,,,,1.0,True,1.0
baseline,ip2p,gaussianshading,911000000000,change_style,4,style,make it look cinematic,1.0,256.0,8.636168555094445e-78,True,154.0,True,,,0.2912671566009521,0.2986301183700561,-0.007362961769104,-0.0536202304065227,0.9873125553131104,0.9847571849822998,0.0985601618885994,0.862185004963126,20.242142443549294,7.030831469479766,4.735453367233276,4.637862205505371,,,,,,,,,,,,,,,0.0,True,0.0
baseline,ip2p,gaussianshading,911000000001,change_style,0,none,,1.0,256.0,8.636168555094445e-78,True,154.0,True,7.921834235010893,0.3814387242987902,,,,,,,,,,,,,,,,,,,,,,,,,,,,True,
baseline,ip2p,gaussianshading,911000000001,change_style,1,change_style,make it realism style painting,0.99609375,255.0,2.2194953186592723e-75,True,154.0,False,,,0.2664371430873871,0.2042424827814102,0.0621946603059768,0.2482482194900512,0.9023051261901855,0.9348706007003784,0.0713920593261718,0.9085705726169712,18.28578923747969,7.127715417081917,4.756529331207275,4.637862205505371,,,,,,,,,,,,,,,1.0,True,1.0
baseline,ip2p,gaussianshading,911000000001,change_style,2,global_attribute,make it rainy,0.9921875,254.0,2.8410403695694194e-73,True,154.0,False,,,0.2567755579948425,0.2475988566875457,0.0091767013072967,0.0333578959107399,0.9644174575805664,0.9727251529693604,0.0508239232003688,0.9284203119262004,21.316099366904893,7.422147189050149,4.75267767906189,4.637862205505371,,,,,,,,,,,,,,,1.0,True,1.0
baseline,ip2p,gaussianshading,911000000001,change_style,3,background,replace the background with a beach,0.97265625,249.0,1.1692859003985972e-64,True,154.0,False,,,0.2493716329336166,0.2401842772960662,0.0091873556375503,0.0241857729852199,0.9783339500427246,0.9608540534973145,0.1059192344546318,0.8815224085475704,15.872943645453784,6.790700748318622,4.747934103012085,4.637862205505371,,,,,,,,,,,,,,,1.0,True,1.0
baseline,ip2p,gaussianshading,911000000001,change_style,4,style,make it anime style,0.87109375,223.0,4.0002186987512886e-36,True,154.0,False,,,0.2182821035385131,0.22248275578022,-0.0042006522417068,0.0859438925981521,0.9634804725646972,0.9499383568763732,0.093561552464962,0.90027839585158,21.82844933523501,6.836717431074112,4.759668350219727,4.637862205505371,,,,,,,,,,,,,,,0.0,True,0.0
baseline,ip2p,gaussianshading,911000000002,change_style,0,none,,1.0,256.0,8.636168555094445e-78,True,154.0,True,6.62391642038843,0.1301991088462488,,,,,,,,,,,,,,,,,,,,,,,,,,,,True,
baseline,ip2p,gaussianshading,911000000002,change_style,1,change_style,make it minimalism kids crayon drawing,0.99609375,255.0,2.2194953186592723e-75,True,154.0,False,,,0.2321753203868866,0.2366778552532196,-0.004502534866333,0.1050692796707153,0.9529675245285034,0.9273258447647096,0.2949141263961792,0.5204299018876483,10.767436242499835,5.419625650100945,4.751804351806641,4.637862205505371,,,,,,,,,,,,,,,0.0,True,0.0
baseline,ip2p,gaussianshading,911000000002,change_style,2,global_attribute,make it sunset lighting,0.8125,208.0,3.205891881978136e-25,True,154.0,False,,,0.1630013734102249,0.2274284660816192,-0.0644270926713943,0.2786299586296081,0.7024394273757935,0.0299927201122045,0.8298060894012451,0.3963774055277884,6.784522422429654,6.512398118433461,4.739883899688721,4.637862205505371,,,,,,,,,,,,,,,0.0,True,0.0
baseline,ip2p,gaussianshading,911000000002,change_style,3,background,replace the background with a beach,0.76171875,195.0,8.141069024389043e-18,True,154.0,False,,,0.1926638185977935,0.1766449213027954,0.0160188972949981,0.0342271216213703,0.9445993900299072,0.7846279144287109,0.655909538269043,0.6417936288824329,6.546052880706866,5.992169367680521,4.751357555389404,4.637862205505371,,,,,,,,,,,,,,,1.0,True,1.0
baseline,ip2p,gaussianshading,911000000002,change_style,4,style,make it anime style,0.625,160.0,3.802648956854992e-05,True,154.0,False,,,0.2195020169019699,0.2021160423755645,0.0173859745264053,0.1568526476621627,0.8476198315620422,0.6786069869995117,0.5051325559616089,0.764619423238699,16.104265683152043,5.24911295163104,4.7255027294158936,4.637862205505371,,,,,,,,,,,,,,,1.0,True,1.0
baseline,ip2p,gaussianshading,911000000003,change_style,0,none,,1.0,256.0,8.636168555094445e-78,True,154.0,True,6.512173675998144,0.0722609465834196,,,,,,,,,,,,,,,,,,,,,,,,,,,,True,
baseline,ip2p,gaussianshading,911000000003,change_style,1,change_style,make it surrealism style wall mural,1.0,256.0,8.636168555094445e-78,True,154.0,True,,,0.2557200491428375,0.2331918776035308,0.0225281715393066,0.036511518061161,0.9387029409408568,0.9021075963974,0.3780741989612579,0.5995543995675504,11.477905875742618,7.732825669384735,4.752434253692627,4.637862205505371,,,,,,,,,,,,,,,1.0,True,1.0
baseline,ip2p,gaussianshading,911000000003,change_style,2,global_attribute,make it nighttime,1.0,256.0,8.636168555094445e-78,True,154.0,True,,,0.2633072137832641,0.2610185444355011,0.002288669347763,0.0046363212168216,0.9859875440597534,0.9915444850921632,0.10472072660923,0.8557726382694498,17.851964550916502,8.319084365704914,4.7620580196380615,4.637862205505371,,,,,,,,,,,,,,,1.0,True,1.0
baseline,ip2p,gaussianshading,911000000003,change_style,3,background,make the background a city street,1.0,256.0,8.636168555094445e-78,True,154.0,True,,,0.237501323223114,0.2465612590312957,-0.0090599358081817,0.1329042762517929,0.952511191368103,0.8748394250869751,0.4976692795753479,0.4665687531641566,15.363120000300142,7.911923049256206,4.7564537525177,4.637862205505371,,,,,,,,,,,,,,,0.0,True,0.0
baseline,ip2p,gaussianshading,911000000003,change_style,4,style,convert it to an oil painting,0.99609375,255.0,2.2194953186592723e-75,True,154.0,False,,,0.2392138391733169,0.2382415533065796,0.0009722858667373,0.0600751042366027,0.9940833449363708,0.9887510538101196,0.0838717147707939,0.8944025464188382,24.98387537062377,7.555888774501928,4.756941318511963,4.637862205505371,,,,,,,,,,,,,,,1.0,True,1.0
baseline,ip2p,gaussianshading,911000000004,change_style,0,none,,1.0,256.0,8.636168555094445e-78,True,154.0,True,10.469138961604829,0.3830211569149839,,,,,,,,,,,,,,,,,,,,,,,,,,,,True,
baseline,ip2p,gaussianshading,911000000004,change_style,1,change_style,make it photorealism style oil painting,1.0,256.0,8.636168555094445e-78,True,154.0,True,,,0.1957506984472274,0.1987322866916656,-0.0029815882444381,0.0441500693559646,0.9801405668258668,0.9731348752975464,0.1005853116512298,0.9023269672736788,22.591556070836475,9.763803774857015,4.753396511077881,4.637862205505371,,,,,,,,,,,,,,,0.0,True,0.0
baseline,ip2p,gaussianshading,911000000004,change_style,2,global_attribute,make it sunset lighting,1.0,256.0,8.636168555094445e-78,True,154.0,True,,,0.2363586574792862,0.2132517844438552,0.0231068730354309,0.1771944165229797,0.9710187315940856,0.9858798980712892,0.1446149051189422,0.852795152477661,15.756997797104454,10.515735523666583,4.760145664215088,4.637862205505371,,,,,,,,,,,,,,,1.0,True,1.0
baseline,ip2p,gaussianshading,911000000004,change_style,3,background,make the background a city street,0.91796875,235.0,2.986153404182484e-47,True,154.0,False,,,0.1522013396024704,0.2421478033065796,-0.0899464637041091,0.1260464787483215,0.6721054315567017,0.034910961985588,0.678756594657898,0.5184765834010173,12.614234480795911,9.276867762409328,4.749974966049194,4.637862205505371,,,,,,,,,,,,,,,0.0,True,0.0
baseline,ip2p,gaussianshading,911000000004,change_style,4,style,turn it into a watercolor painting,0.91015625,233.0,3.278493037067405e-45,True,154.0,False,,,0.1782056987285614,0.1393322646617889,0.0388734340667724,0.2014378756284713,0.960625946521759,0.9620997309684752,0.1793748885393142,0.7205291959496637,14.193502230252342,6.8859962282378735,4.755888938903809,4.637862205505371,,,,,,,,,,,,,,,1.0,True,1.0
baseline,ip2p,none,111000000000,change_object,0,none,,,,,,,,inf,1.0,,,,,,,,,,,,,,,0.0392172110785569,False,,,68.07020568847656,0.4921875,126.0,0.6226346259555037,False,154.0,False,,,,
baseline,ip2p,none,111000000000,change_object,1,change_object,change the fishes to sharks and change the kelp to flowers,,,,,,,,,0.1684886217117309,0.175765186548233,-0.007276564836502,0.0038647595793008,0.9754742383956908,0.9739670753479004,0.1420609056949615,0.7913074967309672,20.888812846296503,20.888812846296503,4.7980797290802,4.637862205505371,,,0.0198182082427551,False,,,70.75230407714844,0.51171875,131.0,0.3773653740444963,False,154.0,False,,0.0,,
baseline,ip2p,none,111000000000,change_object,2,global_attribute,make it nighttime,,,,,,,,,0.1842765510082245,0.1708324402570724,0.013444110751152,0.0396761000156402,0.9714194536209106,0.955945372581482,0.1136457398533821,0.7343705322631225,13.792969287752843,13.911177643448507,4.753466367721558,4.637862205505371,,,0.0150770140167093,False,,,72.8447265625,0.484375,124.0,0.7130693117027229,False,154.0,False,,1.0,,
baseline,ip2p,none,111000000000,change_object,3,background,make the background a desert,,,,,,,,,0.2009635120630264,0.1792903989553451,0.0216731131076812,0.1404073387384414,0.8083682060241699,0.593659520149231,0.4374484419822693,0.3764234454257338,13.570202456504967,12.861011169796052,4.755879640579224,4.637862205505371,,,0.0642611457972326,False,,,71.20176696777344,0.53515625,137.0,0.1439946432658286,False,154.0,False,,1.0,,
baseline,ip2p,none,111000000000,change_object,4,style,turn it into a watercolor painting,,,,,,,,,0.1872573494911193,0.1772756576538086,0.0099816918373107,0.1161001697182655,0.957708477973938,0.8304041624069214,0.3332671523094177,0.3826376557859879,8.621266256939125,8.57081339092453,4.768177509307861,4.637862205505371,,,0.3708287114431405,False,,,76.08316040039062,0.57421875,147.0,0.0102847255208273,False,154.0,False,,1.0,,
baseline,ip2p,none,111000000001,change_object,0,none,,,,,,,,inf,1.0,,,,,,,,,,,,,,,0.6733671351209289,False,,,82.0671615600586,0.49609375,127.0,0.5743424702535421,False,154.0,False,,,,
baseline,ip2p,none,111000000001,change_object,1,change_object,change the cat to tiger and change the hat to scarf,,,,,,,,,0.2628153264522552,0.231210172176361,0.0316051542758941,0.287130057811737,0.7384730577468872,0.314433604478836,0.6950240731239319,0.286613441593255,8.202398801178221,8.202398801178221,4.659585475921631,4.637862205505371,,,0.7217956052662009,False,,,77.59268951416016,0.5078125,130.0,0.4256575297464579,False,154.0,False,,1.0,,
baseline,ip2p,none,111000000001,change_object,2,global_attribute,make it rainy,,,,,,,,,0.2603509128093719,0.2335178405046463,0.0268330723047256,0.2448664903640747,0.9845432639122008,0.9850483536720276,0.0414296612143516,0.9414290260892124,26.82530076544709,8.139509081690079,4.654162645339966,4.637862205505371,,,0.5709553619022701,False,,,80.4025650024414,0.53515625,137.0,0.1439946432658286,False,154.0,False,,1.0,,
baseline,ip2p,none,111000000001,change_object,3,background,make the background a desert,,,,,,,,,0.2519540786743164,0.2550341784954071,-0.0030800998210906,0.1266911476850509,0.9819661378860474,0.967139482498169,0.1162048801779747,0.9095731294531264,17.96304606245058,7.732321372278851,4.640249013900757,4.637862205505371,,,0.4875716399294932,False,,,81.68572998046875,0.4765625,122.0,0.7917214062533855,False,154.0,False,,0.0,,
baseline,ip2p,none,111000000001,change_object,4,style,make it look cinematic,,,,,,,,,0.2424827069044113,0.2351930439472198,0.0072896629571914,-0.0775914788246154,0.9973841309547424,0.9950811862945556,0.0291315596550703,0.9381958364973024,25.268158899764252,7.692880330464287,4.659676790237427,4.637862205505371,,,0.5142024569045807,False,,,82.85946655273438,0.49609375,127.0,0.5743424702535421,False,154.0,False,,0.0,,
baseline,ip2p,none,111000000002,change_object,0,none,,,,,,,,inf,1.0,,,,,,,,,,,,,,,0.9727859271757056,False,,,86.19181060791016,0.46875,120.0,0.8560053567341714,False,154.0,False,,,,
baseline,ip2p,none,111000000002,change_object,1,change_object,change the duck to marmot and change the eyes to mouth,,,,,,,,,0.1432438790798187,0.1373195797204971,0.0059242993593215,0.0744166672229766,0.9437941312789916,0.709646463394165,0.2448382824659347,0.7353526716354865,16.942059344002402,16.942059344002402,4.731186151504517,4.637862205505371,,,0.961938905137143,False,,,85.56388092041016,0.49609375,127.0,0.5743424702535421,False,154.0,False,,1.0,,
baseline,ip2p,none,111000000002,change_object,2,global_attribute,make it nighttime,,,,,,,,,0.1078757122159004,0.1285803169012069,-0.0207046046853065,0.0161270983517169,0.9768191576004028,0.9695411324501038,0.2085574865341186,0.6553468583945762,13.71593875988864,11.433207657654169,4.733251333236694,4.637862205505371,,,0.9351911478702288,False,,,85.6371078491211,0.51953125,133.0,0.286930688297277,False,154.0,False,,0.0,,
baseline,ip2p,none,111000000002,change_object,3,background,make the background a desert,,,,,,,,,0.1035220026969909,0.0903350412845611,0.0131869614124298,0.1397821307182312,0.9838348627090454,0.985751450061798,0.1125102490186691,0.8921453710146645,20.276617664824293,12.114063829247344,4.74282693862915,4.637862205505371,,,0.9580328868724606,False,,,85.10474395751953,0.5078125,130.0,0.4256575297464579,False,154.0,False,,1.0,,
baseline,ip2p,none,111000000002,change_object,4,style,make it anime style,,,,,,,,,0.0990266650915145,0.0984000414609909,0.0006266236305236,-0.0359626375138759,0.9686711430549622,0.9715713262557985,0.1884565651416778,0.6888963662796503,13.484953465743963,13.686787707417531,4.725008249282837,4.637862205505371,,,0.964285518669499,False,,,83.1661605834961,0.4921875,126.0,0.6226346259555037,False,154.0,False,,0.0,,
baseline,ip2p,none,111000000003,change_object,0,none,,,,,,,,inf,1.0,,,,,,,,,,,,,,,0.3301615953304741,False,,,72.87015533447266,0.5546875,142.0,0.0456560434661426,False,154.0,False,,,,
baseline,ip2p,none,111000000003,change_object,1,change_object,change the bunny to pig and change the eyes to ears,,,,,,,,,0.235043853521347,0.1970217525959015,0.0380221009254455,0.3713122010231018,0.788749098777771,0.4637278914451599,0.311890572309494,0.6534820213980437,16.546305666695794,16.546305666695794,4.711825370788574,4.637862205505371,,,0.3644666766086165,False,,,75.22651672363281,0.5234375,134.0,0.2459214249907054,False,154.0,False,,1.0,,
baseline,ip2p,none,111000000003,change_object,2,global_attribute,change the season to winter,,,,,,,,,0.2066534757614135,0.1976712048053741,0.0089822709560394,0.0348991863429546,0.9637942314147948,0.9677475690841676,0.2564691305160522,0.7206018354336531,13.834674096770184,12.318006025475238,4.705665826797485,4.637862205505371,,,0.2546956881874333,False,,,75.02092742919922,0.52734375,135.0,0.2082785937466144,False,154.0,False,,1.0,,
baseline,ip2p,none,111000000003,change_object,3,background,make the background a city street,,,,,,,,,0.2247647643089294,0.1846890151500702,0.0400757491588592,0.3386337161064148,0.917319357395172,0.9264798164367676,0.3681849837303161,0.4858814080856459,15.875894896522947,9.958446031117566,4.715638637542725,4.637862205505371,,,0.3768854283202019,False,,,75.73239135742188,0.50390625,129.0,0.4750904450319304,False,154.0,False,,1.0,,
baseline,ip2p,none,111000000003,change_object,4,style,convert it to an oil painting,,,,,,,,,0.2246828526258468,0.2258086502552032,-0.0011257976293563,0.0242602452635765,0.9781851172447203,0.9885376691818236,0.1076459065079689,0.882416308020645,24.012587918078367,8.953264742175062,4.715469837188721,4.637862205505371,,,0.4294244663777418,False,,,75.9818115234375,0.4765625,122.0,0.7917214062533855,False,154.0,False,,0.0,,
baseline,ip2p,none,111000000004,change_object,0,none,,,,,,,,inf,1.0,,,,,,,,,,,,,,,0.5560444058351013,False,,,74.73863220214844,0.5234375,134.0,0.2459214249907054,False,154.0,False,,,,
baseline,ip2p,none,111000000004,change_object,1,change_object,change the owl to cat and change the heart to circle,,,,,,,,,0.2476020157337188,0.1887113004922866,0.0588907152414321,0.1828691065311432,0.9186471104621888,0.843210756778717,0.2674989104270935,0.6920145624320835,13.072762482773175,13.072762482773175,4.754140615463257,4.637862205505371,,,0.4648787906616799,False,,,78.0086669921875,0.53515625,137.0,0.1439946432658286,False,154.0,False,,1.0,,
baseline,ip2p,none,111000000004,change_object,2,global_attribute,make it sunset lighting,,,,,,,,,0.211222618818283,0.2369443327188491,-0.0257217139005661,0.2154397070407867,0.7362977266311646,0.0234867241233587,0.8466945886611938,0.4430016248090478,9.23359873215629,9.0622057432103,4.777225017547607,4.637862205505371,,,0.5667236101089838,False,,,78.8212890625,0.515625,132.0,0.3309164303922281,False,154.0,False,,0.0,,
baseline,ip2p,none,111000000004,change_object,3,background,make the background a city street,,,,,,,,,0.1925220489501953,0.1945735663175583,-0.0020515173673629,0.327423632144928,0.8829677104949951,0.2034051418304443,0.5653102397918701,0.6373339934174617,11.77080588481358,9.73953615700513,4.7758424282073975,4.637862205505371,,,0.8472284520407766,False,,,77.93901062011719,0.46875,120.0,0.8560053567341714,False,154.0,False,,0.0,,
baseline,ip2p,none,111000000004,change_object,4,style,make it anime style,,,,,,,,,0.1953243911266327,0.2051818072795868,-0.0098574161529541,0.0989079028367996,0.9734182357788086,0.984417736530304,0.1508089900016784,0.8652497980465275,17.02637190672106,8.853543493136051,4.761535406112671,4.637862205505371,,,0.8930206385870538,False,,,79.26666259765625,0.4921875,126.0,0.6226346259555037,False,154.0,False,,0.0,,
baseline,ip2p,none,211000000000,add_object,0,none,,,,,,,,inf,1.0,,,,,,,,,,,,,,,0.310792023271462,False,,,77.27735900878906,0.47265625,121.0,0.8257393722665645,False,154.0,False,,,,
baseline,ip2p,none,211000000000,add_object,1,add_object,add scarf and add flowers in mouth,,,,,,,,,0.1408590078353881,0.2661797106266022,-0.125320702791214,0.1166128441691398,0.592313289642334,0.2464968413114547,0.3887131512165069,0.5905132080605605,14.1155990938854,14.1155990938854,4.780164480209351,4.637862205505371,,,0.5732564492225087,False,,,79.0082778930664,0.44140625,113.0,0.9737641633339283,False,154.0,False,,0.0,,
baseline,ip2p,none,211000000000,add_object,2,global_attribute,make it rainy,,,,,,,,,0.1992630958557129,0.1504652202129364,0.0487978756427764,0.2442311942577362,0.8494477272033691,0.7799487113952637,0.5036897659301758,0.4818240927074288,12.645847846251003,10.85808454159892,4.750300884246826,4.637862205505371,,,0.6350607525877392,False,,,78.17882537841797,0.4375,112.0,0.980524082918843,False,154.0,False,,1.0,,
baseline,ip2p,none,211000000000,add_object,3,background,make the background a desert,,,,,,,,,0.2023916244506836,0.2069133222103119,-0.0045216977596282,0.1196227222681045,0.961903154850006,0.8918513655662537,0.2884168028831482,0.7309286736634092,15.071876860497312,11.21775652967006,4.7282631397247314,4.637862205505371,,,0.7251964083925261,False,,,79.78971099853516,0.48828125,125.0,0.6690835696077719,False,154.0,False,,0.0,,
baseline,ip2p,none,211000000000,add_object,4,style,make it anime style,,,,,,,,,0.2118507772684097,0.1854450702667236,0.026405707001686,0.1350196897983551,0.9106341004371644,0.9104806184768676,0.1679824292659759,0.7414953237739207,14.902372398918695,10.848121538179782,4.702748775482178,4.637862205505371,,,0.7136464786576068,False,,,79.49188995361328,0.45703125,117.0,0.9247827331993564,False,154.0,False,,1.0,,
baseline,ip2p,none,211000000001,add_object,0,none,,,,,,,,inf,1.0,,,,,,,,,,,,,,,0.9589669685808456,False,,,70.8835220336914,0.47265625,121.0,0.8257393722665645,False,154.0,False,,,,
baseline,ip2p,none,211000000001,add_object,1,add_object,add a gold chain and add a star on its head,,,,,,,,,0.1974712610244751,0.19676573574543,0.0007055252790451,0.0332846902310848,0.964313507080078,0.9853686690330504,0.103142462670803,0.8066346398438343,24.950116336922996,24.950116336922996,4.664084434509277,4.637862205505371,,,0.8871171852469035,False,,,74.36109924316406,0.49609375,127.0,0.5743424702535421,False,154.0,False,,1.0,,
baseline,ip2p,none,211000000001,add_object,2,global_attribute,make it nighttime,,,,,,,,,0.2008419334888458,0.1921805739402771,0.0086613595485687,0.0996269881725311,0.979819655418396,0.9877666234970092,0.1200812831521034,0.7366972528923416,17.06601716172692,17.815255315006656,4.652258634567261,4.637862205505371,,,0.8714903934038858,False,,,77.58232116699219,0.5078125,130.0,0.4256575297464579,False,154.0,False,,1.0,,
baseline,ip2p,none,211000000001,add_object,3,background,make the background a desert,,,,,,,,,0.2019222676753997,0.1986239552497863,0.0032983124256134,0.0563990734517574,0.9650942087173462,0.9793866276741028,0.3944189548492431,0.6931415636713103,15.776163917438575,14.935863026380009,4.669988632202148,4.637862205505371,,,0.6994865891773498,False,,,77.32379150390625,0.53125,136.0,0.1742606277334355,False,154.0,False,,1.0,,
baseline,ip2p,none,211000000001,add_object,4,style,make it anime style,,,,,,,,,0.2647322714328766,0.216235876083374,0.0484963953495025,0.1637509167194366,0.8606522083282471,0.8254716396331787,0.4317092001438141,0.5528138482925709,15.472200701727044,13.869731178880889,4.6933228969573975,4.637862205505371,,,0.8758345126911893,False,,,78.06562042236328,0.5078125,130.0,0.4256575297464579,False,154.0,False,,1.0,,
baseline,ip2p,none,211000000002,add_object,0,none,,,,,,,,inf,1.0,,,,,,,,,,,,,,,0.5709845621873187,False,,,69.84831237792969,0.49609375,127.0,0.5743424702535421,False,154.0,False,,,,
baseline,ip2p,none,211000000002,add_object,1,add_object,add leaves and add a flower,,,,,,,,,0.2441639900207519,0.2923333644866943,-0.0481693744659423,0.1432035863399505,0.7940793633460999,0.32266566157341,0.3900474905967712,0.5201948080360635,10.305367835284692,10.305367835284692,4.7674620151519775,4.637862205505371,,,0.5854684325334404,False,,,73.56877136230469,0.43359375,111.0,0.985745538046501,False,154.0,False,,0.0,,
baseline,ip2p,none,211000000002,add_object,2,global_attribute,make it sunset lighting,,,,,,,,,0.1264289319515228,0.2430828064680099,-0.1166538745164871,0.2177996337413787,0.6887216567993164,0.0814665853977203,1.0709195137023926,0.1516302932156591,4.691458666457102,5.181444217873796,4.784519672393799,4.637862205505371,,,0.2825652679213619,False,,,70.84098815917969,0.4375,112.0,0.980524082918843,False,154.0,False,,0.0,,
baseline,ip2p,none,211000000002,add_object,3,background,make the background a forest,,,,,,,,,0.197487473487854,0.1271124482154846,0.0703750252723693,0.2323613166809082,0.8418892621994019,0.3328667879104614,0.7025905251502991,0.550246285576481,13.95575196183366,5.152760690008378,4.785361289978027,4.637862205505371,,,0.390637619913152,False,,,69.15496826171875,0.46484375,119.0,0.8825157080926602,False,154.0,False,,1.0,,
baseline,ip2p,none,211000000002,add_object,4,style,turn it into a watercolor painting,,,,,,,,,0.1881219297647476,0.1858817636966705,0.002240166068077,0.1074772328138351,0.94507098197937,0.8130008578300476,0.4569396376609802,0.4818379144159784,10.545665182946188,6.547771307060245,4.778779983520508,4.637862205505371,,,0.2297441268955349,False,,,75.0818099975586,0.4765625,122.0,0.7917214062533855,False,154.0,False,,1.0,,
baseline,ip2p,none,211000000003,add_object,0,none,,,,,,,,inf,1.0,,,,,,,,,,,,,,,0.5371997137692405,False,,,75.49107360839844,0.47265625,121.0,0.8257393722665645,False,154.0,False,,,,
baseline,ip2p,none,211000000003,add_object,1,add_object,add a hurbat and add a sword,,,,,,,,,0.2525866329669952,0.2359840869903564,0.0166025459766387,0.105849951505661,0.9797265529632568,0.9465570449829102,0.0751832351088523,0.8966670147352612,24.788748254456195,24.788748254456195,4.726310729980469,4.637862205505371,,,0.6803233768895453,False,,,79.3773193359375,0.49609375,127.0,0.5743424702535421,False,154.0,False,,1.0,,
baseline,ip2p,none,211000000003,add_object,2,global_attribute,make it rainy,,,,,,,,,0.2439509481191635,0.2468078583478927,-0.0028569102287292,0.0071210004389286,0.9785314798355104,0.9847466349601746,0.1152478158473968,0.8088651190239574,17.79003743703948,16.51231674641503,4.734974384307861,4.637862205505371,,,0.6843588215605736,False,,,81.22713470458984,0.4609375,118.0,0.9053760835394724,False,154.0,False,,0.0,,
baseline,ip2p,none,211000000003,add_object,3,background,make the background a forest,,,,,,,,,0.2627860009670257,0.2225455045700073,0.0402404963970184,-0.0110042169690132,0.927649736404419,0.9696711897850036,0.156738206744194,0.7576477023874384,17.396196777703555,13.490498945913124,4.728161334991455,4.637862205505371,,,0.6015816027448593,False,,,80.36695861816406,0.46875,120.0,0.8560053567341714,False,154.0,False,,0.0,,
baseline,ip2p,none,211000000003,add_object,4,style,turn it into a watercolor painting,,,,,,,,,0.2247073054313659,0.2154483199119568,0.0092589855194091,0.0938620865345001,0.9190678596496582,0.9148852229118348,0.2619371712207794,0.5426422248421643,9.78263116368616,12.26947602152582,4.730404615402222,4.637862205505371,,,0.5479436887798745,False,,,81.56124114990234,0.5234375,134.0,0.2459214249907054,False,154.0,False,,1.0,,
baseline,ip2p,none,211000000004,add_object,0,none,,,,,,,,inf,1.0,,,,,,,,,,,,,,,0.3773184472580356,False,,,69.68087005615234,0.4765625,122.0,0.7917214062533855,False,154.0,False,,,,
baseline,ip2p,none,211000000004,add_object,1,add_object,add a cat and add colorful flowers,,,,,,,,,0.3081589341163635,0.2593200206756592,0.0488389134407043,0.3680438995361328,0.8220384120941162,0.2927838861942291,0.6148267388343811,0.4236770134083676,11.422239109685556,11.422239109685556,4.769214868545532,4.637862205505371,,,0.8370901258818826,False,,,76.58250427246094,0.5078125,130.0,0.4256575297464579,False,154.0,False,,1.0,,
baseline,ip2p,none,211000000004,add_object,2,global_attribute,change the season to winter,,,,,,,,,0.2936430871486664,0.2915166318416595,0.0021264553070068,-0.0036074183881282,0.9793410301208496,0.9570496082305908,0.1125235557556152,0.8289944621326786,14.689374401749514,10.680652316389905,4.756364107131958,4.637862205505371,,,0.8558931579736823,False,,,77.08820343017578,0.48046875,123.0,0.7540785750092945,False,154.0,False,,0.0,,
baseline,ip2p,none,211000000004,add_object,3,background,make the background a desert,,,,,,,,,0.2502899169921875,0.279906153678894,-0.0296162366867065,0.3108645677566528,0.7851053476333618,0.2852551341056824,0.7700812816619873,0.3359073320627608,6.752073929164438,7.688760571435969,4.7703917026519775,4.637862205505371,,,0.3269848880334838,False,,,74.30095672607422,0.4375,112.0,0.980524082918843,False,154.0,False,,0.0,,
baseline,ip2p,none,211000000004,add_object,4,style,make it anime style,,,,,,,,,0.2345226258039474,0.2236096411943435,0.0109129846096038,0.2285916656255722,0.8708783984184265,0.5779911279678345,0.5581986904144287,0.4680885871167544,11.95639052887017,8.128066463800307,4.757116317749023,4.637862205505371,,,0.7035601445534557,False,,,75.25019836425781,0.5,128.0,0.5249095549680696,False,154.0,False,,1.0,,
baseline,ip2p,none,311000000000,delete_object,0,none,,,,,,,,inf,1.0,,,,,,,,,,,,,,,0.576747947470303,False,,,71.28970336914062,0.5,128.0,0.5249095549680696,False,154.0,False,,,,
baseline,ip2p,none,311000000000,delete_object,1,delete_object,remove the yellow flowers,,,,,,,,,0.2320252060890197,0.2320945262908935,-6.93202018737793e-05,0.1883439719676971,0.9777252078056335,0.9764825105667114,0.1278261095285415,0.9017331613482696,20.67204921882592,20.67204921882592,4.719465970993042,4.637862205505371,,,0.5460545970462365,False,,,73.81261444091797,0.50390625,129.0,0.4750904450319304,False,154.0,False,,0.0,,
baseline,ip2p,none,311000000000,delete_object,2,global_attribute,change the season to winter,,,,,,,,,0.2137089818716049,0.1912110745906829,0.0224979072809219,0.1286980956792831,0.9644656181335448,0.9686095714569092,0.2933275103569031,0.8717642562715918,14.32363497547026,13.28253030144728,4.706703424453735,4.637862205505371,,,0.6957512128133294,False,,,75.85295867919922,0.52734375,135.0,0.2082785937466144,False,154.0,False,,1.0,,
baseline,ip2p,none,311000000000,delete_object,3,background,replace the background with a beach,,,,,,,,,0.2151457071304321,0.1917880177497863,0.0233576893806457,0.0474019162356853,0.946240782737732,0.960632860660553,0.2090490907430648,0.8952658693797001,16.273410445217277,9.63691851247164,4.69672155380249,4.637862205505371,,,0.8606834600588591,False,,,77.22738647460938,0.52734375,135.0,0.2082785937466144,False,154.0,False,,1.0,,
baseline,ip2p,none,311000000000,delete_object,4,style,make it look cinematic,,,,,,,,,0.2048550248146057,0.2212932556867599,-0.0164382308721542,-0.0012810067273676,0.9830001592636108,0.9763634204864502,0.1540601402521133,0.8590949712658204,14.690100247089315,12.969512087436698,4.695193529129028,4.637862205505371,,,0.8354185087930224,False,,,76.69107818603516,0.5078125,130.0,0.4256575297464579,False,154.0,False,,0.0,,
baseline,ip2p,none,311000000001,delete_object,0,none,,,,,,,,inf,1.0,,,,,,,,,,,,,,,0.5436243664312204,False,,,74.45459747314453,0.51171875,131.0,0.3773653740444963,False,154.0,False,,,,
baseline,ip2p,none,311000000001,delete_object,1,delete_object,remove the headphones,,,,,,,,,0.2463057041168213,0.2064104676246643,0.0398952364921569,0.2925865054130554,0.8177121877670288,0.7136720418930054,0.5354863405227661,0.5505547974000494,13.375688228106576,13.375688228106576,4.676274538040161,4.637862205505371,,,0.6997046969631708,False,,,76.19599151611328,0.484375,124.0,0.7130693117027229,False,154.0,False,,1.0,,
baseline,ip2p,none,311000000001,delete_object,2,global_attribute,make it sunset lighting,,,,,,,,,0.271879643201828,0.1999697387218475,0.0719099044799804,0.3046140968799591,0.8795211315155029,0.8485373854637146,0.6775342226028442,0.5796764634977086,10.577896337841889,9.013386290256149,4.691938638687134,4.637862205505371,,,0.4486036757624794,False,,,67.82748413085938,0.5,128.0,0.5249095549680696,False,154.0,False,,1.0,,
baseline,ip2p,none,311000000001,delete_object,3,background,replace the background with a beach,,,,,,,,,0.2714520096778869,0.2575175762176513,0.0139344334602355,0.1093404963612556,0.9669744968414308,0.9622578620910645,0.3114171922206878,0.8309436500426814,12.172272314223523,10.005028944734226,4.6901116371154785,4.637862205505371,,,0.3891290214360436,False,,,68.81694030761719,0.5,128.0,0.5249095549680696,False,154.0,False,,1.0,,
baseline,ip2p,none,311000000001,delete_object,4,style,turn it into a watercolor painting,,,,,,,,,0.1872615069150924,0.2239672243595123,-0.0367057174444198,0.0918697640299797,0.893600583076477,0.8176820874214172,0.35719895362854,0.7472675403171593,12.069019679849989,7.915199423483386,4.739309072494507,4.637862205505371,,,0.2239485575778986,False,,,73.52522277832031,0.5625,144.0,0.0262358366660715,False,154.0,False,,0.0,,
baseline,ip2p,none,311000000002,delete_object,0,none,,,,,,,,inf,1.0,,,,,,,,,,,,,,,0.6513558619541616,False,,,71.7811050415039,0.4609375,118.0,0.9053760835394724,False,154.0,False,,,,
baseline,ip2p,none,311000000002,delete_object,1,delete_object,remove a suit and remove a laptop,,,,,,,,,0.2681756019592285,0.2647378146648407,0.0034377872943878,-0.0423744544386863,0.9907006025314332,0.9872426986694336,0.1228720396757125,0.8577410546138848,21.00806901007488,21.00806901007488,4.786443471908569,4.637862205505371,,,0.5682311033204838,False,,,74.08151245117188,0.47265625,121.0,0.8257393722665645,False,154.0,False,,0.0,,
baseline,ip2p,none,311000000002,delete_object,2,global_attribute,make it nighttime,,,,,,,,,0.2076872736215591,0.247787520289421,-0.0401002466678619,0.1301763951778412,0.6783231496810913,0.058172583580017,0.7217903137207031,0.5101442888024256,9.829715447486166,10.567346244581575,4.729331016540527,4.637862205505371,,,0.6609973339954064,False,,,71.86897277832031,0.54296875,139.0,0.0946239164605277,False,154.0,False,,0.0,,
baseline,ip2p,none,311000000002,delete_object,3,background,make the background a desert,,,,,,,,,0.2203211784362793,0.1998475044965744,0.0204736739397048,0.1447399109601974,0.9537917971611024,0.81573486328125,0.2426982820034027,0.8019603920135635,21.05945674956012,10.323720885011088,4.720656394958496,4.637862205505371,,,0.7843276342102744,False,,,73.6551284790039,0.47265625,121.0,0.8257393722665645,False,154.0,False,,1.0,,
baseline,ip2p,none,311000000002,delete_object,4,style,make it anime style,,,,,,,,,0.1869844794273376,0.2059548944234848,-0.0189704149961471,0.0512712523341178,0.9369410276412964,0.7898966073989868,0.2960973680019378,0.5716372880594314,12.823262718820542,10.997222588706585,4.698667049407959,4.637862205505371,,,0.7850052769864845,False,,,77.77143096923828,0.5,128.0,0.5249095549680696,False,154.0,False,,0.0,,
baseline,ip2p,none,311000000003,delete_object,0,none,,,,,,,,inf,1.0,,,,,,,,,,,,,,,0.185377316026034,False,,,72.30131530761719,0.51171875,131.0,0.3773653740444963,False,154.0,False,,,,
baseline,ip2p,none,311000000003,delete_object,1,delete_object,remove the flower,,,,,,,,,0.2985961735248565,0.2963303327560425,0.002265840768814,0.0329980812966823,0.8271344900131226,0.9503591656684875,0.1665595173835754,0.8362394586147333,20.062753456017266,20.062753456017266,4.751662492752075,4.637862205505371,,,0.3738895509182591,False,,,72.49799346923828,0.5078125,130.0,0.4256575297464579,False,154.0,False,,1.0,,
baseline,ip2p,none,311000000003,delete_object,2,global_attribute,make it sunset lighting,,,,,,,,,0.31562340259552,0.2909767031669616,0.0246466994285583,0.1582182943820953,0.8636828064918518,0.8980022072792053,0.4804055094718933,0.5057510125681378,9.509501149255907,8.488359304431302,4.741261005401611,4.637862205505371,,,0.431479883298821,False,,,73.82648468017578,0.5,128.0,0.5249095549680696,False,154.0,False,,1.0,,
baseline,ip2p,none,311000000003,delete_object,3,background,make the background a forest,,,,,,,,,0.1612138003110885,0.2838850319385528,-0.1226712316274643,0.2345775961875915,0.7289890050888062,0.1447958946228027,0.7253994941711426,0.3346445901141748,12.15043542329748,7.05295331481301,4.773724794387817,4.637862205505371,,,0.3320634612355947,False,,,68.91889190673828,0.4921875,126.0,0.6226346259555037,False,154.0,False,,0.0,,
baseline,ip2p,none,311000000003,delete_object,4,style,convert it to an oil painting,,,,,,,,,0.1892368346452713,0.168959230184555,0.0202776044607162,0.0150340413674712,0.9832160472869872,0.9766784906387328,0.1502546966075897,0.8243433564369921,21.681378466897954,7.71654270753829,4.776432037353516,4.637862205505371,,,0.5673692272517329,False,,,75.1328125,0.47265625,121.0,0.8257393722665645,False,154.0,False,,1.0,,
baseline,ip2p,none,311000000004,delete_object,0,none,,,,,,,,inf,1.0,,,,,,,,,,,,,,,0.8819031699779752,False,,,74.2903060913086,0.46484375,119.0,0.8825157080926602,False,154.0,False,,,,
baseline,ip2p,none,311000000004,delete_object,1,delete_object,remove an iceberg and remove a plane flying overhead,,,,,,,,,0.1776505708694458,0.2343702167272567,-0.0567196458578109,-0.0514371953904628,0.7803274393081665,0.3041469156742096,0.5939147472381592,0.4785793334743589,13.871635485970955,13.871635485970955,4.7414374351501465,4.637862205505371,,,0.8366610431809682,False,,,71.06986999511719,0.47265625,121.0,0.8257393722665645,False,154.0,False,,0.0,,
baseline,ip2p,none,311000000004,delete_object,2,global_attribute,make it rainy,,,,,,,,,0.1941181123256683,0.1747582554817199,0.0193598568439483,0.2495028376579284,0.8029980659484863,0.4321635663509369,0.608138918876648,0.7332716494425203,13.059020039358016,11.83544140397178,4.754522323608398,4.637862205505371,,,0.7076078370406658,False,,,72.40707397460938,0.5390625,138.0,0.1174842919073398,False,154.0,False,,1.0,,
baseline,ip2p,none,311000000004,delete_object,3,background,make the background a city street,,,,,,,,,0.2100549936294555,0.1816927641630172,0.0283622294664382,0.2153280973434448,0.7922022938728333,0.1052063331007957,0.5314838290214539,0.5778811885985728,15.10647394027802,11.39788526208138,4.744033336639404,4.637862205505371,,,0.1110701625624769,False,,,68.49329376220703,0.51171875,131.0,0.3773653740444963,False,154.0,False,,1.0,,
baseline,ip2p,none,311000000004,delete_object,4,style,convert it to an oil painting,,,,,,,,,0.1895684748888015,0.2034981697797775,-0.0139296948909759,0.0715610459446907,0.9749333262443542,0.9746614694595336,0.0947672575712204,0.859642315672284,23.22136021500919,10.849145093241944,4.743282794952393,4.637862205505371,,,0.0588175713291946,False,,,71.00560760498047,0.47265625,121.0,0.8257393722665645,False,154.0,False,,0.0,,
baseline,ip2p,none,411000000000,change_content,0,none,,,,,,,,inf,1.0,,,,,,,,,,,,,,,0.1392835169564008,False,,,67.16726684570312,0.51171875,131.0,0.3773653740444963,False,154.0,False,,,,
baseline,ip2p,none,411000000000,change_content,1,change_content,change the big to small and make it big,,,,,,,,,0.2830486595630646,0.2696619033813476,0.0133867561817169,0.2140868902206421,0.9314397573471068,0.9189499020576476,0.0435010194778442,0.9114759115359696,34.598829925091,34.598829925091,4.694540500640869,4.637862205505371,,,0.4230256692317015,False,,,73.43419647216797,0.4765625,122.0,0.7917214062533855,False,154.0,False,,1.0,,
baseline,ip2p,none,411000000000,change_content,2,global_attribute,make it nighttime,,,,,,,,,0.2624348104000091,0.2541477084159851,0.008287101984024,0.1595768183469772,0.92849463224411,0.9448988437652588,0.1218255385756492,0.7765087601072073,15.03854804740392,14.911369062357188,4.7006142139434814,4.637862205505371,,,0.644077647456877,False,,,75.27823638916016,0.4921875,126.0,0.6226346259555037,False,154.0,False,,1.0,,
baseline,ip2p,none,411000000000,change_content,3,background,replace the background with a beach,,,,,,,,,0.2738378643989563,0.2537218928337097,0.0201159715652465,0.3060526847839355,0.9237680435180664,0.9426313638687134,0.1878028810024261,0.724645511702383,13.542213710688172,15.903584004830126,4.694872140884399,4.637862205505371,,,0.7924024227871672,False,,,77.63249969482422,0.50390625,129.0,0.4750904450319304,False,154.0,False,,1.0,,
baseline,ip2p,none,411000000000,change_content,4,style,turn it into a watercolor painting,,,,,,,,,0.2217981368303299,0.2597568035125732,-0.0379586666822433,0.0719082802534103,0.9375592470169068,0.946541428565979,0.2156086266040802,0.6131699620383472,13.283391017730706,11.6137192397602,4.69782829284668,4.637862205505371,,,0.7513511139733386,False,,,79.9023666381836,0.53125,136.0,0.1742606277334355,False,154.0,False,,0.0,,
baseline,ip2p,none,411000000001,change_content,0,none,,,,,,,,inf,1.0,,,,,,,,,,,,,,,0.3334514121446835,False,,,79.62966918945312,0.45703125,117.0,0.9247827331993564,False,154.0,False,,,,
baseline,ip2p,none,411000000001,change_content,1,change_content,change the spread out to fold in,,,,,,,,,0.193350076675415,0.2911192774772644,-0.0977692008018493,0.1541422605514526,0.7488479018211365,0.0986039564013481,0.7950183749198914,0.2600488150193857,10.341339928483324,10.341339928483324,4.726100921630859,4.637862205505371,,,0.1989223878839758,False,,,78.17496490478516,0.48046875,123.0,0.7540785750092945,False,154.0,False,,0.0,,
baseline,ip2p,none,411000000001,change_content,2,global_attribute,change the season to winter,,,,,,,,,0.1474950909614563,0.1780240833759308,-0.0305289924144744,0.0429799333214759,0.967540681362152,0.9839951992034912,0.2457132488489151,0.7125430106873978,10.862032759127176,7.496743042244249,4.746793985366821,4.637862205505371,,,0.1653166408192507,False,,,74.85059356689453,0.46875,120.0,0.8560053567341714,False,154.0,False,,0.0,,
baseline,ip2p,none,411000000001,change_content,3,background,replace the background with a beach,,,,,,,,,0.1818763762712478,0.1360882222652435,0.0457881540060043,0.1123118996620178,0.9186667799949646,0.9668400287628174,0.259683221578598,0.7222344158927704,11.35419961102796,5.774530677805741,4.760875225067139,4.637862205505371,,,0.437239563275047,False,,,75.96379089355469,0.48828125,125.0,0.6690835696077719,False,154.0,False,,1.0,,
baseline,ip2p,none,411000000001,change_content,4,style,make it anime style,,,,,,,,,0.1918122470378875,0.2137852609157562,-0.0219730138778686,0.0107169393450021,0.9631730318069458,0.9836825132369996,0.105586402118206,0.9225774031215802,20.62409727809435,5.4746260940080615,4.745829820632935,4.637862205505371,,,0.371530733381463,False,,,75.76249694824219,0.44140625,113.0,0.9737641633339283,False,154.0,False,,0.0,,
baseline,ip2p,none,411000000002,change_content,0,none,,,,,,,,inf,1.0,,,,,,,,,,,,,,,0.7286025268190336,False,,,72.8296890258789,0.46875,120.0,0.8560053567341714,False,154.0,False,,,,
baseline,ip2p,none,411000000002,change_content,1,change_content,change the scarf to cloak,,,,,,,,,0.1752941161394119,0.2852454483509063,-0.1099513322114944,0.1451383531093597,0.6835625171661377,0.5470656156539917,0.3706780672073364,0.5180859601967751,13.372068327623284,13.372068327623284,4.688854932785034,4.637862205505371,,,0.6771226148616223,False,,,78.40351104736328,0.453125,116.0,0.9410011475579736,False,154.0,False,,0.0,,
baseline,ip2p,none,411000000002,change_content,2,global_attribute,change the season to winter,,,,,,,,,0.2092267125844955,0.1550113558769226,0.0542153567075729,0.0207626074552536,0.9177867770195008,0.9827855825424194,0.1028439700603485,0.7992679171069045,20.698532135777228,13.040547961636282,4.678671598434448,4.637862205505371,,,0.5326208073918661,False,,,78.73107147216797,0.46484375,119.0,0.8825157080926602,False,154.0,False,,1.0,,
baseline,ip2p,none,411000000002,change_content,3,background,make the background a city street,,,,,,,,,0.1639151871204376,0.1765280812978744,-0.0126128941774368,0.2217235714197158,0.688172459602356,0.0595171973109245,0.7922907471656799,0.2600850761263689,8.080304766941008,9.27508251246701,4.719589710235596,4.637862205505371,,,0.6099145663989649,False,,,74.31063079833984,0.4453125,114.0,0.9651497525354534,False,154.0,False,,0.0,,
baseline,ip2p,none,411000000002,change_content,4,style,make it look cinematic,,,,,,,,,0.1626629829406738,0.1687126904726028,-0.006049707531929,0.0515560805797576,0.9833763837814332,0.9831793308258056,0.1111549362540245,0.7207154817390454,13.780847782560222,8.684441020162163,4.716987609863281,4.637862205505371,,,0.6308126561649914,False,,,75.28285217285156,0.45703125,117.0,0.9247827331993564,False,154.0,False,,0.0,,
baseline,ip2p,none,411000000003,change_content,0,none,,,,,,,,inf,1.0,,,,,,,,,,,,,,,0.310485919416938,False,,,77.14502716064453,0.48828125,125.0,0.6690835696077719,False,154.0,False,,,,
baseline,ip2p,none,411000000003,change_content,1,change_content,change the furry wolf to bald wolf,,,,,,,,,0.2480468600988388,0.2684826254844665,-0.0204357653856277,-0.0463920086622238,0.9702348709106444,0.9432699680328368,0.1051152199506759,0.8461745283864248,24.038038241258953,24.038038241258953,4.751726150512695,4.637862205505371,,,0.3663775055470933,False,,,75.81433868408203,0.5,128.0,0.5249095549680696,False,154.0,False,,0.0,,
baseline,ip2p,none,411000000003,change_content,2,global_attribute,make it sunset lighting,,,,,,,,,0.2803497910499573,0.2375197112560272,0.04283007979393,0.2921159267425537,0.9284204244613647,0.9115868806838988,0.5220262408256531,0.2515147034405718,10.141776547856132,9.849989254876398,4.751540660858154,4.637862205505371,,,0.6418496813178063,False,,,77.53253173828125,0.4609375,118.0,0.9053760835394724,False,154.0,False,,1.0,,
baseline,ip2p,none,411000000003,change_content,3,background,make the background a forest,,,,,,,,,0.2691453099250793,0.2834235429763794,-0.0142782330513,0.04535548761487,0.9905359148979188,0.9832680821418762,0.1408863216638565,0.813048774493638,25.608393338222733,9.950442356617506,4.7127766609191895,4.637862205505371,,,0.6744135506647999,False,,,78.21095275878906,0.48828125,125.0,0.6690835696077719,False,154.0,False,,0.0,,
baseline,ip2p,none,411000000003,change_content,4,style,convert it to an oil painting,,,,,,,,,0.2846449315547943,0.2829400599002838,0.0017048716545104,0.2539817988872528,0.9804575443267822,0.9832534790039062,0.0917090475559234,0.8538224200332524,24.205326907076987,10.248372847394464,4.725589752197266,4.637862205505371,,,0.7619114174929185,False,,,80.15951538085938,0.46484375,119.0,0.8825157080926602,False,154.0,False,,1.0,,
baseline,ip2p,none,411000000004,change_content,0,none,,,,,,,,inf,1.0,,,,,,,,,,,,,,,0.7474507485532279,False,,,77.45088195800781,0.5234375,134.0,0.2459214249907054,False,154.0,False,,,,
baseline,ip2p,none,411000000004,change_content,1,change_content,change the shepherd dog to poodle dog and make it luxury,,,,,,,,,0.328735738992691,0.3195938467979431,0.0091418921947479,0.2652658224105835,0.8857387900352478,0.6688912510871887,0.2472783774137497,0.6658089851460968,15.659631506141094,15.659631506141094,4.742184162139893,4.637862205505371,,,0.7837745434167546,False,,,79.5762939453125,0.5390625,138.0,0.1174842919073398,False,154.0,False,,1.0,,
baseline,ip2p,none,411000000004,change_content,2,global_attribute,change the season to winter,,,,,,,,,0.3135036826133728,0.2872805595397949,0.0262231230735778,0.1011868566274643,0.9455333948135376,0.934890627861023,0.2072431296110153,0.7058468544670972,11.843236317964754,11.39717667724427,4.746867895126343,4.637862205505371,,,0.7851479526545512,False,,,80.29316711425781,0.52734375,135.0,0.2082785937466144,False,154.0,False,,1.0,,
baseline,ip2p,none,411000000004,change_content,3,background,make the background a city street,,,,,,,,,0.2604464888572693,0.3064620792865753,-0.046015590429306,0.1640190184116363,0.9186105728149414,0.7491053342819214,0.3141731321811676,0.5913012256833,15.376471803818896,11.721802995847186,4.75089430809021,4.637862205505371,,,0.8715608576817935,False,,,81.158447265625,0.55078125,141.0,0.0589988524420263,False,154.0,False,,0.0,,
baseline,ip2p,none,411000000004,change_content,4,style,make it look cinematic,,,,,,,,,0.1879549622535705,0.1837561279535293,0.0041988343000411,-0.0335944294929504,0.958347499370575,0.9666844606399536,0.1597832590341568,0.7226781322441759,13.96723803281442,12.711744802351978,4.746917486190796,4.637862205505371,,,0.7544132257820976,False,,,81.06687927246094,0.515625,132.0,0.3309164303922281,False,154.0,False,,0.0,,
baseline,ip2p,none,511000000000,change_pose,0,none,,,,,,,,inf,1.0,,,,,,,,,,,,,,,0.8496218578236155,False,,,76.11294555664062,0.4609375,118.0,0.9053760835394724,False,154.0,False,,,,
baseline,ip2p,none,511000000000,change_pose,1,change_pose,make it tail down and make it jumping,,,,,,,,,0.2068449705839157,0.1989839673042297,0.0078610032796859,0.013309390284121,0.8936094641685486,0.7488346099853516,0.2437864243984222,0.71346847065562,21.547029582169593,21.547029582169593,4.719294548034668,4.637862205505371,,,0.8581377032391873,False,,,80.78305053710938,0.48046875,123.0,0.7540785750092945,False,154.0,False,,1.0,,
baseline,ip2p,none,511000000000,change_pose,2,global_attribute,make it nighttime,,,,,,,,,0.2014204561710357,0.1936747431755066,0.0077457129955291,0.1478088200092315,0.9685388803482056,0.9561091661453248,0.2148942053318023,0.5169780660345534,12.22158784755652,12.777229502446744,4.722536563873291,4.637862205505371,,,0.8173993986396906,False,,,82.44270324707031,0.49609375,127.0,0.5743424702535421,False,154.0,False,,1.0,,
baseline,ip2p,none,511000000000,change_pose,3,background,make the background a city street,,,,,,,,,0.1724712997674942,0.2005533427000045,-0.0280820429325103,0.1965489685535431,0.7358723878860474,-0.0150303971022367,0.7018626928329468,0.1847297197078758,9.22051028756728,11.84754341062403,4.736852645874023,4.637862205505371,,,0.6950828710388534,False,,,74.21177673339844,0.51171875,131.0,0.3773653740444963,False,154.0,False,,0.0,,
baseline,ip2p,none,511000000000,change_pose,4,style,convert it to an oil painting,,,,,,,,,0.1619849354028701,0.1694573760032653,-0.0074724406003952,-0.0102497767657041,0.9866837859153748,0.9856844544410706,0.0877757295966148,0.8601040110952599,24.39611260888368,11.474743475724647,4.742927074432373,4.637862205505371,,,0.688849851461518,False,,,78.31492614746094,0.5,128.0,0.5249095549680696,False,154.0,False,,0.0,,
baseline,ip2p,none,511000000001,change_pose,0,none,,,,,,,,inf,1.0,,,,,,,,,,,,,,,0.34333645208821,False,,,76.25027465820312,0.49609375,127.0,0.5743424702535421,False,154.0,False,,,,
baseline,ip2p,none,511000000001,change_pose,1,change_pose,change the standing to sitting and make it tilting its head and make it wagging its tail,,,,,,,,,0.2155569493770599,0.2138908058404922,0.0016661435365676,0.0446102917194366,0.9948123693466188,0.992811918258667,0.0431041754782199,0.8902724534694865,28.94362634205472,28.94362634205472,4.763046026229858,4.637862205505371,,,0.2578323425269909,False,,,75.5947265625,0.48828125,125.0,0.6690835696077719,False,154.0,False,,1.0,,
baseline,ip2p,none,511000000001,change_pose,2,global_attribute,make it rainy,,,,,,,,,0.2095380574464798,0.1908779144287109,0.0186601430177688,0.2479186654090881,0.9855691194534302,0.9818209409713744,0.1017179116606712,0.8204498066881415,17.356043374684404,16.99300469995366,4.782309532165527,4.637862205505371,,,0.5092416876722693,False,,,79.24330139160156,0.53125,136.0,0.1742606277334355,False,154.0,False,,1.0,,
baseline,ip2p,none,511000000001,change_pose,3,background,make the background a desert,,,,,,,,,0.2184459269046783,0.2115917354822158,0.0068541914224624,0.0543915778398513,0.9459110498428344,0.9653778076171876,0.3250002861022949,0.691531542781768,12.574290284656914,12.30291573449066,4.790507078170776,4.637862205505371,,,0.5039647569499799,False,,,77.43385314941406,0.51171875,131.0,0.3773653740444963,False,154.0,False,,1.0,,
baseline,ip2p,none,511000000001,change_pose,4,style,make it look cinematic,,,,,,,,,0.2099281251430511,0.2086887210607528,0.0012394040822982,-0.0260373428463935,0.9942407608032228,0.9956181049346924,0.0327416434884071,0.9373985906724552,27.5794691026398,12.307380057322796,4.78301477432251,4.637862205505371,,,0.5148692473893131,False,,,77.70157623291016,0.51171875,131.0,0.3773653740444963,False,154.0,False,,0.0,,
baseline,ip2p,none,511000000002,change_pose,0,none,,,,,,,,inf,1.0,,,,,,,,,,,,,,,0.8645601824060007,False,,,78.5244369506836,0.5234375,134.0,0.2459214249907054,False,154.0,False,,,,
baseline,ip2p,none,511000000002,change_pose,1,change_pose,make it its mouth open and change the sitting to standing and make it roaring,,,,,,,,,0.240513190627098,0.243720605969429,-0.0032074153423309,0.1271708607673645,0.8293156027793884,0.6584590673446655,0.275877445936203,0.5664285399603731,18.725037986792316,18.725037986792316,4.708489656448364,4.637862205505371,,,0.8573931576652591,False,,,79.62088012695312,0.49609375,127.0,0.5743424702535421,False,154.0,False,,0.0,,
baseline,ip2p,none,511000000002,change_pose,2,global_attribute,change the season to winter,,,,,,,,,0.209775686264038,0.2091756761074066,0.0006000101566314,0.0436345711350441,0.9621305465698242,0.9726558327674866,0.2814265489578247,0.6774056709566136,13.817982677276552,12.696541813542613,4.716899633407593,4.637862205505371,,,0.8981030747400082,False,,,82.9873275756836,0.54296875,139.0,0.0946239164605277,False,154.0,False,,1.0,,
baseline,ip2p,none,511000000002,change_pose,3,background,replace the background with a beach,,,,,,,,,0.170048326253891,0.1929856538772583,-0.0229373276233673,-0.0776594802737236,0.9656113982200624,0.9827226996421814,0.129188597202301,0.8186100163198574,19.270054732690625,11.356018414938088,4.715810060501099,4.637862205505371,,,0.9228465941773634,False,,,84.38219451904297,0.53125,136.0,0.1742606277334355,False,154.0,False,,0.0,,
baseline,ip2p,none,511000000002,change_pose,4,style,make it look cinematic,,,,,,,,,0.1792890131473541,0.1723107546567917,0.0069782584905624,-0.0031897546723484,0.987362504005432,0.9921228885650636,0.0538173578679561,0.9121099650482012,25.268732440841212,11.603769827706856,4.726837873458862,4.637862205505371,,,0.9292973651474496,False,,,84.88047790527344,0.5234375,134.0,0.2459214249907054,False,154.0,False,,0.0,,
baseline,ip2p,none,511000000003,change_pose,0,none,,,,,,,,inf,1.0,,,,,,,,,,,,,,,0.3187729844981217,False,,,80.7135238647461,0.53125,136.0,0.1742606277334355,False,154.0,False,,,,
baseline,ip2p,none,511000000003,change_pose,1,change_pose,change the wings spread to wings folded and make it beak pointed downward,,,,,,,,,0.218383640050888,0.2837920784950256,-0.0654084384441375,0.1010483279824256,0.8111110925674438,0.2167741060256958,0.6379417777061462,0.5387267588098105,9.280603891587957,9.280603891587957,4.705827236175537,4.637862205505371,,,0.7451761889657932,False,,,80.71649932861328,0.48046875,123.0,0.7540785750092945,False,154.0,False,,0.0,,
baseline,ip2p,none,511000000003,change_pose,2,global_attribute,make it nighttime,,,,,,,,,0.2193612605333328,0.2120686024427414,0.0072926580905914,0.00918192230165,0.988696277141571,0.9906346797943116,0.0538890734314918,0.8841575612894564,15.45807166994513,9.72762675324234,4.698148727416992,4.637862205505371,,,0.7005979520815372,False,,,79.17327117919922,0.48046875,123.0,0.7540785750092945,False,154.0,False,,1.0,,
baseline,ip2p,none,511000000003,change_pose,3,background,make the background a city street,,,,,,,,,0.2653831839561462,0.2056764960289001,0.059706687927246,0.2021169364452362,0.8883358240127563,0.8569631576538086,0.5791894197463989,0.5118582437969919,13.006123249944675,9.547321312241312,4.697952032089233,4.637862205505371,,,0.6275714454187779,False,,,77.84085083007812,0.50390625,129.0,0.4750904450319304,False,154.0,False,,1.0,,
baseline,ip2p,none,511000000003,change_pose,4,style,convert it to an oil painting,,,,,,,,,0.2682349681854248,0.2690091729164123,-0.0007742047309875,0.0610350631177425,0.9890427589416504,0.9810594916343688,0.0627808570861816,0.8697797875699544,23.837098916087506,9.157889851859892,4.701663970947266,4.637862205505371,,,0.624861213680396,False,,,77.81261444091797,0.5078125,130.0,0.4256575297464579,False,154.0,False,,0.0,,
baseline,ip2p,none,511000000004,change_pose,0,none,,,,,,,,inf,1.0,,,,,,,,,,,,,,,0.5187030400001348,False,,,78.90283966064453,0.5078125,130.0,0.4256575297464579,False,154.0,False,,,,
baseline,ip2p,none,511000000004,change_pose,1,change_pose,make it eyes closed and change the sitting to lying and make it above its head,,,,,,,,,0.2315408587455749,0.2317391335964203,-0.0001982748508453,0.0101326219737529,0.9944266676902772,0.9957408308982848,0.0354247391223907,0.9364078828976932,31.718286079356226,31.718286079356226,4.769550085067749,4.637862205505371,,,0.4939775004711055,False,,,79.23924255371094,0.51171875,131.0,0.3773653740444963,False,154.0,False,,0.0,,
baseline,ip2p,none,511000000004,change_pose,2,global_attribute,make it nighttime,,,,,,,,,0.2261177450418472,0.2208682000637054,0.0052495449781417,0.0627794563770294,0.8771899938583374,0.9628409147262572,0.3653208613395691,0.4199918733301977,8.045485293243754,8.161081577299887,4.764164924621582,4.637862205505371,,,0.5899169868693845,False,,,78.04065704345703,0.5,128.0,0.5249095549680696,False,154.0,False,,1.0,,
baseline,ip2p,none,511000000004,change_pose,3,background,make the background a forest,,,,,,,,,0.2257886677980423,0.226982444524765,-0.0011937767267227,-0.032253511250019,0.9878022074699402,0.9821958541870116,0.1540604084730148,0.8266368378230885,25.491804737959193,7.890817439435206,4.761676788330078,4.637862205505371,,,0.7106937714756565,False,,,78.97343444824219,0.5,128.0,0.5249095549680696,False,154.0,False,,0.0,,
baseline,ip2p,none,511000000004,change_pose,4,style,make it look cinematic,,,,,,,,,0.2222862690687179,0.2179711163043975,0.0043151527643203,-0.0108912670984864,0.9937014579772948,0.99541437625885,0.0319960638880729,0.942364413140922,31.034542946038233,7.602451110222578,4.742760896682739,4.637862205505371,,,0.7853725712214328,False,,,79.57707977294922,0.50390625,129.0,0.4750904450319304,False,154.0,False,,0.0,,
baseline,ip2p,none,611000000000,change_color,0,none,,,,,,,,inf,1.0,,,,,,,,,,,,,,,0.538355188323086,False,,,76.88028717041016,0.48828125,125.0,0.6690835696077719,False,154.0,False,,,,
baseline,ip2p,none,611000000000,change_color,1,change_color,change the black to white and change the red to green,,,,,,,,,0.2650245428085327,0.2697563767433166,-0.0047318339347839,0.0021163392812013,0.9830365180969238,0.982862114906311,0.1554724276065826,0.8316210984792379,22.11146541579499,22.11146541579499,4.72534441947937,4.637862205505371,,,0.337398531517932,False,,,75.67249298095703,0.47265625,121.0,0.8257393722665645,False,154.0,False,,0.0,,
baseline,ip2p,none,611000000000,change_color,2,global_attribute,change the season to winter,,,,,,,,,0.2484062314033508,0.255313515663147,-0.0069072842597961,0.0495409406721591,0.9575299024581908,0.9745496511459352,0.2121828198432922,0.7084977264022466,13.276612857540975,12.066820903448752,4.747404098510742,4.637862205505371,,,0.3567491851991495,False,,,74.87712097167969,0.45703125,117.0,0.9247827331993564,False,154.0,False,,0.0,,
baseline,ip2p,none,611000000000,change_color,3,background,make the background a desert,,,,,,,,,0.2153816670179367,0.2409617006778717,-0.0255800336599349,0.0506568402051925,0.9422248601913452,0.9420545101165771,0.4051037430763244,0.6290223200183513,12.295575326334037,9.982622349614047,4.77439284324646,4.637862205505371,,,0.1356030024975802,False,,,75.27540588378906,0.50390625,129.0,0.4750904450319304,False,154.0,False,,0.0,,
baseline,ip2p,none,611000000000,change_color,4,style,convert it to an oil painting,,,,,,,,,0.223510131239891,0.2195777595043182,0.0039323717355728,0.0610328316688537,0.9932420253753662,0.989863395690918,0.0851983502507209,0.8911329489761622,21.76147516680363,9.146109667481618,4.7771148681640625,4.637862205505371,,,0.1075281127841388,False,,,74.91658782958984,0.50390625,129.0,0.4750904450319304,False,154.0,False,,1.0,,
baseline,ip2p,none,611000000001,change_color,0,none,,,,,,,,inf,1.0,,,,,,,,,,,,,,,0.3117533634845855,False,,,75.25898742675781,0.49609375,127.0,0.5743424702535421,False,154.0,False,,,,
baseline,ip2p,none,611000000001,change_color,1,change_color,make it white and change the pink to green,,,,,,,,,0.2659924030303955,0.2334474772214889,0.0325449258089065,0.2265671491622924,0.9785597324371338,0.9500951766967772,0.2641830742359161,0.8647088517986136,18.978317057230665,18.978317057230665,4.778185129165649,4.637862205505371,,,0.4102454420910211,False,,,77.22565460205078,0.46875,120.0,0.8560053567341714,False,154.0,False,,1.0,,
baseline,ip2p,none,611000000001,change_color,2,global_attribute,make it nighttime,,,,,,,,,0.2752814888954162,0.255759984254837,0.0195215046405792,0.1452157497406005,0.9770309925079346,0.9683061838150024,0.2290755957365036,0.5017410229019578,10.148565280366045,9.77941453258161,4.777844429016113,4.637862205505371,,,0.5891744324108608,False,,,81.07894897460938,0.49609375,127.0,0.5743424702535421,False,154.0,False,,1.0,,
baseline,ip2p,none,611000000001,change_color,3,background,make the background a city street,,,,,,,,,0.1488106995820999,0.2640294730663299,-0.11521877348423,0.2512619197368622,0.6593466997146606,0.0047069424763321,0.7413002252578735,0.2033872659137099,8.33832389090328,8.912177846391057,4.797736406326294,4.637862205505371,,,0.625499150504891,False,,,78.19959259033203,0.5,128.0,0.5249095549680696,False,154.0,False,,0.0,,
baseline,ip2p,none,611000000001,change_color,4,style,make it look cinematic,,,,,,,,,0.1511361598968505,0.1491238921880722,0.0020122677087783,-0.0463296882808208,0.9919506907463074,0.9935422539711,0.0437337048351764,0.9101746395998196,24.533674290641535,8.743796062075123,4.766577243804932,4.637862205505371,,,0.6984301473749129,False,,,80.15617370605469,0.546875,140.0,0.0752172668006435,False,154.0,False,,0.0,,
baseline,ip2p,none,611000000002,change_color,0,none,,,,,,,,inf,1.0,,,,,,,,,,,,,,,0.6106008342344856,False,,,74.97216033935547,0.5078125,130.0,0.4256575297464579,False,154.0,False,,,,
baseline,ip2p,none,611000000002,change_color,1,change_color,change the brown to black and make it white,,,,,,,,,0.2398227602243423,0.2257239520549774,0.0140988081693649,0.2217110246419906,0.9582223892211914,0.9218698143959044,0.1601012200117111,0.7941249714135035,18.11362555879384,18.11362555879384,4.724320888519287,4.637862205505371,,,0.5278308556745603,False,,,75.67754364013672,0.50390625,129.0,0.4750904450319304,False,154.0,False,,1.0,,
baseline,ip2p,none,611000000002,change_color,2,global_attribute,change the season to winter,,,,,,,,,0.2611922919750213,0.2517517805099487,0.0094405114650726,0.1470457166433334,0.9772419929504396,0.9826200008392334,0.1606262326240539,0.7107203488949535,16.19474148506449,12.83935504443189,4.742541551589966,4.637862205505371,,,0.4181818171128944,False,,,75.52867126464844,0.53515625,137.0,0.1439946432658286,False,154.0,False,,1.0,,
baseline,ip2p,none,611000000002,change_color,3,background,make the background a forest,,,,,,,,,0.1967827379703521,0.268429696559906,-0.0716469585895538,0.027357280254364,0.8722461462020874,0.916508674621582,0.5297068953514099,0.3633314544101811,7.24485458408148,9.349528500250512,4.716513633728027,4.637862205505371,,,0.254872042251258,False,,,76.62659454345703,0.48046875,123.0,0.7540785750092945,False,154.0,False,,0.0,,
baseline,ip2p,none,611000000002,change_color,4,style,make it look cinematic,,,,,,,,,0.2060864567756652,0.1911902427673339,0.0148962140083312,0.0638917908072471,0.9714422225952148,0.9799094200134276,0.2839988470077514,0.4599405809969591,15.65241320273942,7.928335925530212,4.730982065200806,4.637862205505371,,,0.2270454125484444,False,,,76.13390350341797,0.546875,140.0,0.0752172668006435,False,154.0,False,,1.0,,
baseline,ip2p,none,611000000003,change_color,0,none,,,,,,,,inf,1.0,,,,,,,,,,,,,,,0.4610203483676197,False,,,77.89494323730469,0.5390625,138.0,0.1174842919073398,False,154.0,False,,,,
baseline,ip2p,none,611000000003,change_color,1,change_color,change the white to pink and make it red,,,,,,,,,0.3356055617332458,0.3000105023384094,0.0355950593948364,0.3582545518875122,0.9768040776252748,0.8539533615112305,0.2114746868610382,0.7807149940252976,16.43926442283656,16.43926442283656,4.709589004516602,4.637862205505371,,,0.3702358679025105,False,,,79.29151916503906,0.53515625,137.0,0.1439946432658286,False,154.0,False,,1.0,,
baseline,ip2p,none,611000000003,change_color,2,global_attribute,change the season to winter,,,,,,,,,0.295392245054245,0.3084090650081634,-0.0130168199539184,0.0967588424682617,0.9851338267326356,0.9541332125663756,0.1910398304462433,0.7351538452284038,13.368121479223216,14.306714021749652,4.73084568977356,4.637862205505371,,,0.5790313690104162,False,,,80.17597961425781,0.5078125,130.0,0.4256575297464579,False,154.0,False,,0.0,,
baseline,ip2p,none,611000000003,change_color,3,background,make the background a forest,,,,,,,,,0.2793503403663635,0.2749239802360534,0.00442636013031,0.1595309525728225,0.8129315972328186,0.7080175280570984,0.5324240922927856,0.4759408537519009,11.449633753163967,14.173922121275517,4.733864068984985,4.637862205505371,,,0.4635352767063787,False,,,77.81340026855469,0.51953125,133.0,0.286930688297277,False,154.0,False,,1.0,,
baseline,ip2p,none,611000000003,change_color,4,style,convert it to an oil painting,,,,,,,,,0.2704475522041321,0.2647579312324524,0.0056896209716796,0.1238268241286277,0.9898012280464172,0.9698116183280944,0.0765112042427063,0.9109089731240269,25.26120952230079,13.792457662167838,4.751747369766235,4.637862205505371,,,0.3736651314730926,False,,,77.52218627929688,0.515625,132.0,0.3309164303922281,False,154.0,False,,1.0,,
baseline,ip2p,none,611000000004,change_color,0,none,,,,,,,,inf,1.0,,,,,,,,,,,,,,,0.6421462539295572,False,,,75.0623550415039,0.4453125,114.0,0.9651497525354534,False,154.0,False,,,,
baseline,ip2p,none,611000000004,change_color,1,change_color,change the white to purple and make it black,,,,,,,,,0.3117978274822235,0.2587613463401794,0.053036481142044,0.3212450742721557,0.9470508098602296,0.9575111269950868,0.1846029609441757,0.6977199520199271,16.924836129569954,16.924836129569954,4.746613264083862,4.637862205505371,,,0.3708435410038949,False,,,76.16384887695312,0.48046875,123.0,0.7540785750092945,False,154.0,False,,1.0,,
baseline,ip2p,none,611000000004,change_color,2,global_attribute,change the season to winter,,,,,,,,,0.3227872252464294,0.3384217023849487,-0.0156344771385192,0.1897734999656677,0.9336198568344116,0.8825680613517761,0.1853556632995605,0.6055782780851673,16.30472246489812,16.71126205987324,4.724921226501465,4.637862205505371,,,0.4340488028726478,False,,,74.96345520019531,0.49609375,127.0,0.5743424702535421,False,154.0,False,,0.0,,
baseline,ip2p,none,611000000004,change_color,3,background,make the background a city street,,,,,,,,,0.1463121324777603,0.2972258627414703,-0.15091373026371,0.2334358096122741,0.575198233127594,-0.0363646857440471,0.8663704991340637,0.1585803075267756,9.344993653159896,9.080682031602326,4.728179931640625,4.637862205505371,,,0.099569827580601,False,,,70.3854751586914,0.52734375,135.0,0.2082785937466144,False,154.0,False,,0.0,,
baseline,ip2p,none,611000000004,change_color,4,style,make it anime style,,,,,,,,,0.1790604293346405,0.1521418392658233,0.0269185900688171,0.0171549804508686,0.984883725643158,0.988811492919922,0.0666026100516319,0.8865312568494604,22.561212580794777,8.774710183867581,4.752185344696045,4.637862205505371,,,0.1108207108878525,False,,,74.57051086425781,0.52734375,135.0,0.2082785937466144,False,154.0,False,,1.0,,
baseline,ip2p,none,711000000000,change_material,0,none,,,,,,,,inf,1.0,,,,,,,,,,,,,,,0.8535268613859814,False,,,69.522216796875,0.53515625,137.0,0.1439946432658286,False,154.0,False,,,,
baseline,ip2p,none,711000000000,change_material,1,change_material,make it knitted and make it toy,,,,,,,,,0.2374552935361862,0.2966555058956146,-0.0592002123594284,0.1804345399141311,0.764379620552063,0.4685109257698059,0.4523188173770904,0.4168551099132693,14.767170946877616,14.767170946877616,4.786233186721802,4.637862205505371,,,0.4965688820989754,False,,,74.23797607421875,0.45703125,117.0,0.9247827331993564,False,154.0,False,,0.0,,
baseline,ip2p,none,711000000000,change_material,2,global_attribute,change the season to winter,,,,,,,,,0.2527208626270294,0.2100144326686859,0.0427064299583435,0.0485479906201362,0.9169913530349731,0.9607032537460328,0.213339164853096,0.7198458976561409,14.462879827793069,11.766321386635276,4.765680551528931,4.637862205505371,,,0.5013663396467487,False,,,71.7506332397461,0.41796875,107.0,0.9964593629710572,False,154.0,False,,1.0,,
baseline,ip2p,none,711000000000,change_material,3,background,make the background a desert,,,,,,,,,0.2459574341773986,0.2359756827354431,0.0099817514419555,0.1926959306001663,0.933920443058014,0.9447629451751708,0.1264424622058868,0.8420973189822597,16.90924278440118,13.029305067076702,4.782164096832275,4.637862205505371,,,0.4540753977138289,False,,,72.61307525634766,0.47265625,121.0,0.8257393722665645,False,154.0,False,,1.0,,
baseline,ip2p,none,711000000000,change_material,4,style,convert it to an oil painting,,,,,,,,,0.2213513553142547,0.2353897094726562,-0.0140383541584014,0.0406838506460189,0.9499663710594176,0.9719117283821106,0.0938026830554008,0.8979922892871993,21.58749542912247,12.849503676703662,4.783649444580078,4.637862205505371,,,0.6439437446008701,False,,,76.68280792236328,0.4140625,106.0,0.9975905432155038,False,154.0,False,,0.0,,
baseline,ip2p,none,711000000001,change_material,0,none,,,,,,,,inf,1.0,,,,,,,,,,,,,,,0.7460792844224368,False,,,80.10717010498047,0.453125,116.0,0.9410011475579736,False,154.0,False,,,,
baseline,ip2p,none,711000000001,change_material,1,change_material,make it wooden and make it toy,,,,,,,,,0.3273747563362121,0.2247481644153595,0.1026265919208526,0.2752318680286407,0.79929119348526,0.4924451112747192,0.2298118025064468,0.7639457507514962,17.04370217603384,17.04370217603384,4.733403921127319,4.637862205505371,,,0.7855880773491152,False,,,81.6728744506836,0.43359375,111.0,0.985745538046501,False,154.0,False,,1.0,,
baseline,ip2p,none,711000000001,change_material,2,global_attribute,make it nighttime,,,,,,,,,0.3153070509433746,0.3044657707214355,0.010841280221939,0.0854416564106941,0.9867021441459656,0.974679708480835,0.0937860459089279,0.7767566084666947,16.838391832205,15.127454465026124,4.705942153930664,4.637862205505371,,,0.7877121761176936,False,,,81.41001892089844,0.42578125,109.0,0.9926858255512396,False,154.0,False,,1.0,,
baseline,ip2p,none,711000000001,change_material,3,background,make the background a desert,,,,,,,,,0.3208132982254028,0.3098763227462768,0.0109369754791259,0.0273274034261703,0.9863513708114624,0.961932897567749,0.1555365025997162,0.8150179778265073,15.797956262019571,14.875574830295047,4.7065269947052,4.637862205505371,,,0.7276118588586747,False,,,81.18038177490234,0.4296875,110.0,0.9897152744791726,False,154.0,False,,1.0,,
baseline,ip2p,none,711000000001,change_material,4,style,make it look cinematic,,,,,,,,,0.3001518249511719,0.2949724197387695,0.0051794052124023,0.0703998208045959,0.990221381187439,0.9791313409805298,0.0319712311029434,0.9473344740629454,26.471821416772737,14.839199806676636,4.695541620254517,4.637862205505371,,,0.7313912973629841,False,,,80.83109283447266,0.45703125,117.0,0.9247827331993564,False,154.0,False,,1.0,,
baseline,ip2p,none,711000000002,change_material,0,none,,,,,,,,inf,1.0,,,,,,,,,,,,,,,0.3812634165054058,False,,,70.76358032226562,0.50390625,129.0,0.4750904450319304,False,154.0,False,,,,
baseline,ip2p,none,711000000002,change_material,1,change_material,change the blue to plastic and make it golden,,,,,,,,,0.2874009013175964,0.2824693322181701,0.0049315690994262,0.0935609489679336,0.8660888075828552,0.9770344495773317,0.3382517695426941,0.8141397125886992,13.539816925063032,13.539816925063032,4.760779857635498,4.637862205505371,,,0.3946933243722014,False,,,75.81819152832031,0.52734375,135.0,0.2082785937466144,False,154.0,False,,1.0,,
baseline,ip2p,none,711000000002,change_material,2,global_attribute,change the season to winter,,,,,,,,,0.2953072190284729,0.2767566442489624,0.0185505747795104,0.0543394014239311,0.8975595831871033,0.9637176394462584,0.4752222597599029,0.7454376440220171,8.634430588732913,15.134785193594476,4.7887279987335205,4.637862205505371,,,0.3785352138592134,False,,,75.05775451660156,0.5625,144.0,0.0262358366660715,False,154.0,False,,1.0,,
baseline,ip2p,none,711000000002,change_material,3,background,make the background a desert,,,,,,,,,0.2706535756587982,0.3010792136192322,-0.0304256379604339,0.0271251332014799,0.8824853897094727,0.9337554574012756,0.6059831976890564,0.5023368456979124,9.404762910289469,14.425849979421969,4.778916597366333,4.637862205505371,,,0.2399742874468168,False,,,74.93122863769531,0.53125,136.0,0.1742606277334355,False,154.0,False,,0.0,,
baseline,ip2p,none,711000000002,change_material,4,style,turn it into a watercolor painting,,,,,,,,,0.270460695028305,0.2537744641304016,0.0166862308979034,0.2416406869888305,0.9733256101608276,0.9481452107429504,0.3833737075328827,0.5358982263127062,12.287502727520645,13.760534873976397,4.787374019622803,4.637862205505371,,,0.3678745723471365,False,,,78.72208404541016,0.4921875,126.0,0.6226346259555037,False,154.0,False,,1.0,,
baseline,ip2p,none,711000000003,change_material,0,none,,,,,,,,inf,1.0,,,,,,,,,,,,,,,0.9115111835498698,False,,,71.43505859375,0.52734375,135.0,0.2082785937466144,False,154.0,False,,,,
baseline,ip2p,none,711000000003,change_material,1,change_material,make it iron and make it sculpture,,,,,,,,,0.3064499497413635,0.2773209810256958,0.0291289687156677,0.2393172830343246,0.9429627656936646,0.855726420879364,0.3020262718200683,0.8327202831304922,16.445437881307924,16.445437881307924,4.765091180801392,4.637862205505371,,,0.7764211277606664,False,,,69.5717544555664,0.4921875,126.0,0.6226346259555037,False,154.0,False,,1.0,,
baseline,ip2p,none,711000000003,change_material,2,global_attribute,make it sunset lighting,,,,,,,,,0.316945731639862,0.2809447944164276,0.0360009372234344,0.1324834823608398,0.8777612447738647,0.9432249665260316,0.3149691820144653,0.8104464491132587,14.40053669362766,10.244384806559037,4.770065069198608,4.637862205505371,,,0.6938493121986563,False,,,69.15489959716797,0.4921875,126.0,0.6226346259555037,False,154.0,False,,1.0,,
baseline,ip2p,none,711000000003,change_material,3,background,make the background a forest,,,,,,,,,0.2948307991027832,0.298617273569107,-0.0037864744663238,0.206872820854187,0.8843249082565308,0.9179384112358092,0.4673622846603393,0.7496432042942235,16.082277695204954,8.446285489169378,4.758116245269775,4.637862205505371,,,0.7495881554115842,False,,,71.88238525390625,0.453125,116.0,0.9410011475579736,False,154.0,False,,0.0,,
baseline,ip2p,none,711000000003,change_material,4,style,make it look cinematic,,,,,,,,,0.3019639849662781,0.3019670844078064,-3.0994415283203125e-06,-0.0037842923775315,0.9941015243530272,0.9940430521965028,0.068886861205101,0.9337774535844598,29.145615239439024,8.181081974598268,4.758257150650024,4.637862205505371,,,0.8411667011508702,False,,,75.6381607055664,0.484375,124.0,0.7130693117027229,False,154.0,False,,0.0,,
baseline,ip2p,none,711000000004,change_material,0,none,,,,,,,,inf,1.0,,,,,,,,,,,,,,,0.0971831164266111,False,,,72.1232681274414,0.546875,140.0,0.0752172668006435,False,154.0,False,,,,
baseline,ip2p,none,711000000004,change_material,1,change_material,make it golden and make it sculpture,,,,,,,,,0.2431072443723678,0.211336076259613,0.0317711681127548,0.1268908977508545,0.934172511100769,0.9390017986297609,0.2064839750528335,0.8398107060805932,19.058065322322996,19.058065322322996,4.735148668289185,4.637862205505371,,,0.0626046883539571,False,,,72.71820068359375,0.5546875,142.0,0.0456560434661426,False,154.0,False,,1.0,,
baseline,ip2p,none,711000000004,change_material,2,global_attribute,change the season to winter,,,,,,,,,0.1814086884260177,0.2082535624504089,-0.0268448740243911,-0.0495751872658729,0.9824273586273192,0.9715926051139832,0.2653369307518005,0.8049512290636441,15.045344262361004,18.937523061875584,4.754065990447998,4.637862205505371,,,0.0679383382900472,False,,,73.23246765136719,0.58203125,149.0,0.0051264037267647,False,154.0,False,,0.0,,
baseline,ip2p,none,711000000004,change_material,3,background,make the background a desert,,,,,,,,,0.1973219513893127,0.1824312806129455,0.0148906707763671,0.0614329501986503,0.9775429368019104,0.9672072529792786,0.2090006172657013,0.8400600509358117,14.618594783781209,14.456819841296433,4.755472660064697,4.637862205505371,,,0.0650143652945306,False,,,71.58028411865234,0.55078125,141.0,0.0589988524420263,False,154.0,False,,1.0,,
baseline,ip2p,none,711000000004,change_material,4,style,make it look cinematic,,,,,,,,,0.2148476392030716,0.1983198523521423,0.0165277868509292,0.0299607925117015,0.9836101531982422,0.9917744994163512,0.0374679267406463,0.9432827019305888,26.43119706130234,14.357463183088232,4.744288206100464,4.637862205505371,,,0.0756153112410083,False,,,72.17977142333984,0.5,128.0,0.5249095549680696,False,154.0,False,,1.0,,
baseline,ip2p,none,811000000000,change_background,0,none,,,,,,,,inf,1.0,,,,,,,,,,,,,,,0.6018986485634092,False,,,77.44886779785156,0.50390625,129.0,0.4750904450319304,False,154.0,False,,,,
baseline,ip2p,none,811000000000,change_background,1,change_background,change the background to forest,,,,,,,,,0.2300602793693542,0.1940842270851135,0.0359760522842407,0.1323303133249282,0.857659101486206,0.7138994932174683,0.6454842686653137,0.2809760303114825,6.59260592751981,6.59260592751981,4.730509996414185,4.637862205505371,,,0.2782911894257188,False,,,75.90342712402344,0.46875,120.0,0.8560053567341714,False,154.0,False,,1.0,,
baseline,ip2p,none,811000000000,change_background,2,global_attribute,make it nighttime,,,,,,,,,0.2934247553348541,0.2499524503946304,0.0434723049402236,0.1419908106327057,0.9053517580032348,0.8049819469451904,0.4189253449440002,0.1748843972612396,9.58486469405886,3.575918107315374,4.689468860626221,4.637862205505371,,,0.3783759815484873,False,,,72.95468139648438,0.4765625,122.0,0.7917214062533855,False,154.0,False,,1.0,,
baseline,ip2p,none,811000000000,change_background,3,background,replace the background with a beach,,,,,,,,,0.2423387765884399,0.2852858901023865,-0.0429471135139465,0.0689297169446945,0.8592005372047424,0.7393269538879395,0.5587783455848694,0.17169444014715,6.419393309735421,9.654176623265018,4.702957391738892,4.637862205505371,,,0.4329892105304951,False,,,73.45654296875,0.4609375,118.0,0.9053760835394724,False,154.0,False,,0.0,,
baseline,ip2p,none,811000000000,change_background,4,style,make it anime style,,,,,,,,,0.2691440284252167,0.248471513390541,0.0206725150346755,0.0544066354632377,0.8824811577796936,0.8080307841300964,0.6104617118835449,0.4495497510185202,13.24346665044768,10.467744444308485,4.702808380126953,4.637862205505371,,,0.4310301653477604,False,,,73.18415069580078,0.4375,112.0,0.980524082918843,False,154.0,False,,1.0,,
baseline,ip2p,none,811000000001,change_background,0,none,,,,,,,,inf,1.0,,,,,,,,,,,,,,,0.4023560921906465,False,,,76.68826293945312,0.50390625,129.0,0.4750904450319304,False,154.0,False,,,,
baseline,ip2p,none,811000000001,change_background,1,change_background,change the background to dark,,,,,,,,,0.3267048597335815,0.3168840110301971,0.0098208487033844,0.1594139039516449,0.9409142136573792,0.904116988182068,0.3699383437633514,0.4750792759042473,10.196060031567669,10.196060031567669,4.714993238449097,4.637862205505371,,,0.6328636230519009,False,,,78.55249786376953,0.51171875,131.0,0.3773653740444963,False,154.0,False,,1.0,,
baseline,ip2p,none,811000000001,change_background,2,global_attribute,make it nighttime,,,,,,,,,0.2027653455734253,0.3198854029178619,-0.1171200573444366,0.2303646802902221,0.7677192687988281,0.2405231297016143,0.6145251989364624,0.3579429153882693,9.71421435780696,5.5585239720114785,4.70204496383667,4.637862205505371,,,0.3187416126137523,False,,,76.94396209716797,0.51953125,133.0,0.286930688297277,False,154.0,False,,0.0,,
baseline,ip2p,none,811000000001,change_background,3,background,make the background a forest,,,,,,,,,0.206844300031662,0.2032001465559005,0.0036441534757614,0.1740195006132125,0.9659833908081056,0.6964200735092163,0.4427102208137512,0.580826902536782,22.253386402159776,5.076549871086954,4.701292276382446,4.637862205505371,,,0.3501437404713613,False,,,78.69776153564453,0.4921875,126.0,0.6226346259555037,False,154.0,False,,1.0,,
baseline,ip2p,none,811000000001,change_background,4,style,make it look cinematic,,,,,,,,,0.2691292464733124,0.2366836667060852,0.0324455797672271,-0.1108653619885444,0.9833424091339112,0.966245174407959,0.1179908663034439,0.8901943490799757,35.38931899683545,5.0945645775029815,4.698587894439697,4.637862205505371,,,0.3722224263928667,False,,,78.0079116821289,0.5078125,130.0,0.4256575297464579,False,154.0,False,,0.0,,
baseline,ip2p,none,811000000002,change_background,0,none,,,,,,,,inf,1.0,,,,,,,,,,,,,,,0.4123568937226255,False,,,71.67254638671875,0.51953125,133.0,0.286930688297277,False,154.0,False,,,,
baseline,ip2p,none,811000000002,change_background,1,change_background,change the background to grass,,,,,,,,,0.2940836250782013,0.2516306638717651,0.0424529612064361,0.2588441073894501,0.9446367025375366,0.9610861539840698,0.6004109978675842,0.4727569643725208,16.8911426808764,16.8911426808764,4.77636981010437,4.637862205505371,,,0.4756108412393433,False,,,74.71836853027344,0.4609375,118.0,0.9053760835394724,False,154.0,False,,1.0,,
baseline,ip2p,none,811000000002,change_background,2,global_attribute,change the season to winter,,,,,,,,,0.2733805775642395,0.2731483876705169,0.0002321898937225,0.1052505448460578,0.9433550238609314,0.9685341119766236,0.3620850741863251,0.6111746341949058,11.491569996523914,11.915727652288622,4.789826154708862,4.637862205505371,,,0.4667150814155203,False,,,75.7366943359375,0.5234375,134.0,0.2459214249907054,False,154.0,False,,1.0,,
baseline,ip2p,none,811000000002,change_background,3,background,replace the background with a beach,,,,,,,,,0.2422123551368713,0.2623118460178375,-0.0200994908809661,0.0463429950177669,0.9534034729003906,0.933113694190979,0.4906161427497864,0.4229013397086281,16.133958885685225,13.577924756110727,4.759214162826538,4.637862205505371,,,0.7085743445498806,False,,,77.53185272216797,0.515625,132.0,0.3309164303922281,False,154.0,False,,0.0,,
baseline,ip2p,none,811000000002,change_background,4,style,turn it into a watercolor painting,,,,,,,,,0.2414663434028625,0.2400083392858505,0.001458004117012,0.1829034388065338,0.941450536251068,0.8894664645195007,0.4802165627479553,0.3896556636386897,12.567781599944636,8.102834227197816,4.728588581085205,4.637862205505371,,,0.5695024830638928,False,,,80.24877166748047,0.53515625,137.0,0.1439946432658286,False,154.0,False,,1.0,,
baseline,ip2p,none,811000000003,change_background,0,none,,,,,,,,inf,1.0,,,,,,,,,,,,,,,0.7148597409707017,False,,,73.48078918457031,0.53125,136.0,0.1742606277334355,False,154.0,False,,,,
baseline,ip2p,none,811000000003,change_background,1,change_background,change the background to blue,,,,,,,,,0.2943559288978576,0.2515704035758972,0.0427855253219604,0.2916872501373291,0.9661878347396852,0.9623567461967468,0.1951411962509155,0.7312465364559766,14.217955227333466,14.217955227333466,4.759758234024048,4.637862205505371,,,0.4537466265873581,False,,,74.8200454711914,0.59375,152.0,0.0016153832354145,False,154.0,False,,1.0,,
baseline,ip2p,none,811000000003,change_background,2,global_attribute,change the season to winter,,,,,,,,,0.2866854965686798,0.26680988073349,0.0198756158351898,0.0815743952989578,0.9652478098869324,0.956737458705902,0.1712458431720733,0.7464243980690397,12.148267580918445,8.782917519398673,4.742761135101318,4.637862205505371,,,0.4621698698371894,False,,,76.53726196289062,0.578125,148.0,0.0073141744487602,False,154.0,False,,1.0,,
baseline,ip2p,none,811000000003,change_background,3,background,make the background a desert,,,,,,,,,0.2231407165527343,0.2773023843765259,-0.0541616678237915,0.2004577070474624,0.7991949319839478,0.1742943525314331,0.6986712217330933,0.2597082707462644,7.363166378807104,8.94644350307182,4.765280485153198,4.637862205505371,,,0.8701979447817009,False,,,73.2396240234375,0.4453125,114.0,0.9651497525354534,False,154.0,False,,0.0,,
baseline,ip2p,none,811000000003,change_background,4,style,turn it into a watercolor painting,,,,,,,,,0.2141691446304321,0.1919948309659958,0.0221743136644363,0.1314387023448944,0.8639335632324219,0.704397439956665,0.4796109199523926,0.4495155592120474,10.430964482605694,6.673256044300136,4.768421649932861,4.637862205505371,,,0.6698292803612168,False,,,76.86071014404297,0.54296875,139.0,0.0946239164605277,False,154.0,False,,1.0,,
baseline,ip2p,none,811000000004,change_background,0,none,,,,,,,,inf,1.0,,,,,,,,,,,,,,,0.1341163013191443,False,,,71.30188751220703,0.5,128.0,0.5249095549680696,False,154.0,False,,,,
baseline,ip2p,none,811000000004,change_background,1,change_background,change the background to red,,,,,,,,,0.2807285189628601,0.2462071776390075,0.0345213413238525,0.2622939944267273,0.862396240234375,0.9597856402397156,0.3601900637149811,0.4659873946693086,11.541033836365726,11.541033836365726,4.7488696575164795,4.637862205505371,,,0.0679617255509345,False,,,74.59427642822266,0.4609375,118.0,0.9053760835394724,False,154.0,False,,1.0,,
baseline,ip2p,none,811000000004,change_background,2,global_attribute,make it rainy,,,,,,,,,0.3350231349468231,0.2503868341445923,0.0846363008022308,0.3303914666175842,0.923011064529419,0.9137587547302246,0.3531785607337951,0.5625986611654196,15.678766837347244,12.951465524007055,4.765954256057739,4.637862205505371,,,0.1293566098598009,False,,,75.15142059326172,0.4296875,110.0,0.9897152744791726,False,154.0,False,,1.0,,
baseline,ip2p,none,811000000004,change_background,3,background,replace the background with a beach,,,,,,,,,0.3170352280139923,0.326535165309906,-0.0094999372959136,0.0483791306614875,0.9653031826019288,0.9680211544036864,0.1507906317710876,0.7972690559224294,13.555469754543708,10.520906817395318,4.763072967529297,4.637862205505371,,,0.2258328563663212,False,,,75.5384292602539,0.53125,136.0,0.1742606277334355,False,154.0,False,,0.0,,
baseline,ip2p,none,811000000004,change_background,4,style,convert it to an oil painting,,,,,,,,,0.338762104511261,0.2970498502254486,0.0417122542858123,0.1575787365436554,0.9665079116821288,0.986657738685608,0.0485471859574317,0.9094297389912042,25.95824562594663,10.37131700405138,4.748536109924316,4.637862205505371,,,0.2275446297659566,False,,,75.67768096923828,0.5234375,134.0,0.2459214249907054,False,154.0,False,,1.0,,
baseline,ip2p,none,911000000000,change_style,0,none,,,,,,,,inf,1.0,,,,,,,,,,,,,,,0.7748991999924004,False,,,76.8954086303711,0.453125,116.0,0.9410011475579736,False,154.0,False,,,,
baseline,ip2p,none,911000000000,change_style,1,change_style,make it realism style expressionism style,,,,,,,,,0.3203389048576355,0.2787727415561676,0.0415661633014678,0.2161791026592254,0.8889381289482117,0.8496363759040833,0.4115157127380371,0.6269662393607861,15.019818783905382,15.019818783905382,4.677648305892944,4.637862205505371,,,0.7905670558013409,False,,,79.27542114257812,0.46484375,119.0,0.8825157080926602,False,154.0,False,,1.0,,
baseline,ip2p,none,911000000000,change_style,2,global_attribute,make it nighttime,,,,,,,,,0.2328823804855346,0.3191278278827667,-0.086245447397232,0.1053817421197891,0.7960093021392822,0.5860222578048706,0.6906545162200928,0.5533884807017938,10.341565090897424,11.879865150503504,4.650611877441406,4.637862205505371,,,0.9168821639278064,False,,,79.68201446533203,0.4921875,126.0,0.6226346259555037,False,154.0,False,,0.0,,
baseline,ip2p,none,911000000000,change_style,3,background,replace the background with a beach,,,,,,,,,0.2415913641452789,0.2382304072380066,0.0033609569072723,0.0627238005399704,0.964150369167328,0.9373986124992372,0.2466873675584793,0.7907049996810448,14.534369341931496,9.014490291017603,4.662640571594238,4.637862205505371,,,0.9278806835303312,False,,,80.49578857421875,0.515625,132.0,0.3309164303922281,False,154.0,False,,1.0,,
baseline,ip2p,none,911000000000,change_style,4,style,make it look cinematic,,,,,,,,,0.2827264070510864,0.2533861696720123,0.029340237379074,-0.0725311338901519,0.978706121444702,0.9626218676567078,0.2028439193964004,0.8505678571704233,15.812772510072673,11.27758329043643,4.703794479370117,4.637862205505371,,,0.9269029461406488,False,,,79.56275177001953,0.5,128.0,0.5249095549680696,False,154.0,False,,0.0,,
baseline,ip2p,none,911000000001,change_style,0,none,,,,,,,,inf,1.0,,,,,,,,,,,,,,,0.1983907849105315,False,,,75.02072143554688,0.52734375,135.0,0.2082785937466144,False,154.0,False,,,,
baseline,ip2p,none,911000000001,change_style,1,change_style,make it realism style painting,,,,,,,,,0.2328398078680038,0.2179790139198303,0.0148607939481735,0.1142796128988266,0.9674701690673828,0.968185305595398,0.0593823455274105,0.8862776004286812,24.172225084465424,24.172225084465424,4.697933912277222,4.637862205505371,,,0.4233799419324793,False,,,77.8058090209961,0.51953125,133.0,0.286930688297277,False,154.0,False,,1.0,,
baseline,ip2p,none,911000000001,change_style,2,global_attribute,make it rainy,,,,,,,,,0.2956407070159912,0.2306075394153595,0.0650331676006317,0.2439217865467071,0.9409015774726868,0.940434992313385,0.181369811296463,0.7914425937883586,18.464602314103843,17.395207636992858,4.715573310852051,4.637862205505371,,,0.209939434115552,False,,,79.10839080810547,0.50390625,129.0,0.4750904450319304,False,154.0,False,,1.0,,
baseline,ip2p,none,911000000001,change_style,3,background,replace the background with a beach,,,,,,,,,0.2738743126392364,0.2838093042373657,-0.0099349915981292,0.0467926226556301,0.9595901370048524,0.952647864818573,0.2054157555103302,0.7215208732996031,14.550310421292746,12.865931009437944,4.717682600021362,4.637862205505371,,,0.2364177838940769,False,,,78.32693481445312,0.51171875,131.0,0.3773653740444963,False,154.0,False,,0.0,,
baseline,ip2p,none,911000000001,change_style,4,style,make it anime style,,,,,,,,,0.2714020013809204,0.2719828486442566,-0.0005808472633361,0.0172391030937433,0.9759889245033264,0.9818156957626344,0.0914650484919548,0.9080643559586722,21.295996379935065,12.492490773483356,4.70704984664917,4.637862205505371,,,0.3602718353814217,False,,,79.51692199707031,0.484375,124.0,0.7130693117027229,False,154.0,False,,0.0,,
baseline,ip2p,none,911000000002,change_style,0,none,,,,,,,,inf,1.0,,,,,,,,,,,,,,,0.118661848029294,False,,,75.53153228759766,0.4765625,122.0,0.7917214062533855,False,154.0,False,,,,
baseline,ip2p,none,911000000002,change_style,1,change_style,make it minimalism kids crayon drawing,,,,,,,,,0.2597837448120117,0.2190099954605102,0.0407737493515014,0.3092847168445587,0.7736963033676147,0.1654687225818634,0.6671525835990906,0.3548479463486413,9.394940683068546,9.394940683068546,4.717652797698975,4.637862205505371,,,0.864512646241779,False,,,79.37641906738281,0.5234375,134.0,0.2459214249907054,False,154.0,False,,1.0,,
baseline,ip2p,none,911000000002,change_style,2,global_attribute,make it sunset lighting,,,,,,,,,0.1527740955352783,0.2556661963462829,-0.1028921008110046,0.2569398283958435,0.7547507286071777,0.0691356137394905,0.870442271232605,0.4596669964806787,7.263689246769825,8.009590410746974,4.699259042739868,4.637862205505371,,,0.7576810950567834,False,,,75.2535400390625,0.55078125,141.0,0.0589988524420263,False,154.0,False,,0.0,,
baseline,ip2p,none,911000000002,change_style,3,background,replace the background with a beach,,,,,,,,,0.1927172243595123,0.1522141993045807,0.0405030250549316,0.1672268360853195,0.9036471843719482,0.7305388450622559,0.2229673862457275,0.7918296294165593,13.381924668288182,9.544279450178566,4.68370795249939,4.637862205505371,,,0.8422400592394014,False,,,73.90129852294922,0.48046875,123.0,0.7540785750092945,False,154.0,False,,1.0,,
baseline,ip2p,none,911000000002,change_style,4,style,make it anime style,,,,,,,,,0.1850357204675674,0.2027322053909301,-0.0176964849233627,0.0549851655960083,0.8416115045547485,0.4851996302604675,0.5668140649795532,0.6633436258540581,12.043572123897718,7.420597967304352,4.674597263336182,4.637862205505371,,,0.5563675254585578,False,,,74.89017486572266,0.47265625,121.0,0.8257393722665645,False,154.0,False,,0.0,,
baseline,ip2p,none,911000000003,change_style,0,none,,,,,,,,inf,1.0,,,,,,,,,,,,,,,0.8852439828074634,False,,,78.78750610351562,0.515625,132.0,0.3309164303922281,False,154.0,False,,,,
baseline,ip2p,none,911000000003,change_style,1,change_style,make it surrealism style wall mural,,,,,,,,,0.2240267395973205,0.2495080232620239,-0.0254812836647033,0.2465858906507492,0.6732254028320312,0.1603848040103912,0.7818964719772339,0.1905952137815231,9.05952878518839,9.05952878518839,4.773639917373657,4.637862205505371,,,0.7425694251331172,False,,,80.3393783569336,0.48828125,125.0,0.6690835696077719,False,154.0,False,,0.0,,
baseline,ip2p,none,911000000003,change_style,2,global_attribute,make it nighttime,,,,,,,,,0.23783940076828,0.2324739545583725,0.0053654462099075,0.1078709736466407,0.9812750816345216,0.979943871498108,0.0832617282867431,0.8329797781137387,15.586389569972384,9.79231371058412,4.760347366333008,4.637862205505371,,,0.7558197423528077,False,,,80.74147033691406,0.453125,116.0,0.9410011475579736,False,154.0,False,,1.0,,
baseline,ip2p,none,911000000003,change_style,3,background,make the background a city street,,,,,,,,,0.1312149614095688,0.2343458831310272,-0.1031309217214584,0.1396850049495697,0.7400457859039307,0.0844901502132415,0.769774317741394,0.1949402033074521,8.664843908041274,8.433010179976012,4.746805906295776,4.637862205505371,,,0.7529992528111362,False,,,74.80577087402344,0.5,128.0,0.5249095549680696,False,154.0,False,,0.0,,
baseline,ip2p,none,911000000003,change_style,4,style,convert it to an oil painting,,,,,,,,,0.1394939124584198,0.1301341205835342,0.0093597918748855,0.1274490654468536,0.9929482936859132,0.9924423694610596,0.0579427257180213,0.8976671552226474,24.937957164087912,8.21118860704846,4.769800901412964,4.637862205505371,,,0.776055623626598,False,,,77.00714874267578,0.4296875,110.0,0.9897152744791726,False,154.0,False,,1.0,,
baseline,ip2p,none,911000000004,change_style,0,none,,,,,,,,inf,1.0,,,,,,,,,,,,,,,0.4289653241542201,False,,,75.32074737548828,0.46875,120.0,0.8560053567341714,False,154.0,False,,,,
baseline,ip2p,none,911000000004,change_style,1,change_style,make it photorealism style oil painting,,,,,,,,,0.2762253284454345,0.2412946075201034,0.0349307209253311,0.1678556948900222,0.9117358922958374,0.9379359483718872,0.2522835731506347,0.7685095714387512,14.521850948212446,14.521850948212446,4.756420612335205,4.637862205505371,,,0.3781177804733446,False,,,76.89580535888672,0.46484375,119.0,0.8825157080926602,False,154.0,False,,1.0,,
baseline,ip2p,none,911000000004,change_style,2,global_attribute,make it sunset lighting,,,,,,,,,0.250052809715271,0.2820430397987366,-0.0319902300834655,0.2647478878498077,0.9284340143203736,0.9016730785369872,0.6441906690597534,0.5561693763399306,11.299134612015054,9.730160052563075,4.754218339920044,4.637862205505371,,,0.8264310147325238,False,,,71.68790435791016,0.50390625,129.0,0.4750904450319304,False,154.0,False,,0.0,,
baseline,ip2p,none,911000000004,change_style,3,background,make the background a city street,,,,,,,,,0.1605562269687652,0.2583025693893432,-0.097746342420578,0.2111730426549911,0.7213439345359802,0.031901478767395,0.7291128635406494,0.4609334383564976,11.418780219703336,10.048914838772877,4.767911672592163,4.637862205505371,,,0.9508773473192736,False,,,72.70699310302734,0.51953125,133.0,0.286930688297277,False,154.0,False,,0.0,,
baseline,ip2p,none,911000000004,change_style,4,style,turn it into a watercolor painting,,,,,,,,,0.1500670909881591,0.1301827281713485,0.0198843628168106,0.1691701710224151,0.960655927658081,0.9648149609565736,0.2796800136566162,0.6539606531239711,11.46469353012554,7.424132509771882,4.7422099113464355,4.637862205505371,,,0.8638966546384276,False,,,78.44795989990234,0.51171875,131.0,0.3773653740444963,False,154.0,False,,1.0,,
baseline,ip2p,treering,111000000000,change_object,0,none,,,,7.034763669863462e-12,True,,,16.38449272914191,0.4813627770184552,,,,,,,,,,,,,,,,,,,,,,,,,,54.28868103027344,,True,
baseline,ip2p,treering,111000000000,change_object,1,change_object,change the fishes to sharks and change the kelp to flowers,,,1.872552421389318e-05,True,,,,,0.1720739901065826,0.1751903593540191,-0.0031163692474365,-0.0008169943466782,0.9840614795684814,0.9778555631637572,0.1493926346302032,0.7919953140701027,19.113442278502703,13.233846500517974,4.740554094314575,4.637862205505371,,,,,,,,,,,,,,61.035614013671875,0.0,True,0.0
baseline,ip2p,treering,111000000000,change_object,2,global_attribute,make it nighttime,,,0.0018448456309825,False,,,,,0.1795752942562103,0.1759556233882904,0.0036196708679199,0.0026187635958194,0.9906213879585266,0.9864639639854432,0.1019709110260009,0.7939456621971073,15.194696699392338,12.231042744126157,4.720800399780273,4.637862205505371,,,,,,,,,,,,,,66.26152038574219,1.0,True,0.0
baseline,ip2p,treering,111000000000,change_object,3,background,make the background a desert,,,0.0014082035318677,False,,,,,0.1942119896411895,0.1719581037759781,0.0222538858652114,0.0186529587954282,0.9283232688903807,0.9646804332733154,0.1644977778196334,0.7449348309494278,17.28424382656456,12.369543349492954,4.725742816925049,4.637862205505371,,,,,,,,,,,,,,68.4475326538086,1.0,True,0.0
baseline,ip2p,treering,111000000000,change_object,4,style,turn it into a watercolor painting,,,0.0103111799394617,False,,,,,0.1624471098184585,0.1467366516590118,0.0157104581594467,0.0811210200190544,0.9513335824012756,0.9354905486106871,0.181793600320816,0.66440601415774,11.883250601955549,7.530159945732169,4.725987434387207,4.637862205505371,,,,,,,,,,,,,,70.68070220947266,1.0,True,0.0
baseline,ip2p,treering,111000000001,change_object,0,none,,,,2.152443230708661e-15,True,,,14.265767177958097,0.5941715088082891,,,,,,,,,,,,,,,,,,,,,,,,,,56.61848831176758,,True,
baseline,ip2p,treering,111000000001,change_object,1,change_object,change the cat to tiger and change the hat to scarf,,,0.098969966455678,False,,,,,0.2520512044429779,0.2209763526916504,0.0310748517513275,0.2706393897533417,0.6818152070045471,0.3077983856201172,0.6895426511764526,0.2615617856685305,9.010608938393332,7.923343581797796,4.758173942565918,4.637862205505371,,,,,,,,,,,,,,70.69029998779297,1.0,True,0.0
baseline,ip2p,treering,111000000001,change_object,2,global_attribute,make it rainy,,,0.1842136549150552,False,,,,,0.2546841502189636,0.2209449261426925,0.033739224076271,0.2727592587471008,0.9896602630615234,0.9880436658859252,0.0458172112703323,0.9417447927687972,27.426259148998096,7.855868420498892,4.745343208312988,4.637862205505371,,,,,,,,,,,,,,73.86375427246094,1.0,True,0.0
baseline,ip2p,treering,111000000001,change_object,3,background,make the background a desert,,,0.2185178028512838,False,,,,,0.2544142603874206,0.2495183944702148,0.0048958659172058,0.0263956561684608,0.9910901784896852,0.9885191917419434,0.0628490075469017,0.9390028542480848,21.378952146950763,7.622165306080913,4.753391742706299,4.637862205505371,,,,,,,,,,,,,,75.93830871582031,1.0,True,0.0
baseline,ip2p,treering,111000000001,change_object,4,style,make it look cinematic,,,0.2141761063729342,False,,,,,0.2683066129684448,0.237825870513916,0.0304807424545288,-0.001412377692759,0.9906330704689026,0.9949103593826294,0.0259379334747791,0.9448457422786236,25.38312005623186,7.574419529139308,4.766739368438721,4.637862205505371,,,,,,,,,,,,,,76.5528793334961,0.0,True,0.0
baseline,ip2p,treering,111000000002,change_object,0,none,,,,1.010731454087629e-12,True,,,11.902121896928728,0.5308907067456987,,,,,,,,,,,,,,,,,,,,,,,,,,55.76355743408203,,True,
baseline,ip2p,treering,111000000002,change_object,1,change_object,change the duck to marmot and change the eyes to mouth,,,0.0098304801238556,False,,,,,0.1790813356637954,0.1186055541038513,0.0604757815599441,0.1967775821685791,0.7832995653152466,0.2053157985210418,0.4807304441928863,0.6339328419723902,13.350718759106002,11.600344854759252,4.7425377368927,4.637862205505371,,,,,,,,,,,,,,68.9719467163086,1.0,True,0.0
baseline,ip2p,treering,111000000002,change_object,2,global_attribute,make it nighttime,,,0.0814021920955743,False,,,,,0.1708758175373077,0.1617163270711898,0.0091594904661178,0.0904516726732254,0.956755518913269,0.9366170167922974,0.281392365694046,0.3944108435521884,10.40275823866865,7.500817310758784,4.7456581592559814,4.637862205505371,,,,,,,,,,,,,,71.36480712890625,1.0,True,0.0
baseline,ip2p,treering,111000000002,change_object,3,background,make the background a desert,,,0.094013666543246,False,,,,,0.1908119916915893,0.1681654602289199,0.0226465314626693,-0.0027536982670426,0.9759615659713744,0.9785573482513428,0.0898881331086158,0.8295263091685793,18.786684012900015,7.9881669145823855,4.752969741821289,4.637862205505371,,,,,,,,,,,,,,71.0965576171875,0.0,True,0.0
baseline,ip2p,treering,111000000002,change_object,4,style,make it anime style,,,0.1430906777248563,False,,,,,0.1712225973606109,0.1667969524860382,0.0044256448745727,0.0263947341591119,0.9558234810829164,0.9332828521728516,0.1926512122154235,0.5516978727214557,15.269598009614915,9.793946000001949,4.746241092681885,4.637862205505371,,,,,,,,,,,,,,68.24156951904297,1.0,True,0.0
baseline,ip2p,treering,111000000003,change_object,0,none,,,,6.266341512848988e-25,True,,,13.409957805465396,0.5319175490491966,,,,,,,,,,,,,,,,,,,,,,,,,,51.915000915527344,,True,
baseline,ip2p,treering,111000000003,change_object,1,change_object,change the bunny to pig and change the eyes to ears,,,1.0474769696001582e-07,True,,,,,0.2564240992069244,0.1836670935153961,0.0727570056915283,0.3708519339561462,0.8161811232566833,0.5595850944519043,0.2624344825744629,0.7316738822344234,17.002687626066763,12.271570823031578,4.755174160003662,4.637862205505371,,,,,,,,,,,,,,63.38038635253906,1.0,True,1.0
baseline,ip2p,treering,111000000003,change_object,2,global_attribute,change the season to winter,,,5.372321821365572e-05,True,,,,,0.2342066019773483,0.2274793237447738,0.0067272782325744,0.0201754793524742,0.983578085899353,0.9660626649856568,0.1796001493930816,0.7864817514379375,14.522990350989486,9.994008740878009,4.753251314163208,4.637862205505371,,,,,,,,,,,,,,65.24773406982422,1.0,True,1.0
baseline,ip2p,treering,111000000003,change_object,3,background,make the background a city street,,,0.007824925245326,False,,,,,0.1344947218894958,0.2086876034736633,-0.0741928815841674,0.1867088228464126,0.6626116037368774,0.0453725531697273,0.7259189486503601,0.3106642312196781,11.12784887616983,9.489780546662844,4.745086431503296,4.637862205505371,,,,,,,,,,,,,,65.92860412597656,0.0,True,0.0
baseline,ip2p,treering,111000000003,change_object,4,style,convert it to an oil painting,,,0.0232758104499952,False,,,,,0.1201288998126983,0.1271926164627075,-0.0070637166500091,0.0870881006121635,0.991471827030182,0.9834173917770386,0.0732608139514923,0.8677905038866506,26.774286972793423,9.423046917834965,4.741703271865845,4.637862205505371,,,,,,,,,,,,,,69.42346954345703,0.0,True,0.0
baseline,ip2p,treering,111000000004,change_object,0,none,,,,3.0368120177659444e-13,True,,,11.080223839967717,0.4733149881083551,,,,,,,,,,,,,,,,,,,,,,,,,,54.8210334777832,,True,
baseline,ip2p,treering,111000000004,change_object,1,change_object,change the owl to cat and change the heart to circle,,,0.0001584050138299,True,,,,,0.2435139715671539,0.1762049496173858,0.067309021949768,0.3738715350627899,0.7857523560523987,0.3658521175384521,0.41343754529953,0.7083593477144149,14.94794975762618,9.94934784105671,4.751828670501709,4.637862205505371,,,,,,,,,,,,,,66.14852905273438,1.0,True,1.0
baseline,ip2p,treering,111000000004,change_object,2,global_attribute,make it sunset lighting,,,0.2403925428853546,False,,,,,0.2287158966064453,0.2251543402671814,0.0035615563392639,0.1188623160123825,0.9234738349914552,0.8773154020309448,0.4588949084281921,0.4740439955296452,12.532775186269456,7.097849466155134,4.751430988311768,4.637862205505371,,,,,,,,,,,,,,68.56658172607422,1.0,True,0.0
baseline,ip2p,treering,111000000004,change_object,3,background,make the background a city street,,,0.7101570232346875,False,,,,,0.1826643794775009,0.2048097997903823,-0.0221454203128814,0.020884808152914,0.9014334678649902,0.8343585729598999,0.6244142055511475,0.4378540333540433,10.599849115857031,7.969242693345262,4.758023262023926,4.637862205505371,,,,,,,,,,,,,,78.24901580810547,0.0,True,0.0
baseline,ip2p,treering,111000000004,change_object,4,style,make it anime style,,,0.5995904211379485,False,,,,,0.1778195202350616,0.1741823405027389,0.0036371797323226,0.0185176767408847,0.9790871739387512,0.9744243025779724,0.1464534997940063,0.8077223232707581,15.455668839728071,8.238710995098794,4.743117570877075,4.637862205505371,,,,,,,,,,,,,,77.78254699707031,1.0,True,0.0
baseline,ip2p,treering,211000000000,add_object,0,none,,,,1.1900362144352077e-25,True,,,14.352408770997304,0.5081143316122015,,,,,,,,,,,,,,,,,,,,,,,,,,52.60954666137695,,True,
baseline,ip2p,treering,211000000000,add_object,1,add_object,add scarf and add flowers in mouth,,,5.493816089162808e-15,True,,,,,0.3257327079772949,0.2724930047988891,0.0532397031784057,0.1355288624763488,0.7940787076950073,0.6414566040039062,0.1401954293251037,0.820767815763649,21.43448062321188,14.279166241349724,4.723059892654419,4.637862205505371,,,,,,,,,,,,,,57.77527618408203,1.0,True,1.0
baseline,ip2p,treering,211000000000,add_object,2,global_attribute,make it rainy,,,3.6630221150493825e-08,True,,,,,0.322068840265274,0.3069325685501098,0.0151362717151641,0.3679894804954529,0.8983578681945801,0.8455411195755005,0.3659538626670837,0.5652285076245308,14.837986472399804,11.762715687129717,4.740993022918701,4.637862205505371,,,,,,,,,,,,,,65.01842498779297,1.0,True,1.0
baseline,ip2p,treering,211000000000,add_object,3,background,make the background a desert,,,5.97966025064297e-07,True,,,,,0.2916372418403625,0.312867522239685,-0.0212302803993225,-0.0206756442785263,0.9474186897277832,0.9484939575195312,0.2975144386291504,0.7399208218184189,14.50160532156826,12.620375526569443,4.736812591552734,4.637862205505371,,,,,,,,,,,,,,66.29915618896484,0.0,True,0.0
baseline,ip2p,treering,211000000000,add_object,4,style,make it anime style,,,1.471125763592897e-05,True,,,,,0.3031713962554931,0.2780817151069641,0.025089681148529,0.1944935917854309,0.8684560060501099,0.810336172580719,0.1247024163603782,0.8415547485766467,15.65438405868364,11.8139105520979,4.759150743484497,4.637862205505371,,,,,,,,,,,,,,68.77876281738281,1.0,True,1.0
baseline,ip2p,treering,211000000001,add_object,0,none,,,,3.5044155975692255e-11,True,,,14.3097833802576,0.5804233221066746,,,,,,,,,,,,,,,,,,,,,,,,,,55.57867431640625,,True,
baseline,ip2p,treering,211000000001,add_object,1,add_object,add a gold chain and add a star on its head,,,1.3149135729191625e-05,True,,,,,0.238474816083908,0.1996804326772689,0.0387943834066391,0.1989352405071258,0.9623745679855348,0.9862354397773744,0.0743605494499206,0.846458656877293,27.48775610280557,13.981544500511731,4.746628999710083,4.637862205505371,,,,,,,,,,,,,,63.30417251586914,1.0,True,1.0
baseline,ip2p,treering,211000000001,add_object,2,global_attribute,make it nighttime,,,0.0009130860466434,True,,,,,0.2190099209547042,0.2348011881113052,-0.0157912671566009,0.0489857345819473,0.9836504459381104,0.9879032969474792,0.1127344071865081,0.7241782038913219,16.9861437159103,12.464085266378175,4.753572702407837,4.637862205505371,,,,,,,,,,,,,,68.09801483154297,0.0,True,0.0
baseline,ip2p,treering,211000000001,add_object,3,background,make the background a desert,,,0.004194726080284,False,,,,,0.2037059366703033,0.2210503667593002,-0.0173444300889968,-0.0114126317203044,0.9618660807609558,0.985182285308838,0.3043392300605774,0.7052892712781449,18.69446571617924,11.362098583617904,4.753355503082275,4.637862205505371,,,,,,,,,,,,,,69.23808288574219,0.0,True,0.0
baseline,ip2p,treering,211000000001,add_object,4,style,make it anime style,,,0.169986224251854,False,,,,,0.2264229655265808,0.2219716608524322,0.0044513046741485,0.0840751230716705,0.9224288463592528,0.8866903781890869,0.5012909173965454,0.4685834857199095,13.421937498925995,11.90582816269952,4.740774154663086,4.637862205505371,,,,,,,,,,,,,,70.48827362060547,1.0,True,0.0
baseline,ip2p,treering,211000000002,add_object,0,none,,,,8.076158286549305e-09,True,,,10.508415705141232,0.4534759628559106,,,,,,,,,,,,,,,,,,,,,,,,,,58.74110412597656,,True,
baseline,ip2p,treering,211000000002,add_object,1,add_object,add leaves and add a flower,,,0.0248060018158285,False,,,,,0.2458114922046661,0.2721099555492401,-0.0262984633445739,0.1750605404376983,0.8092031478881836,0.2881190776824951,0.4748359024524688,0.4871253203237285,12.030186937380336,8.788353965735068,4.748827695846558,4.637862205505371,,,,,,,,,,,,,,70.43013763427734,0.0,True,0.0
baseline,ip2p,treering,211000000002,add_object,2,global_attribute,make it sunset lighting,,,0.0929291293967189,False,,,,,0.264953076839447,0.2526867687702179,0.0122663080692291,0.270927220582962,0.8850177526473999,0.7860838174819946,0.5554705858230591,0.3540120762493232,8.578461702015453,5.040290326173299,4.7474446296691895,4.637862205505371,,,,,,,,,,,,,,69.95085906982422,1.0,True,0.0
baseline,ip2p,treering,211000000002,add_object,3,background,make the background a forest,,,0.2498887517255547,False,,,,,0.187815323472023,0.2553691267967224,-0.0675538033246994,0.3437929451465606,0.8083416223526001,0.2091630697250366,0.8263333439826965,0.2697909382319816,11.795907054144273,4.567385357436277,4.7536940574646,4.637862205505371,,,,,,,,,,,,,,69.0478515625,0.0,True,0.0
baseline,ip2p,treering,211000000002,add_object,4,style,turn it into a watercolor painting,,,0.107085611716958,False,,,,,0.1958985477685928,0.1620156317949295,0.0338829159736633,0.2173908799886703,0.9270786046981812,0.6136203408241272,0.5055189728736877,0.3376063742461992,7.408889268853487,7.461387482251457,4.747157335281372,4.637862205505371,,,,,,,,,,,,,,71.03064727783203,1.0,True,0.0
baseline,ip2p,treering,211000000003,add_object,0,none,,,,6.105837140845761e-18,True,,,12.932215750492354,0.5377974696454592,,,,,,,,,,,,,,,,,,,,,,,,,,53.815433502197266,,True,
baseline,ip2p,treering,211000000003,add_object,1,add_object,add a hurbat and add a sword,,,2.3285475050920597e-10,True,,,,,0.3493053913116455,0.320480465888977,0.0288249254226684,0.1139052510261535,0.915943682193756,0.9846214652061462,0.1180024743080139,0.847674239997657,25.354421661743615,12.572774085460846,4.748432874679565,4.637862205505371,,,,,,,,,,,,,,59.98017501831055,1.0,True,1.0
baseline,ip2p,treering,211000000003,add_object,2,global_attribute,make it rainy,,,1.4246924818547912e-06,True,,,,,0.3275983035564422,0.3282200694084167,-0.0006217658519744,0.0368516221642494,0.9723811745643616,0.9789328575134276,0.1891190409660339,0.7067728070875021,17.422811519284643,11.941697111554053,4.729078769683838,4.637862205505371,,,,,,,,,,,,,,64.85749053955078,0.0,True,0.0
baseline,ip2p,treering,211000000003,add_object,3,background,make the background a forest,,,2.393562738223369e-06,True,,,,,0.3043457865715027,0.3129342794418335,-0.0085884928703308,-0.0082975924015045,0.9657800197601318,0.9681236743927002,0.2102637439966201,0.6550370852710209,17.341724065923515,10.392931346715566,4.754101753234863,4.637862205505371,,,,,,,,,,,,,,66.95500946044922,0.0,True,0.0
baseline,ip2p,treering,211000000003,add_object,4,style,turn it into a watercolor painting,,,5.6982690239359813e-05,True,,,,,0.2772347927093506,0.2499434351921081,0.0272913575172424,0.15930837392807,0.9521402716636658,0.9131054878234864,0.2900896966457367,0.5051375033968178,8.66491408157136,9.598508748776842,4.747997999191284,4.637862205505371,,,,,,,,,,,,,,69.27426147460938,1.0,True,1.0
baseline,ip2p,treering,211000000004,add_object,0,none,,,,6.410445215056577e-15,True,,,11.671147871202797,0.5847262174552421,,,,,,,,,,,,,,,,,,,,,,,,,,53.84947967529297,,True,
baseline,ip2p,treering,211000000004,add_object,1,add_object,add a cat and add colorful flowers,,,1.9750682063750757e-08,True,,,,,0.3405418992042541,0.2484614253044128,0.0920804738998413,0.2551539540290832,0.9013227820396424,0.907677948474884,0.3127767741680145,0.802810353955823,19.56075322254244,10.75632744161243,4.740101337432861,4.637862205505371,,,,,,,,,,,,,,62.095760345458984,1.0,True,1.0
baseline,ip2p,treering,211000000004,add_object,2,global_attribute,change the season to winter,,,0.0001995608643512,True,,,,,0.2952460944652557,0.3178369700908661,-0.0225908756256103,0.0357541367411613,0.9443201422691344,0.9429680109024048,0.352125883102417,0.7520680058812027,10.143286896878632,10.57269722742619,4.752331972122192,4.637862205505371,,,,,,,,,,,,,,65.63468933105469,0.0,True,0.0
baseline,ip2p,treering,211000000004,add_object,3,background,make the background a desert,,,0.0024424636860452,False,,,,,0.2806015610694885,0.2856228649616241,-0.0050213038921356,0.0799054056406021,0.952219307422638,0.945728063583374,0.517066240310669,0.6083201301890334,9.339254555778178,10.060198454946716,4.754706382751465,4.637862205505371,,,,,,,,,,,,,,69.59221649169922,0.0,True,0.0
baseline,ip2p,treering,211000000004,add_object,4,style,make it anime style,,,0.0137135978579489,False,,,,,0.2663642168045044,0.2760894298553467,-0.0097252130508422,-0.0117545295506715,0.9486618041992188,0.9465745091438292,0.3677133023738861,0.6886232398220922,14.946091322590728,10.058359351030752,4.742879629135132,4.637862205505371,,,,,,,,,,,,,,71.12431335449219,0.0,True,0.0
baseline,ip2p,treering,311000000000,delete_object,0,none,,,,1.5553091904804547e-16,True,,,16.11471088466765,0.6673439488285315,,,,,,,,,,,,,,,,,,,,,,,,,,54.08997344970703,,True,
baseline,ip2p,treering,311000000000,delete_object,1,delete_object,remove the yellow flowers,,,1.3346700379501448e-07,True,,,,,0.2259640842676162,0.2277975380420684,-0.0018334537744522,0.1897689700126648,0.9452322721481324,0.9678239822387696,0.2518187761306762,0.8606461495710594,19.991423178833926,15.750088317790569,4.745100975036621,4.637862205505371,,,,,,,,,,,,,,62.9620475769043,0.0,True,0.0
baseline,ip2p,treering,311000000000,delete_object,2,global_attribute,change the season to winter,,,6.17136179198662e-05,True,,,,,0.2001264989376068,0.190874308347702,0.0092521905899047,0.1698874980211258,0.9785370826721193,0.9594223499298096,0.4960339069366455,0.8254437068850748,11.775887484969822,11.652610270389214,4.748222351074219,4.637862205505371,,,,,,,,,,,,,,65.69068145751953,1.0,True,1.0
baseline,ip2p,treering,311000000000,delete_object,3,background,replace the background with a beach,,,0.0005852578635564,True,,,,,0.177249938249588,0.1845834851264953,-0.0073335468769073,0.0003036204725503,0.9850552678108216,0.9702792763710022,0.1328040659427642,0.9329828929903105,18.459115635518305,9.360522052008433,4.764781713485718,4.637862205505371,,,,,,,,,,,,,,69.31488800048828,0.0,True,0.0
baseline,ip2p,treering,311000000000,delete_object,4,style,make it look cinematic,,,0.0042671691765986,False,,,,,0.1896754503250122,0.1946231126785278,-0.0049476623535156,-0.0063601620495319,0.9903936386108398,0.9681664109230042,0.0742030143737793,0.9177936501116486,18.00712860830091,11.224523849650996,4.753019332885742,4.637862205505371,,,,,,,,,,,,,,69.7468032836914,0.0,True,0.0
baseline,ip2p,treering,311000000001,delete_object,0,none,,,,8.405248118177299e-12,True,,,12.02124600782418,0.4990616687079195,,,,,,,,,,,,,,,,,,,,,,,,,,55.31175994873047,,True,
baseline,ip2p,treering,311000000001,delete_object,1,delete_object,remove the headphones,,,0.0046741932464087,False,,,,,0.1282538324594497,0.1939729154109954,-0.0657190829515457,0.0392926409840583,0.7143871784210205,0.1862890422344207,0.3472882509231567,0.6617922413612768,16.98866947323769,10.658198180340946,4.750179767608643,4.637862205505371,,,,,,,,,,,,,,65.36698150634766,0.0,True,0.0
baseline,ip2p,treering,311000000001,delete_object,2,global_attribute,make it sunset lighting,,,0.2992486522788722,False,,,,,0.1468436568975448,0.0918769240379333,0.0549667328596115,0.244536817073822,0.9163073301315308,0.8817261457443237,0.6160765886306763,0.6496491928809692,12.177128380204552,9.572932958587067,4.757561683654785,4.637862205505371,,,,,,,,,,,,,,67.52762603759766,1.0,True,0.0
baseline,ip2p,treering,311000000001,delete_object,3,background,replace the background with a beach,,,0.0994947061483994,False,,,,,0.1713524758815765,0.1445491313934326,0.0268033444881439,0.2815931737422943,0.9531705379486084,0.9594091176986694,0.4449847936630249,0.7390939954533722,10.34151303735921,9.677606722804402,4.7554614543914795,4.637862205505371,,,,,,,,,,,,,,65.83430480957031,1.0,True,0.0
baseline,ip2p,treering,311000000001,delete_object,4,style,turn it into a watercolor painting,,,0.2701035995666928,False,,,,,0.1542688310146331,0.1470468640327453,0.0072219669818878,0.2447255849838256,0.8863897323608398,0.8942252993583679,0.1531232893466949,0.8321716957461919,16.143802423378993,8.630725997906126,4.735438108444214,4.637862205505371,,,,,,,,,,,,,,73.60115814208984,1.0,True,0.0
baseline,ip2p,treering,311000000002,delete_object,0,none,,,,1.0841448021957336e-09,True,,,12.91504029059443,0.5153142875448721,,,,,,,,,,,,,,,,,,,,,,,,,,57.24256896972656,,True,
baseline,ip2p,treering,311000000002,delete_object,1,delete_object,remove a suit and remove a laptop,,,0.0251703549974761,False,,,,,0.1238172203302383,0.2557296752929687,-0.1319124549627304,-0.0001412048004567,0.7231653332710266,0.2922662198543548,0.4801385402679443,0.6106453383711623,14.434762366229744,10.633139025247903,4.753621816635132,4.637862205505371,,,,,,,,,,,,,,67.58428192138672,0.0,True,0.0
baseline,ip2p,treering,311000000002,delete_object,2,global_attribute,make it nighttime,,,0.1969090947559131,False,,,,,0.2302331179380417,0.117053098976612,0.1131800189614296,0.1107495427131652,0.6722778677940369,0.3547660708427429,0.595511257648468,0.6605638093191776,11.43526209031317,11.854051188694374,4.745074033737183,4.637862205505371,,,,,,,,,,,,,,70.30352020263672,1.0,True,0.0
baseline,ip2p,treering,311000000002,delete_object,3,background,make the background a desert,,,0.1290354745505511,False,,,,,0.2450897991657257,0.2271023541688919,0.0179874449968338,0.2867418527603149,0.947872757911682,0.5863792896270752,0.1115900576114654,0.9281009812600396,24.908707355958455,11.870872552197063,4.752940893173218,4.637862205505371,,,,,,,,,,,,,,71.03251647949219,1.0,True,0.0
baseline,ip2p,treering,311000000002,delete_object,4,style,make it anime style,,,0.2376467633168356,False,,,,,0.2016976326704025,0.2372802495956421,-0.0355826169252395,0.2253753691911697,0.7680035829544067,0.6962563395500183,0.3174371421337127,0.7471585543421325,13.7389075113834,10.105880211413565,4.736462354660034,4.637862205505371,,,,,,,,,,,,,,71.96019744873047,0.0,True,0.0
baseline,ip2p,treering,311000000003,delete_object,0,none,,,,1.456782298168143e-15,True,,,14.59227790397888,0.6504397628733183,,,,,,,,,,,,,,,,,,,,,,,,,,55.287139892578125,,True,
baseline,ip2p,treering,311000000003,delete_object,1,delete_object,remove the flower,,,0.0003690146615363,True,,,,,0.1317930966615677,0.2802931368350982,-0.1485000401735305,-0.1169524565339088,0.6235033869743347,0.2289687246084213,0.5402524471282959,0.5634272409931467,15.649538051822308,11.169021720415008,4.760323762893677,4.637862205505371,,,,,,,,,,,,,,64.63440704345703,0.0,True,0.0
baseline,ip2p,treering,311000000003,delete_object,2,global_attribute,make it sunset lighting,,,0.0036001895119942,False,,,,,0.1593135595321655,0.1403503268957138,0.0189632326364517,0.1512449830770492,0.8968571424484253,0.8451208472251892,0.4131188988685608,0.4646281346111625,11.575357560109667,7.212099311658065,4.74458384513855,4.637862205505371,,,,,,,,,,,,,,65.8350601196289,1.0,True,0.0
baseline,ip2p,treering,311000000003,delete_object,3,background,make the background a forest,,,0.0038717367054009,False,,,,,0.1279094815254211,0.1598202437162399,-0.0319107621908187,0.0580574981868267,0.8951282501220703,0.8636590242385864,0.4679776728153229,0.6443626406833644,16.597253842405713,6.792810126760162,4.7621910572052,4.637862205505371,,,,,,,,,,,,,,66.68822479248047,0.0,True,0.0
baseline,ip2p,treering,311000000003,delete_object,4,style,convert it to an oil painting,,,0.0143126313921944,False,,,,,0.1585184931755066,0.1438768059015274,0.0146416872739791,0.1077760830521583,0.9883903861045836,0.9743983745574952,0.1095631197094917,0.8183726251047886,26.214000159282975,6.907898702309396,4.7420806884765625,4.637862205505371,,,,,,,,,,,,,,68.99727630615234,1.0,True,0.0
baseline,ip2p,treering,311000000004,delete_object,0,none,,,,6.084225404173574e-12,True,,,15.978035620794644,0.5118688489418022,,,,,,,,,,,,,,,,,,,,,,,,,,56.75059127807617,,True,
baseline,ip2p,treering,311000000004,delete_object,1,delete_object,remove an iceberg and remove a plane flying overhead,,,0.134626483970721,False,,,,,0.2281373441219329,0.2162007838487625,0.0119365602731704,-0.1952697932720184,0.9008148908615112,0.8130684494972229,0.4194836616516113,0.5101206638813249,13.804596843988747,13.75947833921703,4.741077661514282,4.637862205505371,,,,,,,,,,,,,,68.30003356933594,0.0,True,0.0
baseline,ip2p,treering,311000000004,delete_object,2,global_attribute,make it rainy,,,0.2148613162229791,False,,,,,0.2730422914028168,0.204383298754692,0.0686589926481247,0.3218497931957245,0.8673144578933716,0.7998080253601074,0.5527286529541016,0.7472450210704441,11.231351327580974,13.281429366226488,4.738775730133057,4.637862205505371,,,,,,,,,,,,,,71.58228302001953,1.0,True,0.0
baseline,ip2p,treering,311000000004,delete_object,3,background,make the background a city street,,,0.1017434897777964,False,,,,,0.2530950009822845,0.2456344664096832,0.0074605345726013,0.0704100728034973,0.8945212364196777,0.8575024604797363,0.53603196144104,0.7265650067670024,18.361067075197127,13.219329722591588,4.755710124969482,4.637862205505371,,,,,,,,,,,,,,71.97567749023438,1.0,True,0.0
baseline,ip2p,treering,311000000004,delete_object,4,style,convert it to an oil painting,,,0.1416170281732524,False,,,,,0.2531985938549042,0.2417938113212585,0.0114047825336456,0.1390231251716613,0.9826840162277222,0.9608057141304016,0.1236531883478164,0.8835203776117169,24.162784235484366,13.156902269596952,4.752408742904663,4.637862205505371,,,,,,,,,,,,,,73.19917297363281,1.0,True,0.0
baseline,ip2p,treering,411000000000,change_content,0,none,,,,4.4288992404640577e-11,True,,,11.765897500315129,0.6226956947258134,,,,,,,,,,,,,,,,,,,,,,,,,,57.11982727050781,,True,
baseline,ip2p,treering,411000000000,change_content,1,change_content,change the big to small and make it big,,,2.375174274625483e-06,True,,,,,0.3062373101711273,0.3028120100498199,0.0034253001213073,0.0469904467463493,0.9950456619262696,0.979189932346344,0.0183583907783031,0.9099422781714668,35.918010615498474,11.708847172575805,4.756488800048828,4.637862205505371,,,,,,,,,,,,,,64.33401489257812,1.0,True,1.0
baseline,ip2p,treering,411000000000,change_content,2,global_attribute,make it nighttime,,,0.000114849557798,True,,,,,0.2862769067287445,0.2859614193439483,0.0003154873847961,0.0986221730709075,0.9939557909965516,0.9905776977539062,0.0788089632987976,0.8013366813927041,17.70950368718571,10.111546580165484,4.759314775466919,4.637862205505371,,,,,,,,,,,,,,67.06828308105469,1.0,True,1.0
baseline,ip2p,treering,411000000000,change_content,3,background,replace the background with a beach,,,0.0010717178554751,False,,,,,0.2875638008117676,0.2659665048122406,0.0215972959995269,0.0001530516892671,0.9590935111045836,0.9681048393249512,0.1990631520748138,0.5998791045917916,12.035468947358265,10.79339084168735,4.74454927444458,4.637862205505371,,,,,,,,,,,,,,69.14300537109375,1.0,True,0.0
baseline,ip2p,treering,411000000000,change_content,4,style,turn it into a watercolor painting,,,0.0815647812055698,False,,,,,0.2937923669815063,0.2843636274337768,0.0094287395477294,0.0366129614412784,0.9613271355628968,0.9527729749679564,0.1655540764331817,0.6347834077233475,15.646963702234023,9.569624757228434,4.728092432022095,4.637862205505371,,,,,,,,,,,,,,77.27384185791016,1.0,True,0.0
baseline,ip2p,treering,411000000001,change_content,0,none,,,,7.11573070353453e-22,True,,,12.299949138989712,0.2561253385255512,,,,,,,,,,,,,,,,,,,,,,,,,,52.92195129394531,,True,
baseline,ip2p,treering,411000000001,change_content,1,change_content,change the spread out to fold in,,,0.0069038799110366,False,,,,,0.1540078818798065,0.2774833142757416,-0.123475432395935,0.0772278904914856,0.7038645148277283,0.1628596186637878,0.771445631980896,0.1790210663760084,11.437002406337225,10.57838935183246,4.757495403289795,4.637862205505371,,,,,,,,,,,,,,70.32129669189453,0.0,True,0.0
baseline,ip2p,treering,411000000001,change_content,2,global_attribute,change the season to winter,,,0.0198256745661041,False,,,,,0.127818763256073,0.1133607923984527,0.0144579708576202,0.0936107188463211,0.9767286777496338,0.9730619192123412,0.3628892004489898,0.7615464208764721,9.972530584493418,6.8914882596713145,4.759314775466919,4.637862205505371,,,,,,,,,,,,,,71.59601593017578,1.0,True,0.0
baseline,ip2p,treering,411000000001,change_content,3,background,replace the background with a beach,,,0.067290797549932,False,,,,,0.1945253312587738,0.1009169220924377,0.093608409166336,0.2262906730175018,0.7925652265548706,0.197241723537445,0.7093728184700012,0.4408164362198462,9.588585319472116,5.1676667043426665,4.7474799156188965,4.637862205505371,,,,,,,,,,,,,,78.15785217285156,1.0,True,0.0
baseline,ip2p,treering,411000000001,change_content,4,style,make it anime style,,,0.0683381205210795,False,,,,,0.2340262532234192,0.2106887400150299,0.0233375132083892,0.307186484336853,0.8985595703125,0.419414609670639,0.521266520023346,0.6699939547034134,15.876610594700352,4.261381938832443,4.755701541900635,4.637862205505371,,,,,,,,,,,,,,71.60626220703125,1.0,True,0.0
baseline,ip2p,treering,411000000002,change_content,0,none,,,,1.755998985485715e-09,True,,,9.96064714226864,0.3497093628605268,,,,,,,,,,,,,,,,,,,,,,,,,,56.13054656982422,,True,
baseline,ip2p,treering,411000000002,change_content,1,change_content,change the scarf to cloak,,,0.0003739247786947,True,,,,,0.258366048336029,0.2887519001960754,-0.0303858518600463,0.1131957545876503,0.9021519422531128,0.8123279809951782,0.2168465554714203,0.7004154529541667,15.631924413391149,9.676267987691322,4.755234003067017,4.637862205505371,,,,,,,,,,,,,,64.49423217773438,0.0,True,0.0
baseline,ip2p,treering,411000000002,change_content,2,global_attribute,change the season to winter,,,0.0145456661410671,False,,,,,0.3169222772121429,0.2538710236549377,0.0630512535572052,0.1054039373993873,0.935702621936798,0.9585591554641724,0.4662913680076599,0.6705438397843393,8.717389554994096,9.16753394315836,4.739118814468384,4.637862205505371,,,,,,,,,,,,,,67.56269836425781,1.0,True,0.0
baseline,ip2p,treering,411000000002,change_content,3,background,make the background a city street,,,0.1477134813664088,False,,,,,0.1476162075996399,0.2806814908981323,-0.1330652832984924,0.2270449101924896,0.7008225917816162,0.0838686004281044,0.7793174386024475,0.3796064545420625,10.465817601889563,9.057240396441207,4.760660171508789,4.637862205505371,,,,,,,,,,,,,,72.0784683227539,0.0,True,0.0
baseline,ip2p,treering,411000000002,change_content,4,style,make it look cinematic,,,0.3989840823598585,False,,,,,0.1877649426460266,0.1585749983787536,0.0291899442672729,0.1647877693176269,0.9547860622406006,0.9195849299430848,0.2070113122463226,0.5955594781878524,9.074758420271213,7.327512432413581,4.753241539001465,4.637862205505371,,,,,,,,,,,,,,72.73677062988281,1.0,True,0.0
baseline,ip2p,treering,411000000003,change_content,0,none,,,,6.374250346078758e-35,True,,,13.93018703873707,0.5902702029811789,,,,,,,,,,,,,,,,,,,,,,,,,,48.19135665893555,,True,
baseline,ip2p,treering,411000000003,change_content,1,change_content,change the furry wolf to bald wolf,,,1.9153022727238332e-20,True,,,,,0.2514929175376892,0.2645326256752014,-0.0130397081375122,-0.0285443142056465,0.9662202596664428,0.9573192596435548,0.113154113292694,0.8668590990012257,24.631510984953593,13.561108114344142,4.737274885177612,4.637862205505371,,,,,,,,,,,,,,53.762508392333984,0.0,True,0.0
baseline,ip2p,treering,411000000003,change_content,2,global_attribute,make it sunset lighting,,,3.053353063284293e-05,True,,,,,0.290056049823761,0.2441611588001251,0.0458948910236358,0.2092466056346893,0.9224140644073486,0.8424098491668701,0.6473049521446228,0.3810571102398434,12.06333355255661,9.245616239752644,4.740551710128784,4.637862205505371,,,,,,,,,,,,,,63.71424102783203,1.0,True,1.0
baseline,ip2p,treering,411000000003,change_content,3,background,make the background a forest,,,0.0007919454347972,True,,,,,0.2728743255138397,0.2861231565475464,-0.0132488310337066,0.1337795257568359,0.9788153767585754,0.9509096741676332,0.3299088478088379,0.6833074779314637,17.532336988718157,9.930018883550964,4.747362852096558,4.637862205505371,,,,,,,,,,,,,,65.98529052734375,0.0,True,0.0
baseline,ip2p,treering,411000000003,change_content,4,style,convert it to an oil painting,,,0.0036374539517636,False,,,,,0.269860565662384,0.2677845954895019,0.002075970172882,0.1344718337059021,0.9788933396339417,0.9707569479942322,0.1855491250753402,0.7533275399291691,18.11593062715289,9.659102264397198,4.754462718963623,4.637862205505371,,,,,,,,,,,,,,68.33869934082031,1.0,True,0.0
baseline,ip2p,treering,411000000004,change_content,0,none,,,,1.5254151023307862e-19,True,,,14.498951229536337,0.4449626998229634,,,,,,,,,,,,,,,,,,,,,,,,,,52.4425163269043,,True,
baseline,ip2p,treering,411000000004,change_content,1,change_content,change the shepherd dog to poodle dog and make it luxury,,,4.396500720971811e-09,True,,,,,0.3176410496234894,0.2919713854789734,0.0256696641445159,0.1916820406913757,0.9502034783363342,0.8548043966293335,0.1512382179498672,0.7921021626783693,22.589088153222683,13.43053528423052,4.759767532348633,4.637862205505371,,,,,,,,,,,,,,60.020301818847656,1.0,True,1.0
baseline,ip2p,treering,411000000004,change_content,2,global_attribute,change the season to winter,,,0.0001115981122252,True,,,,,0.3105725049972534,0.2900803983211517,0.0204921066761016,0.1183471232652664,0.9232217073440552,0.8986969590187073,0.2899717390537262,0.6418002439004767,10.396857801070295,11.15966268997544,4.7427496910095215,4.637862205505371,,,,,,,,,,,,,,65.45934295654297,1.0,True,1.0
baseline,ip2p,treering,411000000004,change_content,3,background,make the background a city street,,,0.0838415680749601,False,,,,,0.1175442039966583,0.2965543866157532,-0.1790101826190948,0.1963082104921341,0.68040931224823,-0.0070633329451084,0.6765307188034058,0.2674008699366862,10.343497230492869,9.550237195953953,4.760031700134277,4.637862205505371,,,,,,,,,,,,,,67.23603820800781,0.0,True,0.0
baseline,ip2p,treering,411000000004,change_content,4,style,make it look cinematic,,,0.0721542361277636,False,,,,,0.1366832107305526,0.139842227101326,-0.0031590163707733,-0.1081774607300758,0.9917483925819396,0.9922336339950562,0.0560306087136268,0.8999766908180492,21.94166388003459,9.358207940710088,4.754902601242065,4.637862205505371,,,,,,,,,,,,,,71.20983123779297,0.0,True,0.0
baseline,ip2p,treering,511000000000,change_pose,0,none,,,,9.71651067413481e-22,True,,,14.800002041836052,0.4676667249221436,,,,,,,,,,,,,,,,,,,,,,,,,,51.5604362487793,,True,
baseline,ip2p,treering,511000000000,change_pose,1,change_pose,make it tail down and make it jumping,,,3.4620934702177636e-11,True,,,,,0.215632826089859,0.1943962126970291,0.0212366133928298,0.1783914566040039,0.8152226209640503,0.7818628549575806,0.5140401124954224,0.5383127516149969,21.156607896613053,14.94345997775255,4.742992162704468,4.637862205505371,,,,,,,,,,,,,,60.63687515258789,1.0,True,1.0
baseline,ip2p,treering,511000000000,change_pose,2,global_attribute,make it nighttime,,,2.1490975525732354e-06,True,,,,,0.2283076047897339,0.1996971070766449,0.0286104977130889,0.1425390243530273,0.9473167657852172,0.8787211775779724,0.3310573697090149,0.3888974141555693,11.624640637840958,10.298196578094972,4.720849275588989,4.637862205505371,,,,,,,,,,,,,,64.38568115234375,1.0,True,1.0
baseline,ip2p,treering,511000000000,change_pose,3,background,make the background a city street,,,0.0553476327214293,False,,,,,0.1717907190322876,0.2307365238666534,-0.0589458048343658,0.1935045421123504,0.7090408802032471,0.0531036704778671,0.7462702989578247,0.2144863097921157,10.124901929638174,12.172247227896651,4.707026720046997,4.637862205505371,,,,,,,,,,,,,,68.26667022705078,0.0,True,0.0
baseline,ip2p,treering,511000000000,change_pose,4,style,convert it to an oil painting,,,0.1019567919523657,False,,,,,0.1749280393123626,0.1578021049499511,0.0171259343624115,0.1194440126419067,0.9905365705490112,0.987757682800293,0.0877520889043808,0.8430427121200962,25.37967882458065,11.833601207109709,4.724032878875732,4.637862205505371,,,,,,,,,,,,,,72.82494354248047,1.0,True,0.0
baseline,ip2p,treering,511000000001,change_pose,0,none,,,,2.133537912229092e-16,True,,,11.14319501116579,0.3282331817065405,,,,,,,,,,,,,,,,,,,,,,,,,,53.39867401123047,,True,
baseline,ip2p,treering,511000000001,change_pose,1,change_pose,change the standing to sitting and make it tilting its head and make it wagging its tail,,,2.9575759374375045e-08,True,,,,,0.2109211683273315,0.2112858295440673,-0.0003646612167358,-0.0050888126716017,0.9950183033943176,0.9963724613189696,0.0436529368162155,0.8991647306025491,32.0175143513091,11.086689628084692,4.755121946334839,4.637862205505371,,,,,,,,,,,,,,60.315956115722656,0.0,True,0.0
baseline,ip2p,treering,511000000001,change_pose,2,global_attribute,make it rainy,,,0.0005664645394419,True,,,,,0.2020223438739776,0.1917706131935119,0.0102517306804656,0.1921342462301254,0.9679397344589232,0.9775820970535278,0.1888238787651062,0.747334820179979,15.226424947333664,9.646160493333475,4.75523042678833,4.637862205505371,,,,,,,,,,,,,,67.25437927246094,1.0,True,1.0
baseline,ip2p,treering,511000000001,change_pose,3,background,make the background a desert,,,0.0063108790951217,False,,,,,0.2058465182781219,0.1953796148300171,0.0104669034481048,0.1204270347952842,0.9707439541816713,0.9877966046333312,0.136435329914093,0.8266936619784954,19.96762694894308,9.640690250073728,4.73947286605835,4.637862205505371,,,,,,,,,,,,,,70.0022964477539,1.0,True,0.0
baseline,ip2p,treering,511000000001,change_pose,4,style,make it look cinematic,,,0.009381643272093,False,,,,,0.2058717608451843,0.2015847563743591,0.0042870044708251,0.0160003751516342,0.9901021122932434,0.9949933886528016,0.0333192981779575,0.929426483917483,27.429501329598963,9.751720064462576,4.76108980178833,4.637862205505371,,,,,,,,,,,,,,70.28582000732422,1.0,True,0.0
baseline,ip2p,treering,511000000002,change_pose,0,none,,,,3.45113082211789e-20,True,,,15.648786517165716,0.4364875460185859,,,,,,,,,,,,,,,,,,,,,,,,,,52.84537887573242,,True,
baseline,ip2p,treering,511000000002,change_pose,1,change_pose,make it its mouth open and change the sitting to standing and make it roaring,,,3.618721851249515e-09,True,,,,,0.2221638858318328,0.2445829361677169,-0.022419050335884,0.1186678558588028,0.7506870031356812,0.5094287395477295,0.3441552221775055,0.5155313768730179,17.772595214602095,14.387607576660423,4.757359504699707,4.637862205505371,,,,,,,,,,,,,,61.67562103271485,0.0,True,0.0
baseline,ip2p,treering,511000000002,change_pose,2,global_attribute,change the season to winter,,,5.526246626051826e-07,True,,,,,0.2363867759704589,0.1924260109663009,0.043960765004158,0.1933791935443878,0.9655154943466188,0.9669904708862304,0.4105361104011535,0.6068017853629925,11.026685734739177,10.364301397082286,4.761568784713745,4.637862205505371,,,,,,,,,,,,,,65.14476776123047,1.0,True,1.0
baseline,ip2p,treering,511000000002,change_pose,3,background,replace the background with a beach,,,7.398500395035463e-05,True,,,,,0.203234389424324,0.210839182138443,-0.0076047927141189,0.0929504483938217,0.9409981966018676,0.9798274636268616,0.1897588223218917,0.8071086618971407,17.506573984581635,9.65881984468078,4.762505054473877,4.637862205505371,,,,,,,,,,,,,,68.6177978515625,0.0,True,0.0
baseline,ip2p,treering,511000000002,change_pose,4,style,make it look cinematic,,,0.0008832463267404,True,,,,,0.2009951472282409,0.2015852481126785,-0.0005901008844375,0.0305014066398143,0.9916074872016908,0.992396593093872,0.0577591992914676,0.918117297878426,26.719529525587845,9.930328009211118,4.743914842605591,4.637862205505371,,,,,,,,,,,,,,70.25093841552734,0.0,True,0.0
baseline,ip2p,treering,511000000003,change_pose,0,none,,,,0.000104137804322,True,,,12.327885752453083,0.5846368447194995,,,,,,,,,,,,,,,,,,,,,,,,,,63.26549530029297,,True,
baseline,ip2p,treering,511000000003,change_pose,1,change_pose,change the wings spread to wings folded and make it beak pointed downward,,,0.2933215401117258,False,,,,,0.1767788380384445,0.2743620574474334,-0.0975832194089889,0.0328810699284076,0.7598176002502441,0.1897907108068466,0.833087682723999,0.5681074523150224,8.925764917655188,8.105186419714492,4.755321025848389,4.637862205505371,,,,,,,,,,,,,,71.53739929199219,0.0,True,0.0
baseline,ip2p,treering,511000000003,change_pose,2,global_attribute,make it nighttime,,,0.2374984760328698,False,,,,,0.1857394278049469,0.171215146780014,0.0145242810249328,0.2371709048748016,0.9598972201347352,0.968824565410614,0.1516471207141876,0.7566580462082403,10.638535832262974,9.091072207238645,4.749788761138916,4.637862205505371,,,,,,,,,,,,,,69.56021881103516,1.0,True,0.0
baseline,ip2p,treering,511000000003,change_pose,3,background,make the background a city street,,,0.2852278542961663,False,,,,,0.2241689711809158,0.1818010807037353,0.0423678904771804,0.1769261658191681,0.9087383151054382,0.9256432056427002,0.3286547064781189,0.7763394062473185,17.171465086302536,9.73089021270046,4.747311592102051,4.637862205505371,,,,,,,,,,,,,,70.77388763427734,1.0,True,0.0
baseline,ip2p,treering,511000000003,change_pose,4,style,convert it to an oil painting,,,0.3283975938834939,False,,,,,0.2296741902828216,0.2261999547481537,0.0034742355346679,0.1064029708504676,0.973547101020813,0.9860137701034546,0.0836247503757476,0.8980430352389345,21.615609582823797,9.592326930363113,4.743438959121704,4.637862205505371,,,,,,,,,,,,,,73.04049682617188,1.0,True,0.0
baseline,ip2p,treering,511000000004,change_pose,0,none,,,,1.2972740694425565e-18,True,,,12.296263662951834,0.5759113325468924,,,,,,,,,,,,,,,,,,,,,,,,,,55.207969665527344,,True,
baseline,ip2p,treering,511000000004,change_pose,1,change_pose,make it eyes closed and change the sitting to lying and make it above its head,,,3.151994965833803e-12,True,,,,,0.2262729406356811,0.23720683157444,-0.0109338909387588,0.016211686655879,0.9535979628562928,0.9908183217048644,0.0473326481878757,0.924464043967255,30.589342657144847,12.316313272134432,4.743750810623169,4.637862205505371,,,,,,,,,,,,,,59.895233154296875,0.0,True,0.0
baseline,ip2p,treering,511000000004,change_pose,2,global_attribute,make it nighttime,,,7.298136346350046e-06,True,,,,,0.2339335978031158,0.2226130962371826,0.0113205015659332,0.0120608955621719,0.9728453159332277,0.9639057517051696,0.3422683477401733,0.3893608469226529,9.58916616466096,7.13753263087686,4.756316661834717,4.637862205505371,,,,,,,,,,,,,,65.17163848876953,1.0,True,1.0
baseline,ip2p,treering,511000000004,change_pose,3,background,make the background a forest,,,0.0002574922841258,True,,,,,0.2311040610074997,0.2361075580120086,-0.0050034970045089,0.1054322570562362,0.9853602051734924,0.9854087233543396,0.118341788649559,0.8645603658410012,27.87873012816887,7.004879794269287,4.765074729919434,4.637862205505371,,,,,,,,,,,,,,67.5020751953125,0.0,True,0.0
baseline,ip2p,treering,511000000004,change_pose,4,style,make it look cinematic,,,0.0032778348842111,False,,,,,0.2237718105316162,0.2272930890321731,-0.0035212785005569,0.0007452219724655,0.9946097135543824,0.9928761720657348,0.0338047556579113,0.941893675331272,31.19433915893486,6.79581904871747,4.764398574829102,4.637862205505371,,,,,,,,,,,,,,69.76818084716797,0.0,True,0.0
baseline,ip2p,treering,611000000000,change_color,0,none,,,,3.0029665685685777e-33,True,,,15.135664719849911,0.3940092135498449,,,,,,,,,,,,,,,,,,,,,,,,,,48.88472366333008,,True,
baseline,ip2p,treering,611000000000,change_color,1,change_color,change the black to white and change the red to green,,,1.6817830177802652e-18,True,,,,,0.2389407157897949,0.2472118288278579,-0.008271113038063,0.036040686070919,0.9269229173660278,0.935293197631836,0.252898097038269,0.7379200658214441,18.10174922119985,12.43225854237316,4.7262187004089355,4.637862205505371,,,,,,,,,,,,,,54.78867721557617,0.0,True,0.0
baseline,ip2p,treering,611000000000,change_color,2,global_attribute,change the season to winter,,,1.337009647107455e-11,True,,,,,0.2366832941770553,0.257943332195282,-0.0212600380182266,0.0287689492106437,0.9534351229667664,0.9562307596206664,0.3199634552001953,0.7410706029588786,12.919651074830648,7.914405861605943,4.7483532428741455,4.637862205505371,,,,,,,,,,,,,,62.431156158447266,0.0,True,0.0
baseline,ip2p,treering,611000000000,change_color,3,background,make the background a desert,,,2.2170438850310854e-11,True,,,,,0.2216176241636276,0.2360448241233825,-0.0144271999597549,-0.0239802077412605,0.9147303104400636,0.952619969844818,0.2550406754016876,0.7838437286288048,14.26974196299003,8.163012631322562,4.755428791046143,4.637862205505371,,,,,,,,,,,,,,62.98392105102539,0.0,True,0.0
baseline,ip2p,treering,611000000000,change_color,4,style,convert it to an oil painting,,,1.7401225840865444e-10,True,,,,,0.2444843202829361,0.2323518395423889,0.0121324807405471,0.0170301608741283,0.9873341917991638,0.9899616241455078,0.0562124028801918,0.9206692941311374,23.9997604843883,7.709409219419595,4.774828672409058,4.637862205505371,,,,,,,,,,,,,,65.20201110839844,1.0,True,1.0
baseline,ip2p,treering,611000000001,change_color,0,none,,,,2.2452389264508886e-14,True,,,12.18853979696284,0.4134768856029399,,,,,,,,,,,,,,,,,,,,,,,,,,55.85511779785156,,True,
baseline,ip2p,treering,611000000001,change_color,1,change_color,make it white and change the pink to green,,,3.372949067314429e-05,True,,,,,0.2796073853969574,0.225947231054306,0.0536601543426513,0.2552485764026642,0.9273509979248048,0.90605628490448,0.4582953751087188,0.6559758892723386,12.146964844538168,9.139662147893224,4.737727403640747,4.637862205505371,,,,,,,,,,,,,,65.37779998779297,1.0,True,1.0
baseline,ip2p,treering,611000000001,change_color,2,global_attribute,make it nighttime,,,0.0022564476332595,False,,,,,0.2630975544452667,0.2729589939117431,-0.0098614394664764,0.1514115780591964,0.9663145542144777,0.9089714288711548,0.2659972012042999,0.2307955397212499,8.752119912709128,7.271989202114181,4.747430086135864,4.637862205505371,,,,,,,,,,,,,,65.28956604003906,0.0,True,0.0
baseline,ip2p,treering,611000000001,change_color,3,background,make the background a city street,,,0.0397156820428996,False,,,,,0.1806484013795852,0.24529829621315,-0.0646498948335647,0.2262861579656601,0.6956479549407959,-0.0126001015305519,0.6754525303840637,0.2415839080079765,11.163820020711032,8.672176499773137,4.754749298095703,4.637862205505371,,,,,,,,,,,,,,66.83111572265625,0.0,True,0.0
baseline,ip2p,treering,611000000001,change_color,4,style,make it look cinematic,,,0.0407961377232753,False,,,,,0.1980423033237457,0.1913695037364959,0.0066727995872497,0.0883140116930008,0.9936553239822388,0.9946755766868592,0.0348119363188743,0.9278380487379776,29.03273996958498,8.556405480071293,4.750508546829224,4.637862205505371,,,,,,,,,,,,,,70.49969482421875,1.0,True,0.0
baseline,ip2p,treering,611000000002,change_color,0,none,,,,1.3122366268148336e-20,True,,,9.924643782276648,0.2523711651348588,,,,,,,,,,,,,,,,,,,,,,,,,,51.2351188659668,,True,
baseline,ip2p,treering,611000000002,change_color,1,change_color,change the brown to black and make it white,,,3.674673369492812e-08,True,,,,,0.3575129508972168,0.317218005657196,0.0402949452400207,0.354131281375885,0.9111833572387696,0.8068910837173462,0.4412376582622528,0.5229160570516626,9.271732577628775,8.591111819427638,4.746485233306885,4.637862205505371,,,,,,,,,,,,,,62.01812744140625,1.0,True,1.0
baseline,ip2p,treering,611000000002,change_color,2,global_attribute,change the season to winter,,,1.295696811299813e-05,True,,,,,0.3571018576622009,0.3621134161949157,-0.0050115585327148,0.1167934462428093,0.9746496677398682,0.9735689759254456,0.1053546369075775,0.8566605747513713,23.040155529904,8.056906317517397,4.75274133682251,4.637862205505371,,,,,,,,,,,,,,67.12008666992188,0.0,True,0.0
baseline,ip2p,treering,611000000002,change_color,3,background,make the background a forest,,,0.0003010176697399,True,,,,,0.3118067681789398,0.3545798361301422,-0.0427730679512023,0.0461876168847084,0.9077386856079102,0.8991835117340088,0.5225310325622559,0.4323087350769423,8.082922334467336,8.923642867958534,4.760146379470825,4.637862205505371,,,,,,,,,,,,,,70.94683837890625,0.0,True,0.0
baseline,ip2p,treering,611000000002,change_color,4,style,make it look cinematic,,,0.0003031128448608,True,,,,,0.3032566905021667,0.3066899180412292,-0.0034332275390625,-0.0596791133284568,0.9899697303771972,0.9884968996047974,0.0539416447281837,0.8954673929017414,25.937355050437688,8.555933633141578,4.7553229331970215,4.637862205505371,,,,,,,,,,,,,,71.75595092773438,0.0,True,0.0
baseline,ip2p,treering,611000000003,change_color,0,none,,,,3.937620379174712e-31,True,,,14.246070807093062,0.5048028445149285,,,,,,,,,,,,,,,,,,,,,,,,,,49.672218322753906,,True,
baseline,ip2p,treering,611000000003,change_color,1,change_color,change the white to pink and make it red,,,1.871836060512993e-17,True,,,,,0.340789794921875,0.3003647923469543,0.0404250025749206,0.3846339285373688,0.9606668949127196,0.931445062160492,0.2967272698879242,0.8012181215377273,15.595623833544296,11.886435985871874,4.744772911071777,4.637862205505371,,,,,,,,,,,,,,56.61702346801758,1.0,True,1.0
baseline,ip2p,treering,611000000003,change_color,2,global_attribute,change the season to winter,,,1.9812688903077663e-08,True,,,,,0.2958243489265442,0.3182087540626526,-0.0223844051361084,0.0359194092452526,0.952549934387207,0.9557532668113708,0.3875539898872375,0.6526594215513372,7.949768515038118,8.234138370046889,4.733865737915039,4.637862205505371,,,,,,,,,,,,,,61.46409225463867,0.0,True,0.0
baseline,ip2p,treering,611000000003,change_color,3,background,make the background a forest,,,6.940159736047916e-07,True,,,,,0.2720310688018799,0.2768417000770569,-0.004810631275177,0.094612255692482,0.9268393516540528,0.889279842376709,0.2922010421752929,0.6462181146106949,18.96361117152559,8.623641871677409,4.745622158050537,4.637862205505371,,,,,,,,,,,,,,65.92015075683594,0.0,True,0.0
baseline,ip2p,treering,611000000003,change_color,4,style,convert it to an oil painting,,,5.738224809625976e-06,True,,,,,0.2666144967079162,0.2628031969070434,0.0038112998008728,0.0017690975219011,0.9793621301651,0.9919878244400024,0.0822864174842834,0.9206732101093256,25.880812791448903,8.85463344750522,4.751111268997192,4.637862205505371,,,,,,,,,,,,,,68.07784271240234,1.0,True,1.0
baseline,ip2p,treering,611000000004,change_color,0,none,,,,6.515797346375174e-07,True,,,15.07276417039832,0.5971714514274993,,,,,,,,,,,,,,,,,,,,,,,,,,60.14811325073242,,True,
baseline,ip2p,treering,611000000004,change_color,1,change_color,change the white to purple and make it black,,,0.0018056632720482,False,,,,,0.3027368783950805,0.2200444936752319,0.0826923847198486,0.314481645822525,0.9089519381523132,0.9468082189559937,0.1662104278802871,0.7073243047600307,16.72424919945975,11.998030911274238,4.760181427001953,4.637862205505371,,,,,,,,,,,,,,69.53466796875,1.0,True,0.0
baseline,ip2p,treering,611000000004,change_color,2,global_attribute,change the season to winter,,,0.4053300308055474,False,,,,,0.2059511840343475,0.3097233176231384,-0.1037721335887909,0.1864611208438873,0.705251157283783,0.6120415925979614,0.6182679533958435,0.2923205097179133,11.61811068063326,13.10885921873954,4.7637481689453125,4.637862205505371,,,,,,,,,,,,,,71.45661163330078,0.0,True,0.0
baseline,ip2p,treering,611000000004,change_color,3,background,make the background a city street,,,0.3099209122979761,False,,,,,0.1501780897378921,0.2109246253967285,-0.0607465356588363,0.1730097830295562,0.712526798248291,0.0445337146520614,0.7960804104804993,0.2514632691496912,10.703791981784294,9.267256090986798,4.7512288093566895,4.637862205505371,,,,,,,,,,,,,,72.22071838378906,0.0,True,0.0
baseline,ip2p,treering,611000000004,change_color,4,style,make it anime style,,,0.236696238187016,False,,,,,0.1614986211061477,0.1485165059566497,0.0129821151494979,0.0214306768029928,0.9913547039031982,0.985235333442688,0.0672754794359207,0.8869898086244771,23.970283897920588,8.90995008261651,4.748962163925171,4.637862205505371,,,,,,,,,,,,,,76.74524688720703,1.0,True,0.0
baseline,ip2p,treering,711000000000,change_material,0,none,,,,3.786134889087303e-08,True,,,18.948392745732423,0.7159292552456411,,,,,,,,,,,,,,,,,,,,,,,,,,57.71159362792969,,True,
baseline,ip2p,treering,711000000000,change_material,1,change_material,make it knitted and make it toy,,,0.1330613509039779,False,,,,,0.2467962056398391,0.2892700731754303,-0.0424738675355911,0.1819072812795639,0.7656660079956055,0.584003210067749,0.4445585906505584,0.3943312663311244,15.552639007225222,14.9230607749365,4.7633278369903564,4.637862205505371,,,,,,,,,,,,,,68.74394226074219,0.0,True,0.0
baseline,ip2p,treering,711000000000,change_material,2,global_attribute,change the season to winter,,,0.1363783427903419,False,,,,,0.2190947085618972,0.2097279727458953,0.0093667358160018,0.0613309293985366,0.9495166540145874,0.9676252603530884,0.2091370075941085,0.7809150174017883,14.923091346763044,12.412391775563451,4.739363431930542,4.637862205505371,,,,,,,,,,,,,,69.33118438720703,1.0,True,0.0
baseline,ip2p,treering,711000000000,change_material,3,background,make the background a desert,,,0.2557852674715825,False,,,,,0.2434162646532058,0.2106776535511016,0.0327386111021041,0.2241791933774948,0.966401755809784,0.9735285043716432,0.114007219672203,0.8799162456123124,18.67477423964555,12.254366046438218,4.738194227218628,4.637862205505371,,,,,,,,,,,,,,72.31664276123047,1.0,True,0.0
baseline,ip2p,treering,711000000000,change_material,4,style,convert it to an oil painting,,,0.4502665170474282,False,,,,,0.2353812158107757,0.2302495688199997,0.005131646990776,0.0534613318741321,0.9710049629211426,0.9722203016281128,0.0863727778196334,0.9028499425379288,21.396845783504347,12.169536341493467,4.732652902603149,4.637862205505371,,,,,,,,,,,,,,75.57042694091797,1.0,True,0.0
baseline,ip2p,treering,711000000001,change_material,0,none,,,,2.2839901684743655e-20,True,,,12.079771466857352,0.2781366347990644,,,,,,,,,,,,,,,,,,,,,,,,,,51.500152587890625,,True,
baseline,ip2p,treering,711000000001,change_material,1,change_material,make it wooden and make it toy,,,9.139582835354912e-08,True,,,,,0.2998323440551758,0.2375600636005401,0.0622722804546356,0.2790603935718536,0.888601541519165,0.4235684871673584,0.1207830607891082,0.9091480750674052,23.61960718003191,11.637046075634307,4.753952264785767,4.637862205505371,,,,,,,,,,,,,,62.86324691772461,1.0,True,1.0
baseline,ip2p,treering,711000000001,change_material,2,global_attribute,make it nighttime,,,0.0001686715835997,True,,,,,0.2972738146781921,0.2819990515708923,0.0152747631072998,0.1090204864740371,0.977609395980835,0.8939290642738342,0.122997373342514,0.5657750653314474,15.309161420501948,9.761527810537697,4.752146244049072,4.637862205505371,,,,,,,,,,,,,,69.97354888916016,1.0,True,1.0
baseline,ip2p,treering,711000000001,change_material,3,background,make the background a desert,,,0.0002673890729729,True,,,,,0.2918131351470947,0.2998810708522796,-0.0080679357051849,0.0656397715210914,0.9647475481033324,0.9608120322227478,0.1675791591405868,0.7932832448703699,16.31663234217894,8.97850161918069,4.750743389129639,4.637862205505371,,,,,,,,,,,,,,70.06546020507812,0.0,True,0.0
baseline,ip2p,treering,711000000001,change_material,4,style,make it look cinematic,,,0.0006925118155243,True,,,,,0.2877958416938782,0.293354332447052,-0.0055584907531738,0.0369140431284904,0.9934480786323548,0.990062177181244,0.0245861355215311,0.9498115034233268,28.020551826318226,9.085024393174232,4.757139205932617,4.637862205505371,,,,,,,,,,,,,,71.68848419189453,0.0,True,0.0
baseline,ip2p,treering,711000000002,change_material,0,none,,,,2.771499288082949e-11,True,,,12.634222925341652,0.679503607681033,,,,,,,,,,,,,,,,,,,,,,,,,,56.401031494140625,,True,
baseline,ip2p,treering,711000000002,change_material,1,change_material,change the blue to plastic and make it golden,,,1.1112520486303237e-05,True,,,,,0.2982094585895538,0.2832406163215637,0.0149688422679901,0.1733464300632476,0.9600188732147216,0.9763604402542114,0.1621581465005874,0.7114261403922724,14.723909373341934,8.851653511235774,4.756683826446533,4.637862205505371,,,,,,,,,,,,,,65.38166809082031,1.0,True,1.0
baseline,ip2p,treering,711000000002,change_material,2,global_attribute,change the season to winter,,,0.0053286600806923,False,,,,,0.2925029397010803,0.295747697353363,-0.0032447576522827,0.0478707924485206,0.918010950088501,0.9346431493759156,0.5663986206054688,0.6228269514167699,6.103428277224508,10.493249170991415,4.760457277297974,4.637862205505371,,,,,,,,,,,,,,66.6676254272461,0.0,True,0.0
baseline,ip2p,treering,711000000002,change_material,3,background,make the background a desert,,,7.657637334608733e-05,True,,,,,0.3114123940467834,0.3006107807159424,0.010801613330841,0.0997679382562637,0.9281048774719238,0.9208502173423768,0.5348594784736633,0.6428451363873569,8.93516357943014,10.877540790074658,4.743307113647461,4.637862205505371,,,,,,,,,,,,,,66.32904815673828,1.0,True,1.0
baseline,ip2p,treering,711000000002,change_material,4,style,turn it into a watercolor painting,,,0.000428324248461,True,,,,,0.2553256154060364,0.3184785842895508,-0.0631529688835144,0.0004162983968853,0.929186761379242,0.9444620609283448,0.2516619563102722,0.7138397364605646,13.375856508491154,9.913550843654974,4.751453638076782,4.637862205505371,,,,,,,,,,,,,,69.9852294921875,0.0,True,0.0
baseline,ip2p,treering,711000000003,change_material,0,none,,,,6.246839385373231e-08,True,,,13.909008545631494,0.7219935349694054,,,,,,,,,,,,,,,,,,,,,,,,,,58.415924072265625,,True,
baseline,ip2p,treering,711000000003,change_material,1,change_material,make it iron and make it sculpture,,,0.0593575349821434,False,,,,,0.3155438005924225,0.2775499820709228,0.0379938185214996,0.1066046431660652,0.8829866647720337,0.9135811924934388,0.3580771386623382,0.8154140858027185,15.807344201758385,11.81789437376264,4.7410736083984375,4.637862205505371,,,,,,,,,,,,,,66.53815460205078,1.0,True,0.0
baseline,ip2p,treering,711000000003,change_material,2,global_attribute,make it sunset lighting,,,0.1270327476102882,False,,,,,0.3132622838020324,0.2977260947227478,0.0155361890792846,0.1685647666454315,0.9509802460670472,0.9588861465454102,0.3737753927707672,0.8172101349037493,13.653244755679369,9.604618081556463,4.741739511489868,4.637862205505371,,,,,,,,,,,,,,67.8230972290039,1.0,True,0.0
baseline,ip2p,treering,711000000003,change_material,3,background,make the background a forest,,,0.5025992107299219,False,,,,,0.3013079166412353,0.292868047952652,0.0084398686885833,0.2027693092823028,0.8932260870933533,0.9209272861480712,0.532826840877533,0.7225597358757604,13.723318793303536,7.9596055644048,4.745244026184082,4.637862205505371,,,,,,,,,,,,,,71.35514831542969,1.0,True,0.0
baseline,ip2p,treering,711000000003,change_material,4,style,make it look cinematic,,,0.5921966139417,False,,,,,0.3117267489433288,0.3125820755958557,-0.0008553266525268,0.0762586966156959,0.9909815788269044,0.9923744797706604,0.1468200832605362,0.8738983923879958,23.308769231615557,8.208129875225163,4.759585857391357,4.637862205505371,,,,,,,,,,,,,,73.26593780517578,0.0,True,0.0
baseline,ip2p,treering,711000000004,change_material,0,none,,,,2.3329125080103477e-11,True,,,13.291012851087553,0.5553594824039044,,,,,,,,,,,,,,,,,,,,,,,,,,56.55738830566406,,True,
baseline,ip2p,treering,711000000004,change_material,1,change_material,make it golden and make it sculpture,,,4.628588400585235e-05,True,,,,,0.2595138549804687,0.2021730691194534,0.0573407858610153,0.2686481177806854,0.9478694200515748,0.9317660927772522,0.2449118793010711,0.8026616571520203,16.607841242772615,11.356820901895684,4.7392418384552,4.637862205505371,,,,,,,,,,,,,,63.81134414672851,1.0,True,1.0
baseline,ip2p,treering,711000000004,change_material,2,global_attribute,change the season to winter,,,0.0001023189611263,True,,,,,0.1780631244182586,0.2267605066299438,-0.0486973822116851,0.0123176826164126,0.9667187929153442,0.9464367628097534,0.4205327033996582,0.7143832607511961,10.736000245238808,11.922001914412942,4.753070592880249,4.637862205505371,,,,,,,,,,,,,,64.7513656616211,0.0,True,0.0
baseline,ip2p,treering,711000000004,change_material,3,background,make the background a desert,,,0.0002522650281127,True,,,,,0.1884030997753143,0.1791943460702896,0.0092087537050247,0.0153003633022308,0.977972149848938,0.982762098312378,0.1701925843954086,0.9067206166017752,18.702120616145223,11.43633436725393,4.745388507843018,4.637862205505371,,,,,,,,,,,,,,65.66835021972656,1.0,True,1.0
baseline,ip2p,treering,711000000004,change_material,4,style,make it look cinematic,,,0.0002740768259515,True,,,,,0.2147078812122345,0.1962506473064422,0.0184572339057922,0.0738044828176498,0.9788838028907776,0.9882405996322632,0.0434755831956863,0.955558856432626,26.4081942458209,11.530961737900324,4.744475603103638,4.637862205505371,,,,,,,,,,,,,,66.01439666748047,1.0,True,1.0
baseline,ip2p,treering,811000000000,change_background,0,none,,,,3.350529442372059e-11,True,,,11.10580689134138,0.4249522557109764,,,,,,,,,,,,,,,,,,,,,,,,,,56.225948333740234,,True,
baseline,ip2p,treering,811000000000,change_background,1,change_background,change the background to forest,,,0.0002238471707407,True,,,,,0.2362585365772247,0.1929271817207336,0.043331354856491,0.2095845937728881,0.8595578670501709,0.7567851543426514,0.6338219046592712,0.3451064109101784,7.26830869560664,6.396904217315842,4.7251012325286865,4.637862205505371,,,,,,,,,,,,,,68.09027862548828,1.0,True,1.0
baseline,ip2p,treering,811000000000,change_background,2,global_attribute,make it nighttime,,,0.0069953697190381,False,,,,,0.2905000448226928,0.2465307414531707,0.043969303369522,0.3066323399543762,0.9508033990859984,0.8775025010108948,0.460994005203247,0.1241979408781518,9.776552895680332,3.339774035441443,4.738612174987793,4.637862205505371,,,,,,,,,,,,,,67.25294494628906,1.0,True,0.0
baseline,ip2p,treering,811000000000,change_background,3,background,replace the background with a beach,,,0.0129439130803328,False,,,,,0.2451421916484832,0.2802299261093139,-0.0350877344608306,0.0627204999327659,0.862632155418396,0.6147698760032654,0.6271299123764038,0.1487405486153297,5.700515758004943,8.391133457123932,4.733297348022461,4.637862205505371,,,,,,,,,,,,,,70.56026458740234,0.0,True,0.0
baseline,ip2p,treering,811000000000,change_background,4,style,make it anime style,,,0.2314253649864309,False,,,,,0.1995813101530075,0.2451243996620178,-0.0455430895090103,0.1209425181150436,0.8296501040458679,0.6606406569480896,0.5298834443092346,0.5018863386958023,13.72605787308058,8.573982768912796,4.738481521606445,4.637862205505371,,,,,,,,,,,,,,72.5279312133789,0.0,True,0.0
baseline,ip2p,treering,811000000001,change_background,0,none,,,,1.1055485939023344e-22,True,,,10.443004600517115,0.2885760494958684,,,,,,,,,,,,,,,,,,,,,,,,,,52.995662689208984,,True,
baseline,ip2p,treering,811000000001,change_background,1,change_background,change the background to dark,,,2.5631197513367846e-10,True,,,,,0.2923071980476379,0.3101701438426971,-0.0178629457950592,0.2510998249053955,0.8690636157989502,0.8246248960494995,0.4859663844108581,0.191186305314968,5.816701496969106,6.25114545553177,4.744950771331787,4.637862205505371,,,,,,,,,,,,,,59.47314453125,0.0,True,0.0
baseline,ip2p,treering,811000000001,change_background,2,global_attribute,make it nighttime,,,0.0004299345544372,True,,,,,0.2788944244384765,0.3105583488941192,-0.0316639244556427,0.0360381789505481,0.9200708270072936,0.5980963706970215,0.4711782932281494,0.4499055762914514,17.29189304277827,4.844586020572855,4.730521202087402,4.637862205505371,,,,,,,,,,,,,,66.69044494628906,0.0,True,0.0
baseline,ip2p,treering,811000000001,change_background,3,background,make the background a forest,,,0.1330422678399927,False,,,,,0.2451583743095398,0.2771221101284027,-0.0319637358188629,0.0971531569957733,0.9454467296600342,0.8433092832565308,0.3520643711090088,0.6058650176282153,28.778996726545905,4.6157193183338325,4.7517359256744385,4.637862205505371,,,,,,,,,,,,,,67.42935180664062,0.0,True,0.0
baseline,ip2p,treering,811000000001,change_background,4,style,make it look cinematic,,,0.367566877630154,False,,,,,0.2688059210777282,0.2518242001533508,0.0169817209243774,0.0937417298555374,0.9490957856178284,0.8748343586921692,0.3495080471038818,0.1776611802439173,22.08194075660799,5.5713314688967905,4.755918264389038,4.637862205505371,,,,,,,,,,,,,,72.63094329833984,1.0,True,0.0
baseline,ip2p,treering,811000000002,change_background,0,none,,,,2.749825550756336e-10,True,,,15.555803736913363,0.6249701233525907,,,,,,,,,,,,,,,,,,,,,,,,,,57.365291595458984,,True,
baseline,ip2p,treering,811000000002,change_background,1,change_background,change the background to grass,,,0.0484330935943402,False,,,,,0.2641604840755462,0.2173196375370025,0.0468408465385437,0.2179470807313919,0.8723320960998535,0.8783318400382996,0.8205421566963196,0.4924600085478509,12.76598140660088,11.118452512271393,4.746075630187988,4.637862205505371,,,,,,,,,,,,,,72.40300750732422,1.0,True,0.0
baseline,ip2p,treering,811000000002,change_background,2,global_attribute,change the season to winter,,,0.1754710437453099,False,,,,,0.2398997843265533,0.2265293002128601,0.0133704841136932,0.2532660365104675,0.9136284589767456,0.968464195728302,0.4786330461502075,0.661788653419415,7.075213283562462,5.7345062118702845,4.7402098178863525,4.637862205505371,,,,,,,,,,,,,,75.1702651977539,1.0,True,0.0
baseline,ip2p,treering,811000000002,change_background,3,background,replace the background with a beach,,,0.290776065843827,False,,,,,0.2493120282888412,0.2317837178707122,0.0175283104181289,0.4457668960094452,0.931277334690094,0.9070791006088256,0.4218066930770874,0.7215302956707584,18.499758156401885,5.659958366376481,4.7574779987335205,4.637862205505371,,,,,,,,,,,,,,75.86512756347656,1.0,True,0.0
baseline,ip2p,treering,811000000002,change_background,4,style,turn it into a watercolor painting,,,0.095516175285957,False,,,,,0.2524263858795166,0.2361150681972503,0.0163113176822662,0.2075949311256408,0.968908429145813,0.916896104812622,0.2974914312362671,0.7771552274997638,16.98283367910642,4.963160100583791,4.761211395263672,4.637862205505371,,,,,,,,,,,,,,75.92121124267578,1.0,True,0.0
baseline,ip2p,treering,811000000003,change_background,0,none,,,,1.3265783666658892e-07,True,,,10.283614023417424,0.2004858817386645,,,,,,,,,,,,,,,,,,,,,,,,,,59.77602767944336,,True,
baseline,ip2p,treering,811000000003,change_background,1,change_background,change the background to blue,,,0.000778396183337,True,,,,,0.3134634494781494,0.2689530849456787,0.0445103645324707,0.3520321547985077,0.9430405497550964,0.9519666433334352,0.2729947865009308,0.5765008299121495,10.544203518295712,8.512873333218776,4.762449741363525,4.637862205505371,,,,,,,,,,,,,,68.31405639648438,1.0,True,1.0
baseline,ip2p,treering,811000000003,change_background,2,global_attribute,change the season to winter,,,0.0413657559414841,False,,,,,0.272895336151123,0.2849166691303253,-0.0120213329792022,0.0581483170390129,0.9691383838653564,0.9559955596923828,0.1344320774078369,0.680892953216952,14.06720644679047,6.726651839854412,4.7491209506988525,4.637862205505371,,,,,,,,,,,,,,73.9253158569336,0.0,True,0.0
baseline,ip2p,treering,811000000003,change_background,3,background,make the background a desert,,,0.7687688073013417,False,,,,,0.1757176518440246,0.2706612348556518,-0.0949435830116272,0.1891109198331833,0.729878306388855,0.1023539900779724,0.7893267869949341,0.2607182770627504,7.246174104221861,7.538327766461547,4.752974987030029,4.637862205505371,,,,,,,,,,,,,,74.91881561279297,0.0,True,0.0
baseline,ip2p,treering,811000000003,change_background,4,style,turn it into a watercolor painting,,,0.2634229006300129,False,,,,,0.191973865032196,0.1554404199123382,0.0365334451198577,0.0088636763393878,0.8681122064590454,0.8813137412071228,0.3906095027923584,0.6424437282104138,10.26186857812904,5.710889288105621,4.749140501022339,4.637862205505371,,,,,,,,,,,,,,71.74784088134766,1.0,True,0.0
baseline,ip2p,treering,811000000004,change_background,0,none,,,,4.716587503854644e-05,True,,,10.7666260610749,0.2188570744323309,,,,,,,,,,,,,,,,,,,,,,,,,,62.20609664916992,,True,
baseline,ip2p,treering,811000000004,change_background,1,change_background,change the background to red,,,0.0253559843751071,False,,,,,0.3021963834762573,0.2694676518440246,0.0327287316322326,0.21269391477108,0.9021036028862,0.9711437225341796,0.2830621004104614,0.7459993693598092,16.321592684711735,9.42621659571994,4.756381511688232,4.637862205505371,,,,,,,,,,,,,,66.87505340576172,1.0,True,0.0
baseline,ip2p,treering,811000000004,change_background,2,global_attribute,make it rainy,,,0.0932830785526174,False,,,,,0.2627300024032593,0.2674822211265564,-0.0047522187232971,0.0364138334989547,0.9834833741188048,0.9867852926254272,0.0957836806774139,0.896913271094847,24.50504083101648,9.69158163810588,4.744932174682617,4.637862205505371,,,,,,,,,,,,,,69.61357879638672,0.0,True,0.0
baseline,ip2p,treering,811000000004,change_background,3,background,replace the background with a beach,,,0.1148822558416578,False,,,,,0.2643241882324219,0.2548424005508423,0.0094817876815795,0.0158496424555778,0.9808271527290344,0.9885356426239014,0.2196650803089141,0.8436225132361307,14.39366615825361,8.666840711880756,4.744471311569214,4.637862205505371,,,,,,,,,,,,,,70.44546508789062,1.0,True,0.0
baseline,ip2p,treering,811000000004,change_background,4,style,convert it to an oil painting,,,0.1066850734721834,False,,,,,0.2674789130687713,0.2368883043527603,0.030590608716011,0.2333962470293045,0.9735536575317384,0.9823993444442748,0.0492715649306774,0.8966583377525307,25.624729931029467,8.600092218778748,4.748905897140503,4.637862205505371,,,,,,,,,,,,,,72.58342742919922,1.0,True,0.0
baseline,ip2p,treering,911000000000,change_style,0,none,,,,7.516631877007571e-12,True,,,14.201931691218723,0.4694245172194142,,,,,,,,,,,,,,,,,,,,,,,,,,55.984375,,True,
baseline,ip2p,treering,911000000000,change_style,1,change_style,make it realism style expressionism style,,,0.0003076900162955,True,,,,,0.2962575852870941,0.2475238293409347,0.0487337559461593,0.1717579364776611,0.8418798446655273,0.8453171253204346,0.4099957346916199,0.6480481995874733,14.04445624832194,11.571648288491588,4.741142511367798,4.637862205505371,,,,,,,,,,,,,,64.66868591308594,1.0,True,1.0
baseline,ip2p,treering,911000000000,change_style,2,global_attribute,make it nighttime,,,6.489965546745506e-05,True,,,,,0.2966260313987732,0.3076785802841186,-0.0110525488853454,0.0758764371275901,0.9739569425582886,0.9790980815887452,0.2352935969829559,0.7874366170587549,14.60250928384939,11.09166543731362,4.75767707824707,4.637862205505371,,,,,,,,,,,,,,65.87406158447266,0.0,True,0.0
baseline,ip2p,treering,911000000000,change_style,3,background,replace the background with a beach,,,0.0085864582576619,False,,,,,0.2770218253135681,0.2962585091590881,-0.01923668384552,-0.0107357241213321,0.8455120325088501,0.694675087928772,0.7560499310493469,0.4560958206494174,6.1386926366533,6.340657312740411,4.738809108734131,4.637862205505371,,,,,,,,,,,,,,68.38389587402344,0.0,True,0.0
baseline,ip2p,treering,911000000000,change_style,4,style,make it look cinematic,,,0.1490002901272256,False,,,,,0.2558346390724182,0.2773449122905731,-0.0215102732181549,0.0393976531922817,0.9579418897628784,0.77170729637146,0.247235894203186,0.7402057162032162,14.698341574697103,8.635661313181338,4.734697341918945,4.637862205505371,,,,,,,,,,,,,,70.3426513671875,0.0,True,0.0
baseline,ip2p,treering,911000000001,change_style,0,none,,,,3.539125363455049e-36,True,,,8.48410098928233,0.3198412557069436,,,,,,,,,,,,,,,,,,,,,,,,,,47.16837310791016,,True,
baseline,ip2p,treering,911000000001,change_style,1,change_style,make it realism style painting,,,1.5580049253794962e-20,True,,,,,0.2615031003952026,0.2530276477336883,0.0084754526615142,0.0523466207087039,0.988105297088623,0.9777450561523438,0.0627067014575004,0.900298731865924,25.024098567923456,8.589748689786171,4.748622417449951,4.637862205505371,,,,,,,,,,,,,,53.37009811401367,1.0,True,1.0
baseline,ip2p,treering,911000000001,change_style,2,global_attribute,make it rainy,,,3.0550290228589365e-11,True,,,,,0.264017105102539,0.2534725069999695,0.0105445981025695,0.1461157202720642,0.965743362903595,0.9544752240180968,0.2095200568437576,0.8218337604555151,23.16051912840999,8.23450010908103,4.761054039001465,4.637862205505371,,,,,,,,,,,,,,60.410194396972656,1.0,True,1.0
baseline,ip2p,treering,911000000001,change_style,3,background,replace the background with a beach,,,1.320313456992791e-06,True,,,,,0.2335091084241867,0.2484021186828613,-0.0148930102586746,0.0446102991700172,0.9081530570983888,0.8238263726234436,0.547844409942627,0.5315060030314122,11.13910269939759,8.737435046828457,4.752523422241211,4.637862205505371,,,,,,,,,,,,,,65.40242767333984,0.0,True,0.0
baseline,ip2p,treering,911000000001,change_style,4,style,make it anime style,,,0.0002099085096773,True,,,,,0.2456505298614502,0.2363623678684234,0.0092881619930267,0.0371436737477779,0.925206184387207,0.9225487112998962,0.2015931010246276,0.871548422028788,17.45317913989443,7.923198148881058,4.759483575820923,4.637862205505371,,,,,,,,,,,,,,69.75092315673828,1.0,True,1.0
baseline,ip2p,treering,911000000002,change_style,0,none,,,,8.431959882646568e-16,True,,,12.206696607993102,0.4175378767551215,,,,,,,,,,,,,,,,,,,,,,,,,,54.256710052490234,,True,
baseline,ip2p,treering,911000000002,change_style,1,change_style,make it minimalism kids crayon drawing,,,3.872649571073268e-05,True,,,,,0.2549887299537658,0.2344565987586975,0.0205321311950683,0.104405753314495,0.9477633237838744,0.9280674457550048,0.1979683488607406,0.6314587054067662,13.029902959490167,10.472396625757051,4.762800455093384,4.637862205505371,,,,,,,,,,,,,,64.37537384033203,1.0,True,1.0
baseline,ip2p,treering,911000000002,change_style,2,global_attribute,make it sunset lighting,,,0.2687641696549322,False,,,,,0.1745703816413879,0.2413213551044464,-0.0667509734630584,0.2646214962005615,0.6944718956947327,0.0171838663518428,0.9006209373474121,0.3911763476792566,7.6639634559093235,8.085156891176702,4.749258041381836,4.637862205505371,,,,,,,,,,,,,,69.80160522460938,0.0,True,0.0
baseline,ip2p,treering,911000000002,change_style,3,background,replace the background with a beach,,,0.1033829834807251,False,,,,,0.1965562999248504,0.1802897304296493,0.0162665694952011,0.1360168904066085,0.965095281600952,0.9396293759346008,0.3021006882190704,0.8064364391176633,12.633371345101118,9.15330967250593,4.755460977554321,4.637862205505371,,,,,,,,,,,,,,69.59380340576172,1.0,True,0.0
baseline,ip2p,treering,911000000002,change_style,4,style,make it anime style,,,0.1725113553972196,False,,,,,0.2083227932453155,0.1928960382938385,0.015426754951477,0.299859344959259,0.8010599613189697,0.3688034415245056,0.6105295419692993,0.6514874587758595,12.849647724855672,7.35300693299179,4.759871244430542,4.637862205505371,,,,,,,,,,,,,,72.22547912597656,1.0,True,0.0
baseline,ip2p,treering,911000000003,change_style,0,none,,,,5.727517054117168e-16,True,,,12.115794738303531,0.3319369087018208,,,,,,,,,,,,,,,,,,,,,,,,,,53.75205993652344,,True,
baseline,ip2p,treering,911000000003,change_style,1,change_style,make it surrealism style wall mural,,,0.7024981328094917,False,,,,,0.2216697335243225,0.2483324110507965,-0.026662677526474,0.2577058970928192,0.6023846864700317,0.0559014379978179,0.7945207953453064,0.3171485373965176,11.001111844097151,9.300289921758464,4.748426675796509,4.637862205505371,,,,,,,,,,,,,,74.73789978027344,0.0,True,0.0
baseline,ip2p,treering,911000000003,change_style,2,global_attribute,make it nighttime,,,0.6817261041380509,False,,,,,0.2300767600536346,0.2315520644187927,-0.001475304365158,0.0208666063845157,0.9857364892959596,0.9904931783676147,0.0678005218505859,0.8528630294141079,17.75436914497186,9.862405292892763,4.7554028034210205,4.637862205505371,,,,,,,,,,,,,,76.0464859008789,0.0,True,0.0
baseline,ip2p,treering,911000000003,change_style,3,background,make the background a city street,,,0.5325716870554025,False,,,,,0.15384441614151,0.2278870195150375,-0.0740426033735275,0.1126272529363632,0.7685359716415405,0.0552795678377151,0.7213042974472046,0.1973412528328879,9.19744373353718,7.608493374792904,4.767648458480835,4.637862205505371,,,,,,,,,,,,,,73.0996322631836,0.0,True,0.0
baseline,ip2p,treering,911000000003,change_style,4,style,convert it to an oil painting,,,0.613234165190732,False,,,,,0.1477416157722473,0.1504286825656891,-0.0026870667934417,0.1073926836252212,0.9912711381912231,0.991608202457428,0.0574207976460456,0.8818469107340832,24.481836043314903,7.291346317589245,4.75572657585144,4.637862205505371,,,,,,,,,,,,,,76.3843765258789,0.0,True,0.0
baseline,ip2p,treering,911000000004,change_style,0,none,,,,3.1408568705664555e-14,True,,,11.223135775136686,0.3859412952346153,,,,,,,,,,,,,,,,,,,,,,,,,,55.93397521972656,,True,
baseline,ip2p,treering,911000000004,change_style,1,change_style,make it photorealism style oil painting,,,0.0505546448231445,False,,,,,0.1785519421100616,0.2625445127487182,-0.0839925706386566,0.2029536068439483,0.6520256996154785,0.1857088506221771,0.8627417087554932,0.461324278879327,11.972710170219791,10.563205573491173,4.752759218215942,4.637862205505371,,,,,,,,,,,,,,69.23413848876953,0.0,True,0.0
baseline,ip2p,treering,911000000004,change_style,2,global_attribute,make it sunset lighting,,,0.0402606702796491,False,,,,,0.2261207103729248,0.1715701967477798,0.0545505136251449,0.1902854591608047,0.7495977878570557,0.2284112572669983,0.7015760540962219,0.6266427493421934,11.605100240430671,10.1105696440932,4.746838092803955,4.637862205505371,,,,,,,,,,,,,,71.24642944335938,1.0,True,0.0
baseline,ip2p,treering,911000000004,change_style,3,background,make the background a city street,,,0.6711587496627152,False,,,,,0.2249510586261749,0.227041557431221,-0.002090498805046,0.2344731539487838,0.774627685546875,0.2173962295055389,0.8102227449417114,0.5391550643238494,10.24378536655524,9.398759198918086,4.762676954269409,4.637862205505371,,,,,,,,,,,,,,71.93714141845703,0.0,True,0.0
baseline,ip2p,treering,911000000004,change_style,4,style,turn it into a watercolor painting,,,0.4435628554697827,False,,,,,0.2243106812238693,0.2201494425535202,0.0041612386703491,0.1132168173789978,0.972687602043152,0.9560181498527528,0.1870370507240295,0.7378869978215749,13.28799335725944,6.83928799672586,4.758275032043457,4.637862205505371,,,,,,,,,,,,,,75.05915069580078,1.0,True,0.0
baseline,sdedit,gaussianshading,111000000000,change_object,0,none,,1.0,256.0,8.636168555094445e-78,True,154.0,True,9.199307351576458,0.1170039316201068,,,,,,,,,,,,,,,,,,,,,,,,,,,,True,
baseline,sdedit,gaussianshading,111000000000,change_object,1,change_object,change the fishes to sharks and change the kelp to flowers,0.91796875,235.0,2.986153404182484e-47,True,154.0,False,,,0.211522489786148,0.2031935304403305,0.0083289593458175,0.1697173118591308,0.90472149848938,0.7755745649337769,0.4294041693210602,0.2927686307252131,16.347909970134026,8.769375514469683,1.873867750167847,6.062216758728027,,,,,,,,,,,,,,,1.0,True,1.0
baseline,sdedit,gaussianshading,111000000000,change_object,2,global_attribute,make it nighttime,0.73046875,187.0,4.739658514815315e-14,True,154.0,False,,,0.2158832252025604,0.2096106708049774,0.006272554397583,0.055788617581129,0.8987815380096436,0.800383448600769,0.3881983757019043,0.2396499426606115,14.555849200237866,8.462962789759306,1.8745348453521729,6.062216758728027,,,,,,,,,,,,,,,1.0,True,1.0
baseline,sdedit,gaussianshading,111000000000,change_object,3,background,make the background a desert,0.68359375,175.0,2.079972665522276e-09,True,154.0,False,,,0.2458391189575195,0.2123258411884308,0.0335132777690887,-0.041650328785181,0.9278364181518556,0.5028921365737915,0.4205299019813537,0.2077133996793874,13.6088456501895,8.21247396615043,1.8782618045806885,6.062216758728027,,,,,,,,,,,,,,,0.0,True,0.0
baseline,sdedit,gaussianshading,111000000000,change_object,4,style,turn it into a watercolor painting,0.55859375,143.0,0.0348502474645465,False,154.0,False,,,0.2830907106399536,0.2654038667678833,0.0176868438720703,0.0818741843104362,0.9314087629318236,0.7833214402198792,0.4159985780715942,0.1974536601869806,13.359061414866591,8.321923414827904,1.8683130741119385,6.062216758728027,,,,,,,,,,,,,,,1.0,True,0.0
baseline,sdedit,gaussianshading,111000000001,change_object,0,none,,1.0,256.0,8.636168555094445e-78,True,154.0,True,8.9860467106644,0.2717814771104997,,,,,,,,,,,,,,,,,,,,,,,,,,,,True,
baseline,sdedit,gaussianshading,111000000001,change_object,1,change_object,change the cat to tiger and change the hat to scarf,0.734375,188.0,1.7204536953299547e-14,True,154.0,False,,,0.3071581721305847,0.2213076502084732,0.0858505219221115,0.2108896672725677,0.8189394474029541,0.5677237510681152,0.2739397287368774,0.6289701181488563,17.52430860966064,8.812473265002254,1.8716235160827637,6.062216758728027,,,,,,,,,,,,,,,1.0,True,1.0
baseline,sdedit,gaussianshading,111000000001,change_object,2,global_attribute,make it rainy,0.59375,152.0,0.0016153832354145,False,154.0,False,,,0.3418184220790863,0.299060583114624,0.0427578389644622,0.2503135800361633,0.9078792333602904,0.7981085777282715,0.3924609422683716,0.5706976438168763,16.399557765546447,8.562858597063785,1.87230920791626,6.062216758728027,,,,,,,,,,,,,,,1.0,True,0.0
baseline,sdedit,gaussianshading,111000000001,change_object,3,background,make the background a desert,0.58203125,149.0,0.0051264037267647,False,154.0,False,,,0.3387577533721924,0.3265692889690399,0.0121884644031524,-0.0298035200685262,0.9621617197990416,0.9203050136566162,0.3328874707221985,0.4968459538135459,15.82970325972617,8.239603620019148,1.865476369857788,6.062216758728027,,,,,,,,,,,,,,,0.0,True,0.0
baseline,sdedit,gaussianshading,111000000001,change_object,4,style,make it look cinematic,0.578125,148.0,0.0073141744487602,False,154.0,False,,,0.3511983752250671,0.3098673224449157,0.0413310527801513,0.1602803915739059,0.9153018593788148,0.9473490118980408,0.3325237929821014,0.4480639623368597,15.59478103543502,8.365862111458812,1.8714721202850344,6.062216758728027,,,,,,,,,,,,,,,1.0,True,0.0
baseline,sdedit,gaussianshading,111000000002,change_object,0,none,,1.0,256.0,8.636168555094445e-78,True,154.0,True,10.505893891887396,0.2953279425926585,,,,,,,,,,,,,,,,,,,,,,,,,,,,True,
baseline,sdedit,gaussianshading,111000000002,change_object,1,change_object,change the duck to marmot and change the eyes to mouth,0.85546875,219.0,6.225232872012987e-33,True,154.0,False,,,0.1448772102594375,0.1229491606354713,0.0219280496239662,0.0926703289151191,0.8543561100959778,0.4341471791267395,0.3206678628921509,0.4680523244478345,16.50495990823341,10.26495616242712,1.8705377578735352,6.062216758728027,,,,,,,,,,,,,,,1.0,True,1.0
baseline,sdedit,gaussianshading,111000000002,change_object,2,global_attribute,make it nighttime,0.703125,180.0,3.340468412340495e-11,True,154.0,False,,,0.1755698025226593,0.128462329506874,0.0471074730157852,0.0355432070791721,0.8455463647842407,0.7500948905944824,0.3045164942741394,0.4197453479550851,16.08708498306399,10.212420376499145,1.86431622505188,6.062216758728027,,,,,,,,,,,,,,,1.0,True,1.0
baseline,sdedit,gaussianshading,111000000002,change_object,3,background,make the background a desert,0.61328125,157.0,0.0001742419021363,True,154.0,False,,,0.2327044308185577,0.170752614736557,0.0619518160820007,0.0078853275626897,0.815182089805603,0.7520246505737305,0.341684877872467,0.3670922836064583,16.102108554651327,10.355944168654636,1.867492914199829,6.062216758728027,,,,,,,,,,,,,,,1.0,True,1.0
baseline,sdedit,gaussianshading,111000000002,change_object,4,style,make it anime style,0.5859375,150.0,0.0035406370289426,False,154.0,False,,,0.1892934441566467,0.2170577049255371,-0.0277642607688903,-0.0559499599039554,0.8665043115615845,0.7375049591064453,0.3150497078895569,0.3377076559579976,15.613621363542034,9.943395819183324,1.867780923843384,6.062216758728027,,,,,,,,,,,,,,,0.0,True,0.0
baseline,sdedit,gaussianshading,111000000003,change_object,0,none,,1.0,256.0,8.636168555094445e-78,True,154.0,True,10.35733426057638,0.2106831396304667,,,,,,,,,,,,,,,,,,,,,,,,,,,,True,
baseline,sdedit,gaussianshading,111000000003,change_object,1,change_object,change the bunny to pig and change the eyes to ears,0.85546875,219.0,6.225232872012987e-33,True,154.0,False,,,0.2590785026550293,0.2087020725011825,0.0503764301538467,0.4529753923416137,0.8423832654953003,0.4781861305236816,0.4026941657066345,0.3781802954273745,16.718881607748873,10.416013156498511,1.86517333984375,6.062216758728027,,,,,,,,,,,,,,,1.0,True,1.0
baseline,sdedit,gaussianshading,111000000003,change_object,2,global_attribute,change the season to winter,0.6484375,166.0,1.1760979985375116e-06,True,154.0,False,,,0.2070783376693725,0.2194015830755233,-0.0123232454061508,-0.0149206621572375,0.9675122499465942,0.9276301264762878,0.2957797348499298,0.377859651228548,16.739346037127785,10.543121916147024,1.8655695915222168,6.062216758728027,,,,,,,,,,,,,,,0.0,True,0.0
baseline,sdedit,gaussianshading,111000000003,change_object,3,background,make the background a city street,0.5625,144.0,0.0262358366660715,False,154.0,False,,,0.2849275469779968,0.1898258030414581,0.0951017439365387,0.008639458566904,0.949304223060608,0.9407232403755188,0.3651624023914337,0.3759804574950052,16.64325068428822,10.597712397271458,1.8715126514434817,6.062216758728027,,,,,,,,,,,,,,,1.0,True,0.0
baseline,sdedit,gaussianshading,111000000003,change_object,4,style,convert it to an oil painting,0.52734375,135.0,0.2082785937466144,False,154.0,False,,,0.2593315243721008,0.2494953274726867,0.009836196899414,0.1303634196519851,0.9724881052970886,0.9495540857315063,0.3302159309387207,0.3753525008815265,16.444599874531917,10.165212525567478,1.872385025024414,6.062216758728027,,,,,,,,,,,,,,,1.0,True,0.0
baseline,sdedit,gaussianshading,111000000004,change_object,0,none,,1.0,256.0,8.636168555094445e-78,True,154.0,True,7.115145802723446,0.2836472779864273,,,,,,,,,,,,,,,,,,,,,,,,,,,,True,
baseline,sdedit,gaussianshading,111000000004,change_object,1,change_object,change the owl to cat and change the heart to circle,0.78125,200.0,1.8253945726409983e-20,True,154.0,False,,,0.1777205020189285,0.1855738312005996,-0.0078533291816711,0.0550780296325683,0.9518905878067015,0.886971116065979,0.2362587451934814,0.660496714307548,17.161774394857705,7.364253218012395,1.866518259048462,6.062216758728027,,,,,,,,,,,,,,,0.0,True,0.0
baseline,sdedit,gaussianshading,111000000004,change_object,2,global_attribute,make it sunset lighting,0.640625,164.0,3.998193698555462e-06,True,154.0,False,,,0.1766308844089508,0.1648508161306381,0.0117800682783126,-0.0044705243781208,0.9396601915359496,0.923486053943634,0.2669829428195953,0.5893101838742539,16.738540519931128,7.163991192569839,1.8680024147033691,6.062216758728027,,,,,,,,,,,,,,,0.0,True,0.0
baseline,sdedit,gaussianshading,111000000004,change_object,3,background,make the background a city street,0.5703125,146.0,0.0142544619534989,False,154.0,False,,,0.2140211760997772,0.1538211554288864,0.0602000206708908,0.0213940851390361,0.9361532926559448,0.8322393894195557,0.3018846809864044,0.541723390375454,15.844235400835744,7.52537278190167,1.8720877170562744,6.062216758728027,,,,,,,,,,,,,,,1.0,True,0.0
baseline,sdedit,gaussianshading,111000000004,change_object,4,style,make it anime style,0.56640625,145.0,0.019475917081157,False,154.0,False,,,0.2052120864391327,0.2071176916360855,-0.0019056051969528,0.026214487850666,0.9348707795143129,0.7931957244873047,0.3153907060623169,0.4965167815846823,16.038693044235167,7.437186164460316,1.8740551471710205,6.062216758728027,,,,,,,,,,,,,,,0.0,True,0.0
baseline,sdedit,gaussianshading,211000000000,add_object,0,none,,1.0,256.0,8.636168555094445e-78,True,154.0,True,8.839147074962746,0.0668889577138031,,,,,,,,,,,,,,,,,,,,,,,,,,,,True,
baseline,sdedit,gaussianshading,211000000000,add_object,1,add_object,add scarf and add flowers in mouth,0.9140625,234.0,3.205950926783553e-46,True,154.0,False,,,0.2635310888290405,0.26637864112854,-0.0028475522994995,0.0368983708322048,0.972781538963318,0.927907407283783,0.2933619916439056,0.2829615885259117,13.30509408082449,8.42407141681653,1.8653466701507568,6.062216758728027,,,,,,,,,,,,,,,0.0,True,0.0
baseline,sdedit,gaussianshading,211000000000,add_object,2,global_attribute,make it rainy,0.7109375,182.0,5.634806966794081e-12,True,154.0,False,,,0.291998952627182,0.2524278163909912,0.0395711362361907,0.0467830151319503,0.9594604969024658,0.867622971534729,0.2921051681041717,0.2919690189966744,12.53254721879437,8.435126053813924,1.8683292865753176,6.062216758728027,,,,,,,,,,,,,,,1.0,True,1.0
baseline,sdedit,gaussianshading,211000000000,add_object,3,background,make the background a desert,0.6484375,166.0,1.1760979985375116e-06,True,154.0,False,,,0.2874411344528198,0.2797068953514099,0.0077342391014099,0.0715992227196693,0.963421106338501,0.8255479335784912,0.2959879636764526,0.2881188053666928,12.488982436804188,8.40403594681834,1.874091386795044,6.062216758728027,,,,,,,,,,,,,,,1.0,True,1.0
baseline,sdedit,gaussianshading,211000000000,add_object,4,style,make it anime style,0.5859375,150.0,0.0035406370289426,False,154.0,False,,,0.2688409686088562,0.2572430968284607,0.0115978717803955,0.0558877438306808,0.9461175799369812,0.7795434594154358,0.302931547164917,0.2930540185955472,12.952506699324154,8.495912571260178,1.8709914684295657,6.062216758728027,,,,,,,,,,,,,,,1.0,True,0.0
baseline,sdedit,gaussianshading,211000000001,add_object,0,none,,1.0,256.0,8.636168555094445e-78,True,154.0,True,9.261554108668054,0.1879579337619269,,,,,,,,,,,,,,,,,,,,,,,,,,,,True,
baseline,sdedit,gaussianshading,211000000001,add_object,1,add_object,add a gold chain and add a star on its head,0.8359375,214.0,3.0319702919304125e-29,True,154.0,False,,,0.1746805310249328,0.1733982861042022,0.0012822449207305,-0.0343549065291881,0.9821230173110962,0.9208625555038452,0.299949049949646,0.3963612630703992,15.457289031675336,9.240094005406172,1.8666908740997312,6.062216758728027,,,,,,,,,,,,,,,0.0,True,0.0
baseline,sdedit,gaussianshading,211000000001,add_object,2,global_attribute,make it nighttime,0.69140625,177.0,4.2044723008058305e-10,True,154.0,False,,,0.1653140187263488,0.1683392822742462,-0.0030252635478973,0.0599847957491874,0.9722819328308104,0.9466824531555176,0.3093883097171783,0.373831218757152,15.207913553559589,9.30155806836872,1.8723456859588623,6.062216758728027,,,,,,,,,,,,,,,0.0,True,0.0
baseline,sdedit,gaussianshading,211000000001,add_object,3,background,make the background a desert,0.64453125,165.0,2.18634237364118e-06,True,154.0,False,,,0.1600003242492675,0.1666951775550842,-0.0066948533058166,-0.0016208589076995,0.98443865776062,0.9593539237976074,0.2888298630714416,0.3792744497226236,15.712692786889637,9.385120665533938,1.870572805404663,6.062216758728027,,,,,,,,,,,,,,,0.0,True,0.0
baseline,sdedit,gaussianshading,211000000001,add_object,4,style,make it anime style,0.51953125,133.0,0.286930688297277,False,154.0,False,,,0.1952045261859893,0.1559911668300628,0.0392133593559265,0.0935179889202117,0.9472869038581848,0.8592652082443237,0.4050560593605041,0.3269430658695357,14.91213138585362,9.183213412345507,1.8702292442321775,6.062216758728027,,,,,,,,,,,,,,,1.0,True,0.0
baseline,sdedit,gaussianshading,211000000002,add_object,0,none,,1.0,256.0,8.636168555094445e-78,True,154.0,True,9.183493637196626,0.2672861669592577,,,,,,,,,,,,,,,,,,,,,,,,,,,,True,
baseline,sdedit,gaussianshading,211000000002,add_object,1,add_object,add leaves and add a flower,0.828125,212.0,7.406648089014277e-28,True,154.0,False,,,0.2974154949188232,0.2846612334251404,0.0127542614936828,-0.0426137708127498,0.952039122581482,0.9405856728553772,0.2134788036346435,0.5154091242870038,19.31144900784832,8.957471509765444,1.8699915409088137,6.062216758728027,,,,,,,,,,,,,,,0.0,True,0.0
baseline,sdedit,gaussianshading,211000000002,add_object,2,global_attribute,make it sunset lighting,0.61328125,157.0,0.0001742419021363,True,154.0,False,,,0.2698838412761688,0.2811660468578338,-0.011282205581665,0.0401989817619323,0.9335002899169922,0.8960791826248169,0.2847020626068115,0.4422802626985743,18.27557265151667,8.88099124101961,1.8723995685577393,6.062216758728027,,,,,,,,,,,,,,,0.0,True,0.0
baseline,sdedit,gaussianshading,211000000002,add_object,3,background,make the background a forest,0.59375,152.0,0.0016153832354145,False,154.0,False,,,0.2479646950960159,0.2547105550765991,-0.0067458599805831,0.0389284566044807,0.9586362838745116,0.9284070134162904,0.2736509144306183,0.4407227569791978,17.76072989812217,8.893647128904728,1.8692054748535156,6.062216758728027,,,,,,,,,,,,,,,0.0,True,0.0
baseline,sdedit,gaussianshading,211000000002,add_object,4,style,turn it into a watercolor painting,0.56640625,145.0,0.019475917081157,False,154.0,False,,,0.2669821977615356,0.2246330082416534,0.0423491895198822,0.2062487602233886,0.9376200437545776,0.8699603080749512,0.3837344944477081,0.3606407015098644,16.752813808535215,8.644716743626896,1.866206169128418,6.062216758728027,,,,,,,,,,,,,,,1.0,True,0.0
baseline,sdedit,gaussianshading,211000000003,add_object,0,none,,1.0,256.0,8.636168555094445e-78,True,154.0,True,8.703105901955848,0.2482761006427769,,,,,,,,,,,,,,,,,,,,,,,,,,,,True,
baseline,sdedit,gaussianshading,211000000003,add_object,1,add_object,add a hurbat and add a sword,0.87890625,225.0,8.283676586985015e-38,True,154.0,False,,,0.3282530307769775,0.3299528956413269,-0.0016998648643493,0.0555761978030204,0.9631859064102172,0.876800000667572,0.344421923160553,0.4413647400733027,14.495240561852704,8.861608351068188,1.8702499866485596,6.062216758728027,,,,,,,,,,,,,,,0.0,True,0.0
baseline,sdedit,gaussianshading,211000000003,add_object,2,global_attribute,make it rainy,0.671875,172.0,2.0061923575125822e-08,True,154.0,False,,,0.3104032278060913,0.3060695827007293,0.0043336451053619,0.1746740937232971,0.9824547171592712,0.8376642465591431,0.3708195686340332,0.408418564844119,14.699670536509869,9.077534703290386,1.871621370315552,6.062216758728027,,,,,,,,,,,,,,,1.0,True,1.0
baseline,sdedit,gaussianshading,211000000003,add_object,3,background,make the background a forest,0.65234375,167.0,6.222893350770624e-07,True,154.0,False,,,0.3269199132919311,0.3009044528007507,0.0260154604911804,-0.0009317193180322,0.9787764549255372,0.7712778449058533,0.3972330689430237,0.3811453700296871,14.70092988202174,9.075705125139802,1.8693780899047852,6.062216758728027,,,,,,,,,,,,,,,0.0,True,0.0
baseline,sdedit,gaussianshading,211000000003,add_object,4,style,turn it into a watercolor painting,0.59765625,153.0,0.0010668455863778,False,154.0,False,,,0.3054234981536865,0.250594288110733,0.0548292100429534,0.1890645176172256,0.9087737798690796,0.710310697555542,0.404063880443573,0.3282155055617888,14.330482324541835,8.982700416240421,1.8719956874847412,6.062216758728027,,,,,,,,,,,,,,,1.0,True,0.0
baseline,sdedit,gaussianshading,211000000004,add_object,0,none,,1.0,256.0,8.636168555094445e-78,True,154.0,True,7.7427025378020975,0.3560174058370766,,,,,,,,,,,,,,,,,,,,,,,,,,,,True,
baseline,sdedit,gaussianshading,211000000004,add_object,1,add_object,add a cat and add colorful flowers,0.79296875,203.0,3.5915369163460917e-22,True,154.0,False,,,0.2829306125640869,0.2472553104162216,0.0356753021478652,0.1250898540019989,0.8957430124282837,0.9026671648025512,0.2669617533683777,0.6012201195776267,14.715208735283085,7.9639816484537,1.8717186450958252,6.062216758728027,,,,,,,,,,,,,,,1.0,True,1.0
baseline,sdedit,gaussianshading,211000000004,add_object,2,global_attribute,change the season to winter,0.63671875,163.0,7.193286357543875e-06,True,154.0,False,,,0.2907692193984985,0.2604232430458069,0.0303459763526916,0.396384596824646,0.8986238241195679,0.8976805210113525,0.2949103713035583,0.5662562289329128,14.824955664596542,8.017879322699951,1.8769645690917969,6.062216758728027,,,,,,,,,,,,,,,1.0,True,1.0
baseline,sdedit,gaussianshading,211000000004,add_object,3,background,make the background a desert,0.6171875,158.0,0.0001065665615939,True,154.0,False,,,0.2704663276672363,0.2870803475379944,-0.016614019870758,0.0797275677323341,0.9591339826583862,0.9222165942192078,0.2881025969982147,0.57511637808624,14.717237331751576,7.995338836485562,1.871917486190796,6.062216758728027,,,,,,,,,,,,,,,0.0,True,0.0
baseline,sdedit,gaussianshading,211000000004,add_object,4,style,make it anime style,0.55859375,143.0,0.0348502474645465,False,154.0,False,,,0.2574231922626495,0.2615799903869629,-0.0041567981243133,0.0489575825631618,0.9637062549591064,0.94382244348526,0.2826965451240539,0.5446752847070188,14.378024418568447,7.8824886350554015,1.865786075592041,6.062216758728027,,,,,,,,,,,,,,,0.0,True,0.0
baseline,sdedit,gaussianshading,311000000000,delete_object,0,none,,1.0,256.0,8.636168555094445e-78,True,154.0,True,10.245572704150614,0.2818026493066227,,,,,,,,,,,,,,,,,,,,,,,,,,,,True,
baseline,sdedit,gaussianshading,311000000000,delete_object,1,delete_object,remove the yellow flowers,0.8515625,218.0,3.610608202018879e-32,True,154.0,False,,,0.2274923324584961,0.2203815728425979,0.0071107596158981,-0.0398856401443481,0.9496734142303468,0.7941667437553406,0.3015951812267303,0.5463288893407462,17.487261578533367,10.438390735819691,1.869471549987793,6.062216758728027,,,,,,,,,,,,,,,0.0,True,0.0
baseline,sdedit,gaussianshading,311000000000,delete_object,2,global_attribute,change the season to winter,0.671875,172.0,2.0061923575125822e-08,True,154.0,False,,,0.225382924079895,0.1912662386894226,0.0341166853904724,0.1109950542449951,0.9038402438163756,0.7998470664024353,0.3192167282104492,0.5013057956074681,16.97680747562043,10.432747140954504,1.870816707611084,6.062216758728027,,,,,,,,,,,,,,,1.0,True,1.0
baseline,sdedit,gaussianshading,311000000000,delete_object,3,background,replace the background with a beach,0.63671875,163.0,7.193286357543875e-06,True,154.0,False,,,0.2229487150907516,0.2079734653234481,0.0149752497673034,-0.0358097292482852,0.9290681481361388,0.7553045153617859,0.3647694587707519,0.4408459885951214,15.560173927647533,9.936320891476743,1.8728530406951904,6.062216758728027,,,,,,,,,,,,,,,0.0,True,0.0
baseline,sdedit,gaussianshading,311000000000,delete_object,4,style,make it look cinematic,0.5703125,146.0,0.0142544619534989,False,154.0,False,,,0.2263589799404144,0.2311857640743255,-0.0048267841339111,-0.0241497196257114,0.9409575462341307,0.7390179634094238,0.3871174156665802,0.364788060974976,14.370252107467977,9.62666493750601,1.8688697814941408,6.062216758728027,,,,,,,,,,,,,,,0.0,True,0.0
baseline,sdedit,gaussianshading,311000000001,delete_object,0,none,,0.99609375,255.0,2.2194953186592723e-75,True,154.0,False,8.58527312267716,0.3278257073919881,,,,,,,,,,,,,,,,,,,,,,,,,,,,True,
baseline,sdedit,gaussianshading,311000000001,delete_object,1,delete_object,remove the headphones,0.703125,180.0,3.340468412340495e-11,True,154.0,False,,,0.2338503897190094,0.2011003643274307,0.0327500253915786,0.0755490064620971,0.8775414228439331,0.9144122004508972,0.2296023666858673,0.6511617836544088,19.440508939242054,8.559799083496092,1.8685641288757324,6.062216758728027,,,,,,,,,,,,,,,1.0,True,1.0
baseline,sdedit,gaussianshading,311000000001,delete_object,2,global_attribute,make it sunset lighting,0.5859375,150.0,0.0035406370289426,False,154.0,False,,,0.2100069224834442,0.20906563103199,0.0009412914514541,0.0393008291721344,0.96761953830719,0.8905231952667236,0.2268935739994049,0.6419631265788469,18.95790805785261,8.675363560128668,1.868037700653076,6.062216758728027,,,,,,,,,,,,,,,1.0,True,0.0
baseline,sdedit,gaussianshading,311000000001,delete_object,3,background,replace the background with a beach,0.5546875,142.0,0.0456560434661426,False,154.0,False,,,0.1781001985073089,0.1976533979177475,-0.0195531994104385,-0.0350720882415771,0.9337228536605836,0.9257090091705322,0.2315573096275329,0.6270759246401122,19.37574167438116,8.814504922319962,1.8679656982421875,6.062216758728027,,,,,,,,,,,,,,,0.0,True,0.0
baseline,sdedit,gaussianshading,311000000001,delete_object,4,style,turn it into a watercolor painting,0.453125,116.0,0.9410011475579736,False,154.0,False,,,0.1713058352470398,0.135392814874649,0.0359130203723907,0.0582718178629875,0.9299200773239136,0.9178771376609802,0.3185828924179077,0.5939422430205212,19.388629999796056,8.932171025996663,1.8678152561187744,6.062216758728027,,,,,,,,,,,,,,,1.0,True,0.0
baseline,sdedit,gaussianshading,311000000002,delete_object,0,none,,1.0,256.0,8.636168555094445e-78,True,154.0,True,8.964060591929057,0.2918460964178885,,,,,,,,,,,,,,,,,,,,,,,,,,,,True,
baseline,sdedit,gaussianshading,311000000002,delete_object,1,delete_object,remove a suit and remove a laptop,0.8515625,218.0,3.610608202018879e-32,True,154.0,False,,,0.2470110207796096,0.2404595911502838,0.0065514296293258,-0.0415179803967475,0.9534090161323548,0.9378939270973206,0.3275251984596252,0.613827520790355,18.64486770052053,9.128602009842444,1.872894525527954,6.062216758728027,,,,,,,,,,,,,,,0.0,True,0.0
baseline,sdedit,gaussianshading,311000000002,delete_object,2,global_attribute,make it nighttime,0.625,160.0,3.802648956854992e-05,True,154.0,False,,,0.214340329170227,0.2195087671279907,-0.0051684379577636,0.0381828881800174,0.9598715305328368,0.9546773433685304,0.2736108005046844,0.5856154835610207,18.628904612246615,9.267643073577396,1.868562936782837,6.062216758728027,,,,,,,,,,,,,,,0.0,True,0.0
baseline,sdedit,gaussianshading,311000000002,delete_object,3,background,make the background a desert,0.5703125,146.0,0.0142544619534989,False,154.0,False,,,0.2147831171751022,0.2029009610414505,0.0118821561336517,0.0150508005172014,0.9719823598861694,0.9201141595840454,0.3411077558994293,0.5058089227876544,18.911781722167557,9.338693625508435,1.8648123741149905,6.062216758728027,,,,,,,,,,,,,,,1.0,True,0.0
baseline,sdedit,gaussianshading,311000000002,delete_object,4,style,make it anime style,0.49609375,127.0,0.5743424702535421,False,154.0,False,,,0.2579116821289062,0.22715625166893,0.0307554304599761,0.0325760543346405,0.9368903636932372,0.923137664794922,0.365451455116272,0.4419791209412593,17.60747814918635,9.349604475736214,1.868008375167847,6.062216758728027,,,,,,,,,,,,,,,1.0,True,0.0
baseline,sdedit,gaussianshading,311000000003,delete_object,0,none,,1.0,256.0,8.636168555094445e-78,True,154.0,True,10.898780661995236,0.3289394390848638,,,,,,,,,,,,,,,,,,,,,,,,,,,,True,
baseline,sdedit,gaussianshading,311000000003,delete_object,1,delete_object,remove the flower,0.80859375,207.0,1.3712380249647504e-24,True,154.0,False,,,0.3011354506015777,0.2811353802680969,0.0200000703334808,-0.0430403277277946,0.958471179008484,0.8848389387130737,0.2034359574317932,0.474863994018246,18.49951480969803,10.5219160276882,1.8693618774414065,6.062216758728027,,,,,,,,,,,,,,,0.0,True,0.0
baseline,sdedit,gaussianshading,311000000003,delete_object,2,global_attribute,make it sunset lighting,0.62890625,161.0,2.2181598404317305e-05,True,154.0,False,,,0.2691509127616882,0.2778882980346679,-0.0087373852729797,0.0118742492049932,0.9751320481300354,0.9171092510223388,0.1801022589206695,0.4613667408213806,18.051690818657143,10.354510265504198,1.8643341064453125,6.062216758728027,,,,,,,,,,,,,,,0.0,True,0.0
baseline,sdedit,gaussianshading,311000000003,delete_object,3,background,make the background a forest,0.52734375,135.0,0.2082785937466144,False,154.0,False,,,0.2484993785619735,0.2412188202142715,0.007280558347702,0.0352876111865043,0.9835422039031982,0.913784682750702,0.2113338410854339,0.4500471445171538,17.810015465158866,10.320346899060151,1.871086597442627,6.062216758728027,,,,,,,,,,,,,,,1.0,True,0.0
baseline,sdedit,gaussianshading,311000000003,delete_object,4,style,convert it to an oil painting,0.5234375,134.0,0.2459214249907054,False,154.0,False,,,0.2250688225030899,0.2210608720779419,0.004007950425148,0.0159165747463703,0.9761847257614136,0.9279345273971558,0.2137191593647003,0.4403851301569612,17.855937791837054,10.14630683955174,1.879833936691284,6.062216758728027,,,,,,,,,,,,,,,1.0,True,0.0
baseline,sdedit,gaussianshading,311000000004,delete_object,0,none,,1.0,256.0,8.636168555094445e-78,True,154.0,True,11.198281540149038,0.3102587631559394,,,,,,,,,,,,,,,,,,,,,,,,,,,,True,
baseline,sdedit,gaussianshading,311000000004,delete_object,1,delete_object,remove an iceberg and remove a plane flying overhead,0.7890625,202.0,1.3613713784205805e-21,True,154.0,False,,,0.2277904152870178,0.2316491305828094,-0.0038587152957916,0.0550069510936737,0.9301526546478271,0.8023573756217957,0.296290636062622,0.6026328238366195,19.398177541470943,11.280324613588038,1.8650977611541748,6.062216758728027,,,,,,,,,,,,,,,0.0,True,0.0
baseline,sdedit,gaussianshading,311000000004,delete_object,2,global_attribute,make it rainy,0.5859375,150.0,0.0035406370289426,False,154.0,False,,,0.2100618034601211,0.2007836401462555,0.0092781633138656,0.0293994210660457,0.8965756297111511,0.8217471241950989,0.2647649943828583,0.601753426941408,19.733591333059188,11.605187522613614,1.8659768104553225,6.062216758728027,,,,,,,,,,,,,,,1.0,True,0.0
baseline,sdedit,gaussianshading,311000000004,delete_object,3,background,make the background a city street,0.5546875,142.0,0.0456560434661426,False,154.0,False,,,0.2854629456996918,0.1871725916862487,0.098290354013443,0.0541774034500122,0.8805896639823914,0.7838304042816162,0.3894025981426239,0.572237198463314,18.887817095750822,11.406369884606107,1.8659932613372805,6.062216758728027,,,,,,,,,,,,,,,1.0,True,0.0
baseline,sdedit,gaussianshading,311000000004,delete_object,4,style,convert it to an oil painting,0.5703125,146.0,0.0142544619534989,False,154.0,False,,,0.2267059534788131,0.2521372139453888,-0.0254312604665756,0.0511912517249584,0.9605562686920166,0.8805590271949768,0.3384101092815399,0.5621015837568054,18.744214689408427,11.806790045776872,1.8637006282806396,6.062216758728027,,,,,,,,,,,,,,,0.0,True,0.0
baseline,sdedit,gaussianshading,411000000000,change_content,0,none,,1.0,256.0,8.636168555094445e-78,True,154.0,True,7.113673285879916,0.1540471962589943,,,,,,,,,,,,,,,,,,,,,,,,,,,,True,
baseline,sdedit,gaussianshading,411000000000,change_content,1,change_content,change the big to small and make it big,0.83203125,213.0,1.519352074454233e-28,True,154.0,False,,,0.3311624825000763,0.334171712398529,-0.0030092298984527,0.0139947924762964,0.9683198928833008,0.873333752155304,0.3399437665939331,0.2729331725946591,16.397700194964205,6.949411225299038,1.871389389038086,6.062216758728027,,,,,,,,,,,,,,,0.0,True,0.0
baseline,sdedit,gaussianshading,411000000000,change_content,2,global_attribute,make it nighttime,0.6875,176.0,9.434883206283346e-10,True,154.0,False,,,0.3073936402797699,0.3085342943668365,-0.0011406540870666,-0.0426269061863422,0.96025288105011,0.9209320545196532,0.3709600269794464,0.2208611090936973,15.605005661806874,7.080695397187804,1.86937952041626,6.062216758728027,,,,,,,,,,,,,,,0.0,True,0.0
baseline,sdedit,gaussianshading,411000000000,change_content,3,background,replace the background with a beach,0.66015625,169.0,1.6571696603512377e-07,True,154.0,False,,,0.2908380925655365,0.2902832329273224,0.0005548596382141,-0.0132083315402269,0.9536905288696288,0.901572585105896,0.3393454849720001,0.23393814296874,15.346355231067903,6.962132158665673,1.8687713146209717,6.062216758728027,,,,,,,,,,,,,,,0.0,True,0.0
baseline,sdedit,gaussianshading,411000000000,change_content,4,style,turn it into a watercolor painting,0.6328125,162.0,1.2733712989619749e-05,True,154.0,False,,,0.3294597268104553,0.2976270914077759,0.0318326354026794,0.1618584990501403,0.9481407403945924,0.7772773504257202,0.3685664534568786,0.2185767696121023,13.85038700166022,6.900929017225926,1.8701391220092771,6.062216758728027,,,,,,,,,,,,,,,1.0,True,1.0
baseline,sdedit,gaussianshading,411000000001,change_content,0,none,,1.0,256.0,8.636168555094445e-78,True,154.0,True,8.398944287668687,0.1968085350598581,,,,,,,,,,,,,,,,,,,,,,,,,,,,True,
baseline,sdedit,gaussianshading,411000000001,change_content,1,change_content,change the spread out to fold in,0.890625,228.0,1.877862409762869e-40,True,154.0,False,,,0.3016212582588196,0.3003444075584411,0.0012768507003784,-0.0078232055529952,0.9761399030685424,0.9214544296264648,0.3077248334884643,0.4044196506335968,15.886135114555824,8.428210826899566,1.8708183765411377,6.062216758728027,,,,,,,,,,,,,,,0.0,True,0.0
baseline,sdedit,gaussianshading,411000000001,change_content,2,global_attribute,change the season to winter,0.6171875,158.0,0.0001065665615939,True,154.0,False,,,0.2751657664775848,0.2677342891693115,0.0074314773082733,0.1159896850585937,0.974837601184845,0.9099695086479188,0.3382824659347534,0.395147462356694,15.812902083743811,8.488614924890914,1.8654122352600095,6.062216758728027,,,,,,,,,,,,,,,1.0,True,1.0
baseline,sdedit,gaussianshading,411000000001,change_content,3,background,replace the background with a beach,0.578125,148.0,0.0073141744487602,False,154.0,False,,,0.2538739442825317,0.2613826990127563,-0.0075087547302246,-0.013073761947453,0.9795305728912354,0.8900808095932007,0.3513393998146057,0.3804473583458289,15.67528600098196,8.418671244607378,1.8743584156036377,6.062216758728027,,,,,,,,,,,,,,,0.0,True,0.0
baseline,sdedit,gaussianshading,411000000001,change_content,4,style,make it anime style,0.55859375,143.0,0.0348502474645465,False,154.0,False,,,0.3219233751296997,0.2410488426685333,0.0808745324611663,0.1417618095874786,0.9060016870498656,0.7418959140777588,0.4744908213615417,0.3456084087212006,15.3649006471899,8.333853732818104,1.867757558822632,6.062216758728027,,,,,,,,,,,,,,,1.0,True,0.0
baseline,sdedit,gaussianshading,411000000002,change_content,0,none,,1.0,256.0,8.636168555094445e-78,True,154.0,True,8.40661333309375,0.2541303932342577,,,,,,,,,,,,,,,,,,,,,,,,,,,,True,
baseline,sdedit,gaussianshading,411000000002,change_content,1,change_content,change the scarf to cloak,0.82421875,211.0,3.51423537576076e-27,True,154.0,False,,,0.2855760157108307,0.3012106120586395,-0.0156345963478088,0.0390522889792919,0.933586835861206,0.9091519117355348,0.2158967852592468,0.658448876447738,18.557830065161635,8.528079914001642,1.8713033199310305,6.062216758728027,,,,,,,,,,,,,,,0.0,True,0.0
baseline,sdedit,gaussianshading,411000000002,change_content,2,global_attribute,change the season to winter,0.60546875,155.0,0.000444601537339,True,154.0,False,,,0.3307097852230072,0.2895107865333557,0.0411989986896514,0.1997278332710266,0.9247965812683104,0.930213451385498,0.3781635761260986,0.5322517250836213,17.24220127490194,8.380561968121404,1.8727068901062012,6.062216758728027,,,,,,,,,,,,,,,1.0,True,1.0
baseline,sdedit,gaussianshading,411000000002,change_content,3,background,make the background a city street,0.58203125,149.0,0.0051264037267647,False,154.0,False,,,0.3116376399993896,0.3015060722827911,0.0101315677165985,0.0496407598257064,0.970723271369934,0.8995975255966187,0.3072767853736877,0.4756494350252193,16.491455779259347,8.34239119114455,1.8679680824279783,6.062216758728027,,,,,,,,,,,,,,,1.0,True,0.0
baseline,sdedit,gaussianshading,411000000002,change_content,4,style,make it look cinematic,0.52734375,135.0,0.2082785937466144,False,154.0,False,,,0.2933074831962585,0.295902281999588,-0.0025947988033294,0.0040004504844546,0.9592164158821106,0.914731740951538,0.3129588067531585,0.4089784546970474,15.997321092830672,8.118079021967402,1.8740155696868896,6.062216758728027,,,,,,,,,,,,,,,0.0,True,0.0
baseline,sdedit,gaussianshading,411000000003,change_content,0,none,,1.0,256.0,8.636168555094445e-78,True,154.0,True,7.118358839887444,0.1106013378613276,,,,,,,,,,,,,,,,,,,,,,,,,,,,True,
baseline,sdedit,gaussianshading,411000000003,change_content,1,change_content,change the furry wolf to bald wolf,0.859375,220.0,1.0404279969870501e-33,True,154.0,False,,,0.2769633531570434,0.2768421173095703,0.0001212358474731,0.0122071150690317,0.9655694961547852,0.917659342288971,0.2802538275718689,0.441119124270056,18.11771875576516,7.140479405205289,1.8699989318847656,6.062216758728027,,,,,,,,,,,,,,,1.0,True,1.0
baseline,sdedit,gaussianshading,411000000003,change_content,2,global_attribute,make it sunset lighting,0.6484375,166.0,1.1760979985375116e-06,True,154.0,False,,,0.2548419833183288,0.2545494735240936,0.0002925097942352,0.0525065027177333,0.9835648536682128,0.9564642310142516,0.2669447958469391,0.4329535762695229,17.495923414146958,7.028382416440548,1.872751235961914,6.062216758728027,,,,,,,,,,,,,,,1.0,True,1.0
baseline,sdedit,gaussianshading,411000000003,change_content,3,background,make the background a forest,0.5703125,146.0,0.0142544619534989,False,154.0,False,,,0.2628802359104156,0.2662590146064758,-0.0033787786960601,-0.0437417440116405,0.9692349433898926,0.9494584798812866,0.2833366990089416,0.4135553714612607,16.502559854107822,7.027594859214251,1.873839855194092,6.062216758728027,,,,,,,,,,,,,,,0.0,True,0.0
baseline,sdedit,gaussianshading,411000000003,change_content,4,style,convert it to an oil painting,0.578125,148.0,0.0073141744487602,False,154.0,False,,,0.2795167565345764,0.2438377439975738,0.0356790125370025,0.285656988620758,0.9189947843551636,0.849941611289978,0.3774256110191345,0.3902499009507909,16.007270447061796,6.863793027669466,1.8744230270385744,6.062216758728027,,,,,,,,,,,,,,,1.0,True,0.0
baseline,sdedit,gaussianshading,411000000004,change_content,0,none,,1.0,256.0,8.636168555094445e-78,True,154.0,True,8.087464370110261,0.2061158891810469,,,,,,,,,,,,,,,,,,,,,,,,,,,,True,
baseline,sdedit,gaussianshading,411000000004,change_content,1,change_content,change the shepherd dog to poodle dog and make it luxury,0.8203125,210.0,1.6236482975919755e-26,True,154.0,False,,,0.3496181964874267,0.3351322412490845,0.0144859552383422,0.111744076013565,0.8505511283874512,0.7595115900039673,0.2738316357135772,0.5842616505813364,17.67842591687022,7.9951238942491,1.8652079105377195,6.062216758728027,,,,,,,,,,,,,,,1.0,True,1.0
baseline,sdedit,gaussianshading,411000000004,change_content,2,global_attribute,change the season to winter,0.625,160.0,3.802648956854992e-05,True,154.0,False,,,0.3392711281776428,0.3198804855346679,0.0193906426429748,0.2136759310960769,0.8863441944122314,0.8778703808784485,0.3204817175865173,0.5106501461429572,16.865131156917098,8.037472472612864,1.8701539039611816,6.062216758728027,,,,,,,,,,,,,,,1.0,True,1.0
baseline,sdedit,gaussianshading,411000000004,change_content,3,background,make the background a city street,0.5703125,146.0,0.0142544619534989,False,154.0,False,,,0.3225049674510956,0.3358511328697204,-0.0133461654186248,-0.0106830848380923,0.932466685771942,0.8942364454269409,0.3639681041240692,0.4420908290628104,15.722408443426822,8.012874509542918,1.8714072704315183,6.062216758728027,,,,,,,,,,,,,,,0.0,True,0.0
baseline,sdedit,gaussianshading,411000000004,change_content,4,style,make it look cinematic,0.57421875,147.0,0.0102847255208273,False,154.0,False,,,0.1836982816457748,0.1781890094280243,0.0055092722177505,0.0724145993590354,0.9037742614746094,0.886709451675415,0.3541759848594665,0.4007044218497597,14.865222594474304,8.033333319097451,1.869915246963501,6.062216758728027,,,,,,,,,,,,,,,1.0,True,0.0
baseline,sdedit,gaussianshading,511000000000,change_pose,0,none,,1.0,256.0,8.636168555094445e-78,True,154.0,True,11.456081412582888,0.1430278429093034,,,,,,,,,,,,,,,,,,,,,,,,,,,,True,
baseline,sdedit,gaussianshading,511000000000,change_pose,1,change_pose,make it tail down and make it jumping,0.890625,228.0,1.877862409762869e-40,True,154.0,False,,,0.1952889263629913,0.2078048884868621,-0.0125159621238708,0.0013623721897602,0.9078603982925416,0.684065580368042,0.3017038404941559,0.5157052839310098,18.691331346526333,11.279477764613029,1.8716299533843992,6.062216758728027,,,,,,,,,,,,,,,0.0,True,0.0
baseline,sdedit,gaussianshading,511000000000,change_pose,2,global_attribute,make it nighttime,0.67578125,173.0,9.590020184123932e-09,True,154.0,False,,,0.195592999458313,0.1814122349023819,0.014180764555931,-0.0080794924870133,0.9190596342086792,0.6784023642539978,0.3394473791122436,0.4883918586263416,17.805337406770743,11.146704696723262,1.8713855743408203,6.062216758728027,,,,,,,,,,,,,,,0.0,True,0.0
baseline,sdedit,gaussianshading,511000000000,change_pose,3,background,make the background a city street,0.59765625,153.0,0.0010668455863778,False,154.0,False,,,0.2031285762786865,0.1903256773948669,0.0128028988838195,0.03286949172616,0.8918337225914001,0.7703792452812195,0.3627952337265014,0.4803552065657055,17.3881814720569,11.093644356699937,1.8700792789459229,6.062216758728027,,,,,,,,,,,,,,,1.0,True,0.0
baseline,sdedit,gaussianshading,511000000000,change_pose,4,style,convert it to an oil painting,0.55859375,143.0,0.0348502474645465,False,154.0,False,,,0.2121246755123138,0.1616134792566299,0.0505111962556839,0.078416109085083,0.9053879380226136,0.7833081483840942,0.3423551023006439,0.5011139720854391,18.200804186306794,11.055648565608331,1.8752074241638184,6.062216758728027,,,,,,,,,,,,,,,1.0,True,0.0
baseline,sdedit,gaussianshading,511000000001,change_pose,0,none,,1.0,256.0,8.636168555094445e-78,True,154.0,True,10.505468518376638,0.1420332031483642,,,,,,,,,,,,,,,,,,,,,,,,,,,,True,
baseline,sdedit,gaussianshading,511000000001,change_pose,1,change_pose,change the standing to sitting and make it tilting its head and make it wagging its tail,0.89453125,229.0,2.2834844785419352e-41,True,154.0,False,,,0.2149644047021865,0.2146724462509155,0.000291958451271,-0.0316326767206192,0.9455865025520324,0.8428659439086914,0.281147301197052,0.3269987534115302,18.461316957360893,10.666878262810258,1.8707923889160156,6.062216758728027,,,,,,,,,,,,,,,0.0,True,0.0
baseline,sdedit,gaussianshading,511000000001,change_pose,2,global_attribute,make it rainy,0.66015625,169.0,1.6571696603512377e-07,True,154.0,False,,,0.1923326104879379,0.1900796890258789,0.002252921462059,0.0317091047763824,0.9451988339424132,0.8799147605895996,0.3532721400260925,0.308968136342732,17.854482992383687,10.68677953978222,1.8638150691986084,6.062216758728027,,,,,,,,,,,,,,,1.0,True,1.0
baseline,sdedit,gaussianshading,511000000001,change_pose,3,background,make the background a desert,0.60546875,155.0,0.000444601537339,True,154.0,False,,,0.200016438961029,0.1984853297472,0.001531109213829,0.0355383567512035,0.9137498736381532,0.7672544121742249,0.3931554555892944,0.2861215963088193,17.19257993053953,10.692469572206807,1.870497226715088,6.062216758728027,,,,,,,,,,,,,,,1.0,True,1.0
baseline,sdedit,gaussianshading,511000000001,change_pose,4,style,make it look cinematic,0.48828125,125.0,0.6690835696077719,False,154.0,False,,,0.21010223031044,0.2003163993358612,0.0097858309745788,-0.0302019119262695,0.9262946248054504,0.8612480759620667,0.4579000473022461,0.2742379709072689,16.855108520419076,10.725620010195,1.8716747760772705,6.062216758728027,,,,,,,,,,,,,,,0.0,True,0.0
baseline,sdedit,gaussianshading,511000000002,change_pose,0,none,,1.0,256.0,8.636168555094445e-78,True,154.0,True,10.629545742963115,0.0979137284473587,,,,,,,,,,,,,,,,,,,,,,,,,,,,True,
baseline,sdedit,gaussianshading,511000000002,change_pose,1,change_pose,make it its mouth open and change the sitting to standing and make it roaring,0.86328125,221.0,1.684380861872333e-34,True,154.0,False,,,0.236916571855545,0.2457948923110962,-0.0088783204555511,0.152571216225624,0.9775046706199646,0.9585639238357544,0.3110437393188476,0.1923359097947833,18.838317281229543,10.595410886434813,1.8714473247528076,6.062216758728027,,,,,,,,,,,,,,,0.0,True,0.0
baseline,sdedit,gaussianshading,511000000002,change_pose,2,global_attribute,change the season to winter,0.66015625,169.0,1.6571696603512377e-07,True,154.0,False,,,0.2241407930850982,0.2203777432441711,0.0037630498409271,0.017626829445362,0.9862531423568726,0.947538673877716,0.3597907721996307,0.1819626191398754,17.334279853632026,10.420730111242968,1.87371563911438,6.062216758728027,,,,,,,,,,,,,,,1.0,True,1.0
baseline,sdedit,gaussianshading,511000000002,change_pose,3,background,replace the background with a beach,0.5234375,134.0,0.2459214249907054,False,154.0,False,,,0.2005250453948974,0.2031974196434021,-0.0026723742485046,0.0331500098109245,0.9827979803085328,0.960544228553772,0.3451945781707763,0.1655935664841293,15.513688339227896,10.117044535376255,1.8691794872283936,6.062216758728027,,,,,,,,,,,,,,,0.0,True,0.0
baseline,sdedit,gaussianshading,511000000002,change_pose,4,style,make it look cinematic,0.5390625,138.0,0.1174842919073398,False,154.0,False,,,0.2022902071475982,0.1991015374660492,0.003188669681549,0.0407432615756988,0.9652289152145386,0.9573915600776672,0.3119570910930633,0.1907597104643921,15.159336581051123,10.249743753324124,1.8738815784454343,6.062216758728027,,,,,,,,,,,,,,,1.0,True,0.0
baseline,sdedit,gaussianshading,511000000003,change_pose,0,none,,1.0,256.0,8.636168555094445e-78,True,154.0,True,10.106594243218176,0.4738876211069684,,,,,,,,,,,,,,,,,,,,,,,,,,,,True,
baseline,sdedit,gaussianshading,511000000003,change_pose,1,change_pose,change the wings spread to wings folded and make it beak pointed downward,0.76953125,197.0,7.574303030305026e-19,True,154.0,False,,,0.2850399911403656,0.2763501405715942,0.0086898505687713,0.0117883644998073,0.9720379114151,0.9712836742401124,0.1284846663475036,0.8291225376729772,23.10708195115458,9.918129359166295,1.8740348815917969,6.062216758728027,,,,,,,,,,,,,,,1.0,True,1.0
baseline,sdedit,gaussianshading,511000000003,change_pose,2,global_attribute,make it nighttime,0.625,160.0,3.802648956854992e-05,True,154.0,False,,,0.284371554851532,0.2780064046382904,0.0063651502132415,0.0577543005347251,0.9667781591415404,0.9708340764045716,0.1662504971027374,0.7559478617942993,22.438122965940902,9.944233961652062,1.8745830059051511,6.062216758728027,,,,,,,,,,,,,,,1.0,True,1.0
baseline,sdedit,gaussianshading,511000000003,change_pose,3,background,make the background a city street,0.5,128.0,0.5249095549680696,False,154.0,False,,,0.2747521996498108,0.2706528306007385,0.0040993690490722,0.0653408244252204,0.9393547773361206,0.93430095911026,0.4550170302391052,0.5499974175785781,21.970553856786253,9.904094342465534,1.8762786388397217,6.062216758728027,,,,,,,,,,,,,,,1.0,True,0.0
baseline,sdedit,gaussianshading,511000000003,change_pose,4,style,convert it to an oil painting,0.50390625,129.0,0.4750904450319304,False,154.0,False,,,0.2802253365516662,0.2596136629581451,0.0206116735935211,0.1605653911828994,0.9241376519203186,0.9503303170204164,0.3572299480438232,0.4534568346629838,20.56106385929963,9.95700121354973,1.873729944229126,6.062216758728027,,,,,,,,,,,,,,,1.0,True,0.0
baseline,sdedit,gaussianshading,511000000004,change_pose,0,none,,1.0,256.0,8.636168555094445e-78,True,154.0,True,8.190399249456801,0.1369349271117679,,,,,,,,,,,,,,,,,,,,,,,,,,,,True,
baseline,sdedit,gaussianshading,511000000004,change_pose,1,change_pose,make it eyes closed and change the sitting to lying and make it above its head,0.890625,228.0,1.877862409762869e-40,True,154.0,False,,,0.2679629325866699,0.2552481889724731,0.0127147436141967,0.0396631062030792,0.9168106317520142,0.9281536936759948,0.3377376794815063,0.2717502122773418,17.46156616573162,8.112086062766906,1.866315841674805,6.062216758728027,,,,,,,,,,,,,,,1.0,True,1.0
baseline,sdedit,gaussianshading,511000000004,change_pose,2,global_attribute,make it nighttime,0.6953125,178.0,1.8404447729063615e-10,True,154.0,False,,,0.2978996038436889,0.2655118703842163,0.0323877334594726,0.0258247200399637,0.919651746749878,0.9414924383163452,0.3620269000530243,0.2523966213482088,16.482597225286973,8.01923757644998,1.8678960800170896,6.062216758728027,,,,,,,,,,,,,,,1.0,True,1.0
baseline,sdedit,gaussianshading,511000000004,change_pose,3,background,make the background a forest,0.5703125,146.0,0.0142544619534989,False,154.0,False,,,0.2856253981590271,0.3062494099140167,-0.0206240117549896,0.0474392995238304,0.8720974326133728,0.9584110975265504,0.3049542009830475,0.2497075821987138,15.881756800086508,7.865150926288652,1.8689422607421875,6.062216758728027,,,,,,,,,,,,,,,0.0,True,0.0
baseline,sdedit,gaussianshading,511000000004,change_pose,4,style,make it look cinematic,0.53515625,137.0,0.1439946432658286,False,154.0,False,,,0.2641663551330566,0.2910466492176056,-0.0268802940845489,0.0049072355031967,0.9454084038734436,0.9587947130203248,0.3853780031204223,0.2283474947087536,15.68746325305626,7.852261492392412,1.8727242946624756,6.062216758728027,,,,,,,,,,,,,,,0.0,True,0.0
baseline,sdedit,gaussianshading,611000000000,change_color,0,none,,1.0,256.0,8.636168555094445e-78,True,154.0,True,10.390207308806849,0.1395449614393615,,,,,,,,,,,,,,,,,,,,,,,,,,,,True,
baseline,sdedit,gaussianshading,611000000000,change_color,1,change_color,change the black to white and change the red to green,0.875,224.0,5.858468973293344e-37,True,154.0,False,,,0.2305509895086288,0.2121341824531555,0.0184168070554733,-0.0563657693564891,0.9741194248199464,0.8980190753936768,0.3158317506313324,0.5226558955729385,16.949734749404765,10.46841884488058,1.872973918914795,6.062216758728027,,,,,,,,,,,,,,,0.0,True,0.0
baseline,sdedit,gaussianshading,611000000000,change_color,2,global_attribute,change the season to winter,0.67578125,173.0,9.590020184123932e-09,True,154.0,False,,,0.2901578545570373,0.221174269914627,0.0689835846424102,0.1735610961914062,0.9390869140625,0.8534613847732544,0.4722796082496643,0.4268139336213553,17.34862277681502,10.60079348500861,1.868635654449463,6.062216758728027,,,,,,,,,,,,,,,1.0,True,1.0
baseline,sdedit,gaussianshading,611000000000,change_color,3,background,make the background a desert,0.58984375,151.0,0.0024094567844961,False,154.0,False,,,0.2431746423244476,0.2805456221103668,-0.0373709797859191,0.0124420821666717,0.9429689049720764,0.8280594348907471,0.4075595140457153,0.4048946851846438,17.45989199459375,10.982908337679492,1.8698770999908447,6.062216758728027,,,,,,,,,,,,,,,0.0,True,0.0
baseline,sdedit,gaussianshading,611000000000,change_color,4,style,convert it to an oil painting,0.5234375,134.0,0.2459214249907054,False,154.0,False,,,0.2266260385513305,0.2278668582439422,-0.0012408196926116,0.0197441726922988,0.9701195359230042,0.8935729265213013,0.3815200924873352,0.4115509746998668,17.579763561957854,10.63533404964482,1.8700032234191897,6.062216758728027,,,,,,,,,,,,,,,0.0,True,0.0
baseline,sdedit,gaussianshading,611000000001,change_color,0,none,,1.0,256.0,8.636168555094445e-78,True,154.0,True,9.483945050103086,0.1406136145838065,,,,,,,,,,,,,,,,,,,,,,,,,,,,True,
baseline,sdedit,gaussianshading,611000000001,change_color,1,change_color,make it white and change the pink to green,0.80859375,207.0,1.3712380249647504e-24,True,154.0,False,,,0.2544209659099579,0.2462502419948578,0.0081707239151,0.1005667299032211,0.958419144153595,0.8751760721206665,0.2976950407028198,0.2942506460506174,16.612686345739732,9.223391413230368,1.8719286918640137,6.062216758728027,,,,,,,,,,,,,,,1.0,True,1.0
baseline,sdedit,gaussianshading,611000000001,change_color,2,global_attribute,make it nighttime,0.68359375,175.0,2.079972665522276e-09,True,154.0,False,,,0.2456523478031158,0.2584953010082245,-0.0128429532051086,0.0343828946352005,0.9490305185317992,0.9144234657287598,0.3289921879768371,0.2740325555309134,15.921064537809578,8.963276581788813,1.8747470378875732,6.062216758728027,,,,,,,,,,,,,,,0.0,True,0.0
baseline,sdedit,gaussianshading,611000000001,change_color,3,background,make the background a city street,0.56640625,145.0,0.019475917081157,False,154.0,False,,,0.2378885895013809,0.2267335504293441,0.0111550390720367,0.018540970981121,0.9249717593193054,0.8523082733154297,0.3706066906452179,0.2559844914199817,15.83752983588219,9.21243426268919,1.8615703582763672,6.062216758728027,,,,,,,,,,,,,,,1.0,True,0.0
baseline,sdedit,gaussianshading,611000000001,change_color,4,style,make it look cinematic,0.5390625,138.0,0.1174842919073398,False,154.0,False,,,0.2228773534297943,0.2267278730869293,-0.003850519657135,-0.0945365875959396,0.9210828542709352,0.8176274299621582,0.376948744058609,0.2616757802825213,15.572502618003522,9.260421666543287,1.8696675300598145,6.062216758728027,,,,,,,,,,,,,,,0.0,True,0.0
baseline,sdedit,gaussianshading,611000000002,change_color,0,none,,1.0,256.0,8.636168555094445e-78,True,154.0,True,7.676597113295724,0.099053247643493,,,,,,,,,,,,,,,,,,,,,,,,,,,,True,
baseline,sdedit,gaussianshading,611000000002,change_color,1,change_color,change the brown to black and make it white,0.828125,212.0,7.406648089014277e-28,True,154.0,False,,,0.2379473447799682,0.2183293253183365,0.0196180194616317,0.0215990915894508,0.9366583824157716,0.9118695259094238,0.2212758064270019,0.4175051800578677,19.21656565554585,7.707414929848833,1.8861076831817627,6.062216758728027,,,,,,,,,,,,,,,1.0,True,1.0
baseline,sdedit,gaussianshading,611000000002,change_color,2,global_attribute,change the season to winter,0.69140625,177.0,4.2044723008058305e-10,True,154.0,False,,,0.2372128069400787,0.231691688299179,0.0055211186408996,0.0143660977482795,0.9696813821792604,0.9371436834335328,0.2153962552547454,0.3820750241885386,18.563034132505543,7.62975326933306,1.8659358024597168,6.062216758728027,,,,,,,,,,,,,,,1.0,True,1.0
baseline,sdedit,gaussianshading,611000000002,change_color,3,background,make the background a forest,0.6015625,154.0,0.0006939833935686,True,154.0,False,,,0.2563011944293976,0.2398843318223953,0.0164168626070022,0.0119048217311501,0.8764078617095947,0.9452325105667114,0.2277933806180954,0.3815006659704735,17.835580296500453,7.677722967346712,1.868622064590454,6.062216758728027,,,,,,,,,,,,,,,1.0,True,1.0
baseline,sdedit,gaussianshading,611000000002,change_color,4,style,make it look cinematic,0.59765625,153.0,0.0010668455863778,False,154.0,False,,,0.2494762688875198,0.2533645927906036,-0.0038883239030838,-0.0307524669915437,0.8932259678840637,0.9521725177764891,0.2570980191230774,0.3670180471317898,17.28010346985647,7.792735542897258,1.870675802230835,6.062216758728027,,,,,,,,,,,,,,,0.0,True,0.0
baseline,sdedit,gaussianshading,611000000003,change_color,0,none,,1.0,256.0,8.636168555094445e-78,True,154.0,True,8.787287540729702,0.2205031415690459,,,,,,,,,,,,,,,,,,,,,,,,,,,,True,
baseline,sdedit,gaussianshading,611000000003,change_color,1,change_color,change the white to pink and make it red,0.8359375,214.0,3.0319702919304125e-29,True,154.0,False,,,0.293668121099472,0.2692403495311737,0.0244277715682983,0.1224096044898033,0.9529285430908204,0.7781752347946167,0.2786785364151001,0.527239655162765,19.290219643239833,8.68144272859417,1.8700156211853027,6.062216758728027,,,,,,,,,,,,,,,1.0,True,1.0
baseline,sdedit,gaussianshading,611000000003,change_color,2,global_attribute,change the season to winter,0.640625,164.0,3.998193698555462e-06,True,154.0,False,,,0.274035096168518,0.2767464518547058,-0.0027113556861877,0.0467572174966335,0.966077208518982,0.8812100291252136,0.3708740174770355,0.4094763525772771,17.483273152028097,8.492030835294505,1.8699560165405271,6.062216758728027,,,,,,,,,,,,,,,0.0,True,0.0
baseline,sdedit,gaussianshading,611000000003,change_color,3,background,make the background a forest,0.58203125,149.0,0.0051264037267647,False,154.0,False,,,0.2546862363815307,0.2647164463996887,-0.0100302100181579,0.0323723927140235,0.9522599577903748,0.852946400642395,0.3968280851840973,0.3692885530127527,16.150736064819572,8.565564274100808,1.8705854415893557,6.062216758728027,,,,,,,,,,,,,,,0.0,True,0.0
baseline,sdedit,gaussianshading,611000000003,change_color,4,style,convert it to an oil painting,0.5234375,134.0,0.2459214249907054,False,154.0,False,,,0.2976913452148437,0.2487817704677581,0.0489095747470855,-0.1005549579858779,0.9504225850105286,0.857690691947937,0.4026224017143249,0.3613397462095601,15.622937127277792,8.401765077174709,1.875774621963501,6.062216758728027,,,,,,,,,,,,,,,0.0,True,0.0
baseline,sdedit,gaussianshading,611000000004,change_color,0,none,,1.0,256.0,8.636168555094445e-78,True,154.0,True,8.698701288561296,0.2616944739101532,,,,,,,,,,,,,,,,,,,,,,,,,,,,True,
baseline,sdedit,gaussianshading,611000000004,change_color,1,change_color,change the white to purple and make it black,0.8359375,214.0,3.0319702919304125e-29,True,154.0,False,,,0.3045271039009094,0.2264305055141449,0.0780965983867645,0.2077897638082504,0.9251466393470764,0.8409451246261597,0.2580589056015014,0.6338467496905192,22.6157179281238,8.791219095124701,1.8707480430603027,6.062216758728027,,,,,,,,,,,,,,,1.0,True,1.0
baseline,sdedit,gaussianshading,611000000004,change_color,2,global_attribute,change the season to winter,0.6484375,166.0,1.1760979985375116e-06,True,154.0,False,,,0.3115004599094391,0.2905862033367157,0.0209142565727233,0.199306845664978,0.8543270230293274,0.8187226057052612,0.3608930110931396,0.523422171491661,21.37355406259248,8.979320512140042,1.8696837425231936,6.062216758728027,,,,,,,,,,,,,,,1.0,True,1.0
baseline,sdedit,gaussianshading,611000000004,change_color,3,background,make the background a city street,0.515625,132.0,0.3309164303922281,False,154.0,False,,,0.2995638251304626,0.3009696006774902,-0.0014057755470275,0.0593243166804313,0.9287068247795104,0.9322933554649352,0.3397687077522278,0.4437388786191802,19.725577123290662,8.876484987900541,1.8733484745025637,6.062216758728027,,,,,,,,,,,,,,,0.0,True,0.0
baseline,sdedit,gaussianshading,611000000004,change_color,4,style,make it anime style,0.62890625,161.0,2.2181598404317305e-05,True,154.0,False,,,0.2737622857093811,0.2855980694293976,-0.0118357837200164,-0.0313851125538349,0.9324724674224854,0.8061701059341431,0.3296796083450317,0.4063598676481315,18.20779793225262,8.670012211888373,1.8766329288482664,6.062216758728027,,,,,,,,,,,,,,,0.0,True,0.0
baseline,sdedit,gaussianshading,711000000000,change_material,0,none,,1.0,256.0,8.636168555094445e-78,True,154.0,True,11.586156160469736,0.186320782357457,,,,,,,,,,,,,,,,,,,,,,,,,,,,True,
baseline,sdedit,gaussianshading,711000000000,change_material,1,change_material,make it knitted and make it toy,0.83984375,215.0,5.8829426640554515e-30,True,154.0,False,,,0.2718090116977691,0.2705993056297302,0.0012097060680389,0.1126616671681404,0.8891416192054749,0.739875078201294,0.3360046744346618,0.3138541596664852,17.391625591193932,11.282760638696134,1.871155023574829,6.062216758728027,,,,,,,,,,,,,,,1.0,True,1.0
baseline,sdedit,gaussianshading,711000000000,change_material,2,global_attribute,change the season to winter,0.640625,164.0,3.998193698555462e-06,True,154.0,False,,,0.2726144790649414,0.252026617527008,0.0205878615379333,-0.0041966577991843,0.9358361959457396,0.8409156203269958,0.3235543370246887,0.3086573134674751,16.11444650875965,10.79691860553293,1.869822978973389,6.062216758728027,,,,,,,,,,,,,,,0.0,True,0.0
baseline,sdedit,gaussianshading,711000000000,change_material,3,background,make the background a desert,0.5546875,142.0,0.0456560434661426,False,154.0,False,,,0.2239131331443786,0.2629810571670532,-0.0390679240226745,0.0168654695153236,0.9458714127540588,0.8213385343551636,0.3571020662784576,0.2995289352240393,14.77583910090272,10.235791511387086,1.8705065250396729,6.062216758728027,,,,,,,,,,,,,,,0.0,True,0.0
baseline,sdedit,gaussianshading,711000000000,change_material,4,style,convert it to an oil painting,0.56640625,145.0,0.019475917081157,False,154.0,False,,,0.2532550096511841,0.2202541828155517,0.0330008268356323,0.0572621971368789,0.920813798904419,0.8316804766654968,0.3639001250267029,0.2991536328449071,14.067285239634469,10.208792265915717,1.8705694675445557,6.062216758728027,,,,,,,,,,,,,,,1.0,True,0.0
baseline,sdedit,gaussianshading,711000000001,change_material,0,none,,1.0,256.0,8.636168555094445e-78,True,154.0,True,9.138226461967108,0.054710455176825,,,,,,,,,,,,,,,,,,,,,,,,,,,,True,
baseline,sdedit,gaussianshading,711000000001,change_material,1,change_material,make it wooden and make it toy,0.7890625,202.0,1.3613713784205805e-21,True,154.0,False,,,0.289375901222229,0.2318655848503112,0.0575103163719177,0.2101980298757553,0.9003918170928955,0.7962612509727478,0.2174841314554214,0.6009241100318478,22.10243014905304,9.140318409546929,1.869901180267334,6.062216758728027,,,,,,,,,,,,,,,1.0,True,1.0
baseline,sdedit,gaussianshading,711000000001,change_material,2,global_attribute,make it nighttime,0.578125,148.0,0.0073141744487602,False,154.0,False,,,0.2710806727409363,0.2683563232421875,0.0027243494987487,0.0395934917032718,0.9409425258636476,0.7118145823478699,0.3135397434234619,0.4094319991453163,20.963689807945865,9.070287036312855,1.868051290512085,6.062216758728027,,,,,,,,,,,,,,,1.0,True,0.0
baseline,sdedit,gaussianshading,711000000001,change_material,3,background,make the background a desert,0.54296875,139.0,0.0946239164605277,False,154.0,False,,,0.2545256018638611,0.269128680229187,-0.0146030783653259,-0.0296987295150756,0.9763577580451964,0.9116451144218444,0.2326274961233139,0.3612323176401728,20.418143009690624,9.00175788847805,1.8643527030944824,6.062216758728027,,,,,,,,,,,,,,,0.0,True,0.0
baseline,sdedit,gaussianshading,711000000001,change_material,4,style,make it look cinematic,0.49609375,127.0,0.5743424702535421,False,154.0,False,,,0.24015973508358,0.2370146065950393,0.0031451284885406,-0.0036608949303627,0.9715892672538756,0.9062660336494446,0.280840128660202,0.3413411309455672,19.38681989390673,8.930867632282798,1.8685786724090576,6.062216758728027,,,,,,,,,,,,,,,0.0,True,0.0
baseline,sdedit,gaussianshading,711000000002,change_material,0,none,,1.0,256.0,8.636168555094445e-78,True,154.0,True,8.678570064849655,0.3677088414018275,,,,,,,,,,,,,,,,,,,,,,,,,,,,True,
baseline,sdedit,gaussianshading,711000000002,change_material,1,change_material,change the blue to plastic and make it golden,0.84375,216.0,1.1092499630302589e-30,True,154.0,False,,,0.2460003793239593,0.2426688373088836,0.0033315420150756,-0.0411519184708595,0.971294641494751,0.8346679210662842,0.2506974339485168,0.5469405869667129,14.98652998589693,8.166599410496636,1.8658545017242432,6.062216758728027,,,,,,,,,,,,,,,0.0,True,0.0
baseline,sdedit,gaussianshading,711000000002,change_material,2,global_attribute,change the season to winter,0.6875,176.0,9.434883206283346e-10,True,154.0,False,,,0.250804454088211,0.2340762615203857,0.0167281925678253,0.112089529633522,0.9479296803474426,0.6865602731704712,0.3230752348899841,0.4573002174438587,14.51573974307905,8.041649534613335,1.8713946342468264,6.062216758728027,,,,,,,,,,,,,,,1.0,True,1.0
baseline,sdedit,gaussianshading,711000000002,change_material,3,background,make the background a desert,0.6015625,154.0,0.0006939833935686,True,154.0,False,,,0.2529016733169555,0.2590612769126892,-0.0061596035957336,0.0241280253976583,0.9754897356033324,0.8440582156181335,0.2986173927783966,0.3967614742716927,13.656340847044934,7.533763902896534,1.8721513748168943,6.062216758728027,,,,,,,,,,,,,,,0.0,True,0.0
baseline,sdedit,gaussianshading,711000000002,change_material,4,style,turn it into a watercolor painting,0.5859375,150.0,0.0035406370289426,False,154.0,False,,,0.2519077062606811,0.2458576261997223,0.0060500800609588,0.1962106525897979,0.9750988483428956,0.8030987977981567,0.3256581723690033,0.3414870685018008,13.093648459583132,7.56125339694543,1.8712925910949707,6.062216758728027,,,,,,,,,,,,,,,1.0,True,0.0
baseline,sdedit,gaussianshading,711000000003,change_material,0,none,,1.0,256.0,8.636168555094445e-78,True,154.0,True,13.830004944245069,0.3634461319769482,,,,,,,,,,,,,,,,,,,,,,,,,,,,True,
baseline,sdedit,gaussianshading,711000000003,change_material,1,change_material,make it iron and make it sculpture,0.69140625,177.0,4.2044723008058305e-10,True,154.0,False,,,0.275915265083313,0.2446183860301971,0.0312968790531158,0.1174952983856201,0.920911431312561,0.8640490770339966,0.3494704961776733,0.4167243999656256,19.32277911504081,13.11930648135429,1.8669977188110352,6.062216758728027,,,,,,,,,,,,,,,1.0,True,1.0
baseline,sdedit,gaussianshading,711000000003,change_material,2,global_attribute,make it sunset lighting,0.60546875,155.0,0.000444601537339,True,154.0,False,,,0.2606940567493438,0.2508274912834167,0.0098665654659271,0.0163331665098667,0.8717797994613647,0.6788723468780518,0.3548528552055359,0.3598121287206864,18.162078045912853,12.89403286808847,1.8680860996246336,6.062216758728027,,,,,,,,,,,,,,,1.0,True,1.0
baseline,sdedit,gaussianshading,711000000003,change_material,3,background,make the background a forest,0.55078125,141.0,0.0589988524420263,False,154.0,False,,,0.2786640524864197,0.258587509393692,0.0200765430927276,0.0555886253714561,0.9634812474250792,0.9102308750152588,0.3568525314331054,0.3219675277934401,17.863753112634704,12.647890994759024,1.8813045024871824,6.062216758728027,,,,,,,,,,,,,,,1.0,True,0.0
baseline,sdedit,gaussianshading,711000000003,change_material,4,style,make it look cinematic,0.50390625,129.0,0.4750904450319304,False,154.0,False,,,0.2800096869468689,0.2827258110046386,-0.0027161240577697,-0.0206269398331642,0.958791971206665,0.9337048530578612,0.3504126071929931,0.3228045302901558,17.33277124619064,12.001348666530037,1.8664326667785645,6.062216758728027,,,,,,,,,,,,,,,0.0,True,0.0
baseline,sdedit,gaussianshading,711000000004,change_material,0,none,,1.0,256.0,8.636168555094445e-78,True,154.0,True,9.79938891185112,0.3089214103680662,,,,,,,,,,,,,,,,,,,,,,,,,,,,True,
baseline,sdedit,gaussianshading,711000000004,change_material,1,change_material,make it golden and make it sculpture,0.8046875,206.0,5.720924209180002e-24,True,154.0,False,,,0.2203067541122436,0.2082561254501342,0.0120506286621093,0.0880736410617828,0.9700571298599244,0.8585072755813599,0.2719892263412475,0.6192391785694938,20.117928745785314,9.83030333327389,1.87454891204834,6.062216758728027,,,,,,,,,,,,,,,1.0,True,1.0
baseline,sdedit,gaussianshading,711000000004,change_material,2,global_attribute,change the season to winter,0.58984375,151.0,0.0024094567844961,False,154.0,False,,,0.2594166696071625,0.1937707364559173,0.0656459331512451,0.1123881265521049,0.8066408634185791,0.5932517051696777,0.3685439229011535,0.5280902706374068,18.422911328816035,9.612980509291916,1.8685708045959473,6.062216758728027,,,,,,,,,,,,,,,1.0,True,0.0
baseline,sdedit,gaussianshading,711000000004,change_material,3,background,make the background a desert,0.48046875,123.0,0.7540785750092945,False,154.0,False,,,0.2931285798549652,0.2655534744262695,0.0275751054286956,-0.029053321108222,0.875338077545166,0.53310626745224,0.4842497408390045,0.4117726658710984,16.862563212151855,9.30541996655997,1.8690218925476072,6.062216758728027,,,,,,,,,,,,,,,0.0,True,0.0
baseline,sdedit,gaussianshading,711000000004,change_material,4,style,make it look cinematic,0.58984375,151.0,0.0024094567844961,False,154.0,False,,,0.3093143701553345,0.2860026359558105,0.0233117341995239,0.1090268418192863,0.8972365856170654,0.8691952228546143,0.450855404138565,0.400918423701859,16.070459700556867,9.132935344744292,1.871061086654663,6.062216758728027,,,,,,,,,,,,,,,1.0,True,0.0
baseline,sdedit,gaussianshading,811000000000,change_background,0,none,,1.0,256.0,8.636168555094445e-78,True,154.0,True,7.637556448068872,0.1728198280954708,,,,,,,,,,,,,,,,,,,,,,,,,,,,True,
baseline,sdedit,gaussianshading,811000000000,change_background,1,change_background,change the background to forest,0.71484375,183.0,2.2506982783628793e-12,True,154.0,False,,,0.2101970911026001,0.187118113040924,0.023078978061676,0.0347042828798294,0.9412908554077148,0.9517555832862854,0.2861550450325012,0.7817581055832372,21.526347534508005,7.432353088765624,1.8725910186767576,6.062216758728027,,,,,,,,,,,,,,,1.0,True,1.0
baseline,sdedit,gaussianshading,811000000000,change_background,2,global_attribute,make it nighttime,0.56640625,145.0,0.019475917081157,False,154.0,False,,,0.2135140895843505,0.2165800482034683,-0.0030659586191177,-0.0455994792282581,0.9671061038970948,0.9284055829048156,0.1783171594142913,0.744700273209046,21.10624525391716,7.465037586037877,1.874101638793945,6.062216758728027,,,,,,,,,,,,,,,0.0,True,0.0
baseline,sdedit,gaussianshading,811000000000,change_background,3,background,replace the background with a beach,0.55078125,141.0,0.0589988524420263,False,154.0,False,,,0.2261639535427093,0.215581476688385,0.0105824768543243,0.003848223015666,0.9440466165542604,0.9249982833862304,0.2761036157608032,0.6869610379246085,21.035997920350663,7.26068925162701,1.873429298400879,6.062216758728027,,,,,,,,,,,,,,,1.0,True,0.0
baseline,sdedit,gaussianshading,811000000000,change_background,4,style,make it anime style,0.53515625,137.0,0.1439946432658286,False,154.0,False,,,0.2277296185493469,0.2006584405899047,0.0270711779594421,0.0646026954054832,0.9022339582443236,0.8599938750267029,0.3939268589019775,0.5486722779703195,19.61462958847496,7.1676656195588855,1.87161922454834,6.062216758728027,,,,,,,,,,,,,,,1.0,True,0.0
baseline,sdedit,gaussianshading,811000000001,change_background,0,none,,1.0,256.0,8.636168555094445e-78,True,154.0,True,8.132124400881674,0.153075530369753,,,,,,,,,,,,,,,,,,,,,,,,,,,,True,
baseline,sdedit,gaussianshading,811000000001,change_background,1,change_background,change the background to dark,0.8671875,222.0,2.6394480808077633e-35,True,154.0,False,,,0.3289308547973633,0.3147404193878174,0.0141904354095458,0.0257491562515497,0.9686493873596193,0.863473653793335,0.351149320602417,0.3712995136325756,14.535404071192737,7.959794065771777,1.871082067489624,6.062216758728027,,,,,,,,,,,,,,,1.0,True,1.0
baseline,sdedit,gaussianshading,811000000001,change_background,2,global_attribute,make it nighttime,0.7109375,182.0,5.634806966794081e-12,True,154.0,False,,,0.3211000561714172,0.3184309601783752,0.0026690959930419,0.0149025414139032,0.9731096029281616,0.8859405517578125,0.3445633053779602,0.3311988333743509,14.044542534929278,8.113382854246861,1.8650972843170168,6.062216758728027,,,,,,,,,,,,,,,1.0,True,1.0
baseline,sdedit,gaussianshading,811000000001,change_background,3,background,make the background a forest,0.609375,156.0,0.000280492186788,True,154.0,False,,,0.2907189726829529,0.3125517964363098,-0.0218328237533569,0.0113562010228633,0.9646153450012208,0.9249889850616456,0.3323377966880798,0.3062536252893684,13.699966024565654,8.042229152977999,1.871307373046875,6.062216758728027,,,,,,,,,,,,,,,0.0,True,0.0
baseline,sdedit,gaussianshading,811000000001,change_background,4,style,make it look cinematic,0.578125,148.0,0.0073141744487602,False,154.0,False,,,0.3055592477321625,0.2840502560138702,0.0215089917182922,-0.0018918854184448,0.9659329652786256,0.9285885095596312,0.3314642608165741,0.2844055877552216,13.385094607510675,8.295950422745417,1.8667683601379397,6.062216758728027,,,,,,,,,,,,,,,0.0,True,0.0
baseline,sdedit,gaussianshading,811000000002,change_background,0,none,,1.0,256.0,8.636168555094445e-78,True,154.0,True,13.255242687879232,0.2630333621548004,,,,,,,,,,,,,,,,,,,,,,,,,,,,True,
baseline,sdedit,gaussianshading,811000000002,change_background,1,change_background,change the background to grass,0.87109375,223.0,4.0002186987512886e-36,True,154.0,False,,,0.2072651386260986,0.2291993498802185,-0.0219342112541198,-0.0530762188136577,0.9586502313613892,0.8535813689231873,0.2118060290813446,0.3276669537919747,19.855390139112096,12.943691527614812,1.8706824779510496,6.062216758728027,,,,,,,,,,,,,,,0.0,True,0.0
baseline,sdedit,gaussianshading,811000000002,change_background,2,global_attribute,change the season to winter,0.671875,172.0,2.0061923575125822e-08,True,154.0,False,,,0.2140136063098907,0.2015381455421447,0.0124754607677459,0.051797792315483,0.9812124371528624,0.8778766393661499,0.2410358041524887,0.3108248021079031,18.992958492631583,12.894285931650058,1.8745694160461424,6.062216758728027,,,,,,,,,,,,,,,1.0,True,1.0
baseline,sdedit,gaussianshading,811000000002,change_background,3,background,replace the background with a beach,0.6015625,154.0,0.0006939833935686,True,154.0,False,,,0.2193364948034286,0.2062699049711227,0.0130665898323059,0.0112802917137742,0.9687580466270448,0.9187970757484436,0.4023585915565491,0.2689123322832674,18.044773548554936,12.52229775382907,1.8735880851745603,6.062216758728027,,,,,,,,,,,,,,,1.0,True,1.0
baseline,sdedit,gaussianshading,811000000002,change_background,4,style,turn it into a watercolor painting,0.53515625,137.0,0.1439946432658286,False,154.0,False,,,0.2491409927606582,0.22156722843647,0.0275737643241882,0.146990567445755,0.9001680612564087,0.8919899463653564,0.4342770874500274,0.2556089554770033,16.997643268502948,12.192696901544524,1.8783226013183592,6.062216758728027,,,,,,,,,,,,,,,1.0,True,0.0
baseline,sdedit,gaussianshading,811000000003,change_background,0,none,,1.0,256.0,8.636168555094445e-78,True,154.0,True,7.705540339831477,0.0867807165054602,,,,,,,,,,,,,,,,,,,,,,,,,,,,True,
baseline,sdedit,gaussianshading,811000000003,change_background,1,change_background,change the background to blue,0.79296875,203.0,3.5915369163460917e-22,True,154.0,False,,,0.2193352431058883,0.2288984954357147,-0.0095632523298263,0.0413782782852649,0.9652994871139526,0.919635772705078,0.2741194069385528,0.3761943332772017,15.501004142965664,7.775219804811806,1.8701164722442627,6.062216758728027,,,,,,,,,,,,,,,0.0,True,0.0
baseline,sdedit,gaussianshading,811000000003,change_background,2,global_attribute,change the season to winter,0.6875,176.0,9.434883206283346e-10,True,154.0,False,,,0.2619201838970184,0.1836115717887878,0.0783086121082305,0.0426104143261909,0.8862348794937134,0.9007101655006409,0.3265787959098816,0.3298107128960865,14.8037030449404,7.846083024337545,1.876631498336792,6.062216758728027,,,,,,,,,,,,,,,1.0,True,1.0
baseline,sdedit,gaussianshading,811000000003,change_background,3,background,make the background a desert,0.56640625,145.0,0.019475917081157,False,154.0,False,,,0.2606354355812073,0.2574788630008697,0.0031565725803375,0.0081139896064996,0.9636406898498536,0.9159058332443236,0.3622564077377319,0.2844208238895596,14.170257376046573,7.777465618714573,1.8726801872253416,6.062216758728027,,,,,,,,,,,,,,,1.0,True,0.0
baseline,sdedit,gaussianshading,811000000003,change_background,4,style,turn it into a watercolor painting,0.5703125,146.0,0.0142544619534989,False,154.0,False,,,0.2645366787910461,0.253991961479187,0.0105447173118591,0.0196565724909305,0.9493205547332764,0.935659885406494,0.3789213597774505,0.2746999708110937,13.312913307812032,7.687992235515302,1.87174391746521,6.062216758728027,,,,,,,,,,,,,,,1.0,True,0.0
baseline,sdedit,gaussianshading,811000000004,change_background,0,none,,1.0,256.0,8.636168555094445e-78,True,154.0,True,9.133667208658917,0.09357019619029,,,,,,,,,,,,,,,,,,,,,,,,,,,,True,
baseline,sdedit,gaussianshading,811000000004,change_background,1,change_background,change the background to red,0.88671875,227.0,1.4846454937872452e-39,True,154.0,False,,,0.2386308908462524,0.2512128353118896,-0.0125819444656372,0.0190949440002441,0.9705665707588196,0.9652265906333924,0.3064185976982116,0.2670387125177584,14.269558659029604,8.862861882606449,1.869114637374878,6.062216758728027,,,,,,,,,,,,,,,0.0,True,0.0
baseline,sdedit,gaussianshading,811000000004,change_background,2,global_attribute,make it rainy,0.71875,184.0,8.822608852267559e-13,True,154.0,False,,,0.2259959578514099,0.218660682439804,0.0073352754116058,-0.0313451811671257,0.9752582311630248,0.954056680202484,0.2980908751487732,0.2844977739558274,14.182378564668788,8.966871866743398,1.866405963897705,6.062216758728027,,,,,,,,,,,,,,,0.0,True,0.0
baseline,sdedit,gaussianshading,811000000004,change_background,3,background,replace the background with a beach,0.6171875,158.0,0.0001065665615939,True,154.0,False,,,0.2354677617549896,0.2228907346725464,0.0125770270824432,0.0137277208268642,0.967494249343872,0.9614399671554564,0.3165116906166076,0.2535427503594987,13.69853670728924,8.823431582319941,1.8836688995361328,6.062216758728027,,,,,,,,,,,,,,,1.0,True,1.0
baseline,sdedit,gaussianshading,811000000004,change_background,4,style,convert it to an oil painting,0.57421875,147.0,0.0102847255208273,False,154.0,False,,,0.2359948754310608,0.2215329706668853,0.0144619047641754,0.1538629233837127,0.929649829864502,0.8786084055900574,0.3537761569023132,0.266119402348667,13.552106998488735,8.840911475292836,1.8717730045318604,6.062216758728027,,,,,,,,,,,,,,,1.0,True,0.0
baseline,sdedit,gaussianshading,911000000000,change_style,0,none,,1.0,256.0,8.636168555094445e-78,True,154.0,True,9.856714760356803,0.211107880815224,,,,,,,,,,,,,,,,,,,,,,,,,,,,True,
baseline,sdedit,gaussianshading,911000000000,change_style,1,change_style,make it realism style expressionism style,0.828125,212.0,7.406648089014277e-28,True,154.0,False,,,0.2726020812988281,0.268821120262146,0.0037809610366821,0.1040670946240425,0.9499726295471193,0.8795654773712158,0.3015024363994598,0.4353620908191174,16.06817752689524,9.563821948295455,1.8702614307403564,6.062216758728027,,,,,,,,,,,,,,,1.0,True,1.0
baseline,sdedit,gaussianshading,911000000000,change_style,2,global_attribute,make it nighttime,0.6953125,178.0,1.8404447729063615e-10,True,154.0,False,,,0.2840221226215362,0.2606054246425628,0.0234166979789733,0.0400490947067737,0.9516907930374146,0.9377022385597228,0.2917686700820923,0.4255917999112656,16.024241769690626,9.521705703646246,1.8738508224487305,6.062216758728027,,,,,,,,,,,,,,,1.0,True,1.0
baseline,sdedit,gaussianshading,911000000000,change_style,3,background,replace the background with a beach,0.5625,144.0,0.0262358366660715,False,154.0,False,,,0.2535998225212097,0.2700226008892059,-0.0164227783679962,0.0427980460226535,0.921438455581665,0.8774142861366272,0.3557037115097046,0.3753643022632227,15.69825527359768,9.783286921265912,1.8747084140777588,6.062216758728027,,,,,,,,,,,,,,,0.0,True,0.0
baseline,sdedit,gaussianshading,911000000000,change_style,4,style,make it look cinematic,0.56640625,145.0,0.019475917081157,False,154.0,False,,,0.2719238102436065,0.2468600571155548,0.0250637531280517,0.0429234690964221,0.9134927988052368,0.8403751254081726,0.3787592649459839,0.3389324616386256,15.538626180515084,9.593203890505048,1.8721251487731936,6.062216758728027,,,,,,,,,,,,,,,1.0,True,0.0
baseline,sdedit,gaussianshading,911000000001,change_style,0,none,,1.0,256.0,8.636168555094445e-78,True,154.0,True,7.921834235010893,0.3814387242987902,,,,,,,,,,,,,,,,,,,,,,,,,,,,True,
baseline,sdedit,gaussianshading,911000000001,change_style,1,change_style,make it realism style painting,0.78515625,201.0,5.042243609889108e-21,True,154.0,False,,,0.2689787745475769,0.2042424827814102,0.0647362917661666,0.2419968396425247,0.793412446975708,0.4751343727111816,0.3126875460147857,0.6656516463649718,18.26698442428072,7.687281309768297,1.8624868392944336,6.062216758728027,,,,,,,,,,,,,,,1.0,True,1.0
baseline,sdedit,gaussianshading,911000000001,change_style,2,global_attribute,make it rainy,0.5390625,138.0,0.1174842919073398,False,154.0,False,,,0.2788812518119812,0.2525986135005951,0.0262826383113861,0.111613892018795,0.9238879084587096,0.73746258020401,0.3180873990058899,0.5624221445931625,17.695977424966568,7.76703693953293,1.8634169101715088,6.062216758728027,,,,,,,,,,,,,,,1.0,True,0.0
baseline,sdedit,gaussianshading,911000000001,change_style,3,background,replace the background with a beach,0.54296875,139.0,0.0946239164605277,False,154.0,False,,,0.2618618011474609,0.2687252461910248,-0.0068634450435638,-0.0329830944538116,0.92873877286911,0.8082543015480042,0.3359676003456116,0.5082860865150839,17.965539856653994,7.749202546553036,1.8816518783569336,6.062216758728027,,,,,,,,,,,,,,,0.0,True,0.0
baseline,sdedit,gaussianshading,911000000001,change_style,4,style,make it anime style,0.49609375,127.0,0.5743424702535421,False,154.0,False,,,0.291502296924591,0.2503571510314941,0.0411451458930969,0.0506436377763748,0.8772225379943848,0.8301690220832825,0.3642770051956177,0.4363835818766006,17.203533334228183,7.739615694508961,1.8645844459533691,6.062216758728027,,,,,,,,,,,,,,,1.0,True,0.0
baseline,sdedit,gaussianshading,911000000002,change_style,0,none,,1.0,256.0,8.636168555094445e-78,True,154.0,True,6.62391642038843,0.1301991088462488,,,,,,,,,,,,,,,,,,,,,,,,,,,,True,
baseline,sdedit,gaussianshading,911000000002,change_style,1,change_style,make it minimalism kids crayon drawing,0.796875,204.0,9.255391288366052e-23,True,154.0,False,,,0.2642151415348053,0.2366778552532196,0.0275372862815856,0.1729620695114135,0.9440075159072876,0.8988457918167114,0.2599390745162964,0.3392986612862594,15.29463135186541,6.734949753589881,1.8707456588745115,6.062216758728027,,,,,,,,,,,,,,,1.0,True,1.0
baseline,sdedit,gaussianshading,911000000002,change_style,2,global_attribute,make it sunset lighting,0.69921875,179.0,7.91241544231877e-11,True,154.0,False,,,0.2592493891716003,0.2562775015830993,0.0029718875885009,0.0294457823038101,0.9647170901298524,0.8969619870185852,0.2566322982311249,0.2879727243244352,14.594910319743567,6.679597535265534,1.8677873611450195,6.062216758728027,,,,,,,,,,,,,,,1.0,True,1.0
baseline,sdedit,gaussianshading,911000000002,change_style,3,background,replace the background with a beach,0.53125,136.0,0.1742606277334355,False,154.0,False,,,0.2485071867704391,0.2472264468669891,0.00128073990345,-0.0113976951688528,0.9761502742767334,0.8797959685325623,0.2742277979850769,0.2749913572132929,12.81132764879851,6.375227845374286,1.8723382949829104,6.062216758728027,,,,,,,,,,,,,,,0.0,True,0.0
baseline,sdedit,gaussianshading,911000000002,change_style,4,style,make it anime style,0.56640625,145.0,0.019475917081157,False,154.0,False,,,0.2728740572929382,0.2545950710773468,0.0182789862155914,0.1241058185696601,0.9562596082687378,0.9020713567733764,0.2804678380489349,0.2729040129088274,12.567508275541211,6.70494522412233,1.8865418434143064,6.062216758728027,,,,,,,,,,,,,,,1.0,True,0.0
baseline,sdedit,gaussianshading,911000000003,change_style,0,none,,1.0,256.0,8.636168555094445e-78,True,154.0,True,6.512173675998144,0.0722609465834196,,,,,,,,,,,,,,,,,,,,,,,,,,,,True,
baseline,sdedit,gaussianshading,911000000003,change_style,1,change_style,make it surrealism style wall mural,0.875,224.0,5.858468973293344e-37,True,154.0,False,,,0.2607274353504181,0.2331918776035308,0.0275355577468872,0.0329044386744499,0.950417459011078,0.9015184044837952,0.3807121515274048,0.3886685060399514,15.961473244693302,6.5956755820770905,1.8711400032043457,6.062216758728027,,,,,,,,,,,,,,,1.0,True,1.0
baseline,sdedit,gaussianshading,911000000003,change_style,2,global_attribute,make it nighttime,0.7109375,182.0,5.634806966794081e-12,True,154.0,False,,,0.271112322807312,0.2590579390525818,0.0120543837547302,0.0397364124655723,0.9423205256462096,0.9277412295341492,0.3887011408805847,0.3675852565150716,15.889818800937432,6.729879795341307,1.8704633712768557,6.062216758728027,,,,,,,,,,,,,,,1.0,True,1.0
baseline,sdedit,gaussianshading,911000000003,change_style,3,background,make the background a city street,0.55859375,143.0,0.0348502474645465,False,154.0,False,,,0.2382373809814453,0.2528228461742401,-0.0145854651927948,0.0247180201113224,0.973035216331482,0.9257937669754028,0.391924649477005,0.3607875646165083,16.112654627591382,6.833655098023029,1.871112823486328,6.062216758728027,,,,,,,,,,,,,,,0.0,True,0.0
baseline,sdedit,gaussianshading,911000000003,change_style,4,style,convert it to an oil painting,0.55859375,143.0,0.0348502474645465,False,154.0,False,,,0.2881824076175689,0.2304549813270568,0.057727426290512,0.0100330151617527,0.9401496648788452,0.8472695350646973,0.451452374458313,0.2884381893137078,15.751013293421654,6.8320541192641056,1.8671531677246096,6.062216758728027,,,,,,,,,,,,,,,1.0,True,0.0
baseline,sdedit,gaussianshading,911000000004,change_style,0,none,,1.0,256.0,8.636168555094445e-78,True,154.0,True,10.469138961604829,0.3830211569149839,,,,,,,,,,,,,,,,,,,,,,,,,,,,True,
baseline,sdedit,gaussianshading,911000000004,change_style,1,change_style,make it photorealism style oil painting,0.6953125,178.0,1.8404447729063615e-10,True,154.0,False,,,0.2790244221687317,0.1987322866916656,0.080292135477066,0.2896021604537964,0.8378020524978638,0.8233381509780884,0.3071861267089844,0.7200726340896301,23.599287730496048,10.464037634094634,1.869502305984497,6.062216758728027,,,,,,,,,,,,,,,1.0,True,1.0
baseline,sdedit,gaussianshading,911000000004,change_style,2,global_attribute,make it sunset lighting,0.68359375,175.0,2.079972665522276e-09,True,154.0,False,,,0.2965354323387146,0.2981002032756805,-0.0015647709369659,0.0272624120116233,0.9457011222839355,0.9204055070877076,0.3108253180980682,0.6850838480646669,22.97744200472799,10.62199479185738,1.8714041709899905,6.062216758728027,,,,,,,,,,,,,,,0.0,True,0.0
baseline,sdedit,gaussianshading,911000000004,change_style,3,background,make the background a city street,0.5859375,150.0,0.0035406370289426,False,154.0,False,,,0.2944758534431457,0.2923912107944488,0.0020846426486968,-0.0023376513272523,0.9509633779525756,0.8902930617332458,0.3112938404083252,0.647568226917015,22.906286697792034,10.483472062891549,1.8821496963500977,6.062216758728027,,,,,,,,,,,,,,,0.0,True,0.0
baseline,sdedit,gaussianshading,911000000004,change_style,4,style,turn it into a watercolor painting,0.5546875,142.0,0.0456560434661426,False,154.0,False,,,0.309102714061737,0.2776028513908386,0.0314998626708984,0.0711217299103736,0.9240686893463136,0.8665753602981567,0.2975373268127441,0.615735994289116,21.35238719917271,10.605898660103543,1.8677141666412351,6.062216758728027,,,,,,,,,,,,,,,1.0,True,0.0
baseline,sdedit,none,111000000000,change_object,0,none,,,,,,,,inf,1.0,,,,,,,,,,,,,,,0.0392172110785569,False,,,68.07020568847656,0.4921875,126.0,0.6226346259555037,False,154.0,False,,,,
baseline,sdedit,none,111000000000,change_object,1,change_object,change the fishes to sharks and change the kelp to flowers,,,,,,,,,0.2277164459228515,0.175765186548233,0.0519512593746185,0.1990996599197387,0.8566110134124756,0.5495104789733887,0.4016924202442169,0.2749927855266612,16.597023763260342,16.597023763260342,1.8804948329925537,6.062216758728027,,,0.2019750388465066,False,,,76.4273452758789,0.46484375,119.0,0.8825157080926602,False,154.0,False,,1.0,,
baseline,sdedit,none,111000000000,change_object,2,global_attribute,make it nighttime,,,,,,,,,0.2270607650279998,0.2303219586610794,-0.0032611936330795,-0.0287567898631095,0.8947655558586121,0.5151962041854858,0.4169734418392181,0.2569851222984005,15.34439442473606,15.07553879431492,1.8710992336273191,6.062216758728027,,,0.6428102327885559,False,,,78.08145141601562,0.52734375,135.0,0.2082785937466144,False,154.0,False,,0.0,,
baseline,sdedit,none,111000000000,change_object,3,background,make the background a desert,,,,,,,,,0.2278470695018768,0.2229475528001785,0.0048995167016983,-0.0142477639019489,0.9614250659942628,0.841179609298706,0.3809379935264587,0.2543416860669407,14.229533082761366,13.548564419775786,1.8683006763458252,6.062216758728027,,,0.8802489438249264,False,,,77.49310302734375,0.546875,140.0,0.0752172668006435,False,154.0,False,,0.0,,
baseline,sdedit,none,111000000000,change_object,4,style,turn it into a watercolor painting,,,,,,,,,0.2630851566791534,0.1827753782272339,0.0803097784519195,0.240174263715744,0.930826723575592,0.8230583071708679,0.4162445962429046,0.2348641363312237,13.758916054763674,13.019691765441078,1.8668172359466553,6.062216758728027,,,0.6641422629843776,False,,,78.64244842529297,0.5234375,134.0,0.2459214249907054,False,154.0,False,,1.0,,
baseline,sdedit,none,111000000001,change_object,0,none,,,,,,,,inf,1.0,,,,,,,,,,,,,,,0.6733671351209289,False,,,82.0671615600586,0.49609375,127.0,0.5743424702535421,False,154.0,False,,,,
baseline,sdedit,none,111000000001,change_object,1,change_object,change the cat to tiger and change the hat to scarf,,,,,,,,,0.3156270086765289,0.231210172176361,0.0844168365001678,0.2690807282924652,0.8413302302360535,0.5588059425354004,0.4315234422683716,0.4483611679023763,16.662389860067602,16.662389860067602,1.8700497150421145,6.062216758728027,,,0.5198752442228824,False,,,80.49571228027344,0.546875,140.0,0.0752172668006435,False,154.0,False,,1.0,,
baseline,sdedit,none,111000000001,change_object,2,global_attribute,make it rainy,,,,,,,,,0.3331857323646545,0.2943364083766937,0.0388493239879608,0.3039805889129638,0.9262537956237792,0.9297279119491576,0.349009096622467,0.4371178159009269,15.965310944463493,14.210437914986835,1.8644936084747312,6.062216758728027,,,0.4730025441969119,False,,,79.43172454833984,0.49609375,127.0,0.5743424702535421,False,154.0,False,,1.0,,
baseline,sdedit,none,111000000001,change_object,3,background,make the background a desert,,,,,,,,,0.3358014822006225,0.3114655315876007,0.0243359506130218,-0.04506366699934,0.9354013204574584,0.932153582572937,0.3408841490745544,0.3809539622252629,14.661712333445758,12.6408915409026,1.8706207275390625,6.062216758728027,,,0.8101890345191963,False,,,84.04926300048828,0.453125,116.0,0.9410011475579736,False,154.0,False,,0.0,,
baseline,sdedit,none,111000000001,change_object,4,style,make it look cinematic,,,,,,,,,0.3258611559867859,0.3077686429023742,0.0180925130844116,-0.0123566314578056,0.9645037055015564,0.9571942687034608,0.3070360124111175,0.3801393240004667,14.80536635308918,11.74794225871896,1.8799810409545896,6.062216758728027,,,0.5052706661003503,False,,,79.16944885253906,0.52734375,135.0,0.2082785937466144,False,154.0,False,,0.0,,
baseline,sdedit,none,111000000002,change_object,0,none,,,,,,,,inf,1.0,,,,,,,,,,,,,,,0.9727859271757056,False,,,86.19181060791016,0.46875,120.0,0.8560053567341714,False,154.0,False,,,,
baseline,sdedit,none,111000000002,change_object,1,change_object,change the duck to marmot and change the eyes to mouth,,,,,,,,,0.2481110990047454,0.1373195797204971,0.1107915192842483,0.3295983076095581,0.8403279781341553,0.5194698572158813,0.3796598613262176,0.5649968587267981,18.275752967793856,18.275752967793856,1.8647992610931396,6.062216758728027,,,0.8466522562576596,False,,,84.70286560058594,0.54296875,139.0,0.0946239164605277,False,154.0,False,,1.0,,
baseline,sdedit,none,111000000002,change_object,2,global_attribute,make it nighttime,,,,,,,,,0.233083426952362,0.2430997490882873,-0.0100163221359252,-0.0067774131894111,0.8667992353439331,0.8019291758537292,0.3378095626831054,0.5470490136493641,17.995157869792653,16.298137929408576,1.870488166809082,6.062216758728027,,,0.9901015029476952,False,,,87.72261047363281,0.5859375,150.0,0.0035406370289426,False,154.0,False,,0.0,,
baseline,sdedit,none,111000000002,change_object,3,background,make the background a desert,,,,,,,,,0.2325752973556518,0.2278072834014892,0.0047680139541625,-0.0626832470297813,0.8783864974975586,0.7539389133453369,0.3886651396751404,0.5030970429309448,17.762410067379925,15.14667074772461,1.8675522804260256,6.062216758728027,,,0.7495580363342625,False,,,83.30828857421875,0.53125,136.0,0.1742606277334355,False,154.0,False,,0.0,,
baseline,sdedit,none,111000000002,change_object,4,style,make it anime style,,,,,,,,,0.2104889452457428,0.209267571568489,0.0012213736772537,-0.0826228708028793,0.8923434615135193,0.9006435871124268,0.3133485913276672,0.4968685545858137,17.614914061223097,14.226418661978515,1.8686282634735107,6.062216758728027,,,0.7027647376178594,False,,,83.6772232055664,0.48828125,125.0,0.6690835696077719,False,154.0,False,,0.0,,
baseline,sdedit,none,111000000003,change_object,0,none,,,,,,,,inf,1.0,,,,,,,,,,,,,,,0.3301615953304741,False,,,72.87015533447266,0.5546875,142.0,0.0456560434661426,False,154.0,False,,,,
baseline,sdedit,none,111000000003,change_object,1,change_object,change the bunny to pig and change the eyes to ears,,,,,,,,,0.2556923031806946,0.1970217525959015,0.058670550584793,0.3437478542327881,0.851317286491394,0.6209661960601807,0.3454737067222595,0.3994562587907819,19.31860447654357,19.31860447654357,1.871272325515747,6.062216758728027,,,0.3223370061593037,False,,,80.44939422607422,0.51953125,133.0,0.286930688297277,False,154.0,False,,1.0,,
baseline,sdedit,none,111000000003,change_object,2,global_attribute,change the season to winter,,,,,,,,,0.2280050218105316,0.2216770201921463,0.0063280016183853,0.0153235290199518,0.9463735818862916,0.8791394829750061,0.398968756198883,0.3487924821342259,18.35569753879951,17.592723745199116,1.874518871307373,6.062216758728027,,,0.1285594225648488,False,,,77.96647644042969,0.53515625,137.0,0.1439946432658286,False,154.0,False,,1.0,,
baseline,sdedit,none,111000000003,change_object,3,background,make the background a city street,,,,,,,,,0.2949173152446747,0.2049250900745391,0.0899922251701355,0.0487947165966033,0.9384883642196656,0.9197269678115844,0.4159071445465088,0.3715283491763936,18.37191362189005,16.757836574511405,1.8723783493041992,6.062216758728027,,,0.4294463449255501,False,,,79.2961654663086,0.484375,124.0,0.7130693117027229,False,154.0,False,,1.0,,
baseline,sdedit,none,111000000003,change_object,4,style,convert it to an oil painting,,,,,,,,,0.2467834949493408,0.2563406527042389,-0.009557157754898,0.1532492339611053,0.8962558507919312,0.7327045202255249,0.397930771112442,0.3692948380977586,18.058134563909263,15.962153897281738,1.8706707954406736,6.062216758728027,,,0.6029201868264604,False,,,80.63886260986328,0.53125,136.0,0.1742606277334355,False,154.0,False,,0.0,,
baseline,sdedit,none,111000000004,change_object,0,none,,,,,,,,inf,1.0,,,,,,,,,,,,,,,0.5560444058351013,False,,,74.73863220214844,0.5234375,134.0,0.2459214249907054,False,154.0,False,,,,
baseline,sdedit,none,111000000004,change_object,1,change_object,change the owl to cat and change the heart to circle,,,,,,,,,0.2044532895088195,0.1887113004922866,0.0157419890165328,0.0705446153879165,0.9409655928611756,0.8177418112754822,0.2965271770954132,0.550857494692837,16.50707249456499,16.50707249456499,1.8649039268493652,6.062216758728027,,,0.5715038210105272,False,,,76.88253021240234,0.4921875,126.0,0.6226346259555037,False,154.0,False,,1.0,,
baseline,sdedit,none,111000000004,change_object,2,global_attribute,make it sunset lighting,,,,,,,,,0.1929848492145538,0.1841854453086853,0.0087994039058685,0.0408659502863884,0.9304486513137816,0.8874160051345825,0.3250225484371185,0.4648645829514216,15.841569169791637,14.442875408338738,1.8696701526641848,6.062216758728027,,,0.3252599347603241,False,,,76.56149291992188,0.484375,124.0,0.7130693117027229,False,154.0,False,,1.0,,
baseline,sdedit,none,111000000004,change_object,3,background,make the background a city street,,,,,,,,,0.2321350872516632,0.1783203482627868,0.0538147389888763,0.016247009858489,0.9403715133666992,0.8640743494033813,0.3365087211132049,0.4743074013682253,15.612532076687945,13.654373163538288,1.8657102584838867,6.062216758728027,,,0.0159693313886955,False,,,73.83321380615234,0.5390625,138.0,0.1174842919073398,False,154.0,False,,1.0,,
baseline,sdedit,none,111000000004,change_object,4,style,make it anime style,,,,,,,,,0.2405523657798767,0.2208092957735061,0.0197430700063705,0.0334614776074886,0.8946799039840698,0.8368871212005615,0.3932145833969116,0.4401360760549357,15.1184780249345,12.781941781056933,1.873652696609497,6.062216758728027,,,0.712065983908018,False,,,80.69243621826172,0.51953125,133.0,0.286930688297277,False,154.0,False,,1.0,,
baseline,sdedit,none,211000000000,add_object,0,none,,,,,,,,inf,1.0,,,,,,,,,,,,,,,0.310792023271462,False,,,77.27735900878906,0.47265625,121.0,0.8257393722665645,False,154.0,False,,,,
baseline,sdedit,none,211000000000,add_object,1,add_object,add scarf and add flowers in mouth,,,,,,,,,0.2811914682388305,0.2661797106266022,0.0150117576122283,0.0060199787840247,0.9779820442199708,0.8693481087684631,0.3695398867130279,0.3778614486238938,17.695661781007843,17.695661781007843,1.872097969055176,6.062216758728027,,,0.0776152591837448,False,,,76.39104461669922,0.55859375,143.0,0.0348502474645465,False,154.0,False,,1.0,,
baseline,sdedit,none,211000000000,add_object,2,global_attribute,make it rainy,,,,,,,,,0.2454448789358139,0.2592087388038635,-0.0137638598680496,0.0449226014316082,0.9325992465019226,0.8223356604576111,0.3392926454544067,0.3375147395443242,16.756479315057575,16.045437750110793,1.8609416484832764,6.062216758728027,,,0.5322190503959731,False,,,76.22010803222656,0.54296875,139.0,0.0946239164605277,False,154.0,False,,0.0,,
baseline,sdedit,none,211000000000,add_object,3,background,make the background a desert,,,,,,,,,0.2767799496650696,0.236447736620903,0.0403322130441665,0.0951321125030517,0.9378095865249634,0.859639048576355,0.3446278870105743,0.3191566654776491,16.02234178392496,14.793857436905244,1.8712987899780271,6.062216758728027,,,0.1560043456639699,False,,,76.21123504638672,0.52734375,135.0,0.2082785937466144,False,154.0,False,,1.0,,
baseline,sdedit,none,211000000000,add_object,4,style,make it anime style,,,,,,,,,0.2530547380447387,0.2649933695793152,-0.0119386315345764,-0.095118798315525,0.9460861086845398,0.8503018617630005,0.3477925956249237,0.3100642528413829,15.315041354493848,13.956448344783006,1.8663694858551023,6.062216758728027,,,0.0112857713869093,False,,,73.47880554199219,0.50390625,129.0,0.4750904450319304,False,154.0,False,,0.0,,
baseline,sdedit,none,211000000001,add_object,0,none,,,,,,,,inf,1.0,,,,,,,,,,,,,,,0.9589669685808456,False,,,70.8835220336914,0.47265625,121.0,0.8257393722665645,False,154.0,False,,,,
baseline,sdedit,none,211000000001,add_object,1,add_object,add a gold chain and add a star on its head,,,,,,,,,0.2692792415618896,0.19676573574543,0.0725135058164596,0.2590956389904022,0.92816823720932,0.8087534308433533,0.3496086001396179,0.4073034536459255,20.03391138847627,20.03391138847627,1.86781644821167,6.062216758728027,,,0.6593287619545068,False,,,76.16343688964844,0.51171875,131.0,0.3773653740444963,False,154.0,False,,1.0,,
baseline,sdedit,none,211000000001,add_object,2,global_attribute,make it nighttime,,,,,,,,,0.2750261425971985,0.2735121846199035,0.0015139579772949,-0.0488494299352169,0.9051307439804076,0.8562874794006348,0.3639803528785705,0.3150006543671977,18.601596054814166,18.99424224840762,1.869518756866455,6.062216758728027,,,0.7104013683264313,False,,,74.55032348632812,0.47265625,121.0,0.8257393722665645,False,154.0,False,,0.0,,
baseline,sdedit,none,211000000001,add_object,3,background,make the background a desert,,,,,,,,,0.2968886196613312,0.2614245414733886,0.0354640781879425,0.0291870385408401,0.9540218114852904,0.8260148763656616,0.3310162723064422,0.305740279491508,18.805745845725585,17.81328730192278,1.869921922683716,6.062216758728027,,,0.8870128187798504,False,,,79.90687561035156,0.5390625,138.0,0.1174842919073398,False,154.0,False,,1.0,,
baseline,sdedit,none,211000000001,add_object,4,style,make it anime style,,,,,,,,,0.2701635360717773,0.308933675289154,-0.0387701392173767,0.0371554568409919,0.945717990398407,0.8414160013198853,0.3095237612724304,0.2830311221004903,18.010702395611776,17.032999920946764,1.870910882949829,6.062216758728027,,,0.5541449807622063,False,,,72.64485931396484,0.5234375,134.0,0.2459214249907054,False,154.0,False,,0.0,,
baseline,sdedit,none,211000000002,add_object,0,none,,,,,,,,inf,1.0,,,,,,,,,,,,,,,0.5709845621873187,False,,,69.84831237792969,0.49609375,127.0,0.5743424702535421,False,154.0,False,,,,
baseline,sdedit,none,211000000002,add_object,1,add_object,add leaves and add a flower,,,,,,,,,0.2802047729492187,0.2923333644866943,-0.0121285915374755,0.0036753742024302,0.9430144429206848,0.955843985080719,0.2618735730648041,0.3141547081136485,14.102037153125227,14.102037153125227,1.8710076808929443,6.062216758728027,,,0.7061601889604543,False,,,72.3067855834961,0.515625,132.0,0.3309164303922281,False,154.0,False,,0.0,,
baseline,sdedit,none,211000000002,add_object,2,global_attribute,make it sunset lighting,,,,,,,,,0.2747136354446411,0.2611611485481262,0.0135524868965148,0.0321734994649887,0.9361818432807922,0.8763628602027893,0.2926816642284393,0.242314617944915,13.230423845389424,12.401963052312087,1.8743557929992676,6.062216758728027,,,0.3684600169059073,False,,,71.96736907958984,0.46875,120.0,0.8560053567341714,False,154.0,False,,1.0,,
baseline,sdedit,none,211000000002,add_object,3,background,make the background a forest,,,,,,,,,0.2715711295604706,0.2675738632678985,0.003997266292572,-0.0290744695812463,0.9556373357772828,0.8949981331825256,0.3040201961994171,0.2373550187784423,12.722283719648784,11.47251576589526,1.868201494216919,6.062216758728027,,,0.7005821759925178,False,,,73.73277282714844,0.515625,132.0,0.3309164303922281,False,154.0,False,,0.0,,
baseline,sdedit,none,211000000002,add_object,4,style,turn it into a watercolor painting,,,,,,,,,0.2449829578399658,0.2271680980920791,0.0178148597478866,0.1990087628364563,0.9251648187637328,0.8674511909484863,0.4013713002204895,0.193328165674351,12.1748670856466,11.054140051386645,1.868628740310669,6.062216758728027,,,0.4946683242393276,False,,,75.92166900634766,0.4921875,126.0,0.6226346259555037,False,154.0,False,,1.0,,
baseline,sdedit,none,211000000003,add_object,0,none,,,,,,,,inf,1.0,,,,,,,,,,,,,,,0.5371997137692405,False,,,75.49107360839844,0.47265625,121.0,0.8257393722665645,False,154.0,False,,,,
baseline,sdedit,none,211000000003,add_object,1,add_object,add a hurbat and add a sword,,,,,,,,,0.2636365592479706,0.2359840869903564,0.0276524722576141,0.011012589558959,0.9112738370895386,0.8202846050262451,0.2419358193874359,0.5782584980748897,19.4202664402402,19.4202664402402,1.877211332321167,6.062216758728027,,,0.3784983380959691,False,,,79.17215728759766,0.48828125,125.0,0.6690835696077719,False,154.0,False,,1.0,,
baseline,sdedit,none,211000000003,add_object,2,global_attribute,make it rainy,,,,,,,,,0.3119488656520843,0.2631309926509857,0.0488178730010986,0.177887350320816,0.9050118923187256,0.8519989252090454,0.3517341613769531,0.4853075950442544,18.49216913461995,17.283564388459812,1.8707025051116943,6.062216758728027,,,0.6372810557156114,False,,,80.65025329589844,0.484375,124.0,0.7130693117027229,False,154.0,False,,1.0,,
baseline,sdedit,none,211000000003,add_object,3,background,make the background a forest,,,,,,,,,0.3014851212501526,0.2876408398151397,0.0138442814350128,-0.016619773581624,0.9242209196090698,0.885440468788147,0.2914093434810638,0.4435265529839808,17.137869899666782,15.8719198884628,1.8736135959625244,6.062216758728027,,,0.3597933550865661,False,,,78.32252502441406,0.5,128.0,0.5249095549680696,False,154.0,False,,0.0,,
baseline,sdedit,none,211000000003,add_object,4,style,turn it into a watercolor painting,,,,,,,,,0.2199365347623825,0.2315228283405304,-0.0115862935781478,0.0809293240308761,0.8770923614501953,0.8378702402114868,0.3611533641815185,0.3822947418659404,16.272034687132297,14.62668282865225,1.8729074001312256,6.062216758728027,,,0.1810735276006072,False,,,77.3755874633789,0.53125,136.0,0.1742606277334355,False,154.0,False,,0.0,,
baseline,sdedit,none,211000000004,add_object,0,none,,,,,,,,inf,1.0,,,,,,,,,,,,,,,0.3773184472580356,False,,,69.68087005615234,0.4765625,122.0,0.7917214062533855,False,154.0,False,,,,
baseline,sdedit,none,211000000004,add_object,1,add_object,add a cat and add colorful flowers,,,,,,,,,0.2855826020240783,0.2593200206756592,0.0262625813484191,0.1377669870853424,0.9296315908432008,0.9309811592102052,0.3175066709518432,0.6504664393914144,17.289321601897814,17.289321601897814,1.8716230392456057,6.062216758728027,,,0.4880928251904758,False,,,74.7553939819336,0.48046875,123.0,0.7540785750092945,False,154.0,False,,1.0,,
baseline,sdedit,none,211000000004,add_object,2,global_attribute,change the season to winter,,,,,,,,,0.254012256860733,0.259817361831665,-0.005805104970932,-0.0081055788323283,0.982744574546814,0.94117271900177,0.2687336206436157,0.5606437609169274,17.317624222817113,15.329840879275256,1.8667140007019043,6.062216758728027,,,0.4989000597352802,False,,,74.5098876953125,0.4453125,114.0,0.9651497525354534,False,154.0,False,,0.0,,
baseline,sdedit,none,211000000004,add_object,3,background,make the background a desert,,,,,,,,,0.2598309218883514,0.2476356029510498,0.0121953189373016,0.0158980935811996,0.9528499841690063,0.9449569582939148,0.2625541687011719,0.4902137743731347,16.644768416282197,14.09902908754111,1.8729372024536133,6.062216758728027,,,0.6782751424156511,False,,,77.03964233398438,0.5234375,134.0,0.2459214249907054,False,154.0,False,,1.0,,
baseline,sdedit,none,211000000004,add_object,4,style,make it anime style,,,,,,,,,0.2472343742847442,0.2585001289844513,-0.011265754699707,-0.0125605519860982,0.9312624931335448,0.8859220743179321,0.3102328479290008,0.4413280122034432,16.48610530067237,13.777621971787957,1.8716468811035156,6.062216758728027,,,0.7843503219842596,False,,,72.47221374511719,0.51953125,133.0,0.286930688297277,False,154.0,False,,0.0,,
baseline,sdedit,none,311000000000,delete_object,0,none,,,,,,,,inf,1.0,,,,,,,,,,,,,,,0.576747947470303,False,,,71.28970336914062,0.5,128.0,0.5249095549680696,False,154.0,False,,,,
baseline,sdedit,none,311000000000,delete_object,1,delete_object,remove the yellow flowers,,,,,,,,,0.2255160957574844,0.2320945262908935,-0.0065784305334091,0.0638109520077705,0.9471142888069152,0.8069584965705872,0.2335281074047088,0.6663346081416551,18.52273166666817,18.52273166666817,1.8710687160491943,6.062216758728027,,,0.2638323607212832,False,,,75.94547271728516,0.4921875,126.0,0.6226346259555037,False,154.0,False,,0.0,,
baseline,sdedit,none,311000000000,delete_object,2,global_attribute,change the season to winter,,,,,,,,,0.2240606397390365,0.1883327066898346,0.0357279330492019,0.2177673578262329,0.9447946548461914,0.7893968224525452,0.3896811306476593,0.5323631448406062,17.462892661730937,16.33223662077586,1.872629165649414,6.062216758728027,,,0.040617246495141,False,,,72.05867767333984,0.4921875,126.0,0.6226346259555037,False,154.0,False,,1.0,,
baseline,sdedit,none,311000000000,delete_object,3,background,replace the background with a beach,,,,,,,,,0.2215468138456344,0.2047342658042907,0.0168125480413436,0.0132051855325698,0.9442492127418518,0.7439994215965271,0.3618440330028534,0.4256856420536534,16.361007258247003,15.055720512918391,1.8683099746704104,6.062216758728027,,,0.022015855008177,False,,,76.3580093383789,0.5625,144.0,0.0262358366660715,False,154.0,False,,1.0,,
baseline,sdedit,none,311000000000,delete_object,4,style,make it look cinematic,,,,,,,,,0.2560906708240509,0.2256023436784744,0.0304883271455764,0.0455188527703285,0.9220772385597228,0.7536619901657104,0.398790955543518,0.388888688722051,15.733713751760869,14.010232125098906,1.8695099353790283,6.062216758728027,,,0.1954624545323169,False,,,75.63442993164062,0.52734375,135.0,0.2082785937466144,False,154.0,False,,1.0,,
baseline,sdedit,none,311000000001,delete_object,0,none,,,,,,,,inf,1.0,,,,,,,,,,,,,,,0.5436243664312204,False,,,74.45459747314453,0.51171875,131.0,0.3773653740444963,False,154.0,False,,,,
baseline,sdedit,none,311000000001,delete_object,1,delete_object,remove the headphones,,,,,,,,,0.2016400396823883,0.2064104676246643,-0.004770427942276,0.0693939924240112,0.9894832372665404,0.9228435754776,0.1968373954296112,0.5950413769937465,19.79313398125727,19.79313398125727,1.869640588760376,6.062216758728027,,,0.3498533381901886,False,,,76.20091247558594,0.47265625,121.0,0.8257393722665645,False,154.0,False,,0.0,,
baseline,sdedit,none,311000000001,delete_object,2,global_attribute,make it sunset lighting,,,,,,,,,0.1702365279197693,0.1667057126760482,0.003530815243721,0.0632277429103851,0.9880547523498536,0.925113081932068,0.222878947854042,0.5548033682681247,19.039613249684415,18.07571379743578,1.8730599880218504,6.062216758728027,,,0.2203050273750507,False,,,76.27621459960938,0.5,128.0,0.5249095549680696,False,154.0,False,,1.0,,
baseline,sdedit,none,311000000001,delete_object,3,background,replace the background with a beach,,,,,,,,,0.164457768201828,0.1672016978263855,-0.0027439296245574,-0.0570507831871509,0.983051061630249,0.9512248039245604,0.2074625194072723,0.5453187917093406,19.437326941942136,17.79570773180026,1.868668556213379,6.062216758728027,,,0.6862858627465339,False,,,75.3830337524414,0.47265625,121.0,0.8257393722665645,False,154.0,False,,0.0,,
baseline,sdedit,none,311000000001,delete_object,4,style,turn it into a watercolor painting,,,,,,,,,0.1667833775281906,0.1201083809137344,0.0466749966144561,0.2477793991565704,0.9498836398124696,0.8746649622917175,0.3349844217300415,0.4876839797908947,18.64372379106212,16.84244128038821,1.872291088104248,6.062216758728027,,,0.4156484441083268,False,,,76.82201385498047,0.45703125,117.0,0.9247827331993564,False,154.0,False,,1.0,,
baseline,sdedit,none,311000000002,delete_object,0,none,,,,,,,,inf,1.0,,,,,,,,,,,,,,,0.6513558619541616,False,,,71.7811050415039,0.4609375,118.0,0.9053760835394724,False,154.0,False,,,,
baseline,sdedit,none,311000000002,delete_object,1,delete_object,remove a suit and remove a laptop,,,,,,,,,0.2688822150230407,0.2647378146648407,0.0041444003582,-0.0417477004230022,0.9771519303321838,0.9318523406982422,0.2668701112270355,0.6304085487235689,18.763596700788952,18.763596700788952,1.8667964935302737,6.062216758728027,,,0.1411510786922069,False,,,72.3426742553711,0.51953125,133.0,0.286930688297277,False,154.0,False,,0.0,,
baseline,sdedit,none,311000000002,delete_object,2,global_attribute,make it nighttime,,,,,,,,,0.261033296585083,0.2493911981582641,0.0116420984268188,0.1316127479076385,0.9844110012054444,0.9012627005577089,0.2896863222122192,0.6057467165467332,18.38236980667859,17.160411425604376,1.8737308979034424,6.062216758728027,,,0.6489620452037874,False,,,75.666015625,0.5,128.0,0.5249095549680696,False,154.0,False,,1.0,,
baseline,sdedit,none,311000000002,delete_object,3,background,make the background a desert,,,,,,,,,0.2425232231616974,0.247612714767456,-0.0050894916057586,0.0498725771903991,0.9774657487869264,0.9106124639511108,0.314298927783966,0.5861455590195981,18.34666123129976,16.35771009221342,1.8716492652893064,6.062216758728027,,,0.9782268756828958,False,,,78.61392974853516,0.55078125,141.0,0.0589988524420263,False,154.0,False,,0.0,,
baseline,sdedit,none,311000000002,delete_object,4,style,make it anime style,,,,,,,,,0.2588043510913849,0.2385619878768921,0.0202423632144927,0.1000828295946121,0.9302850365638732,0.7796996831893921,0.3211677372455597,0.5592456611403454,18.211926850447497,15.685143547953668,1.8694322109222412,6.062216758728027,,,0.6806414292873072,False,,,76.30424499511719,0.47265625,121.0,0.8257393722665645,False,154.0,False,,1.0,,
baseline,sdedit,none,311000000003,delete_object,0,none,,,,,,,,inf,1.0,,,,,,,,,,,,,,,0.185377316026034,False,,,72.30131530761719,0.51171875,131.0,0.3773653740444963,False,154.0,False,,,,
baseline,sdedit,none,311000000003,delete_object,1,delete_object,remove the flower,,,,,,,,,0.2934446036815643,0.2963303327560425,-0.0028857290744781,-0.0589850842952728,0.9304196834564208,0.8099291324615479,0.1955044865608215,0.6557226632836478,22.062301097865262,22.062301097865262,1.871232748031616,6.062216758728027,,,0.0681926729705849,False,,,74.39259338378906,0.5078125,130.0,0.4256575297464579,False,154.0,False,,0.0,,
baseline,sdedit,none,311000000003,delete_object,2,global_attribute,make it sunset lighting,,,,,,,,,0.2667928636074066,0.2697273790836334,-0.0029345154762268,0.0185332261025905,0.953630805015564,0.8976203203201294,0.2216932475566864,0.6256430964153405,21.22820552077847,20.59841981107189,1.8719475269317627,6.062216758728027,,,0.3593592917703894,False,,,75.89224243164062,0.49609375,127.0,0.5743424702535421,False,154.0,False,,0.0,,
baseline,sdedit,none,311000000003,delete_object,3,background,make the background a forest,,,,,,,,,0.2338737249374389,0.2430359274148941,-0.0091622024774551,-0.0020116306841373,0.9285173416137696,0.8497392535209656,0.2263721227645874,0.5712400429432448,20.05097064206508,19.27345547735904,1.86498498916626,6.062216758728027,,,0.671858485272534,False,,,75.63865661621094,0.5,128.0,0.5249095549680696,False,154.0,False,,0.0,,
baseline,sdedit,none,311000000003,delete_object,4,style,convert it to an oil painting,,,,,,,,,0.2250546813011169,0.2078553140163421,0.0171993672847747,0.0513937547802925,0.9338866472244264,0.8920654654502869,0.2238965332508087,0.549963837421329,20.422904940356396,18.35385658142669,1.8685202598571775,6.062216758728027,,,0.799979709523562,False,,,77.67809295654297,0.51171875,131.0,0.3773653740444963,False,154.0,False,,1.0,,
baseline,sdedit,none,311000000004,delete_object,0,none,,,,,,,,inf,1.0,,,,,,,,,,,,,,,0.8819031699779752,False,,,74.2903060913086,0.46484375,119.0,0.8825157080926602,False,154.0,False,,,,
baseline,sdedit,none,311000000004,delete_object,1,delete_object,remove an iceberg and remove a plane flying overhead,,,,,,,,,0.2221341431140899,0.2343702167272567,-0.0122360736131668,0.139222502708435,0.9780452847480774,0.8832687735557556,0.2931285500526428,0.4658511386768504,19.030982623003226,19.030982623003226,1.8721306324005127,6.062216758728027,,,0.498013572847498,False,,,77.41427612304688,0.5234375,134.0,0.2459214249907054,False,154.0,False,,0.0,,
baseline,sdedit,none,311000000004,delete_object,2,global_attribute,make it rainy,,,,,,,,,0.2573187351226806,0.2163679599761963,0.0409507751464843,0.0778845772147178,0.9489579200744628,0.8662550449371338,0.3415241539478302,0.4455273282034024,18.24628333961759,17.14045088056278,1.8667116165161133,6.062216758728027,,,0.9025259656898992,False,,,79.64260864257812,0.47265625,121.0,0.8257393722665645,False,154.0,False,,1.0,,
baseline,sdedit,none,311000000004,delete_object,3,background,make the background a city street,,,,,,,,,0.2986926436424255,0.242027461528778,0.0566651821136474,0.0323640182614326,0.9390909671783448,0.802297830581665,0.4158538579940796,0.3904112727846942,17.290201309584127,15.43157226046145,1.87048864364624,6.062216758728027,,,0.5815621628571384,False,,,79.20033264160156,0.5546875,142.0,0.0456560434661426,False,154.0,False,,1.0,,
baseline,sdedit,none,311000000004,delete_object,4,style,convert it to an oil painting,,,,,,,,,0.2689355313777923,0.2768532633781433,-0.0079177320003509,-0.1411359161138534,0.9636300802230836,0.8632107377052307,0.3960923850536346,0.3427606386646128,16.524249717590706,14.603774887730031,1.867570161819458,6.062216758728027,,,0.840966377574069,False,,,79.265625,0.5078125,130.0,0.4256575297464579,False,154.0,False,,0.0,,
baseline,sdedit,none,411000000000,change_content,0,none,,,,,,,,inf,1.0,,,,,,,,,,,,,,,0.1392835169564008,False,,,67.16726684570312,0.51171875,131.0,0.3773653740444963,False,154.0,False,,,,
baseline,sdedit,none,411000000000,change_content,1,change_content,change the big to small and make it big,,,,,,,,,0.2803162932395935,0.2696619033813476,0.0106543898582458,0.0550321564078331,0.9602048993110656,0.9345115423202516,0.1220017224550247,0.6919867413955156,23.479262285498827,23.479262285498827,1.869248867034912,6.062216758728027,,,0.5120026989691862,False,,,73.2254409790039,0.55078125,141.0,0.0589988524420263,False,154.0,False,,1.0,,
baseline,sdedit,none,411000000000,change_content,2,global_attribute,make it nighttime,,,,,,,,,0.2742088735103607,0.2507714033126831,0.0234374701976776,0.2496275156736374,0.9639184474945068,0.8739607334136963,0.290057897567749,0.574024530940029,20.200230014378025,19.533097929747655,1.862654685974121,6.062216758728027,,,0.5236595395506429,False,,,78.40650939941406,0.53125,136.0,0.1742606277334355,False,154.0,False,,1.0,,
baseline,sdedit,none,411000000000,change_content,3,background,replace the background with a beach,,,,,,,,,0.2605758309364319,0.2676023840904236,-0.0070265531539916,0.0583962500095367,0.9783446788787842,0.8879452347755432,0.289116621017456,0.51237915052611,18.762448727487616,17.982966219226466,1.8691017627716064,6.062216758728027,,,0.5856573123195198,False,,,74.98030090332031,0.5625,144.0,0.0262358366660715,False,154.0,False,,0.0,,
baseline,sdedit,none,411000000000,change_content,4,style,turn it into a watercolor painting,,,,,,,,,0.2872858643531799,0.2476940900087356,0.0395917743444442,0.2188021540641784,0.9503695964813232,0.8897963166236877,0.3291981816291809,0.4257253805073477,18.065158585709625,16.8866678773847,1.8735108375549316,6.062216758728027,,,0.0723525993755637,False,,,72.23363494873047,0.5859375,150.0,0.0035406370289426,False,154.0,False,,1.0,,
baseline,sdedit,none,411000000001,change_content,0,none,,,,,,,,inf,1.0,,,,,,,,,,,,,,,0.3334514121446835,False,,,79.62966918945312,0.45703125,117.0,0.9247827331993564,False,154.0,False,,,,
baseline,sdedit,none,411000000001,change_content,1,change_content,change the spread out to fold in,,,,,,,,,0.2902870774269104,0.2911192774772644,-0.000832200050354,-0.0981874018907547,0.9626632928848268,0.8838420510292053,0.3548243641853332,0.4173158326432045,15.593483705136864,15.593483705136864,1.8730101585388184,6.062216758728027,,,0.7052277816032323,False,,,83.4161605834961,0.453125,116.0,0.9410011475579736,False,154.0,False,,0.0,,
baseline,sdedit,none,411000000001,change_content,2,global_attribute,change the season to winter,,,,,,,,,0.2847471833229065,0.2678371965885162,0.0169099867343902,0.1465875953435897,0.908527970314026,0.899480938911438,0.3773005902767181,0.3676831752128377,15.266822291087369,13.666688258409188,1.868834972381592,6.062216758728027,,,0.6241826634693525,False,,,81.41410064697266,0.46484375,119.0,0.8825157080926602,False,154.0,False,,1.0,,
baseline,sdedit,none,411000000001,change_content,3,background,replace the background with a beach,,,,,,,,,0.2614194750785827,0.2595122754573822,0.0019071996212005,0.10002101957798,0.9139690399169922,0.9050226211547852,0.3794904947280884,0.3416694325962411,14.847170478596327,12.726211129741232,1.8697607517242432,6.062216758728027,,,0.4978202621712733,False,,,79.49320983886719,0.5078125,130.0,0.4256575297464579,False,154.0,False,,1.0,,
baseline,sdedit,none,411000000001,change_content,4,style,make it anime style,,,,,,,,,0.229041501879692,0.2412628680467605,-0.0122213661670684,0.0114642046391963,0.9753990173339844,0.8300973176956177,0.4264851212501526,0.311383446834665,14.202619941396932,12.079198888443134,1.873473882675171,6.062216758728027,,,0.5638128193991314,False,,,80.24815368652344,0.51953125,133.0,0.286930688297277,False,154.0,False,,0.0,,
baseline,sdedit,none,411000000002,change_content,0,none,,,,,,,,inf,1.0,,,,,,,,,,,,,,,0.7286025268190336,False,,,72.8296890258789,0.46875,120.0,0.8560053567341714,False,154.0,False,,,,
baseline,sdedit,none,411000000002,change_content,1,change_content,change the scarf to cloak,,,,,,,,,0.2825419902801513,0.2852454483509063,-0.002703458070755,0.0450801253318786,0.916627049446106,0.842245876789093,0.2530977725982666,0.3907805618887852,17.649471231818122,17.649471231818122,1.8741130828857424,6.062216758728027,,,0.4413804684209801,False,,,76.49365234375,0.46875,120.0,0.8560053567341714,False,154.0,False,,0.0,,
baseline,sdedit,none,411000000002,change_content,2,global_attribute,change the season to winter,,,,,,,,,0.3344907462596893,0.2597256898880005,0.0747650563716888,0.2673667073249817,0.8644441366195679,0.8124771118164062,0.3975355923175812,0.2995739366459868,16.44406002923112,15.521236407727724,1.873833417892456,6.062216758728027,,,0.5543885587366977,False,,,79.04948425292969,0.47265625,121.0,0.8257393722665645,False,154.0,False,,1.0,,
baseline,sdedit,none,411000000002,change_content,3,background,make the background a city street,,,,,,,,,0.2942322492599487,0.3090267777442932,-0.0147945284843444,-0.0034451819956302,0.9566333889961244,0.8313255906105042,0.3788818418979645,0.2648357947336657,15.049555987731589,14.261121799103124,1.8687713146209717,6.062216758728027,,,0.1060731231058978,False,,,76.55510711669922,0.515625,132.0,0.3309164303922281,False,154.0,False,,0.0,,
baseline,sdedit,none,411000000002,change_content,4,style,make it look cinematic,,,,,,,,,0.3176457285881042,0.2878066301345825,0.0298390984535217,-0.0608897507190704,0.9177827835083008,0.7081800699234009,0.4389941096305847,0.2096935935661551,14.223932859463812,13.24594271669147,1.8692114353179932,6.062216758728027,,,0.3753512828364233,False,,,79.4643783569336,0.47265625,121.0,0.8257393722665645,False,154.0,False,,0.0,,
baseline,sdedit,none,411000000003,change_content,0,none,,,,,,,,inf,1.0,,,,,,,,,,,,,,,0.310485919416938,False,,,77.14502716064453,0.48828125,125.0,0.6690835696077719,False,154.0,False,,,,
baseline,sdedit,none,411000000003,change_content,1,change_content,change the furry wolf to bald wolf,,,,,,,,,0.2565684020519256,0.2684826254844665,-0.0119142234325408,-0.0531854145228862,0.9418004751205444,0.9352562427520752,0.334353506565094,0.3377293112800952,18.2269355528003,18.2269355528003,1.8686671257019043,6.062216758728027,,,0.1427750288689709,False,,,75.44344329833984,0.51171875,131.0,0.3773653740444963,False,154.0,False,,0.0,,
baseline,sdedit,none,411000000003,change_content,2,global_attribute,make it sunset lighting,,,,,,,,,0.2484904825687408,0.2320087552070617,0.016481727361679,0.0467556416988372,0.9533138275146484,0.9387819766998292,0.3223001360893249,0.286801466178868,17.383987131932624,16.669541211372145,1.8712241649627688,6.062216758728027,,,0.1640746720766991,False,,,76.41258239746094,0.4921875,126.0,0.6226346259555037,False,154.0,False,,1.0,,
baseline,sdedit,none,411000000003,change_content,3,background,make the background a forest,,,,,,,,,0.2749713659286499,0.2718042731285095,0.0031670928001403,0.0057892557233572,0.9676363468170166,0.9312595129013062,0.3832255005836487,0.2679169445648308,16.17922922576831,15.021134470199042,1.8665783405303955,6.062216758728027,,,0.3718994196666214,False,,,78.69092559814453,0.5390625,138.0,0.1174842919073398,False,154.0,False,,1.0,,
baseline,sdedit,none,411000000003,change_content,4,style,convert it to an oil painting,,,,,,,,,0.278968334197998,0.2651688456535339,0.0137994885444641,0.1721743047237396,0.9622388482093812,0.8991661667823792,0.4108805060386657,0.2601704790551552,15.836716800792365,14.523957617155665,1.86751127243042,6.062216758728027,,,0.2280836092949117,False,,,78.82295989990234,0.55078125,141.0,0.0589988524420263,False,154.0,False,,1.0,,
baseline,sdedit,none,411000000004,change_content,0,none,,,,,,,,inf,1.0,,,,,,,,,,,,,,,0.7474507485532279,False,,,77.45088195800781,0.5234375,134.0,0.2459214249907054,False,154.0,False,,,,
baseline,sdedit,none,411000000004,change_content,1,change_content,change the shepherd dog to poodle dog and make it luxury,,,,,,,,,0.3327711224555969,0.3195938467979431,0.0131772756576538,0.1785152107477188,0.9032023549079896,0.6365715265274048,0.3995677828788757,0.4175193506251518,16.808158755613714,16.808158755613714,1.8657951354980469,6.062216758728027,,,0.527531278130438,False,,,73.89899444580078,0.52734375,135.0,0.2082785937466144,False,154.0,False,,1.0,,
baseline,sdedit,none,411000000004,change_content,2,global_attribute,change the season to winter,,,,,,,,,0.3047060668468475,0.2981468141078949,0.0065592527389526,0.0021816059015691,0.9423550367355348,0.7547353506088257,0.368704617023468,0.3755496699319132,15.668693098940418,14.605562978967887,1.865675687789917,6.062216758728027,,,0.7056494047666136,False,,,77.35321807861328,0.49609375,127.0,0.5743424702535421,False,154.0,False,,1.0,,
baseline,sdedit,none,411000000004,change_content,3,background,make the background a city street,,,,,,,,,0.3013632297515869,0.2851162254810333,0.0162470042705535,0.0618057176470756,0.9406479001045228,0.7830148339271545,0.3584609031677246,0.3401886973663665,14.270707733573666,13.279407093299774,1.870431423187256,6.062216758728027,,,0.7663653124102761,False,,,78.46057891845703,0.5078125,130.0,0.4256575297464579,False,154.0,False,,1.0,,
baseline,sdedit,none,411000000004,change_content,4,style,make it look cinematic,,,,,,,,,0.1706306189298629,0.1815460622310638,-0.0109154433012008,0.0383874699473381,0.9289019107818604,0.8346260190010071,0.3889828026294708,0.3256012925886454,13.398662147309706,12.36858132297241,1.881089687347412,6.062216758728027,,,0.5835131029702502,False,,,76.85869598388672,0.56640625,145.0,0.019475917081157,False,154.0,False,,0.0,,
baseline,sdedit,none,511000000000,change_pose,0,none,,,,,,,,inf,1.0,,,,,,,,,,,,,,,0.8496218578236155,False,,,76.11294555664062,0.4609375,118.0,0.9053760835394724,False,154.0,False,,,,
baseline,sdedit,none,511000000000,change_pose,1,change_pose,make it tail down and make it jumping,,,,,,,,,0.2055836021900177,0.1989839673042297,0.0065996348857879,-0.0093524977564811,0.9422781467437744,0.7845622897148132,0.3294838964939117,0.2384282501281324,18.665520628888753,18.665520628888753,1.868478536605835,6.062216758728027,,,0.8871880656719809,False,,,80.48786163330078,0.46875,120.0,0.8560053567341714,False,154.0,False,,0.0,,
baseline,sdedit,none,511000000000,change_pose,2,global_attribute,make it nighttime,,,,,,,,,0.1949801743030548,0.1837849467992782,0.0111952275037765,0.0595745742321014,0.9307706356048584,0.8101032972335815,0.3235814273357391,0.2169217518675075,17.991488536791564,17.219971369264663,1.8699069023132324,6.062216758728027,,,0.6089197902161283,False,,,79.53079223632812,0.5078125,130.0,0.4256575297464579,False,154.0,False,,1.0,,
baseline,sdedit,none,511000000000,change_pose,3,background,make the background a city street,,,,,,,,,0.2165809571743011,0.1891402900218963,0.0274406671524047,0.0819315314292907,0.9398816823959352,0.8757355809211731,0.3419660627841949,0.2058441752457978,17.299646215389927,16.057103591451007,1.870063066482544,6.062216758728027,,,0.6458481413068867,False,,,76.65316772460938,0.53125,136.0,0.1742606277334355,False,154.0,False,,1.0,,
baseline,sdedit,none,511000000000,change_pose,4,style,convert it to an oil painting,,,,,,,,,0.2612417936325073,0.2060571610927581,0.0551846325397491,0.1949094235897064,0.8393164873123169,0.6262428760528564,0.3943235278129577,0.2153569051635822,16.994934204572157,15.77513149827452,1.8730661869049072,6.062216758728027,,,0.7327138869515329,False,,,80.98420715332031,0.46875,120.0,0.8560053567341714,False,154.0,False,,1.0,,
baseline,sdedit,none,511000000001,change_pose,0,none,,,,,,,,inf,1.0,,,,,,,,,,,,,,,0.34333645208821,False,,,76.25027465820312,0.49609375,127.0,0.5743424702535421,False,154.0,False,,,,
baseline,sdedit,none,511000000001,change_pose,1,change_pose,change the standing to sitting and make it tilting its head and make it wagging its tail,,,,,,,,,0.2276421934366226,0.2138908058404922,0.0137513875961303,0.0674730315804481,0.8898637294769287,0.8628617525100708,0.2536739110946655,0.3542089694787844,16.832092319955443,16.832092319955443,1.875027656555176,6.062216758728027,,,0.5286988478064668,False,,,79.37018585205078,0.484375,124.0,0.7130693117027229,False,154.0,False,,1.0,,
baseline,sdedit,none,511000000001,change_pose,2,global_attribute,make it rainy,,,,,,,,,0.2130659520626068,0.2143920660018921,-0.0013261139392852,-0.0976340547204017,0.915272891521454,0.9009705781936646,0.3201889991760254,0.3030160105144414,15.845049991632273,14.909780016447044,1.8756093978881836,6.062216758728027,,,0.2821155287885967,False,,,77.0953140258789,0.4921875,126.0,0.6226346259555037,False,154.0,False,,0.0,,
baseline,sdedit,none,511000000001,change_pose,3,background,make the background a desert,,,,,,,,,0.2106616497039795,0.2083460688591003,0.0023155808448791,0.051224011927843,0.8898715972900391,0.883634626865387,0.3064165711402893,0.2970500292894249,15.352416981566645,13.927604084953874,1.866950511932373,6.062216758728027,,,0.4419367182674626,False,,,80.52515411376953,0.52734375,135.0,0.2082785937466144,False,154.0,False,,1.0,,
baseline,sdedit,none,511000000001,change_pose,4,style,make it look cinematic,,,,,,,,,0.2031195312738418,0.2077413499355316,-0.0046218186616897,-0.0255977660417556,0.9706183671951294,0.880524754524231,0.3166677951812744,0.2938911692449319,15.482711503930114,13.511424363939309,1.8648648262023928,6.062216758728027,,,0.0838026539805956,False,,,74.54632568359375,0.49609375,127.0,0.5743424702535421,False,154.0,False,,0.0,,
baseline,sdedit,none,511000000002,change_pose,0,none,,,,,,,,inf,1.0,,,,,,,,,,,,,,,0.8645601824060007,False,,,78.5244369506836,0.5234375,134.0,0.2459214249907054,False,154.0,False,,,,
baseline,sdedit,none,511000000002,change_pose,1,change_pose,make it its mouth open and change the sitting to standing and make it roaring,,,,,,,,,0.2436721324920654,0.243720605969429,-4.8473477363586426e-05,0.0092626120895147,0.9453305006027222,0.9494857788085938,0.2949764728546142,0.3039160789512089,18.54248199106583,18.54248199106583,1.8629484176635744,6.062216758728027,,,0.4578323624239362,False,,,78.25037384033203,0.4453125,114.0,0.9651497525354534,False,154.0,False,,0.0,,
baseline,sdedit,none,511000000002,change_pose,2,global_attribute,change the season to winter,,,,,,,,,0.2402765601873397,0.2165171355009079,0.0237594246864318,0.0815901309251785,0.9462202191352844,0.954594612121582,0.302541047334671,0.2789848734505737,17.898513521827788,16.855273847798564,1.8694944381713867,6.062216758728027,,,0.6937931111340857,False,,,76.3443832397461,0.4453125,114.0,0.9651497525354534,False,154.0,False,,1.0,,
baseline,sdedit,none,511000000002,change_pose,3,background,replace the background with a beach,,,,,,,,,0.235595166683197,0.2204845696687698,0.0151105970144271,0.0657299757003784,0.9535317420959472,0.9510089755058287,0.3272009193897247,0.2629481275076256,16.483922405057957,15.308766940229896,1.8660590648651123,6.062216758728027,,,0.5512786826361058,False,,,78.58748626708984,0.48046875,123.0,0.7540785750092945,False,154.0,False,,1.0,,
baseline,sdedit,none,511000000002,change_pose,4,style,make it look cinematic,,,,,,,,,0.2529910504817962,0.2386283725500106,0.0143626779317855,0.0088242068886756,0.9573686718940736,0.9378432035446168,0.3149815499782562,0.2644417665207701,15.752802889234584,14.448770366520993,1.8627636432647705,6.062216758728027,,,0.9219329825813382,False,,,79.0752182006836,0.453125,116.0,0.9410011475579736,False,154.0,False,,1.0,,
baseline,sdedit,none,511000000003,change_pose,0,none,,,,,,,,inf,1.0,,,,,,,,,,,,,,,0.3187729844981217,False,,,80.7135238647461,0.53125,136.0,0.1742606277334355,False,154.0,False,,,,
baseline,sdedit,none,511000000003,change_pose,1,change_pose,change the wings spread to wings folded and make it beak pointed downward,,,,,,,,,0.2950791716575622,0.2837920784950256,0.0112870931625366,0.0209870506078004,0.966760277748108,0.9623578786849976,0.1606916636228561,0.7281484476745851,18.459720407682987,18.459720407682987,1.8744292259216309,6.062216758728027,,,0.7852181446936912,False,,,82.04948425292969,0.46875,120.0,0.8560053567341714,False,154.0,False,,1.0,,
baseline,sdedit,none,511000000003,change_pose,2,global_attribute,make it nighttime,,,,,,,,,0.2713044881820678,0.2837638258934021,-0.0124593377113342,0.0353882536292076,0.9657459259033204,0.9656020998954772,0.1754838675260543,0.7061848656712476,18.208380521330557,16.326784003104077,1.8718585968017576,6.062216758728027,,,0.24573891152647,False,,,81.3438720703125,0.52734375,135.0,0.2082785937466144,False,154.0,False,,0.0,,
baseline,sdedit,none,511000000003,change_pose,3,background,make the background a city street,,,,,,,,,0.2720957696437835,0.2583571672439575,0.013738602399826,0.0345310345292091,0.9461861848831176,0.8918973803520203,0.29986172914505,0.609184634967058,17.955076610058263,14.688837077746566,1.8689873218536377,6.062216758728027,,,0.5119285988046548,False,,,80.2885971069336,0.48046875,123.0,0.7540785750092945,False,154.0,False,,1.0,,
baseline,sdedit,none,511000000003,change_pose,4,style,convert it to an oil painting,,,,,,,,,0.2622406184673309,0.2577703595161438,0.0044702589511871,0.1709598451852798,0.9549264907836914,0.8890982866287231,0.3300313651561737,0.4988863458232691,17.14274616941561,13.95095803529044,1.8835930824279783,6.062216758728027,,,0.483059094909454,False,,,80.33222961425781,0.50390625,129.0,0.4750904450319304,False,154.0,False,,1.0,,
baseline,sdedit,none,511000000004,change_pose,0,none,,,,,,,,inf,1.0,,,,,,,,,,,,,,,0.5187030400001348,False,,,78.90283966064453,0.5078125,130.0,0.4256575297464579,False,154.0,False,,,,
baseline,sdedit,none,511000000004,change_pose,1,change_pose,make it eyes closed and change the sitting to lying and make it above its head,,,,,,,,,0.2353138178586959,0.2317391335964203,0.0035746842622756,0.0451112240552902,0.9559821486473083,0.9598798751831056,0.2632307708263397,0.5171772700525791,19.850558710228107,19.850558710228107,1.8696129322052,6.062216758728027,,,0.3629617230002243,False,,,78.49410247802734,0.515625,132.0,0.3309164303922281,False,154.0,False,,1.0,,
baseline,sdedit,none,511000000004,change_pose,2,global_attribute,make it nighttime,,,,,,,,,0.2162826806306839,0.229095309972763,-0.0128126293420791,-0.0088015813380479,0.9781243801116944,0.960201382637024,0.2578022181987762,0.4466515997502435,18.76754387851944,17.942902841705475,1.8718931674957275,6.062216758728027,,,0.8777321442009741,False,,,81.73612976074219,0.45703125,117.0,0.9247827331993564,False,154.0,False,,0.0,,
baseline,sdedit,none,511000000004,change_pose,3,background,make the background a forest,,,,,,,,,0.2300533652305603,0.2201890051364898,0.0098643600940704,0.1132578551769256,0.9685980081558228,0.953993797302246,0.281332403421402,0.4050880060846371,17.129722947313297,15.903898405330285,1.8690247535705569,6.062216758728027,,,0.5386894469037246,False,,,80.26922607421875,0.4765625,122.0,0.7917214062533855,False,154.0,False,,1.0,,
baseline,sdedit,none,511000000004,change_pose,4,style,make it look cinematic,,,,,,,,,0.2253146469593048,0.2165086269378662,0.0088060200214385,0.0883311107754707,0.9808933138847352,0.964022159576416,0.3103268146514892,0.3712684693166395,16.602226990003366,15.23875707789994,1.867504358291626,6.062216758728027,,,0.8947722168020233,False,,,79.94709014892578,0.48828125,125.0,0.6690835696077719,False,154.0,False,,1.0,,
baseline,sdedit,none,611000000000,change_color,0,none,,,,,,,,inf,1.0,,,,,,,,,,,,,,,0.538355188323086,False,,,76.88028717041016,0.48828125,125.0,0.6690835696077719,False,154.0,False,,,,
baseline,sdedit,none,611000000000,change_color,1,change_color,change the black to white and change the red to green,,,,,,,,,0.2644768357276916,0.2697563767433166,-0.005279541015625,-0.0024459399282932,0.9538736343383788,0.8637698888778687,0.3720298111438751,0.2518537561804152,16.687327640882447,16.687327640882447,1.8689627647399905,6.062216758728027,,,0.1139555493598469,False,,,74.08221435546875,0.47265625,121.0,0.8257393722665645,False,154.0,False,,0.0,,
baseline,sdedit,none,611000000000,change_color,2,global_attribute,change the season to winter,,,,,,,,,0.2609541118144989,0.2453758418560028,0.015578269958496,0.146383062005043,0.9609229564666748,0.8678309917449951,0.3806594610214233,0.2299910253515818,15.956763617226672,15.419580115614997,1.8747055530548096,6.062216758728027,,,0.2810183982737494,False,,,74.29611206054688,0.50390625,129.0,0.4750904450319304,False,154.0,False,,1.0,,
baseline,sdedit,none,611000000000,change_color,3,background,make the background a desert,,,,,,,,,0.2580108046531677,0.251159518957138,0.0068512856960296,0.0488100461661815,0.9694945812225342,0.8582760691642761,0.349272608757019,0.2385695869042977,16.087461483933904,15.200518132662344,1.8921654224395752,6.062216758728027,,,0.7538875795747048,False,,,80.15098571777344,0.48828125,125.0,0.6690835696077719,False,154.0,False,,1.0,,
baseline,sdedit,none,611000000000,change_color,4,style,convert it to an oil painting,,,,,,,,,0.2547001242637634,0.2503577768802643,0.0043423473834991,0.092786967754364,0.9688528180122375,0.8491692543029785,0.3299202620983124,0.233738491310817,15.609998752856182,14.118778843004527,1.86440110206604,6.062216758728027,,,0.6754233898338436,False,,,80.69639587402344,0.43359375,111.0,0.985745538046501,False,154.0,False,,1.0,,
baseline,sdedit,none,611000000001,change_color,0,none,,,,,,,,inf,1.0,,,,,,,,,,,,,,,0.3117533634845855,False,,,75.25898742675781,0.49609375,127.0,0.5743424702535421,False,154.0,False,,,,
baseline,sdedit,none,611000000001,change_color,1,change_color,make it white and change the pink to green,,,,,,,,,0.241126999258995,0.2334474772214889,0.0076795220375061,0.0597755499184131,0.9609187245368958,0.8249519467353821,0.398640513420105,0.4492514950600446,16.402475166145535,16.402475166145535,1.8719675540924072,6.062216758728027,,,0.2261396129542081,False,,,78.44154357910156,0.48046875,123.0,0.7540785750092945,False,154.0,False,,1.0,,
baseline,sdedit,none,611000000001,change_color,2,global_attribute,make it nighttime,,,,,,,,,0.2352178990840912,0.23183074593544,0.0033871531486511,0.0005933502689003,0.973557472229004,0.91939377784729,0.3391202092170715,0.424859443944716,16.56880883962718,15.097202896056915,1.8680355548858645,6.062216758728027,,,0.5222304008742308,False,,,77.200927734375,0.49609375,127.0,0.5743424702535421,False,154.0,False,,1.0,,
baseline,sdedit,none,611000000001,change_color,3,background,make the background a city street,,,,,,,,,0.2364721894264221,0.2256147861480713,0.0108574032783508,-0.07169059664011,0.959764838218689,0.9221236705780028,0.3933848738670349,0.4302050510973771,16.695911635702267,14.84573599151053,1.877570390701294,6.062216758728027,,,0.6689255885542258,False,,,79.08586883544922,0.51953125,133.0,0.286930688297277,False,154.0,False,,0.0,,
baseline,sdedit,none,611000000001,change_color,4,style,make it look cinematic,,,,,,,,,0.2043552547693252,0.2094823122024536,-0.0051270574331283,0.0071141440421342,0.970044493675232,0.9363547563552856,0.3341633677482605,0.4562406603875605,17.681682384525168,15.060218426725587,1.8704848289489744,6.062216758728027,,,0.2482704350583404,False,,,79.62191009521484,0.4765625,122.0,0.7917214062533855,False,154.0,False,,0.0,,
baseline,sdedit,none,611000000002,change_color,0,none,,,,,,,,inf,1.0,,,,,,,,,,,,,,,0.6106008342344856,False,,,74.97216033935547,0.5078125,130.0,0.4256575297464579,False,154.0,False,,,,
baseline,sdedit,none,611000000002,change_color,1,change_color,change the brown to black and make it white,,,,,,,,,0.2285061776638031,0.2257239520549774,0.0027822256088256,0.0314838327467441,0.969857692718506,0.8802952766418457,0.3331896960735321,0.3064932332461224,16.72944116422508,16.72944116422508,1.868635416030884,6.062216758728027,,,0.5187510987529855,False,,,78.22447204589844,0.5078125,130.0,0.4256575297464579,False,154.0,False,,1.0,,
baseline,sdedit,none,611000000002,change_color,2,global_attribute,change the season to winter,,,,,,,,,0.2610640823841095,0.2169911712408065,0.0440729111433029,0.2576297521591186,0.9302059412002563,0.929438292980194,0.3536988496780395,0.2792461135266804,16.145266186250666,14.855556585070788,1.8661267757415771,6.062216758728027,,,0.6443073735542488,False,,,77.71009063720703,0.484375,124.0,0.7130693117027229,False,154.0,False,,1.0,,
baseline,sdedit,none,611000000002,change_color,3,background,make the background a forest,,,,,,,,,0.270178347826004,0.2689564228057861,0.0012219250202178,-0.028348559513688,0.9807435274124146,0.9559918642044068,0.3091236352920532,0.3180534277362792,16.262067470165512,14.067425431514772,1.872354507446289,6.062216758728027,,,0.605966817717376,False,,,77.53907012939453,0.51171875,131.0,0.3773653740444963,False,154.0,False,,0.0,,
baseline,sdedit,none,611000000002,change_color,4,style,make it look cinematic,,,,,,,,,0.2593817114830017,0.2567127645015716,0.00266894698143,0.1189492046833038,0.9825519323349,0.96564120054245,0.2951443195343017,0.336400243789771,16.259239771448858,13.672939698789923,1.867293357849121,6.062216758728027,,,0.399971476210421,False,,,78.20477294921875,0.48828125,125.0,0.6690835696077719,False,154.0,False,,1.0,,
baseline,sdedit,none,611000000003,change_color,0,none,,,,,,,,inf,1.0,,,,,,,,,,,,,,,0.4610203483676197,False,,,77.89494323730469,0.5390625,138.0,0.1174842919073398,False,154.0,False,,,,
baseline,sdedit,none,611000000003,change_color,1,change_color,change the white to pink and make it red,,,,,,,,,0.3109174370765686,0.3000105023384094,0.0109069347381591,-0.0312645807862281,0.965986669063568,0.9018987417221068,0.3464143276214599,0.3802660742201369,16.047485991133502,16.047485991133502,1.8769404888153076,6.062216758728027,,,0.8273271918167008,False,,,83.01289367675781,0.49609375,127.0,0.5743424702535421,False,154.0,False,,0.0,,
baseline,sdedit,none,611000000003,change_color,2,global_attribute,change the season to winter,,,,,,,,,0.3099255561828613,0.2885702252388,0.0213553309440612,0.1146595031023025,0.9485858678817748,0.8713079690933228,0.3813008666038513,0.3072998703147498,14.587472728898232,13.705808422118984,1.873063802719116,6.062216758728027,,,0.2405166276925722,False,,,79.30013275146484,0.48828125,125.0,0.6690835696077719,False,154.0,False,,1.0,,
baseline,sdedit,none,611000000003,change_color,3,background,make the background a forest,,,,,,,,,0.3095988631248474,0.2952325344085693,0.014366328716278,0.0495507717132568,0.9450090527534484,0.8652465343475342,0.3990482687950134,0.2925558252230431,13.866209726782436,13.066911931466649,1.872279405593872,6.062216758728027,,,0.7260218132301052,False,,,81.0842514038086,0.46484375,119.0,0.8825157080926602,False,154.0,False,,1.0,,
baseline,sdedit,none,611000000003,change_color,4,style,convert it to an oil painting,,,,,,,,,0.3004544377326965,0.2952563464641571,0.0051980912685394,-0.0665591284632682,0.9539594054222108,0.7593318223953247,0.3456166982650757,0.3292085798403323,13.850357520979903,12.456073567083676,1.8717200756073,6.062216758728027,,,0.4568375379787557,False,,,77.07743835449219,0.41796875,107.0,0.9964593629710572,False,154.0,False,,0.0,,
baseline,sdedit,none,611000000004,change_color,0,none,,,,,,,,inf,1.0,,,,,,,,,,,,,,,0.6421462539295572,False,,,75.0623550415039,0.4453125,114.0,0.9651497525354534,False,154.0,False,,,,
baseline,sdedit,none,611000000004,change_color,1,change_color,change the white to purple and make it black,,,,,,,,,0.288640558719635,0.2587613463401794,0.0298792123794555,0.07835303992033,0.9238220453262328,0.8360103964805603,0.2679067254066467,0.3503340283611186,19.030038801473637,19.030038801473637,1.866457462310791,6.062216758728027,,,0.2068497940722255,False,,,73.42455291748047,0.453125,116.0,0.9410011475579736,False,154.0,False,,1.0,,
baseline,sdedit,none,611000000004,change_color,2,global_attribute,change the season to winter,,,,,,,,,0.2983735799789428,0.3022842705249786,-0.0039106905460357,0.1361708641052246,0.880852222442627,0.759541392326355,0.4151182770729065,0.3037534527958244,17.704328982490164,17.040207746044523,1.868215799331665,6.062216758728027,,,0.836821566059211,False,,,76.75357818603516,0.5390625,138.0,0.1174842919073398,False,154.0,False,,0.0,,
baseline,sdedit,none,611000000004,change_color,3,background,make the background a city street,,,,,,,,,0.2653688788414001,0.2682820558547973,-0.0029131770133972,0.1388750970363617,0.9245166778564452,0.8070508241653442,0.4446136653423309,0.25967010342856,15.934278938707337,14.9186428593407,1.8707053661346436,6.062216758728027,,,0.67977805820266,False,,,79.13595581054688,0.50390625,129.0,0.4750904450319304,False,154.0,False,,0.0,,
baseline,sdedit,none,611000000004,change_color,4,style,make it anime style,,,,,,,,,0.2231552898883819,0.2550520598888397,-0.0318967700004577,-0.0388684719800949,0.9492965936660768,0.7915843725204468,0.395399272441864,0.2417393618449853,14.982476385640693,14.26157002161298,1.8740785121917725,6.062216758728027,,,0.7103134095274816,False,,,76.15137481689453,0.51171875,131.0,0.3773653740444963,False,154.0,False,,0.0,,
baseline,sdedit,none,711000000000,change_material,0,none,,,,,,,,inf,1.0,,,,,,,,,,,,,,,0.8535268613859814,False,,,69.522216796875,0.53515625,137.0,0.1439946432658286,False,154.0,False,,,,
baseline,sdedit,none,711000000000,change_material,1,change_material,make it knitted and make it toy,,,,,,,,,0.3143510222434997,0.2966555058956146,0.0176955163478851,0.093404397368431,0.9449265599250792,0.810066819190979,0.2062083333730697,0.4808506064881988,21.875569083330255,21.875569083330255,1.864912033081055,6.062216758728027,,,0.124899524532715,False,,,68.9150390625,0.48828125,125.0,0.6690835696077719,False,154.0,False,,1.0,,
baseline,sdedit,none,711000000000,change_material,2,global_attribute,change the season to winter,,,,,,,,,0.2898448705673218,0.2940265536308288,-0.004181683063507,0.2489123940467834,0.9278639554977416,0.8919950723648071,0.3204379677772522,0.4221675635694629,21.44430741274502,20.313969432449916,1.8773972988128664,6.062216758728027,,,0.1706054050489618,False,,,70.56425476074219,0.5390625,138.0,0.1174842919073398,False,154.0,False,,0.0,,
baseline,sdedit,none,711000000000,change_material,3,background,make the background a desert,,,,,,,,,0.3104957342147827,0.2936274707317352,0.0168682634830474,-0.1067945882678031,0.9425745606422424,0.866722583770752,0.3095152676105499,0.3247258101263565,19.899686147608513,18.34312274391295,1.873143196105957,6.062216758728027,,,0.076311732397922,False,,,69.66071319580078,0.5,128.0,0.5249095549680696,False,154.0,False,,0.0,,
baseline,sdedit,none,711000000000,change_material,4,style,convert it to an oil painting,,,,,,,,,0.3170041441917419,0.3087131381034851,0.0082910060882568,0.1272718161344528,0.950487732887268,0.8447306156158447,0.2966363728046417,0.305708583747488,18.48967117133798,17.688923744084626,1.873509407043457,6.062216758728027,,,0.2836943018731178,False,,,72.4881820678711,0.5546875,142.0,0.0456560434661426,False,154.0,False,,1.0,,
baseline,sdedit,none,711000000001,change_material,0,none,,,,,,,,inf,1.0,,,,,,,,,,,,,,,0.7460792844224368,False,,,80.10717010498047,0.453125,116.0,0.9410011475579736,False,154.0,False,,,,
baseline,sdedit,none,711000000001,change_material,1,change_material,make it wooden and make it toy,,,,,,,,,0.3070054948329925,0.2247481644153595,0.082257330417633,0.2431797683238983,0.783074676990509,0.6173100471496582,0.359376847743988,0.2078690488260273,11.724986420750184,11.724986420750184,1.8713688850402832,6.062216758728027,,,0.8167461582627349,False,,,80.42990112304688,0.46484375,119.0,0.8825157080926602,False,154.0,False,,1.0,,
baseline,sdedit,none,711000000001,change_material,2,global_attribute,make it nighttime,,,,,,,,,0.3178372383117676,0.2935884594917297,0.0242487788200378,0.0346365347504615,0.9384502172470092,0.7875335216522217,0.3630305826663971,0.2196051053382819,11.44687028900069,10.193597057551491,1.879164457321167,6.062216758728027,,,0.6994838817242658,False,,,81.34278106689453,0.4609375,118.0,0.9053760835394724,False,154.0,False,,1.0,,
baseline,sdedit,none,711000000001,change_material,3,background,make the background a desert,,,,,,,,,0.2883005738258362,0.3086234927177429,-0.0203229188919067,0.0400102697312831,0.9420040845870972,0.8478942513465881,0.3183323442935943,0.2488816454391067,11.538895676010757,9.8799311659522,1.8734323978424072,6.062216758728027,,,0.269044875691517,False,,,79.969970703125,0.5,128.0,0.5249095549680696,False,154.0,False,,0.0,,
baseline,sdedit,none,711000000001,change_material,4,style,make it look cinematic,,,,,,,,,0.2786880135536194,0.2641788721084595,0.0145091414451599,-0.0297893397510051,0.9146255850791932,0.8303110599517822,0.3120853006839752,0.2605123669929052,12.402117326200752,10.056012913841151,1.8727965354919431,6.062216758728027,,,0.6149281942427084,False,,,82.3343276977539,0.42578125,109.0,0.9926858255512396,False,154.0,False,,0.0,,
baseline,sdedit,none,711000000002,change_material,0,none,,,,,,,,inf,1.0,,,,,,,,,,,,,,,0.3812634165054058,False,,,70.76358032226562,0.50390625,129.0,0.4750904450319304,False,154.0,False,,,,
baseline,sdedit,none,711000000002,change_material,1,change_material,change the blue to plastic and make it golden,,,,,,,,,0.309037983417511,0.2824693322181701,0.0265686511993408,0.071249820291996,0.8524747490882874,0.7618305087089539,0.2505986392498016,0.7451731000582741,20.70737551709126,20.70737551709126,1.8632938861846924,6.062216758728027,,,0.426851893231217,False,,,74.2796630859375,0.49609375,127.0,0.5743424702535421,False,154.0,False,,1.0,,
baseline,sdedit,none,711000000002,change_material,2,global_attribute,change the season to winter,,,,,,,,,0.3270601332187652,0.2852681577205658,0.0417919754981994,0.3325498700141907,0.8303741216659546,0.6772207021713257,0.3929199576377868,0.65154837727807,20.327935957597923,18.496386399914343,1.8760433197021484,6.062216758728027,,,0.5206042862008223,False,,,73.82091522216797,0.5,128.0,0.5249095549680696,False,154.0,False,,1.0,,
baseline,sdedit,none,711000000002,change_material,3,background,make the background a desert,,,,,,,,,0.3231543302536011,0.3286475539207458,-0.0054932236671447,0.0381189510226249,0.9522515535354614,0.8304240107536316,0.3073616325855255,0.5437687995158752,19.46067678319128,17.181208451642732,1.869922876358032,6.062216758728027,,,0.4908512506659535,False,,,77.37088775634766,0.5,128.0,0.5249095549680696,False,154.0,False,,0.0,,
baseline,sdedit,none,711000000002,change_material,4,style,turn it into a watercolor painting,,,,,,,,,0.2967842817306518,0.2880091071128845,0.0087751746177673,0.1112772822380065,0.9606485962867736,0.7813500165939331,0.318331778049469,0.4775603468476215,18.191664903873928,15.525015612645443,1.8706037998199463,6.062216758728027,,,0.2988216167954303,False,,,76.56515502929688,0.515625,132.0,0.3309164303922281,False,154.0,False,,1.0,,
baseline,sdedit,none,711000000003,change_material,0,none,,,,,,,,inf,1.0,,,,,,,,,,,,,,,0.9115111835498698,False,,,71.43505859375,0.52734375,135.0,0.2082785937466144,False,154.0,False,,,,
baseline,sdedit,none,711000000003,change_material,1,change_material,make it iron and make it sculpture,,,,,,,,,0.2813073396682739,0.2773209810256958,0.0039863586425781,0.0135433282703161,0.9645604491233826,0.8251466155052185,0.3987607359886169,0.6691410101923401,22.776261208787012,22.776261208787012,1.871717929840088,6.062216758728027,,,0.5761074787949307,False,,,73.92555236816406,0.515625,132.0,0.3309164303922281,False,154.0,False,,1.0,,
baseline,sdedit,none,711000000003,change_material,2,global_attribute,make it sunset lighting,,,,,,,,,0.2658586502075195,0.2603945732116699,0.0054640769958496,-0.0093602137640118,0.9663875102996826,0.9108952283859252,0.2199681848287582,0.6136221824509577,23.15892198270164,21.594464565301156,1.868839979171753,6.062216758728027,,,0.3914541090770595,False,,,73.82878875732422,0.51171875,131.0,0.3773653740444963,False,154.0,False,,0.0,,
baseline,sdedit,none,711000000003,change_material,3,background,make the background a forest,,,,,,,,,0.2546620666980743,0.2550191879272461,-0.0003571212291717,0.0308105908334255,0.9679827094078064,0.9043394327163696,0.2755531966686249,0.5638007311766616,22.808741973004413,20.558563493729153,1.8753602504730225,6.062216758728027,,,0.6970983658817788,False,,,79.27922821044922,0.4921875,126.0,0.6226346259555037,False,154.0,False,,0.0,,
baseline,sdedit,none,711000000003,change_material,4,style,make it look cinematic,,,,,,,,,0.2624765038490295,0.2666819393634796,-0.00420543551445,-0.0225765071809291,0.9568638801574708,0.8921170234680176,0.2399493008852005,0.5021481563340561,22.744283006279133,19.21888728692718,1.8723204135894775,6.062216758728027,,,0.6619721510491096,False,,,80.34117889404297,0.46484375,119.0,0.8825157080926602,False,154.0,False,,0.0,,
baseline,sdedit,none,711000000004,change_material,0,none,,,,,,,,inf,1.0,,,,,,,,,,,,,,,0.0971831164266111,False,,,72.1232681274414,0.546875,140.0,0.0752172668006435,False,154.0,False,,,,
baseline,sdedit,none,711000000004,change_material,1,change_material,make it golden and make it sculpture,,,,,,,,,0.2226049602031707,0.211336076259613,0.0112688839435577,0.0821730196475982,0.9308828711509703,0.7762778401374817,0.2480532824993133,0.731337817846451,20.83019029396845,20.83019029396845,1.873629808425903,6.062216758728027,,,0.6615432785242438,False,,,78.32412719726562,0.48828125,125.0,0.6690835696077719,False,154.0,False,,1.0,,
baseline,sdedit,none,711000000004,change_material,2,global_attribute,change the season to winter,,,,,,,,,0.237988531589508,0.1842653155326843,0.0537232160568237,0.2298943549394607,0.8470258712768555,0.5697335004806519,0.4767773747444153,0.6390147979843963,18.53265981289883,17.02422839816492,1.8646750450134275,6.062216758728027,,,0.6745021602215221,False,,,77.64891815185547,0.46484375,119.0,0.8825157080926602,False,154.0,False,,1.0,,
baseline,sdedit,none,711000000004,change_material,3,background,make the background a desert,,,,,,,,,0.3098936080932617,0.2411789149045944,0.0687146931886673,-0.0078178606927394,0.9133155345916748,0.7755740284919739,0.4512717425823211,0.5173980170535333,17.15911953612745,15.334320365533005,1.8735108375549316,6.062216758728027,,,0.5333688679088848,False,,,77.23734283447266,0.4453125,114.0,0.9651497525354534,False,154.0,False,,0.0,,
baseline,sdedit,none,711000000004,change_material,4,style,make it look cinematic,,,,,,,,,0.3107908368110657,0.3153530955314636,-0.0045622587203979,0.050093688070774,0.9529919624328612,0.7898046970367432,0.3921289145946502,0.4823309821893226,16.70365599597147,14.392687585454713,1.8707571029663088,6.062216758728027,,,0.3701318026924574,False,,,77.30046081542969,0.5546875,142.0,0.0456560434661426,False,154.0,False,,0.0,,
baseline,sdedit,none,811000000000,change_background,0,none,,,,,,,,inf,1.0,,,,,,,,,,,,,,,0.6018986485634092,False,,,77.44886779785156,0.50390625,129.0,0.4750904450319304,False,154.0,False,,,,
baseline,sdedit,none,811000000000,change_background,1,change_background,change the background to forest,,,,,,,,,0.1970996558666229,0.1940842270851135,0.0030154287815093,0.0703104436397552,0.9484382271766664,0.8676947355270386,0.3270415365695953,0.2121404431063745,15.756624026414256,15.756624026414256,1.8716235160827637,6.062216758728027,,,0.8645882692224367,False,,,78.46333312988281,0.546875,140.0,0.0752172668006435,False,154.0,False,,1.0,,
baseline,sdedit,none,811000000000,change_background,2,global_attribute,make it nighttime,,,,,,,,,0.2011067569255828,0.1976584792137146,0.0034482777118682,0.0206896066665649,0.9534684419631958,0.878350019454956,0.2631595730781555,0.205515639657607,15.36030507892933,15.056269324816247,1.8722496032714844,6.062216758728027,,,0.5845700390983628,False,,,77.73334503173828,0.5234375,134.0,0.2459214249907054,False,154.0,False,,1.0,,
baseline,sdedit,none,811000000000,change_background,3,background,replace the background with a beach,,,,,,,,,0.2216145396232605,0.2034711837768554,0.018143355846405,-0.0283987820148468,0.964451551437378,0.9045183658599854,0.2709650993347168,0.213136649721367,14.670779026345569,13.614045167672124,1.8726677894592283,6.062216758728027,,,0.595525564343214,False,,,76.78145599365234,0.50390625,129.0,0.4750904450319304,False,154.0,False,,0.0,,
baseline,sdedit,none,811000000000,change_background,4,style,make it anime style,,,,,,,,,0.2354655414819717,0.2030712366104126,0.0323943048715591,0.1979810297489166,0.9490022659301758,0.8653435707092285,0.3292332291603088,0.1888012110765415,13.89099785834408,13.187586951079208,1.87434720993042,6.062216758728027,,,0.4948428704117767,False,,,80.65858459472656,0.4765625,122.0,0.7917214062533855,False,154.0,False,,1.0,,
baseline,sdedit,none,811000000001,change_background,0,none,,,,,,,,inf,1.0,,,,,,,,,,,,,,,0.4023560921906465,False,,,76.68826293945312,0.50390625,129.0,0.4750904450319304,False,154.0,False,,,,
baseline,sdedit,none,811000000001,change_background,1,change_background,change the background to dark,,,,,,,,,0.3298082947731018,0.3168840110301971,0.0129242837429046,-0.0511935278773307,0.9142907857894896,0.9184725284576416,0.3931912779808044,0.2875672360850127,13.649697642779802,13.649697642779802,1.8649234771728516,6.062216758728027,,,0.1021192713000222,False,,,77.64942932128906,0.5,128.0,0.5249095549680696,False,154.0,False,,0.0,,
baseline,sdedit,none,811000000001,change_background,2,global_attribute,make it nighttime,,,,,,,,,0.2977420091629028,0.3138484060764313,-0.0161063969135284,0.0914405882358551,0.979869306087494,0.924845814704895,0.3593940436840057,0.2737511010213565,13.502652566724036,12.34478469970134,1.8652472496032717,6.062216758728027,,,0.4819921705611215,False,,,79.9133071899414,0.51953125,133.0,0.286930688297277,False,154.0,False,,0.0,,
baseline,sdedit,none,811000000001,change_background,3,background,make the background a forest,,,,,,,,,0.3112774193286896,0.2938529849052429,0.0174244344234466,-0.0154807493090629,0.9797261953353882,0.9172971248626708,0.3611423969268799,0.2580500097375616,13.562858904800528,11.644310474854697,1.86694073677063,6.062216758728027,,,0.4860544735910753,False,,,79.4872817993164,0.41796875,107.0,0.9964593629710572,False,154.0,False,,0.0,,
baseline,sdedit,none,811000000001,change_background,4,style,make it look cinematic,,,,,,,,,0.3137068152427673,0.3101001977920532,0.0036066174507141,-0.0267846398055553,0.9804669618606568,0.9188766479492188,0.3225081264972687,0.2472585872787789,13.503106313589708,11.191699063616165,1.8721883296966553,6.062216758728027,,,0.9336791550356875,False,,,84.49461364746094,0.51953125,133.0,0.286930688297277,False,154.0,False,,0.0,,
baseline,sdedit,none,811000000002,change_background,0,none,,,,,,,,inf,1.0,,,,,,,,,,,,,,,0.4123568937226255,False,,,71.67254638671875,0.51953125,133.0,0.286930688297277,False,154.0,False,,,,
baseline,sdedit,none,811000000002,change_background,1,change_background,change the background to grass,,,,,,,,,0.2292201370000839,0.2516306638717651,-0.0224105268716812,-0.0184888504445552,0.933982253074646,0.9511626958847046,0.2703931033611297,0.4629721485006383,21.496391936927704,21.496391936927704,1.8726658821105957,6.062216758728027,,,0.1118323617202231,False,,,77.08539581298828,0.484375,124.0,0.7130693117027229,False,154.0,False,,0.0,,
baseline,sdedit,none,811000000002,change_background,2,global_attribute,change the season to winter,,,,,,,,,0.238895297050476,0.2192002534866333,0.0196950435638427,0.0451129972934722,0.9689201712608336,0.9449992179870604,0.2853500843048095,0.4116733769427828,20.432951114216955,19.52418713458107,1.871863603591919,6.062216758728027,,,0.1170684324860518,False,,,72.09146881103516,0.49609375,127.0,0.5743424702535421,False,154.0,False,,1.0,,
baseline,sdedit,none,811000000002,change_background,3,background,replace the background with a beach,,,,,,,,,0.2551500499248504,0.2289537191390991,0.0261963307857513,0.0966642498970031,0.9575472474098206,0.8846518397331238,0.344785988330841,0.3530344209318732,19.141875514408856,17.94101859067974,1.8628225326538088,6.062216758728027,,,0.571667552987129,False,,,73.90641021728516,0.5078125,130.0,0.4256575297464579,False,154.0,False,,1.0,,
baseline,sdedit,none,811000000002,change_background,4,style,turn it into a watercolor painting,,,,,,,,,0.2903890907764435,0.2537122666835785,0.0366768240928649,0.1308120340108871,0.9118065237998962,0.899528443813324,0.413039356470108,0.3376448089834538,17.997536347307236,16.983511472174317,1.8671033382415771,6.062216758728027,,,0.1065591172854539,False,,,72.30094146728516,0.58984375,151.0,0.0024094567844961,False,154.0,False,,1.0,,
baseline,sdedit,none,811000000003,change_background,0,none,,,,,,,,inf,1.0,,,,,,,,,,,,,,,0.7148597409707017,False,,,73.48078918457031,0.53125,136.0,0.1742606277334355,False,154.0,False,,,,
baseline,sdedit,none,811000000003,change_background,1,change_background,change the background to blue,,,,,,,,,0.2357508689165115,0.2515704035758972,-0.0158195346593856,0.1758273094892501,0.9386999607086182,0.8922779560089111,0.2956507802009582,0.3316385223755249,14.553213068705418,14.553213068705418,1.8665902614593504,6.062216758728027,,,0.3420776467870779,False,,,80.22411346435547,0.54296875,139.0,0.0946239164605277,False,154.0,False,,0.0,,
baseline,sdedit,none,811000000003,change_background,2,global_attribute,change the season to winter,,,,,,,,,0.2313117086887359,0.216794341802597,0.0145173668861389,-0.0356717891991138,0.9800294637680054,0.9564999341964722,0.2749470472335815,0.3096323766221068,12.93837007143745,12.9153275759294,1.8809261322021484,6.062216758728027,,,0.7022893423838303,False,,,77.35254669189453,0.49609375,127.0,0.5743424702535421,False,154.0,False,,0.0,,
baseline,sdedit,none,811000000003,change_background,3,background,make the background a desert,,,,,,,,,0.2281419187784195,0.2243141829967498,0.0038277357816696,-0.0228748936206102,0.9423372745513916,0.8921182751655579,0.3248516619205475,0.2730143622926598,12.235318071952683,12.09821517654447,1.8684160709381104,6.062216758728027,,,0.3362584356515775,False,,,76.58330535888672,0.515625,132.0,0.3309164303922281,False,154.0,False,,0.0,,
baseline,sdedit,none,811000000003,change_background,4,style,turn it into a watercolor painting,,,,,,,,,0.2155993580818176,0.2152186930179596,0.000380665063858,-0.0482178442180156,0.9581400156021118,0.9184326529502868,0.332983136177063,0.2721083586355479,12.217599815723348,11.570459190104634,1.868511438369751,6.062216758728027,,,0.367440533932139,False,,,76.1993408203125,0.50390625,129.0,0.4750904450319304,False,154.0,False,,0.0,,
baseline,sdedit,none,811000000004,change_background,0,none,,,,,,,,inf,1.0,,,,,,,,,,,,,,,0.1341163013191443,False,,,71.30188751220703,0.5,128.0,0.5249095549680696,False,154.0,False,,,,
baseline,sdedit,none,811000000004,change_background,1,change_background,change the background to red,,,,,,,,,0.2322916090488433,0.2462071776390075,-0.0139155685901641,-0.0482037141919136,0.972142457962036,0.9693304300308228,0.2409538030624389,0.3829094328390747,16.859049404028365,16.859049404028365,1.8731837272644043,6.062216758728027,,,0.6422301786698638,False,,,76.83922576904297,0.54296875,139.0,0.0946239164605277,False,154.0,False,,0.0,,
baseline,sdedit,none,811000000004,change_background,2,global_attribute,make it rainy,,,,,,,,,0.2090707123279571,0.2141708582639694,-0.0051001459360122,0.0262949839234352,0.9037051796913148,0.938752055168152,0.3112892210483551,0.3544665914570576,15.591314023588964,15.225743370170884,1.8724427223205569,6.062216758728027,,,0.6494346640736123,False,,,76.35791015625,0.52734375,135.0,0.2082785937466144,False,154.0,False,,0.0,,
baseline,sdedit,none,811000000004,change_background,3,background,replace the background with a beach,,,,,,,,,0.2353053092956543,0.2042539566755294,0.0310513526201248,-0.0367893576622009,0.8887268304824829,0.8341959714889526,0.3544399738311767,0.2963836004528277,13.809768890383769,13.539447547449653,1.8718674182891848,6.062216758728027,,,0.0252757598808348,False,,,69.80951690673828,0.48828125,125.0,0.6690835696077719,False,154.0,False,,0.0,,
baseline,sdedit,none,811000000004,change_background,4,style,convert it to an oil painting,,,,,,,,,0.2116622030735016,0.224517747759819,-0.0128555446863174,0.046928770840168,0.8847012519836426,0.9107736349105836,0.330889880657196,0.2966791945171353,13.660717708184045,13.405143453544463,1.8789854049682615,6.062216758728027,,,0.0291367818984605,False,,,74.2956314086914,0.4921875,126.0,0.6226346259555037,False,154.0,False,,0.0,,
baseline,sdedit,none,911000000000,change_style,0,none,,,,,,,,inf,1.0,,,,,,,,,,,,,,,0.7748991999924004,False,,,76.8954086303711,0.453125,116.0,0.9410011475579736,False,154.0,False,,,,
baseline,sdedit,none,911000000000,change_style,1,change_style,make it realism style expressionism style,,,,,,,,,0.2892455458641052,0.2787727415561676,0.0104728043079376,0.115212082862854,0.9475311040878296,0.8497824668884277,0.4058317244052887,0.4744245852943174,18.712322251186343,18.712322251186343,1.8827250003814695,6.062216758728027,,,0.4775189125819709,False,,,75.51998901367188,0.44921875,115.0,0.9543439565338574,False,154.0,False,,1.0,,
baseline,sdedit,none,911000000000,change_style,2,global_attribute,make it nighttime,,,,,,,,,0.3100435137748718,0.2724299728870392,0.0376135408878326,0.0587683208286762,0.8970521688461304,0.8674471378326416,0.3271797895431518,0.4205769861690491,18.07523879230616,16.91981974810398,1.8648149967193604,6.062216758728027,,,0.5611729812843567,False,,,74.77019500732422,0.51953125,133.0,0.286930688297277,False,154.0,False,,1.0,,
baseline,sdedit,none,911000000000,change_style,3,background,replace the background with a beach,,,,,,,,,0.2932644188404083,0.2868374586105346,0.0064269602298736,0.0326404422521591,0.9328424334526062,0.8565494418144226,0.4519308507442474,0.3725198523351971,16.069202474958402,14.905536960398916,1.8874921798706057,6.062216758728027,,,0.7490400937651787,False,,,77.02751922607422,0.46484375,119.0,0.8825157080926602,False,154.0,False,,1.0,,
baseline,sdedit,none,911000000000,change_style,4,style,make it look cinematic,,,,,,,,,0.2904116511344909,0.2795566618442535,0.0108549892902374,0.1237671375274658,0.9234055876731871,0.8690841197967529,0.3977216780185699,0.3473043037383834,15.844061054256318,14.771891553812946,1.8686444759368896,6.062216758728027,,,0.8846783466958726,False,,,83.20602416992188,0.5234375,134.0,0.2459214249907054,False,154.0,False,,1.0,,
baseline,sdedit,none,911000000001,change_style,0,none,,,,,,,,inf,1.0,,,,,,,,,,,,,,,0.1983907849105315,False,,,75.02072143554688,0.52734375,135.0,0.2082785937466144,False,154.0,False,,,,
baseline,sdedit,none,911000000001,change_style,1,change_style,make it realism style painting,,,,,,,,,0.2655954360961914,0.2179790139198303,0.047616422176361,0.2079170495271682,0.775857150554657,0.4895356893539428,0.2848871350288391,0.546747523120925,16.67380784464467,16.67380784464467,1.8691589832305908,6.062216758728027,,,0.395539837810768,False,,,75.88648986816406,0.4921875,126.0,0.6226346259555037,False,154.0,False,,1.0,,
baseline,sdedit,none,911000000001,change_style,2,global_attribute,make it rainy,,,,,,,,,0.3026644587516784,0.2522771656513214,0.050387293100357,0.2308568358421325,0.951492726802826,0.7692536115646362,0.3026862144470215,0.5195969867564508,16.096911073893736,15.369897773918808,1.8679885864257812,6.062216758728027,,,0.2998771791570032,False,,,75.74911499023438,0.49609375,127.0,0.5743424702535421,False,154.0,False,,1.0,,
baseline,sdedit,none,911000000001,change_style,3,background,replace the background with a beach,,,,,,,,,0.2507908046245575,0.2848187983036041,-0.0340279936790466,-0.0202493369579315,0.9239404797554016,0.7682524919509888,0.3330445289611816,0.4814103693075534,15.659591773312084,14.001932460993746,1.869676113128662,6.062216758728027,,,0.7105401050245415,False,,,77.2526626586914,0.48828125,125.0,0.6690835696077719,False,154.0,False,,0.0,,
baseline,sdedit,none,911000000001,change_style,4,style,make it anime style,,,,,,,,,0.3300684690475464,0.2516137361526489,0.0784547328948974,0.0927249863743782,0.8726383447647095,0.8042787909507751,0.3299809396266937,0.4655302927996502,16.069035815209194,13.630285337904372,1.8743171691894531,6.062216758728027,,,0.5170934041165358,False,,,77.92850494384766,0.4765625,122.0,0.7917214062533855,False,154.0,False,,1.0,,
baseline,sdedit,none,911000000002,change_style,0,none,,,,,,,,inf,1.0,,,,,,,,,,,,,,,0.118661848029294,False,,,75.53153228759766,0.4765625,122.0,0.7917214062533855,False,154.0,False,,,,
baseline,sdedit,none,911000000002,change_style,1,change_style,make it minimalism kids crayon drawing,,,,,,,,,0.2424157261848449,0.2190099954605102,0.0234057307243347,0.1126679480075836,0.91018807888031,0.7414319515228271,0.398583173751831,0.385812169660427,14.84391187151451,14.84391187151451,1.8700709342956543,6.062216758728027,,,0.459568210649358,False,,,79.60382843017578,0.51953125,133.0,0.286930688297277,False,154.0,False,,1.0,,
baseline,sdedit,none,911000000002,change_style,2,global_attribute,make it sunset lighting,,,,,,,,,0.2696001231670379,0.2386896312236786,0.0309104919433593,0.0822366178035736,0.94731605052948,0.902201533317566,0.3480082750320434,0.346139622417459,14.391656256534372,13.041541157111322,1.8685503005981443,6.062216758728027,,,0.454543609793656,False,,,77.07327270507812,0.5078125,130.0,0.4256575297464579,False,154.0,False,,1.0,,
baseline,sdedit,none,911000000002,change_style,3,background,replace the background with a beach,,,,,,,,,0.2572718858718872,0.2562513053417206,0.0010205805301666,0.1030536592006683,0.9678512811660768,0.90434330701828,0.3335349559783935,0.3617758460677819,14.40957898349489,12.32754901802519,1.869169235229492,6.062216758728027,,,0.1388256127569554,False,,,76.41850280761719,0.4296875,110.0,0.9897152744791726,False,154.0,False,,1.0,,
baseline,sdedit,none,911000000002,change_style,4,style,make it anime style,,,,,,,,,0.253398597240448,0.2688885927200317,-0.0154899954795837,0.0285785999149084,0.9612185955047609,0.8730796575546265,0.3366612792015075,0.3545920965225613,14.410768319189462,11.82988360634461,1.861891269683838,6.062216758728027,,,0.6274672501490944,False,,,80.5572738647461,0.46875,120.0,0.8560053567341714,False,154.0,False,,0.0,,
baseline,sdedit,none,911000000003,change_style,0,none,,,,,,,,inf,1.0,,,,,,,,,,,,,,,0.8852439828074634,False,,,78.78750610351562,0.515625,132.0,0.3309164303922281,False,154.0,False,,,,
baseline,sdedit,none,911000000003,change_style,1,change_style,make it surrealism style wall mural,,,,,,,,,0.2683778405189514,0.2495080232620239,0.0188698172569274,0.0477961674332618,0.9722287654876708,0.8740798830986023,0.3352522850036621,0.3226141920602182,15.583899481083591,15.583899481083591,1.8679208755493164,6.062216758728027,,,0.4112788059980363,False,,,75.22090911865234,0.46484375,119.0,0.8825157080926602,False,154.0,False,,1.0,,
baseline,sdedit,none,911000000003,change_style,2,global_attribute,make it nighttime,,,,,,,,,0.2736600637435913,0.2706847786903381,0.0029752850532531,0.0198112223297357,0.9747505784034728,0.8610910177230835,0.3498635292053222,0.327035137137897,15.708938145701609,14.422815339626991,1.867525100708008,6.062216758728027,,,0.8478162146878618,False,,,79.068359375,0.46484375,119.0,0.8825157080926602,False,154.0,False,,1.0,,
baseline,sdedit,none,911000000003,change_style,3,background,make the background a city street,,,,,,,,,0.2587160170078277,0.2589181661605835,-0.0002021491527557,-0.0584908947348594,0.9695531129837036,0.90497088432312,0.3453498184680938,0.3577885580631162,15.54021624655461,13.243055918124284,1.8722071647644043,6.062216758728027,,,0.2141567812168759,False,,,76.67012786865234,0.46484375,119.0,0.8825157080926602,False,154.0,False,,0.0,,
baseline,sdedit,none,911000000003,change_style,4,style,convert it to an oil painting,,,,,,,,,0.2735247015953064,0.2595926523208618,0.0139320492744445,0.022178828716278,0.9746077060699464,0.9168338775634766,0.351430743932724,0.3206306822753713,14.873485402161004,12.686292504226731,1.8693392276763916,6.062216758728027,,,0.3270415330670537,False,,,75.58517456054688,0.49609375,127.0,0.5743424702535421,False,154.0,False,,1.0,,
baseline,sdedit,none,911000000004,change_style,0,none,,,,,,,,inf,1.0,,,,,,,,,,,,,,,0.4289653241542201,False,,,75.32074737548828,0.46875,120.0,0.8560053567341714,False,154.0,False,,,,
baseline,sdedit,none,911000000004,change_style,1,change_style,make it photorealism style oil painting,,,,,,,,,0.3281811475753784,0.2412946075201034,0.0868865400552749,0.2611607313156128,0.8572195768356323,0.8660163879394531,0.4476102292537689,0.5825359870615833,21.50242349811652,21.50242349811652,1.8732781410217283,6.062216758728027,,,0.5730798797840764,False,,,78.51483917236328,0.46484375,119.0,0.8825157080926602,False,154.0,False,,1.0,,
baseline,sdedit,none,911000000004,change_style,2,global_attribute,make it sunset lighting,,,,,,,,,0.332394540309906,0.3241689801216125,0.0082255601882934,0.0397920608520507,0.9521518349647522,0.9150567054748536,0.4002718329429626,0.5969675076520874,21.923191583654905,19.972022943576366,1.880675792694092,6.062216758728027,,,0.2183769436195796,False,,,75.95449829101562,0.53125,136.0,0.1742606277334355,False,154.0,False,,1.0,,
baseline,sdedit,none,911000000004,change_style,3,background,make the background a city street,,,,,,,,,0.314367800951004,0.322048544883728,-0.0076807439327239,0.0413584560155868,0.9456265568733216,0.9007994532585144,0.4328199028968811,0.5645546988551066,21.719237281908384,18.734224276229657,1.8673391342163088,6.062216758728027,,,0.7885483118059302,False,,,76.0838851928711,0.5234375,134.0,0.2459214249907054,False,154.0,False,,0.0,,
baseline,sdedit,none,911000000004,change_style,4,style,turn it into a watercolor painting,,,,,,,,,0.2963104844093323,0.2912861406803131,0.0050243437290191,0.0967963486909866,0.938411831855774,0.8893131017684937,0.3963852822780609,0.5097291240634969,20.23175407606636,17.847442844268826,1.8641808032989504,6.062216758728027,,,0.3386016086608101,False,,,78.00617218017578,0.53125,136.0,0.1742606277334355,False,154.0,False,,1.0,,
baseline,sdedit,treering,111000000000,change_object,0,none,,,,7.034763669863462e-12,True,,,16.38449272914191,0.4813627770184552,,,,,,,,,,,,,,,,,,,,,,,,,,54.28868103027344,,True,
baseline,sdedit,treering,111000000000,change_object,1,change_object,change the fishes to sharks and change the kelp to flowers,,,0.1512697314647306,False,,,,,0.221889927983284,0.1751903593540191,0.0466995686292648,0.1320886313915252,0.923671007156372,0.760116696357727,0.3708694875240326,0.2740985955884709,15.702855873107977,14.099251025074963,1.8697805404663088,6.062216758728027,,,,,,,,,,,,,,74.99449157714844,1.0,True,0.0
baseline,sdedit,treering,111000000000,change_object,2,global_attribute,make it nighttime,,,0.7293669238783688,False,,,,,0.2356990575790405,0.2241909503936767,0.0115081071853637,-0.007700428366661,0.94691801071167,0.7410613298416138,0.4115094244480133,0.2197298058547917,14.41187452564239,12.855113197909844,1.8728811740875244,6.062216758728027,,,,,,,,,,,,,,80.31793975830078,0.0,True,0.0
baseline,sdedit,treering,111000000000,change_object,3,background,make the background a desert,,,0.9811742255818284,False,,,,,0.2261318266391754,0.2304050326347351,-0.0042732059955596,-0.0005084052681922,0.9519134163856506,0.8381730318069458,0.4061705768108368,0.1948878071897257,13.33086135570343,11.75994073690702,1.865683317184448,6.062216758728027,,,,,,,,,,,,,,83.6804428100586,0.0,True,0.0
baseline,sdedit,treering,111000000000,change_object,4,style,turn it into a watercolor painting,,,0.6829555065454295,False,,,,,0.2658835053443908,0.2018963545560836,0.0639871507883071,0.1614881455898285,0.8733741044998169,0.7083508968353271,0.4279287159442901,0.1738460668282308,12.212492260333768,11.0699606354392,1.876791715621948,6.062216758728027,,,,,,,,,,,,,,80.97683715820312,1.0,True,0.0
baseline,sdedit,treering,111000000001,change_object,0,none,,,,2.152443230708661e-15,True,,,14.265767177958097,0.5941715088082891,,,,,,,,,,,,,,,,,,,,,,,,,,56.61848831176758,,True,
baseline,sdedit,treering,111000000001,change_object,1,change_object,change the cat to tiger and change the hat to scarf,,,0.211511503501136,False,,,,,0.3108444809913635,0.2209763526916504,0.0898681282997131,0.2317431569099426,0.8326141238212585,0.6562325954437256,0.4072597026824951,0.4357660233613391,16.829063670995847,12.824827144716494,1.865185260772705,6.062216758728027,,,,,,,,,,,,,,76.14361572265625,1.0,True,0.0
baseline,sdedit,treering,111000000001,change_object,2,global_attribute,make it rainy,,,0.338242350301037,False,,,,,0.2915207743644714,0.2871769070625305,0.0043438673019409,0.0438873022794723,0.8508714437484741,0.7903244495391846,0.323097288608551,0.4289130750712014,15.881080923266744,11.660415042712092,1.8707377910614016,6.062216758728027,,,,,,,,,,,,,,75.52487182617188,1.0,True,0.0
baseline,sdedit,treering,111000000001,change_object,3,background,make the background a desert,,,0.7959021756728976,False,,,,,0.328212708234787,0.2745632529258728,0.0536494553089141,-0.0596536844968795,0.8818570971488953,0.9473195672035216,0.3240197300910949,0.4011116283374292,15.243867918585588,10.82436652343413,1.867764234542847,6.062216758728027,,,,,,,,,,,,,,82.31236267089844,0.0,True,0.0
baseline,sdedit,treering,111000000001,change_object,4,style,make it look cinematic,,,0.3749191652408326,False,,,,,0.3204100430011749,0.2980254888534546,0.0223845541477203,0.024315983057022,0.9700050354003906,0.9540838003158568,0.3290182650089264,0.3889977976638425,14.561886283853582,10.45350468361512,1.8763413429260256,6.062216758728027,,,,,,,,,,,,,,78.1816635131836,1.0,True,0.0
baseline,sdedit,treering,111000000002,change_object,0,none,,,,1.010731454087629e-12,True,,,11.902121896928728,0.5308907067456987,,,,,,,,,,,,,,,,,,,,,,,,,,55.76355743408203,,True,
baseline,sdedit,treering,111000000002,change_object,1,change_object,change the duck to marmot and change the eyes to mouth,,,0.2926388368443919,False,,,,,0.2178804874420166,0.1186055541038513,0.0992749333381652,0.2367551475763321,0.8026010394096375,0.3546704053878784,0.3404572308063507,0.7206194371770961,21.54163694813937,11.772513888927769,1.866865634918213,6.062216758728027,,,,,,,,,,,,,,75.90111541748047,1.0,True,0.0
baseline,sdedit,treering,111000000002,change_object,2,global_attribute,make it nighttime,,,0.6649580905574193,False,,,,,0.2728889286518097,0.2150193750858307,0.057869553565979,0.1289598643779754,0.8459103107452393,0.680645763874054,0.3450717329978943,0.6641365127235238,21.291687506189728,11.66457610431889,1.8733704090118408,6.062216758728027,,,,,,,,,,,,,,74.93386840820312,1.0,True,0.0
baseline,sdedit,treering,111000000002,change_object,3,background,make the background a desert,,,0.5068205303778497,False,,,,,0.2627631723880768,0.2708794474601745,-0.0081162750720977,0.0925565063953399,0.8418153524398804,0.521670401096344,0.4840787947177887,0.5655768580371321,20.72357471040505,11.414382540698131,1.869894027709961,6.062216758728027,,,,,,,,,,,,,,75.5691146850586,0.0,True,0.0
baseline,sdedit,treering,111000000002,change_object,4,style,make it anime style,,,0.6342935140805328,False,,,,,0.1723846942186355,0.2253196984529495,-0.0529350042343139,-0.0399358198046684,0.8073338270187378,0.7868830561637878,0.45801842212677,0.4793936930947532,20.040885563940517,11.09924798759531,1.867391347885132,6.062216758728027,,,,,,,,,,,,,,80.39979553222656,0.0,True,0.0
baseline,sdedit,treering,111000000003,change_object,0,none,,,,6.266341512848988e-25,True,,,13.409957805465396,0.5319175490491966,,,,,,,,,,,,,,,,,,,,,,,,,,51.915000915527344,,True,
baseline,sdedit,treering,111000000003,change_object,1,change_object,change the bunny to pig and change the eyes to ears,,,0.0521517496737246,False,,,,,0.2534246146678924,0.1836670935153961,0.0697575211524963,0.3229298591613769,0.8337557911872864,0.6476987600326538,0.348321259021759,0.3465441018988487,16.27326195235417,12.599337036590825,1.8650338649749756,6.062216758728027,,,,,,,,,,,,,,75.78204345703125,1.0,True,0.0
baseline,sdedit,treering,111000000003,change_object,2,global_attribute,change the season to winter,,,0.0523048607049938,False,,,,,0.2556965947151184,0.2254824042320251,0.0302141904830932,0.1390936523675918,0.955162763595581,0.8923352956771851,0.3607962727546692,0.3262557466378306,15.408358226006309,12.171998933872713,1.8709003925323489,6.062216758728027,,,,,,,,,,,,,,75.91368103027344,1.0,True,0.0
baseline,sdedit,treering,111000000003,change_object,3,background,make the background a city street,,,0.2832456082139732,False,,,,,0.2302041202783584,0.2338748276233673,-0.0036707073450088,0.0138339474797248,0.9502264261245728,0.931390643119812,0.3851695358753204,0.3261944938957432,15.287243293345274,11.82429771508116,1.8651976585388184,6.062216758728027,,,,,,,,,,,,,,78.47799682617188,0.0,True,0.0
baseline,sdedit,treering,111000000003,change_object,4,style,convert it to an oil painting,,,0.5534740153364374,False,,,,,0.2021198868751526,0.198194533586502,0.0039253532886505,0.0093718934804201,0.9554383754730223,0.932796835899353,0.3843832015991211,0.3314527987504499,15.818474989694218,12.072058833011038,1.8692739009857176,6.062216758728027,,,,,,,,,,,,,,80.94618225097656,1.0,True,0.0
baseline,sdedit,treering,111000000004,change_object,0,none,,,,3.0368120177659444e-13,True,,,11.080223839967717,0.4733149881083551,,,,,,,,,,,,,,,,,,,,,,,,,,54.8210334777832,,True,
baseline,sdedit,treering,111000000004,change_object,1,change_object,change the owl to cat and change the heart to circle,,,0.4222990851041485,False,,,,,0.2591058313846588,0.1762049496173858,0.0829008817672729,0.4553853273391723,0.880011796951294,0.7943824529647827,0.3702531456947326,0.6314839602928348,18.8293323097152,10.794668647168336,1.8718149662017824,6.062216758728027,,,,,,,,,,,,,,75.66087341308594,1.0,True,0.0
baseline,sdedit,treering,111000000004,change_object,2,global_attribute,make it sunset lighting,,,0.1297806277097952,False,,,,,0.2338726967573166,0.2365954518318176,-0.002722755074501,-0.0462636463344097,0.9353338479995728,0.8508481383323669,0.3902478814125061,0.5579405858328287,18.30464696321486,10.6122594973857,1.872253656387329,6.062216758728027,,,,,,,,,,,,,,71.49746704101562,0.0,True,0.0
baseline,sdedit,treering,111000000004,change_object,3,background,make the background a city street,,,0.0006792005369078,True,,,,,0.2124443650245666,0.2185846269130706,-0.006140261888504,0.0299152564257383,0.9481956958770752,0.7553530335426331,0.2809507250785827,0.556392481424337,17.54019408248826,10.356954928638991,1.8731389045715332,6.062216758728027,,,,,,,,,,,,,,66.34474182128906,0.0,True,0.0
baseline,sdedit,treering,111000000004,change_object,4,style,make it anime style,,,0.6447048539276478,False,,,,,0.2146853059530258,0.20203298330307,0.0126523226499557,-0.0044093467295169,0.9166699051856996,0.7702126502990723,0.3945057094097137,0.5141124642162964,17.712734633603354,10.27571344246434,1.86957049369812,6.062216758728027,,,,,,,,,,,,,,79.0335693359375,0.0,True,0.0
baseline,sdedit,treering,211000000000,add_object,0,none,,,,1.1900362144352077e-25,True,,,14.352408770997304,0.5081143316122015,,,,,,,,,,,,,,,,,,,,,,,,,,52.60954666137695,,True,
baseline,sdedit,treering,211000000000,add_object,1,add_object,add scarf and add flowers in mouth,,,0.0005615188951418,True,,,,,0.2683485150337219,0.2724930047988891,-0.0041444897651672,0.1123557612299919,0.958574652671814,0.827175498008728,0.3382437229156494,0.401935907411462,16.844249401734604,12.962715074725889,1.8811876773834229,6.062216758728027,,,,,,,,,,,,,,72.07171630859375,0.0,True,0.0
baseline,sdedit,treering,211000000000,add_object,2,global_attribute,make it rainy,,,0.1258490457339074,False,,,,,0.2831080257892608,0.2450118660926818,0.0380961596965789,0.3955905139446258,0.9285426139831544,0.7798836827278137,0.3506331443786621,0.34372268407472,15.653884193436973,12.452450611292532,1.8743481636047363,6.062216758728027,,,,,,,,,,,,,,73.39295196533203,1.0,True,0.0
baseline,sdedit,treering,211000000000,add_object,3,background,make the background a desert,,,0.0927552934193106,False,,,,,0.3045046925544739,0.285666823387146,0.0188378691673278,-0.0263209678232669,0.9593788385391236,0.8706351518630981,0.3432759940624237,0.2933375326090136,14.90469159248578,11.806075618691349,1.8656885623931885,6.062216758728027,,,,,,,,,,,,,,75.85397338867188,0.0,True,0.0
baseline,sdedit,treering,211000000000,add_object,4,style,make it anime style,,,0.0233465719056511,False,,,,,0.2875391244888305,0.2898701727390289,-0.0023310482501983,-0.0565855950117111,0.9570035338401794,0.8943954706192017,0.3470459580421448,0.272169474941887,14.475697483026568,11.491239942235474,1.876326560974121,6.062216758728027,,,,,,,,,,,,,,71.8907241821289,0.0,True,0.0
baseline,sdedit,treering,211000000001,add_object,0,none,,,,3.5044155975692255e-11,True,,,14.3097833802576,0.5804233221066746,,,,,,,,,,,,,,,,,,,,,,,,,,55.57867431640625,,True,
baseline,sdedit,treering,211000000001,add_object,1,add_object,add a gold chain and add a star on its head,,,0.2205035583369567,False,,,,,0.2170576155185699,0.1996804326772689,0.0173771828413009,0.0674711987376213,0.8719014525413513,0.8607770204544067,0.3033686876296997,0.4997562423079844,20.79349215748687,13.482408875574835,1.872117280960083,6.062216758728027,,,,,,,,,,,,,,73.65716552734375,1.0,True,0.0
baseline,sdedit,treering,211000000001,add_object,2,global_attribute,make it nighttime,,,0.331288026746316,False,,,,,0.2300698459148407,0.2141807377338409,0.0158891081809997,0.0095661263912916,0.8914581537246704,0.8793606162071228,0.2932034730911255,0.408876519313444,19.264817397087985,13.41430240233788,1.8658087253570557,6.062216758728027,,,,,,,,,,,,,,73.03704071044922,1.0,True,0.0
baseline,sdedit,treering,211000000001,add_object,3,background,make the background a desert,,,0.6185748946427382,False,,,,,0.2581751942634582,0.2219346463680267,0.0362405478954315,0.0215549562126398,0.9027135372161864,0.8967575430870056,0.3196000754833221,0.3608212406199676,19.116374503301525,12.99149743907104,1.870692253112793,6.062216758728027,,,,,,,,,,,,,,78.24269104003906,1.0,True,0.0
baseline,sdedit,treering,211000000001,add_object,4,style,make it anime style,,,0.7043351382332778,False,,,,,0.2823311686515808,0.2495658695697784,0.0327652990818023,0.051355704665184,0.9135796427726746,0.8790953755378723,0.3282332420349121,0.29471047933855,17.766286281507277,12.600067438412404,1.8700716495513916,6.062216758728027,,,,,,,,,,,,,,74.26465606689453,1.0,True,0.0
baseline,sdedit,treering,211000000002,add_object,0,none,,,,8.076158286549305e-09,True,,,10.508415705141232,0.4534759628559106,,,,,,,,,,,,,,,,,,,,,,,,,,58.74110412597656,,True,
baseline,sdedit,treering,211000000002,add_object,1,add_object,add leaves and add a flower,,,0.367606142259204,False,,,,,0.2619494199752807,0.2721099555492401,-0.0101605355739593,-0.0196156185120344,0.9584589004516602,0.9184017777442932,0.2667574286460876,0.4641206270444331,18.721630143568294,9.976389770603385,1.8682029247283936,6.062216758728027,,,,,,,,,,,,,,71.97920989990234,0.0,True,0.0
baseline,sdedit,treering,211000000002,add_object,2,global_attribute,make it sunset lighting,,,0.2745634161896824,False,,,,,0.2376264035701751,0.2461353838443756,-0.0085089802742004,0.0136666661128401,0.9605482816696168,0.9575986862182616,0.211233451962471,0.3759915148728474,17.623464862408213,9.6822465579176,1.8707759380340576,6.062216758728027,,,,,,,,,,,,,,70.21310424804688,0.0,True,0.0
baseline,sdedit,treering,211000000002,add_object,3,background,make the background a forest,,,0.3687748787861496,False,,,,,0.2449182271957397,0.2308592051267624,0.0140590220689773,0.0068588461726903,0.9791617393493652,0.9485918283462524,0.2254503816366195,0.3642923344463809,17.52500770869381,9.554869728303526,1.872130870819092,6.062216758728027,,,,,,,,,,,,,,75.38677215576172,1.0,True,0.0
baseline,sdedit,treering,211000000002,add_object,4,style,turn it into a watercolor painting,,,0.4408461362605443,False,,,,,0.2171588093042373,0.2153095602989196,0.0018492490053176,0.0646024793386459,0.9810582399368286,0.938874125480652,0.2409268617630005,0.3229151340497302,17.150019513977604,9.31189040609378,1.874063730239868,6.062216758728027,,,,,,,,,,,,,,75.4179458618164,1.0,True,0.0
baseline,sdedit,treering,211000000003,add_object,0,none,,,,6.105837140845761e-18,True,,,12.932215750492354,0.5377974696454592,,,,,,,,,,,,,,,,,,,,,,,,,,53.815433502197266,,True,
baseline,sdedit,treering,211000000003,add_object,1,add_object,add a hurbat and add a sword,,,0.0109068270596283,False,,,,,0.3269553780555725,0.320480465888977,0.0064749121665954,-0.0002969726920127,0.9138482809066772,0.8438428640365601,0.2822275459766388,0.5443463950769101,20.012300641397207,12.57177075232176,1.8704915046691897,6.062216758728027,,,,,,,,,,,,,,72.67875671386719,0.0,True,0.0
baseline,sdedit,treering,211000000003,add_object,2,global_attribute,make it rainy,,,0.3213725115210628,False,,,,,0.3401857316493988,0.3125368058681488,0.02764892578125,0.0900631621479988,0.9238710403442384,0.6759552955627441,0.4054042100906372,0.5070053451287931,20.213675079698483,12.649843937056373,1.8691205978393557,6.062216758728027,,,,,,,,,,,,,,76.1856918334961,1.0,True,0.0
baseline,sdedit,treering,211000000003,add_object,3,background,make the background a forest,,,0.1321603548768045,False,,,,,0.3078604936599731,0.3185241222381592,-0.010663628578186,0.0606974437832832,0.920159101486206,0.7805469632148743,0.411667138338089,0.3856455479979073,18.353776247123317,12.156102779645217,1.873795747756958,6.062216758728027,,,,,,,,,,,,,,76.5318603515625,0.0,True,0.0
baseline,sdedit,treering,211000000003,add_object,4,style,turn it into a watercolor painting,,,0.0546942302822421,False,,,,,0.288814514875412,0.2392993420362472,0.0495151728391647,0.1883076876401901,0.9324378967285156,0.6865569353103638,0.3933908939361572,0.3141846161510483,17.194775526736617,11.831860405132764,1.8713276386260984,6.062216758728027,,,,,,,,,,,,,,76.74884796142578,1.0,True,0.0
baseline,sdedit,treering,211000000004,add_object,0,none,,,,6.410445215056577e-15,True,,,11.671147871202797,0.5847262174552421,,,,,,,,,,,,,,,,,,,,,,,,,,53.84947967529297,,True,
baseline,sdedit,treering,211000000004,add_object,1,add_object,add a cat and add colorful flowers,,,0.0981657183658892,False,,,,,0.3061821162700653,0.2484614253044128,0.0577206909656524,0.1647253334522247,0.8850787878036499,0.91741943359375,0.4018871784210205,0.6246898761016412,19.00197192935372,11.168188008408084,1.8772153854370115,6.062216758728027,,,,,,,,,,,,,,70.0149154663086,1.0,True,0.0
baseline,sdedit,treering,211000000004,add_object,2,global_attribute,change the season to winter,,,0.2063961948603183,False,,,,,0.3384662568569183,0.2806999087333679,0.0577663481235504,0.3295619487762451,0.8622933626174927,0.8691638708114624,0.5005406141281128,0.4274220951239025,17.260212007888427,10.81065898171156,1.870022773742676,6.062216758728027,,,,,,,,,,,,,,75.62031555175781,1.0,True,0.0
baseline,sdedit,treering,211000000004,add_object,3,background,make the background a desert,,,0.6913142046319756,False,,,,,0.3249709606170654,0.3256269693374634,-0.0006560087203979,0.006577624939382,0.9427449107170104,0.8869565725326538,0.4522772431373596,0.3698542105203541,16.236356754447005,10.832463983827113,1.8673036098480225,6.062216758728027,,,,,,,,,,,,,,75.40526580810547,0.0,True,0.0
baseline,sdedit,treering,211000000004,add_object,4,style,make it anime style,,,0.9090213071296716,False,,,,,0.3073183596134186,0.3170455694198608,-0.0097272098064422,0.0690505802631378,0.9256572127342224,0.9077227115631104,0.4296377897262573,0.3965188268145143,16.176791171413534,10.607241566526152,1.8720455169677737,6.062216758728027,,,,,,,,,,,,,,74.37931823730469,0.0,True,0.0
baseline,sdedit,treering,311000000000,delete_object,0,none,,,,1.5553091904804547e-16,True,,,16.11471088466765,0.6673439488285315,,,,,,,,,,,,,,,,,,,,,,,,,,54.08997344970703,,True,
baseline,sdedit,treering,311000000000,delete_object,1,delete_object,remove the yellow flowers,,,0.0591953561060468,False,,,,,0.2237273156642913,0.2277975380420684,-0.0040702223777771,0.0426435321569442,0.9453102946281432,0.7383101582527161,0.2134535014629364,0.699207591643754,20.28018205534928,15.157712068226049,1.8665430545806885,6.062216758728027,,,,,,,,,,,,,,73.62476348876953,0.0,True,0.0
baseline,sdedit,treering,311000000000,delete_object,2,global_attribute,change the season to winter,,,0.0019292011289883,False,,,,,0.1906636655330658,0.1872927248477935,0.0033709406852722,0.1175438314676284,0.9400331377983092,0.7078845500946045,0.3292834162712097,0.6190429133007528,19.125143748706485,14.575923178571772,1.8690342903137207,6.062216758728027,,,,,,,,,,,,,,70.23973083496094,1.0,True,0.0
baseline,sdedit,treering,311000000000,delete_object,3,background,replace the background with a beach,,,0.00331741224693,False,,,,,0.2100306898355484,0.171491265296936,0.0385394245386123,0.0237276051193475,0.9307698011398317,0.7180057764053345,0.3346045315265655,0.5104975967372036,18.337895697091795,13.89391114599533,1.8688898086547852,6.062216758728027,,,,,,,,,,,,,,73.55182647705078,1.0,True,0.0
baseline,sdedit,treering,311000000000,delete_object,4,style,make it look cinematic,,,0.0880819103773062,False,,,,,0.2770703434944153,0.2210022956132888,0.0560680478811264,0.1267976760864257,0.8553075194358826,0.5717489719390869,0.394646406173706,0.4478852489932259,17.787254639964097,13.44208004926518,1.870548963546753,6.062216758728027,,,,,,,,,,,,,,73.38079071044922,1.0,True,0.0
baseline,sdedit,treering,311000000001,delete_object,0,none,,,,8.405248118177299e-12,True,,,12.02124600782418,0.4990616687079195,,,,,,,,,,,,,,,,,,,,,,,,,,55.31175994873047,,True,
baseline,sdedit,treering,311000000001,delete_object,1,delete_object,remove the headphones,,,0.1782985198635815,False,,,,,0.1992199271917343,0.1939729154109954,0.0052470117807388,0.0485265366733074,0.915331482887268,0.834321916103363,0.2546309232711792,0.6458112933338594,22.057110964686363,11.625220250834376,1.8696160316467283,6.062216758728027,,,,,,,,,,,,,,69.94467163085938,1.0,True,0.0
baseline,sdedit,treering,311000000001,delete_object,2,global_attribute,make it sunset lighting,,,0.1913096936633063,False,,,,,0.1946485638618469,0.1731876134872436,0.0214609503746032,0.0216917488723993,0.8307679295539856,0.741411566734314,0.2814071774482727,0.6065562010865677,21.374916702542095,11.443318957281324,1.8724422454833984,6.062216758728027,,,,,,,,,,,,,,70.65185546875,1.0,True,0.0
baseline,sdedit,treering,311000000001,delete_object,3,background,replace the background with a beach,,,0.4322752927858442,False,,,,,0.1838420033454895,0.1827691346406936,0.0010728687047958,0.0706395134329795,0.9114217758178712,0.7409920692443848,0.2701453864574432,0.6019686161931673,21.90508540173001,11.514657488345115,1.8676018714904783,6.062216758728027,,,,,,,,,,,,,,70.96512603759766,1.0,True,0.0
baseline,sdedit,treering,311000000001,delete_object,4,style,turn it into a watercolor painting,,,0.2609223738882616,False,,,,,0.2766650319099426,0.1327190697193145,0.143945962190628,0.2942807078361511,0.734165370464325,0.5227470397949219,0.5171888470649719,0.4998373269275983,20.803286820985527,11.253113017393536,1.8692867755889893,6.062216758728027,,,,,,,,,,,,,,75.72061157226562,1.0,True,0.0
baseline,sdedit,treering,311000000002,delete_object,0,none,,,,1.0841448021957336e-09,True,,,12.91504029059443,0.5153142875448721,,,,,,,,,,,,,,,,,,,,,,,,,,57.24256896972656,,True,
baseline,sdedit,treering,311000000002,delete_object,1,delete_object,remove a suit and remove a laptop,,,0.0896082165869478,False,,,,,0.2467689365148544,0.2557296752929687,-0.0089607387781143,-0.0119886640459299,0.9525032043457032,0.8522830009460449,0.2872571647167206,0.597555165351082,18.55875506956732,12.462989397374036,1.876272678375244,6.062216758728027,,,,,,,,,,,,,,71.8177261352539,0.0,True,0.0
baseline,sdedit,treering,311000000002,delete_object,2,global_attribute,make it nighttime,,,0.4125227813887378,False,,,,,0.2344455122947693,0.2257583290338516,0.0086871832609176,0.0240599047392606,0.9831573963165284,0.919852614402771,0.2880092263221741,0.5662276072358229,18.310796957269822,12.326340298862224,1.864741563796997,6.062216758728027,,,,,,,,,,,,,,77.32110595703125,1.0,True,0.0
baseline,sdedit,treering,311000000002,delete_object,3,background,make the background a desert,,,0.9779094746000238,False,,,,,0.2348089516162872,0.2232239991426468,0.0115849524736404,-0.0240277610719203,0.9747761487960817,0.942043960094452,0.3178805112838745,0.5357434204910977,18.156415474069124,11.840580405658711,1.8671786785125732,6.062216758728027,,,,,,,,,,,,,,79.58645629882812,0.0,True,0.0
baseline,sdedit,treering,311000000002,delete_object,4,style,make it anime style,,,0.5539278871964458,False,,,,,0.2421912848949432,0.2301234453916549,0.0120678395032882,0.090982437133789,0.9635120630264282,0.8969172239303589,0.340906023979187,0.4866353767518143,17.70123851479969,11.804320746705,1.883991241455078,6.062216758728027,,,,,,,,,,,,,,76.44962310791016,1.0,True,0.0
baseline,sdedit,treering,311000000003,delete_object,0,none,,,,1.456782298168143e-15,True,,,14.59227790397888,0.6504397628733183,,,,,,,,,,,,,,,,,,,,,,,,,,55.287139892578125,,True,
baseline,sdedit,treering,311000000003,delete_object,1,delete_object,remove the flower,,,0.0049262521732312,False,,,,,0.3204784691333771,0.2802931368350982,0.0401853322982788,-0.0846133679151535,0.8550387620925903,0.7988796234130859,0.2378786653280258,0.6132023680879825,20.5820471402825,13.633940483749074,1.8722374439239504,6.062216758728027,,,,,,,,,,,,,,72.00148010253906,0.0,True,0.0
baseline,sdedit,treering,311000000003,delete_object,2,global_attribute,make it sunset lighting,,,0.2542611939830834,False,,,,,0.2967811822891235,0.2981739044189453,-0.0013927221298217,0.0183397065848112,0.9667934775352478,0.8896018266677856,0.2226850539445877,0.5895800995142985,20.055875558066468,13.45504530467936,1.87530255317688,6.062216758728027,,,,,,,,,,,,,,75.98680114746094,0.0,True,0.0
baseline,sdedit,treering,311000000003,delete_object,3,background,make the background a forest,,,0.5983342176457683,False,,,,,0.2909027338027954,0.2773759961128235,0.0135267376899719,0.0061401464045047,0.9276071786880492,0.8644892573356628,0.2726176083087921,0.5519832475132305,19.195221260286097,13.095673775463478,1.867095947265625,6.062216758728027,,,,,,,,,,,,,,77.05970764160156,1.0,True,0.0
baseline,sdedit,treering,311000000003,delete_object,4,style,convert it to an oil painting,,,0.4484315710588265,False,,,,,0.2541444301605224,0.2576063275337219,-0.0034618973731994,-0.0062364917248487,0.92835533618927,0.9103387594223022,0.3017004728317261,0.5054864540875345,19.58814834850344,12.842184392847631,1.8702573776245115,6.062216758728027,,,,,,,,,,,,,,75.86980438232422,0.0,True,0.0
baseline,sdedit,treering,311000000004,delete_object,0,none,,,,6.084225404173574e-12,True,,,15.978035620794644,0.5118688489418022,,,,,,,,,,,,,,,,,,,,,,,,,,56.75059127807617,,True,
baseline,sdedit,treering,311000000004,delete_object,1,delete_object,remove an iceberg and remove a plane flying overhead,,,0.217482193785319,False,,,,,0.2327991127967834,0.2162007838487625,0.0165983289480209,0.0820393189787864,0.9739469289779664,0.9199955463409424,0.2302577346563339,0.4648828345882589,20.798437378581927,14.8998758988086,1.8734254837036133,6.062216758728027,,,,,,,,,,,,,,73.82481384277344,1.0,True,0.0
baseline,sdedit,treering,311000000004,delete_object,2,global_attribute,make it rainy,,,0.8005459769975334,False,,,,,0.2178201824426651,0.2216070592403412,-0.003786876797676,0.0038028191775083,0.9796078205108644,0.8992883563041687,0.2408805191516876,0.4843370367648397,20.497823912176308,14.399656728497074,1.8669631481170657,6.062216758728027,,,,,,,,,,,,,,78.19209289550781,0.0,True,0.0
baseline,sdedit,treering,311000000004,delete_object,3,background,make the background a city street,,,0.4808751896555985,False,,,,,0.3087949752807617,0.1958779245615005,0.1129170507192611,0.0930732935667038,0.8865063190460205,0.5779850482940674,0.4572236537933349,0.3867137733989729,19.157420951976466,13.497723404509268,1.879058599472046,6.062216758728027,,,,,,,,,,,,,,77.54295349121094,1.0,True,0.0
baseline,sdedit,treering,311000000004,delete_object,4,style,convert it to an oil painting,,,0.6839247422113595,False,,,,,0.266489028930664,0.271959900856018,-0.005470871925354,-0.0896475985646247,0.957084059715271,0.7694318294525146,0.4384745955467224,0.3592982235243291,18.482667102250304,13.299854929922004,1.86962628364563,6.062216758728027,,,,,,,,,,,,,,77.76577758789062,0.0,True,0.0
baseline,sdedit,treering,411000000000,change_content,0,none,,,,4.4288992404640577e-11,True,,,11.765897500315129,0.6226956947258134,,,,,,,,,,,,,,,,,,,,,,,,,,57.11982727050781,,True,
baseline,sdedit,treering,411000000000,change_content,1,change_content,change the big to small and make it big,,,0.0886961250205222,False,,,,,0.2907893657684326,0.3028120100498199,-0.0120226442813873,-0.0478738658130168,0.9337469339370728,0.9220349788665771,0.115208700299263,0.6448475757915131,21.634057783790496,11.417886550443878,1.873542547225952,6.062216758728027,,,,,,,,,,,,,,69.25780487060547,0.0,True,0.0
baseline,sdedit,treering,411000000000,change_content,2,global_attribute,make it nighttime,,,0.300827364398505,False,,,,,0.3107300400733948,0.2745360732078552,0.0361939668655395,0.1542237102985382,0.9206680059432985,0.8958507776260376,0.2810786366462707,0.5119471742543066,19.374189233015656,11.051652680005596,1.8685860633850095,6.062216758728027,,,,,,,,,,,,,,73.75634765625,1.0,True,0.0
baseline,sdedit,treering,411000000000,change_content,3,background,replace the background with a beach,,,0.2666662535781897,False,,,,,0.2678238451480865,0.2971770763397217,-0.0293532311916351,0.0269532408565282,0.9335877299308776,0.9136990904808044,0.2699528336524963,0.4487630282821788,18.508058921346567,11.361745831586234,1.876481533050537,6.062216758728027,,,,,,,,,,,,,,72.96576690673828,0.0,True,0.0
baseline,sdedit,treering,411000000000,change_content,4,style,turn it into a watercolor painting,,,0.0869466358434472,False,,,,,0.3057407736778259,0.2692614197731018,0.0364793539047241,0.0741316750645637,0.9294973015785216,0.9060407280921936,0.2966160178184509,0.4120162849073603,18.0894959993871,10.975334672871922,1.8666741847991943,6.062216758728027,,,,,,,,,,,,,,71.7024154663086,1.0,True,0.0
baseline,sdedit,treering,411000000001,change_content,0,none,,,,7.11573070353453e-22,True,,,12.299949138989712,0.2561253385255512,,,,,,,,,,,,,,,,,,,,,,,,,,52.92195129394531,,True,
baseline,sdedit,treering,411000000001,change_content,1,change_content,change the spread out to fold in,,,0.2204407778657314,False,,,,,0.2912975549697876,0.2774833142757416,0.013814240694046,-0.0763500779867172,0.9781466126441956,0.8755329251289368,0.3388609588146209,0.3397201036000218,15.338045661662294,11.434330850975233,1.8733069896698,6.062216758728027,,,,,,,,,,,,,,73.73365020751953,0.0,True,0.0
baseline,sdedit,treering,411000000001,change_content,2,global_attribute,change the season to winter,,,0.609039888886549,False,,,,,0.2548117935657501,0.2580917477607727,-0.0032799541950225,0.0585700273513793,0.97416090965271,0.906739056110382,0.3503386378288269,0.3119131833360773,14.845268235194023,10.855658907027674,1.869220733642578,6.062216758728027,,,,,,,,,,,,,,79.66897583007812,0.0,True,0.0
baseline,sdedit,treering,411000000001,change_content,3,background,replace the background with a beach,,,0.4519098930044961,False,,,,,0.2569732069969177,0.2454758733510971,0.0114973336458206,0.0481424182653427,0.9674547910690308,0.9014219045639038,0.3922358155250549,0.2833747511281638,14.332152106771469,10.780583576677516,1.8735194206237793,6.062216758728027,,,,,,,,,,,,,,75.84669494628906,1.0,True,0.0
baseline,sdedit,treering,411000000001,change_content,4,style,make it anime style,,,0.4673483257452817,False,,,,,0.2510393261909485,0.2403598427772522,0.0106794834136962,0.1088837832212448,0.953904628753662,0.840692400932312,0.4111140072345733,0.2738867891436194,14.593266369261505,10.882424842431227,1.8749613761901855,6.062216758728027,,,,,,,,,,,,,,78.45135498046875,1.0,True,0.0
baseline,sdedit,treering,411000000002,change_content,0,none,,,,1.755998985485715e-09,True,,,9.96064714226864,0.3497093628605268,,,,,,,,,,,,,,,,,,,,,,,,,,56.13054656982422,,True,
baseline,sdedit,treering,411000000002,change_content,1,change_content,change the scarf to cloak,,,0.491794821812674,False,,,,,0.2978300750255584,0.2887519001960754,0.009078174829483,0.2566779553890228,0.8535748720169067,0.8943203091621399,0.2367435991764068,0.538692669213226,18.624476410977625,10.100788780887832,1.8714849948883057,6.062216758728027,,,,,,,,,,,,,,75.70858764648438,1.0,True,0.0
baseline,sdedit,treering,411000000002,change_content,2,global_attribute,change the season to winter,,,0.7055893742791599,False,,,,,0.3300938606262207,0.2861914932727813,0.0439023673534393,0.1883228719234466,0.808832049369812,0.8110002279281616,0.4832894802093506,0.4231010807470277,16.612380986139684,9.636814416062858,1.871387958526611,6.062216758728027,,,,,,,,,,,,,,74.68768310546875,1.0,True,0.0
baseline,sdedit,treering,411000000002,change_content,3,background,make the background a city street,,,0.183570842542127,False,,,,,0.2977556586265564,0.3037621080875397,-0.0060064494609832,0.1024064347147941,0.9612753391265868,0.8844640254974365,0.3691316545009613,0.4072327836910639,15.993620217323656,9.527735903079073,1.8740603923797607,6.062216758728027,,,,,,,,,,,,,,72.3020248413086,0.0,True,0.0
baseline,sdedit,treering,411000000002,change_content,4,style,make it look cinematic,,,0.537966768924561,False,,,,,0.2992777824401855,0.2897237539291382,0.0095540285110473,0.0369265936315059,0.9213677644729614,0.9151582717895508,0.3770779371261596,0.3436671248290663,15.756469486726424,9.483579289065098,1.8698523044586184,6.062216758728027,,,,,,,,,,,,,,77.30965423583984,1.0,True,0.0
baseline,sdedit,treering,411000000003,change_content,0,none,,,,6.374250346078758e-35,True,,,13.93018703873707,0.5902702029811789,,,,,,,,,,,,,,,,,,,,,,,,,,48.19135665893555,,True,
baseline,sdedit,treering,411000000003,change_content,1,change_content,change the furry wolf to bald wolf,,,0.0097863538820594,False,,,,,0.2657041847705841,0.2645326256752014,0.0011715590953826,0.0347947180271148,0.9836077690124512,0.9068787097930908,0.4077925682067871,0.3892661838307141,18.559917618801624,12.798666895449756,1.862044334411621,6.062216758728027,,,,,,,,,,,,,,72.10481262207031,1.0,True,0.0
baseline,sdedit,treering,411000000003,change_content,2,global_attribute,make it sunset lighting,,,0.073798751521722,False,,,,,0.2634788751602173,0.2527489066123962,0.010729968547821,0.0696940422058105,0.9667580127716064,0.9259515404701232,0.3980836570262909,0.3229004553613768,18.134341434255823,12.376103366055764,1.8735508918762207,6.062216758728027,,,,,,,,,,,,,,74.41011810302734,1.0,True,0.0
baseline,sdedit,treering,411000000003,change_content,3,background,make the background a forest,,,0.2680696810632394,False,,,,,0.2712038159370422,0.2818539142608642,-0.010650098323822,0.0045378617942333,0.9532358646392822,0.9153635501861572,0.4048171937465668,0.287003951005182,16.765413174986126,11.754985446491728,1.8698949813842771,6.062216758728027,,,,,,,,,,,,,,77.14811706542969,0.0,True,0.0
baseline,sdedit,treering,411000000003,change_content,4,style,convert it to an oil painting,,,0.1364056144004505,False,,,,,0.2984730005264282,0.2640264332294464,0.0344465672969818,0.2517897486686706,0.9304543733596802,0.8588521480560303,0.5088438987731934,0.2852270517139949,16.028845584420306,11.365017075087469,1.8782758712768557,6.062216758728027,,,,,,,,,,,,,,77.85786437988281,1.0,True,0.0
baseline,sdedit,treering,411000000004,change_content,0,none,,,,1.5254151023307862e-19,True,,,14.498951229536337,0.4449626998229634,,,,,,,,,,,,,,,,,,,,,,,,,,52.4425163269043,,True,
baseline,sdedit,treering,411000000004,change_content,1,change_content,change the shepherd dog to poodle dog and make it luxury,,,0.1476249042905306,False,,,,,0.3108499348163605,0.2919713854789734,0.018878549337387,0.2509790062904358,0.8739726543426514,0.5890555381774902,0.4028571546077728,0.4635870122338489,17.2996076797853,13.190634804391674,1.8684611320495603,6.062216758728027,,,,,,,,,,,,,,70.26997375488281,1.0,True,0.0
baseline,sdedit,treering,411000000004,change_content,2,global_attribute,change the season to winter,,,0.5776113947637136,False,,,,,0.2801274955272674,0.2794161140918731,0.0007113814353942,-0.0297337993979454,0.9751110672950744,0.8136026263237,0.2858882546424866,0.4320374126321692,17.447612805978686,12.473950054537283,1.8755154609680176,6.062216758728027,,,,,,,,,,,,,,75.18630981445312,0.0,True,0.0
baseline,sdedit,treering,411000000004,change_content,3,background,make the background a city street,,,0.7464306334419955,False,,,,,0.2714172303676605,0.2639805972576141,0.0074366331100463,-0.0015998901799321,0.9424188137054444,0.8451900482177734,0.3039786517620086,0.4007863909454968,16.348820655168247,11.84155472422687,1.8700892925262451,6.062216758728027,,,,,,,,,,,,,,75.13232421875,0.0,True,0.0
baseline,sdedit,treering,411000000004,change_content,4,style,make it look cinematic,,,0.819880772344042,False,,,,,0.1763133704662323,0.172327846288681,0.0039855241775512,-0.0897387564182281,0.960829734802246,0.9025070667266846,0.2938534915447235,0.4046500144388361,16.000892980353573,11.349975219208684,1.878394365310669,6.062216758728027,,,,,,,,,,,,,,78.8498764038086,0.0,True,0.0
baseline,sdedit,treering,511000000000,change_pose,0,none,,,,9.71651067413481e-22,True,,,14.800002041836052,0.4676667249221436,,,,,,,,,,,,,,,,,,,,,,,,,,51.5604362487793,,True,
baseline,sdedit,treering,511000000000,change_pose,1,change_pose,make it tail down and make it jumping,,,0.3568113610846886,False,,,,,0.2266563177108764,0.1943962126970291,0.0322601050138473,0.1327331364154815,0.9555662870407104,0.7606407403945923,0.3724861741065979,0.2414768148171211,19.413569691089233,14.073074608197398,1.8776359558105469,6.062216758728027,,,,,,,,,,,,,,74.4433364868164,1.0,True,0.0
baseline,sdedit,treering,511000000000,change_pose,2,global_attribute,make it nighttime,,,0.3296446658977995,False,,,,,0.2190056294202804,0.2123311758041381,0.0066744536161422,0.0546097382903099,0.8634867668151855,0.6026167273521423,0.3879636526107788,0.2142205868103614,18.891758759723174,13.907964173359456,1.8718454837799072,6.062216758728027,,,,,,,,,,,,,,78.01808166503906,1.0,True,0.0
baseline,sdedit,treering,511000000000,change_pose,3,background,make the background a city street,,,0.6001303568806766,False,,,,,0.2150065004825592,0.2118177413940429,0.0031887590885162,0.0180736035108566,0.877960205078125,0.6481555700302124,0.3913529515266418,0.1857045330581767,17.82338991597436,13.460502746407617,1.864785432815552,6.062216758728027,,,,,,,,,,,,,,75.96393585205078,1.0,True,0.0
baseline,sdedit,treering,511000000000,change_pose,4,style,convert it to an oil painting,,,0.6003294050131621,False,,,,,0.2446346431970596,0.2068711817264557,0.0377634614706039,0.1579662859439849,0.7498210072517395,0.6191912293434143,0.4283842742443084,0.1863746156895164,17.093797986014565,13.179290291216,1.8727853298187256,6.062216758728027,,,,,,,,,,,,,,80.02880859375,1.0,True,0.0
baseline,sdedit,treering,511000000001,change_pose,0,none,,,,2.133537912229092e-16,True,,,11.14319501116579,0.3282331817065405,,,,,,,,,,,,,,,,,,,,,,,,,,53.39867401123047,,True,
baseline,sdedit,treering,511000000001,change_pose,1,change_pose,change the standing to sitting and make it tilting its head and make it wagging its tail,,,0.1965713005117141,False,,,,,0.238768920302391,0.2112858295440673,0.0274830907583236,-0.0220429860055446,0.9017764329910278,0.8439739346504211,0.3019457757472992,0.4216259960908948,17.762729641327553,10.842583572044637,1.8704593181610107,6.062216758728027,,,,,,,,,,,,,,73.12108612060547,0.0,True,0.0
baseline,sdedit,treering,511000000001,change_pose,2,global_attribute,make it rainy,,,0.1031500016461319,False,,,,,0.1982034742832183,0.2135200798511505,-0.0153166055679321,0.0575742125511169,0.9284433126449584,0.8281422257423401,0.3261290192604065,0.3851849958231081,17.45795170264268,10.66609246461428,1.874974012374878,6.062216758728027,,,,,,,,,,,,,,73.01494598388672,0.0,True,0.0
baseline,sdedit,treering,511000000001,change_pose,3,background,make the background a desert,,,0.4961254880027401,False,,,,,0.2216033041477203,0.1915106624364853,0.030092641711235,0.2446626126766204,0.910325825214386,0.8793419003486633,0.3335389792919159,0.3682094032972888,16.698209529059746,10.702697328842952,1.8722307682037351,6.062216758728027,,,,,,,,,,,,,,77.44857025146484,1.0,True,0.0
baseline,sdedit,treering,511000000001,change_pose,4,style,make it look cinematic,,,0.1270002623443054,False,,,,,0.2135353088378906,0.2102310061454773,0.0033043026924133,0.0403620302677154,0.9409483671188354,0.8801885843276978,0.3044371604919433,0.3687146311436671,16.43300299684037,10.562622150730771,1.869100332260132,6.062216758728027,,,,,,,,,,,,,,72.79004669189453,1.0,True,0.0
baseline,sdedit,treering,511000000002,change_pose,0,none,,,,3.45113082211789e-20,True,,,15.648786517165716,0.4364875460185859,,,,,,,,,,,,,,,,,,,,,,,,,,52.84537887573242,,True,
baseline,sdedit,treering,511000000002,change_pose,1,change_pose,make it its mouth open and change the sitting to standing and make it roaring,,,0.0591196242424295,False,,,,,0.2375221997499466,0.2445829361677169,-0.0070607364177703,0.0551614351570606,0.967486560344696,0.9580193758010864,0.2422074079513549,0.3653922548497586,19.83680126335526,14.455039856905296,1.8691706657409668,6.062216758728027,,,,,,,,,,,,,,74.13614654541016,0.0,True,0.0
baseline,sdedit,treering,511000000002,change_pose,2,global_attribute,change the season to winter,,,0.4631315253145948,False,,,,,0.2212089896202087,0.2106682509183883,0.0105407387018203,0.0284071080386638,0.9557709693908693,0.97559255361557,0.2800756096839905,0.302730562624856,18.845880268586654,14.069748058869626,1.8704164028167725,6.062216758728027,,,,,,,,,,,,,,75.0212173461914,1.0,True,0.0
baseline,sdedit,treering,511000000002,change_pose,3,background,replace the background with a beach,,,0.3091992231433977,False,,,,,0.2027952671051025,0.2048738300800323,-0.0020785629749298,-0.0361543595790863,0.9659027457237244,0.967959761619568,0.272979199886322,0.2608638297085856,17.01288436998426,13.387821346560123,1.8704235553741455,6.062216758728027,,,,,,,,,,,,,,77.30443572998047,0.0,True,0.0
baseline,sdedit,treering,511000000002,change_pose,4,style,make it look cinematic,,,0.807527758686682,False,,,,,0.2221764475107193,0.2066727429628372,0.015503704547882,0.0263005979359149,0.9216341972351074,0.9575849175453186,0.3016960918903351,0.2584939619385247,16.627211182378545,13.302692684842285,1.880544900894165,6.062216758728027,,,,,,,,,,,,,,76.97655487060547,1.0,True,0.0
baseline,sdedit,treering,511000000003,change_pose,0,none,,,,0.000104137804322,True,,,12.327885752453083,0.5846368447194995,,,,,,,,,,,,,,,,,,,,,,,,,,63.26549530029297,,True,
baseline,sdedit,treering,511000000003,change_pose,1,change_pose,change the wings spread to wings folded and make it beak pointed downward,,,0.5756745200127233,False,,,,,0.281096488237381,0.2743620574474334,0.0067344307899475,-0.04728464782238,0.9452304840087892,0.9636377096176147,0.1558775007724762,0.7974674711944051,19.849233858496433,11.951749883283146,1.8653123378753664,6.062216758728027,,,,,,,,,,,,,,75.49078369140625,0.0,True,0.0
baseline,sdedit,treering,511000000003,change_pose,2,global_attribute,make it nighttime,,,0.0312184735729343,False,,,,,0.2761058807373047,0.2696723937988281,0.0064334869384765,0.0572589337825775,0.9657655954360962,0.968418538570404,0.2023003250360489,0.7647410666597839,19.43252560816783,11.849839598225632,1.8845341205596924,6.062216758728027,,,,,,,,,,,,,,73.23863220214844,1.0,True,0.0
baseline,sdedit,treering,511000000003,change_pose,3,background,make the background a city street,,,0.1486702327100541,False,,,,,0.252748429775238,0.2592261135578155,-0.0064776837825775,0.0550933443009853,0.92411208152771,0.923416018486023,0.4357078075408935,0.5814471742141708,18.75752028502022,11.546535624400352,1.8715832233428955,6.062216758728027,,,,,,,,,,,,,,73.0298080444336,0.0,True,0.0
baseline,sdedit,treering,511000000003,change_pose,4,style,convert it to an oil painting,,,0.312485258546017,False,,,,,0.2820876240730285,0.2364217042922973,0.0456659197807312,0.108674556016922,0.932701826095581,0.8514998555183411,0.4479711651802063,0.4576418803653042,17.063472334261323,11.202690847727265,1.868471384048462,6.062216758728027,,,,,,,,,,,,,,77.34795379638672,1.0,True,0.0
baseline,sdedit,treering,511000000004,change_pose,0,none,,,,1.2972740694425565e-18,True,,,12.296263662951834,0.5759113325468924,,,,,,,,,,,,,,,,,,,,,,,,,,55.207969665527344,,True,
baseline,sdedit,treering,511000000004,change_pose,1,change_pose,make it eyes closed and change the sitting to lying and make it above its head,,,0.0671836200927979,False,,,,,0.2294171154499054,0.23720683157444,-0.0077897161245346,0.0144515000283718,0.9743379950523376,0.9715398550033568,0.2529806494712829,0.555255532342119,21.35309439531206,12.247027545865892,1.8688981533050537,6.062216758728027,,,,,,,,,,,,,,74.58387756347656,0.0,True,0.0
baseline,sdedit,treering,511000000004,change_pose,2,global_attribute,make it nighttime,,,0.7092950533451102,False,,,,,0.2183519303798675,0.2237030267715454,-0.0053510963916778,0.0159649178385734,0.9685699343681335,0.9676021933555604,0.2580848336219787,0.4760241551097636,19.782386644321505,11.924522412729656,1.8724284172058103,6.062216758728027,,,,,,,,,,,,,,78.89549255371094,0.0,True,0.0
baseline,sdedit,treering,511000000004,change_pose,3,background,make the background a forest,,,0.4353760745797387,False,,,,,0.2454264461994171,0.2266170382499694,0.0188094079494476,0.0271151885390281,0.9696581959724426,0.9729337692260742,0.272927314043045,0.4199022576527572,18.439243588826265,11.413909007383886,1.8722920417785645,6.062216758728027,,,,,,,,,,,,,,80.63990020751953,1.0,True,0.0
baseline,sdedit,treering,511000000004,change_pose,4,style,make it look cinematic,,,0.7509880837407811,False,,,,,0.2165631055831909,0.2391609251499176,-0.0225978195667266,-0.0597588866949081,0.9736255407333374,0.9692611694335938,0.3298506438732147,0.3756168470603976,17.378547435621016,11.10518936422973,1.8715288639068604,6.062216758728027,,,,,,,,,,,,,,78.7266845703125,0.0,True,0.0
baseline,sdedit,treering,611000000000,change_color,0,none,,,,3.0029665685685777e-33,True,,,15.135664719849911,0.3940092135498449,,,,,,,,,,,,,,,,,,,,,,,,,,48.88472366333008,,True,
baseline,sdedit,treering,611000000000,change_color,1,change_color,change the black to white and change the red to green,,,0.0004731269130087,True,,,,,0.2596346735954284,0.2472118288278579,0.0124228447675704,0.0199206694960594,0.9489139318466188,0.878684401512146,0.3401722311973572,0.2190577694732329,15.731618505880563,13.203626364096138,1.8751027584075928,6.062216758728027,,,,,,,,,,,,,,69.45452880859375,1.0,True,1.0
baseline,sdedit,treering,611000000000,change_color,2,global_attribute,change the season to winter,,,0.1140296499768395,False,,,,,0.2815929055213928,0.2454266995191574,0.0361662060022354,0.04466213285923,0.9024789333343506,0.8052576184272766,0.3422751426696777,0.1974236707525897,14.884941054485878,12.785651883212545,1.8845479488372805,6.062216758728027,,,,,,,,,,,,,,72.43706512451172,1.0,True,0.0
baseline,sdedit,treering,611000000000,change_color,3,background,make the background a desert,,,0.5792447758056646,False,,,,,0.267105370759964,0.2811148762702942,-0.0140095055103302,-0.032450046390295,0.9587993621826172,0.750662088394165,0.363258421421051,0.1785752676497249,14.98530789900576,12.904397915366108,1.872297525405884,6.062216758728027,,,,,,,,,,,,,,77.42133331298828,0.0,True,0.0
baseline,sdedit,treering,611000000000,change_color,4,style,convert it to an oil painting,,,0.6147434913257515,False,,,,,0.2570540606975555,0.2493426501750946,0.0077114105224609,0.2223245501518249,0.8851972818374634,0.6337032318115234,0.4607746005058288,0.1724495332320438,14.273121415566862,12.020333124638524,1.871391534805298,6.062216758728027,,,,,,,,,,,,,,78.84693908691406,1.0,True,0.0
baseline,sdedit,treering,611000000001,change_color,0,none,,,,2.2452389264508886e-14,True,,,12.18853979696284,0.4134768856029399,,,,,,,,,,,,,,,,,,,,,,,,,,55.85511779785156,,True,
baseline,sdedit,treering,611000000001,change_color,1,change_color,make it white and change the pink to green,,,0.0253720907818899,False,,,,,0.2350038439035415,0.225947231054306,0.0090566128492355,0.0568086728453636,0.9714596271514891,0.8056994676589966,0.3828116059303283,0.3923245319021018,16.487844380876506,11.518354414577727,1.869593381881714,6.062216758728027,,,,,,,,,,,,,,72.30770111083984,1.0,True,0.0
baseline,sdedit,treering,611000000001,change_color,2,global_attribute,make it nighttime,,,0.5706289039450626,False,,,,,0.2331053614616394,0.2238972336053848,0.0092081278562545,0.0097522446885705,0.9631707668304444,0.868765115737915,0.3927211165428161,0.3226935194956007,15.696892610632212,10.761866056724864,1.870548963546753,6.062216758728027,,,,,,,,,,,,,,76.44042205810547,1.0,True,0.0
baseline,sdedit,treering,611000000001,change_color,3,background,make the background a city street,,,0.4572670580110549,False,,,,,0.2302588820457458,0.2192627191543579,0.0109961628913879,-0.0205904953181743,0.9278109073638916,0.8740033507347107,0.4299690425395965,0.3287320071887131,16.19081710022767,10.83468309051083,1.8729743957519531,6.062216758728027,,,,,,,,,,,,,,78.01273345947266,0.0,True,0.0
baseline,sdedit,treering,611000000001,change_color,4,style,make it look cinematic,,,0.1056731328735781,False,,,,,0.2241592109203338,0.2094278931617736,0.0147313177585601,-0.0230051130056381,0.9038646817207336,0.8532921075820923,0.421201080083847,0.3794963832585829,17.069569815120865,11.29477024456538,1.8709537982940672,6.062216758728027,,,,,,,,,,,,,,75.83716583251953,0.0,True,0.0
baseline,sdedit,treering,611000000002,change_color,0,none,,,,1.3122366268148336e-20,True,,,9.924643782276648,0.2523711651348588,,,,,,,,,,,,,,,,,,,,,,,,,,51.2351188659668,,True,
baseline,sdedit,treering,611000000002,change_color,1,change_color,change the brown to black and make it white,,,0.0848114797873544,False,,,,,0.3085581064224243,0.317218005657196,-0.0086598992347717,0.152469977736473,0.8729194402694702,0.7106571197509766,0.3746200501918793,0.3403134847007323,18.26222188950602,9.588199167564552,1.8695528507232664,6.062216758728027,,,,,,,,,,,,,,72.49949645996094,0.0,True,0.0
baseline,sdedit,treering,611000000002,change_color,2,global_attribute,change the season to winter,,,0.1207986895436886,False,,,,,0.2801753282546997,0.2972024381160736,-0.0170271098613739,0.0230625942349433,0.9105205535888672,0.8881957530975342,0.33754363656044,0.2646608259809637,16.4980488415431,9.120365448452992,1.874868869781494,6.062216758728027,,,,,,,,,,,,,,72.53461456298828,0.0,True,0.0
baseline,sdedit,treering,611000000002,change_color,3,background,make the background a forest,,,0.337843201560306,False,,,,,0.2876352071762085,0.2810659408569336,0.0065692663192749,0.1080081015825271,0.8993996977806091,0.9241923689842224,0.3028634488582611,0.286250592658628,16.16158070889185,8.82675608343165,1.8705048561096191,6.062216758728027,,,,,,,,,,,,,,79.96308898925781,1.0,True,0.0
baseline,sdedit,treering,611000000002,change_color,4,style,make it look cinematic,,,0.1282794828812115,False,,,,,0.269713819026947,0.2877531051635742,-0.0180392861366271,-0.0699433162808418,0.947324275970459,0.884161114692688,0.3332288265228271,0.2741883350051544,15.096012804320887,8.67486537045949,1.871601104736328,6.062216758728027,,,,,,,,,,,,,,75.58735656738281,0.0,True,0.0
baseline,sdedit,treering,611000000003,change_color,0,none,,,,3.937620379174712e-31,True,,,14.246070807093062,0.5048028445149285,,,,,,,,,,,,,,,,,,,,,,,,,,49.672218322753906,,True,
baseline,sdedit,treering,611000000003,change_color,1,change_color,change the white to pink and make it red,,,0.407738740604426,False,,,,,0.3058823645114898,0.3003647923469543,0.0055175721645355,0.0215052217245101,0.9332120418548584,0.8600364327430725,0.4339596033096313,0.465242326943164,19.34600643106244,13.204071220430915,1.87009596824646,6.062216758728027,,,,,,,,,,,,,,78.8942642211914,1.0,True,0.0
baseline,sdedit,treering,611000000003,change_color,2,global_attribute,change the season to winter,,,0.0410318386974495,False,,,,,0.3130184412002563,0.2898264527320862,0.0231919884681701,0.2345645725727081,0.949248433113098,0.7769955396652222,0.4492807984352112,0.3606128147782803,17.758528530832244,12.367579535800084,1.867981195449829,6.062216758728027,,,,,,,,,,,,,,75.7162857055664,1.0,True,0.0
baseline,sdedit,treering,611000000003,change_color,3,background,make the background a forest,,,0.6129360504664515,False,,,,,0.3313214182853699,0.3080009222030639,0.0233204960823059,0.0977425798773765,0.9642235040664672,0.8286999464035034,0.4198014140129089,0.3151161199345934,16.179333601601115,11.700397392961111,1.872398376464844,6.062216758728027,,,,,,,,,,,,,,80.95791625976562,1.0,True,0.0
baseline,sdedit,treering,611000000003,change_color,4,style,convert it to an oil painting,,,0.2416752819799772,False,,,,,0.3286976814270019,0.3218208849430084,0.0068767964839935,-0.0439964607357978,0.9631791114807128,0.8582776188850403,0.3851752579212188,0.2998146722592514,14.650944671547656,10.882238454583026,1.871828556060791,6.062216758728027,,,,,,,,,,,,,,76.36119842529297,0.0,True,0.0
baseline,sdedit,treering,611000000004,change_color,0,none,,,,6.515797346375174e-07,True,,,15.07276417039832,0.5971714514274993,,,,,,,,,,,,,,,,,,,,,,,,,,60.14811325073242,,True,
baseline,sdedit,treering,611000000004,change_color,1,change_color,change the white to purple and make it black,,,0.0437237027517616,False,,,,,0.2516763210296631,0.2200444936752319,0.0316318273544311,0.0142520703375339,0.9110645055770874,0.8747894763946533,0.2351340800523758,0.3873728067892607,19.808487955224617,14.248988928164524,1.872401237487793,6.062216758728027,,,,,,,,,,,,,,69.94215393066406,1.0,True,0.0
baseline,sdedit,treering,611000000004,change_color,2,global_attribute,change the season to winter,,,0.5431966137898355,False,,,,,0.2939919233322143,0.2777572870254516,0.0162346363067626,0.0395077541470527,0.9254457354545592,0.8654508590698242,0.4110982418060303,0.3288869414537729,18.217970763751236,13.386779083960969,1.876253366470337,6.062216758728027,,,,,,,,,,,,,,74.79803466796875,1.0,True,0.0
baseline,sdedit,treering,611000000004,change_color,3,background,make the background a city street,,,0.433813034514292,False,,,,,0.2339177280664444,0.2634429335594177,-0.0295252054929733,0.0806317925453186,0.8438137769699097,0.807779848575592,0.4303500056266784,0.2528549520579649,16.398016338668214,12.700347444219728,1.867849588394165,6.062216758728027,,,,,,,,,,,,,,75.70573425292969,0.0,True,0.0
baseline,sdedit,treering,611000000004,change_color,4,style,make it anime style,,,0.3281777507269824,False,,,,,0.2601726651191711,0.2158248424530029,0.0443478226661682,0.0209114663302898,0.8362581133842468,0.609701931476593,0.4222850203514099,0.2333663242490144,15.256974603541844,12.203730518640114,1.8745231628417969,6.062216758728027,,,,,,,,,,,,,,73.31876373291016,1.0,True,0.0
baseline,sdedit,treering,711000000000,change_material,0,none,,,,3.786134889087303e-08,True,,,18.948392745732423,0.7159292552456411,,,,,,,,,,,,,,,,,,,,,,,,,,57.71159362792969,,True,
baseline,sdedit,treering,711000000000,change_material,1,change_material,make it knitted and make it toy,,,0.0609915251019378,False,,,,,0.3319163918495178,0.2892700731754303,0.0426463186740875,0.2211832404136657,0.9166632294654846,0.8469617962837219,0.256768524646759,0.437372081246981,21.267070618557547,17.89074686285734,1.8656840324401855,6.062216758728027,,,,,,,,,,,,,,69.5125732421875,1.0,True,0.0
baseline,sdedit,treering,711000000000,change_material,2,global_attribute,change the season to winter,,,0.0521389644923937,False,,,,,0.3323270976543426,0.308689534664154,0.0236375629901886,0.067361444234848,0.9501108527183532,0.8854027986526489,0.2727095484733581,0.3916153238413511,20.67610419095836,16.920653647812912,1.8678016662597656,6.062216758728027,,,,,,,,,,,,,,69.68925476074219,1.0,True,0.0
baseline,sdedit,treering,711000000000,change_material,3,background,make the background a desert,,,0.1145966080247137,False,,,,,0.3020561337471008,0.3216850757598877,-0.0196289420127868,-0.0595529973506927,0.9421523809432985,0.8506536483764648,0.3157130479812622,0.2828259989046495,18.417143521802764,15.60292805093831,1.871521472930908,6.062216758728027,,,,,,,,,,,,,,70.73385620117188,0.0,True,0.0
baseline,sdedit,treering,711000000000,change_material,4,style,convert it to an oil painting,,,0.155067540932045,False,,,,,0.3589396476745605,0.2885477542877197,0.0703918933868408,0.1414755582809448,0.9063979387283324,0.8651539087295532,0.3185127377510071,0.2537422233114963,16.880315238635596,14.955291217058132,1.8695333003997805,6.062216758728027,,,,,,,,,,,,,,73.50779724121094,1.0,True,0.0
baseline,sdedit,treering,711000000001,change_material,0,none,,,,2.2839901684743655e-20,True,,,12.079771466857352,0.2781366347990644,,,,,,,,,,,,,,,,,,,,,,,,,,51.500152587890625,,True,
baseline,sdedit,treering,711000000001,change_material,1,change_material,make it wooden and make it toy,,,0.1680467404044417,False,,,,,0.3117907643318176,0.2375600636005401,0.0742307007312774,0.2310146987438202,0.8779280185699463,0.6501564979553223,0.4039363265037536,0.3318994363627722,15.308562683889742,10.83424941246223,1.8684256076812744,6.062216758728027,,,,,,,,,,,,,,75.75914001464844,1.0,True,0.0
baseline,sdedit,treering,711000000001,change_material,2,global_attribute,make it nighttime,,,0.2590185507852843,False,,,,,0.2742177546024322,0.2935486435890198,-0.0193308889865875,0.0452119037508964,0.948293149471283,0.5795736312866211,0.3879742622375488,0.2686800963200365,14.30715546721984,10.062342910411257,1.874683618545532,6.062216758728027,,,,,,,,,,,,,,76.73958587646484,0.0,True,0.0
baseline,sdedit,treering,711000000001,change_material,3,background,make the background a desert,,,0.0751708838420953,False,,,,,0.2677910625934601,0.2735537588596344,-0.0057626962661743,0.0244800858199596,0.9082033634185792,0.6168122291564941,0.3878048956394195,0.2487663732127322,13.671254129556708,9.620595159948058,1.873075246810913,6.062216758728027,,,,,,,,,,,,,,74.08039855957031,0.0,True,0.0
baseline,sdedit,treering,711000000001,change_material,4,style,make it look cinematic,,,0.2189156391819025,False,,,,,0.2425148487091064,0.2628704309463501,-0.0203555822372436,0.0109473727643489,0.8953632116317749,0.659871518611908,0.3902032375335693,0.2645227667320766,13.415526516346173,9.371768795429094,1.8714640140533447,6.062216758728027,,,,,,,,,,,,,,76.65525817871094,0.0,True,0.0
baseline,sdedit,treering,711000000002,change_material,0,none,,,,2.771499288082949e-11,True,,,12.634222925341652,0.679503607681033,,,,,,,,,,,,,,,,,,,,,,,,,,56.401031494140625,,True,
baseline,sdedit,treering,711000000002,change_material,1,change_material,change the blue to plastic and make it golden,,,0.1750897899439387,False,,,,,0.2962668836116791,0.2832406163215637,0.0130262672901153,0.0198296550661325,0.933387577533722,0.8843460083007812,0.3943105638027191,0.6653759318930276,19.53301215758563,12.195917420751204,1.8691887855529783,6.062216758728027,,,,,,,,,,,,,,72.97663879394531,1.0,True,0.0
baseline,sdedit,treering,711000000002,change_material,2,global_attribute,change the season to winter,,,0.5124462194571869,False,,,,,0.3345187604427337,0.2951560616493225,0.0393626987934112,0.276280015707016,0.8936609029769897,0.812692403793335,0.4606013298034668,0.5387441005880814,17.93511837662123,11.941570935920463,1.8735566139221191,6.062216758728027,,,,,,,,,,,,,,79.66768646240234,1.0,True,0.0
baseline,sdedit,treering,711000000002,change_material,3,background,make the background a desert,,,0.377362872022442,False,,,,,0.3358429074287414,0.3348762392997741,0.0009666681289672,0.0584744662046432,0.953619122505188,0.8605088591575623,0.30918949842453,0.4620476452151163,17.189329166216346,11.559843706041818,1.863431453704834,6.062216758728027,,,,,,,,,,,,,,78.32620239257812,1.0,True,0.0
baseline,sdedit,treering,711000000002,change_material,4,style,turn it into a watercolor painting,,,0.3210702381997875,False,,,,,0.3339811563491821,0.3144563436508178,0.0195248126983642,0.1787351369857788,0.9545108079910278,0.9180467128753662,0.3496256172657013,0.3708510508192309,15.698171070793974,11.000991381521851,1.8755981922149656,6.062216758728027,,,,,,,,,,,,,,77.47767639160156,1.0,True,0.0
baseline,sdedit,treering,711000000003,change_material,0,none,,,,6.246839385373231e-08,True,,,13.909008545631494,0.7219935349694054,,,,,,,,,,,,,,,,,,,,,,,,,,58.415924072265625,,True,
baseline,sdedit,treering,711000000003,change_material,1,change_material,make it iron and make it sculpture,,,0.152678013483418,False,,,,,0.2903791666030884,0.2775499820709228,0.0128291845321655,0.1141176521778106,0.9234844446182252,0.8885783553123474,0.1961558759212494,0.7555615934737387,23.489211438758577,13.458802938196538,1.869412899017334,6.062216758728027,,,,,,,,,,,,,,70.68342590332031,1.0,True,0.0
baseline,sdedit,treering,711000000003,change_material,2,global_attribute,make it sunset lighting,,,0.0444889709061263,False,,,,,0.284083217382431,0.2712705731391907,0.0128126442432403,0.0521116107702255,0.9594446420669556,0.8865500688552856,0.1357283294200897,0.7246087325696235,23.66037527007166,13.882790065487765,1.8700191974639893,6.062216758728027,,,,,,,,,,,,,,68.88805389404297,1.0,True,0.0
baseline,sdedit,treering,711000000003,change_material,3,background,make the background a forest,,,0.3106875493530769,False,,,,,0.2691056430339813,0.2782567739486694,-0.0091511309146881,-0.0010039322078227,0.960497260093689,0.8955134153366089,0.2279280722141266,0.6734884047927766,23.379632743519142,13.985327441246088,1.871033191680908,6.062216758728027,,,,,,,,,,,,,,70.97323608398438,0.0,True,0.0
baseline,sdedit,treering,711000000003,change_material,4,style,make it look cinematic,,,0.5442044889203462,False,,,,,0.2913691699504852,0.2748523354530334,0.0165168344974517,0.0316038578748703,0.9561310410499572,0.8703694343566895,0.2258948683738708,0.5963464635236555,23.050845272709218,13.344439604621904,1.8690071105957031,6.062216758728027,,,,,,,,,,,,,,75.20384979248047,1.0,True,0.0
baseline,sdedit,treering,711000000004,change_material,0,none,,,,2.3329125080103477e-11,True,,,13.291012851087553,0.5553594824039044,,,,,,,,,,,,,,,,,,,,,,,,,,56.55738830566406,,True,
baseline,sdedit,treering,711000000004,change_material,1,change_material,make it golden and make it sculpture,,,0.377747277536455,False,,,,,0.256567507982254,0.2021730691194534,0.0543944388628006,0.2344904839992523,0.8406205177307129,0.4583488404750824,0.3499554991722107,0.705934110261516,19.3658085553626,12.826090932645217,1.8711268901824951,6.062216758728027,,,,,,,,,,,,,,75.99523162841797,1.0,True,0.0
baseline,sdedit,treering,711000000004,change_material,2,global_attribute,change the season to winter,,,0.330284315642854,False,,,,,0.3168155252933502,0.2308485507965088,0.0859669744968414,0.2773974537849426,0.9008554220199584,0.7527148723602295,0.4069160223007202,0.6331320274508612,17.78288327955883,12.481433809540022,1.8672945499420168,6.062216758728027,,,,,,,,,,,,,,74.46800231933594,1.0,True,0.0
baseline,sdedit,treering,711000000004,change_material,3,background,make the background a desert,,,0.6401022355655653,False,,,,,0.3350459933280945,0.3133122324943542,0.0217337608337402,0.0082242041826248,0.9652833938598632,0.8786762952804565,0.3683741092681885,0.6089447692359801,18.256873382883494,12.400175718703712,1.8813080787658691,6.062216758728027,,,,,,,,,,,,,,76.06845092773438,1.0,True,0.0
baseline,sdedit,treering,711000000004,change_material,4,style,make it look cinematic,,,0.5268216480924072,False,,,,,0.3142543435096741,0.3280519843101501,-0.013797640800476,0.0154893537983298,0.9343240857124328,0.8837617635726929,0.408104658126831,0.5798903955061753,18.18336696369344,12.18508224740111,1.873157262802124,6.062216758728027,,,,,,,,,,,,,,80.6347885131836,0.0,True,0.0
baseline,sdedit,treering,811000000000,change_background,0,none,,,,3.350529442372059e-11,True,,,11.10580689134138,0.4249522557109764,,,,,,,,,,,,,,,,,,,,,,,,,,56.225948333740234,,True,
baseline,sdedit,treering,811000000000,change_background,1,change_background,change the background to forest,,,0.4552924314892863,False,,,,,0.2131013125181198,0.1929271817207336,0.0201741307973861,0.0965609550476074,0.91859233379364,0.8439785242080688,0.2908741533756256,0.2577877152922239,18.719730779155235,10.695720139078691,1.867274284362793,6.062216758728027,,,,,,,,,,,,,,76.64409637451172,1.0,True,0.0
baseline,sdedit,treering,811000000000,change_background,2,global_attribute,make it nighttime,,,0.5513295475803999,False,,,,,0.2356805205345153,0.2252733707427978,0.0104071497917175,-0.0095434859395027,0.94804847240448,0.9197344183921814,0.2470282763242721,0.2379986642776141,17.746024707229328,10.46591842920834,1.8715007305145264,6.062216758728027,,,,,,,,,,,,,,75.34693145751953,0.0,True,0.0
baseline,sdedit,treering,811000000000,change_background,3,background,replace the background with a beach,,,0.5289812243694394,False,,,,,0.2285488694906234,0.2386357486248016,-0.0100868791341781,-0.050046406686306,0.9570059776306152,0.908177375793457,0.2198494672775268,0.243828621112453,17.26682906582095,10.074273077660006,1.8695530891418457,6.062216758728027,,,,,,,,,,,,,,78.64258575439453,0.0,True,0.0
baseline,sdedit,treering,811000000000,change_background,4,style,make it anime style,,,0.2521979259254821,False,,,,,0.213946059346199,0.2083018124103546,0.0056442469358444,0.1364971697330474,0.9546838402748108,0.8299906849861145,0.2847271561622619,0.2020067122292663,15.673478447409646,9.90551344848356,1.8732154369354248,6.062216758728027,,,,,,,,,,,,,,78.94261932373047,1.0,True,0.0
baseline,sdedit,treering,811000000001,change_background,0,none,,,,1.1055485939023344e-22,True,,,10.443004600517115,0.2885760494958684,,,,,,,,,,,,,,,,,,,,,,,,,,52.995662689208984,,True,
baseline,sdedit,treering,811000000001,change_background,1,change_background,change the background to dark,,,0.0010830856197101,False,,,,,0.3226968050003052,0.3101701438426971,0.012526661157608,0.0015699914656579,0.9718823432922364,0.8875875473022461,0.3492901027202606,0.3173566724448108,12.837848518369864,9.314811586806394,1.8726885318756104,6.062216758728027,,,,,,,,,,,,,,70.28181457519531,1.0,True,0.0
baseline,sdedit,treering,811000000001,change_background,2,global_attribute,make it nighttime,,,0.1279449557776015,False,,,,,0.3114569187164306,0.3073863387107849,0.0040705800056457,0.0195054076611995,0.9735299944877625,0.893146812915802,0.382758617401123,0.2991359598391058,12.179652133609723,8.91616741257585,1.8754174709320068,6.062216758728027,,,,,,,,,,,,,,74.75392150878906,1.0,True,0.0
baseline,sdedit,treering,811000000001,change_background,3,background,make the background a forest,,,0.1430875659172257,False,,,,,0.3101691305637359,0.3082045316696167,0.0019645988941192,0.0239517670124769,0.9806960821151732,0.8801146149635315,0.3967797756195068,0.2764001922794921,11.748169990598946,8.724750931947119,1.8686494827270508,6.062216758728027,,,,,,,,,,,,,,74.18936157226562,1.0,True,0.0
baseline,sdedit,treering,811000000001,change_background,4,style,make it look cinematic,,,0.9153649649381844,False,,,,,0.3058109581470489,0.3034160137176513,0.0023949444293975,-0.0333312302827835,0.9855793118476868,0.8784195184707642,0.3714695870876312,0.2511835443308671,11.343418924767851,8.480417848554753,1.8704805374145508,6.062216758728027,,,,,,,,,,,,,,81.46320343017578,0.0,True,0.0
baseline,sdedit,treering,811000000002,change_background,0,none,,,,2.749825550756336e-10,True,,,15.555803736913363,0.6249701233525907,,,,,,,,,,,,,,,,,,,,,,,,,,57.365291595458984,,True,
baseline,sdedit,treering,811000000002,change_background,1,change_background,change the background to grass,,,0.0036781306531762,False,,,,,0.2232377231121063,0.2173196375370025,0.0059180855751037,0.0433503426611423,0.9723184108734132,0.9516136646270752,0.1437563896179199,0.5006311168650459,19.733661158904265,14.945537135787935,1.868886947631836,6.062216758728027,,,,,,,,,,,,,,68.36266326904297,1.0,True,0.0
baseline,sdedit,treering,811000000002,change_background,2,global_attribute,change the season to winter,,,0.0493446250022603,False,,,,,0.2070470303297042,0.2134083807468414,-0.0063613504171371,-0.0011204648762941,0.9611644744873048,0.8725538849830627,0.3191109895706177,0.4235667211475292,18.50918725074129,14.586443449999054,1.872690200805664,6.062216758728027,,,,,,,,,,,,,,67.85572814941406,0.0,True,0.0
baseline,sdedit,treering,811000000002,change_background,3,background,replace the background with a beach,,,0.5505691305594291,False,,,,,0.1983078718185424,0.1943755149841308,0.0039323568344116,0.0739562138915062,0.94569730758667,0.7766661047935486,0.4448239207267761,0.3228726208786065,17.856194468373342,14.247299662984076,1.869783878326416,6.062216758728027,,,,,,,,,,,,,,75.03556060791016,1.0,True,0.0
baseline,sdedit,treering,811000000002,change_background,4,style,turn it into a watercolor painting,,,0.174188349489558,False,,,,,0.2842997908592224,0.1981012672185897,0.0861985236406326,0.1042207926511764,0.9166171550750732,0.822874128818512,0.4701175391674042,0.2973214083717189,16.994028491174426,13.848113462986872,1.8685567378997805,6.062216758728027,,,,,,,,,,,,,,76.3211898803711,1.0,True,0.0
baseline,sdedit,treering,811000000003,change_background,0,none,,,,1.3265783666658892e-07,True,,,10.283614023417424,0.2004858817386645,,,,,,,,,,,,,,,,,,,,,,,,,,59.77602767944336,,True,
baseline,sdedit,treering,811000000003,change_background,1,change_background,change the background to blue,,,0.3058762336543248,False,,,,,0.296876311302185,0.2689530849456787,0.0279232263565063,0.0721917897462844,0.9501145482063292,0.9177719950675964,0.2735416293144226,0.4088878077430811,15.649566552104336,9.93460823710287,1.8692724704742432,6.062216758728027,,,,,,,,,,,,,,75.61750030517578,1.0,True,0.0
baseline,sdedit,treering,811000000003,change_background,2,global_attribute,change the season to winter,,,0.2939773009284986,False,,,,,0.2797952592372894,0.2664377093315124,0.0133575499057769,0.0128108244389295,0.9765344858169556,0.932060182094574,0.2959887087345123,0.3572174707607298,14.454870374880633,9.37075282342708,1.8698430061340332,6.062216758728027,,,,,,,,,,,,,,73.85993194580078,1.0,True,0.0
baseline,sdedit,treering,811000000003,change_background,3,background,make the background a desert,,,0.2542262002875093,False,,,,,0.2548426985740661,0.2670271098613739,-0.0121844112873077,-0.0185777023434638,0.9737969040870668,0.9431486129760742,0.3114278614521026,0.3439403618117092,14.169711428318944,9.492005105486662,1.872044563293457,6.062216758728027,,,,,,,,,,,,,,75.2333755493164,0.0,True,0.0
baseline,sdedit,treering,811000000003,change_background,4,style,turn it into a watercolor painting,,,0.2731282937393406,False,,,,,0.233970046043396,0.241696298122406,-0.00772625207901,0.1027974635362625,0.972627341747284,0.9317618608474731,0.3161651790142059,0.3314154295921612,14.14071641300967,9.319493741022328,1.8784968852996824,6.062216758728027,,,,,,,,,,,,,,76.16143035888672,0.0,True,0.0
baseline,sdedit,treering,811000000004,change_background,0,none,,,,4.716587503854644e-05,True,,,10.7666260610749,0.2188570744323309,,,,,,,,,,,,,,,,,,,,,,,,,,62.20609664916992,,True,
baseline,sdedit,treering,811000000004,change_background,1,change_background,change the background to red,,,0.3173633989511898,False,,,,,0.2633266746997833,0.2694676518440246,-0.0061409771442413,0.0228110365569591,0.979754626750946,0.9575908184051514,0.1714197695255279,0.6515211553627736,21.092548691070924,10.807786964405803,1.8710999488830569,6.062216758728027,,,,,,,,,,,,,,73.25879669189453,0.0,True,0.0
baseline,sdedit,treering,811000000004,change_background,2,global_attribute,make it rainy,,,0.2662903007301291,False,,,,,0.288649320602417,0.2349027097225189,0.053746610879898,0.3354166746139526,0.9588079452514648,0.946587085723877,0.371665894985199,0.5714056095941645,20.47638999459759,10.463724825576415,1.8779199123382568,6.062216758728027,,,,,,,,,,,,,,71.4360122680664,1.0,True,0.0
baseline,sdedit,treering,811000000004,change_background,3,background,replace the background with a beach,,,0.1035334986457889,False,,,,,0.3004283308982849,0.2861040532588959,0.014324277639389,0.0347496084868907,0.9801698923110962,0.948436975479126,0.2521860599517822,0.4828679205021416,19.85393372850959,10.42468303983063,1.874448299407959,6.062216758728027,,,,,,,,,,,,,,71.87503814697266,1.0,True,0.0
baseline,sdedit,treering,811000000004,change_background,4,style,convert it to an oil painting,,,0.0556314916419702,False,,,,,0.2929725050926208,0.2625370621681213,0.0304354429244995,0.2458526045083999,0.9189397096633912,0.8634876012802124,0.3322241902351379,0.4469665294370677,19.1739796742248,10.50142665080761,1.8756132125854492,6.062216758728027,,,,,,,,,,,,,,71.8145751953125,1.0,True,0.0
baseline,sdedit,treering,911000000000,change_style,0,none,,,,7.516631877007571e-12,True,,,14.201931691218723,0.4694245172194142,,,,,,,,,,,,,,,,,,,,,,,,,,55.984375,,True,
baseline,sdedit,treering,911000000000,change_style,1,change_style,make it realism style expressionism style,,,0.0963014551205435,False,,,,,0.2936704158782959,0.2475238293409347,0.0461465865373611,0.2238876223564148,0.924294114112854,0.8361386060714722,0.3088437020778656,0.5033663884195543,20.088126618726335,13.434965943646,1.8652024269104004,6.062216758728027,,,,,,,,,,,,,,72.49674987792969,1.0,True,0.0
baseline,sdedit,treering,911000000000,change_style,2,global_attribute,make it nighttime,,,0.3023618119829717,False,,,,,0.3087303638458252,0.2800441086292267,0.0286862552165985,0.0782344043254852,0.9453110098838806,0.8122892379760742,0.4079135656356811,0.3688138286288505,18.100417541459542,12.6451648886505,1.869694709777832,6.062216758728027,,,,,,,,,,,,,,74.64370727539062,1.0,True,0.0
baseline,sdedit,treering,911000000000,change_style,3,background,replace the background with a beach,,,0.511669589579811,False,,,,,0.2964023947715759,0.2902160882949829,0.006186306476593,0.0205416213721036,0.9200749397277832,0.8104552030563354,0.409084290266037,0.3005223553513621,16.287365557009384,12.131807055795909,1.8702771663665771,6.062216758728027,,,,,,,,,,,,,,73.89210510253906,1.0,True,0.0
baseline,sdedit,treering,911000000000,change_style,4,style,make it look cinematic,,,0.7084087753943377,False,,,,,0.2768983542919159,0.2807427048683166,-0.0038443505764007,0.0399234965443611,0.9429855942726136,0.8181961178779602,0.4319458901882171,0.2508182495457849,15.936471368149885,12.129549393017175,1.87079119682312,6.062216758728027,,,,,,,,,,,,,,79.04100799560547,0.0,True,0.0
baseline,sdedit,treering,911000000001,change_style,0,none,,,,3.539125363455049e-36,True,,,8.48410098928233,0.3198412557069436,,,,,,,,,,,,,,,,,,,,,,,,,,47.16837310791016,,True,
baseline,sdedit,treering,911000000001,change_style,1,change_style,make it realism style painting,,,0.1254641532018531,False,,,,,0.2788845300674438,0.2530276477336883,0.0258568823337554,0.1751254945993423,0.8103438019752502,0.5422792434692383,0.5079351663589478,0.3565062880467828,17.446332035066174,8.236426613983408,1.869553565979004,6.062216758728027,,,,,,,,,,,,,,71.85073852539062,1.0,True,0.0
baseline,sdedit,treering,911000000001,change_style,2,global_attribute,make it rainy,,,0.1767701362502285,False,,,,,0.2854045033454895,0.2677494585514068,0.0176550447940826,0.0511299297213554,0.9147917628288268,0.5918699502944946,0.4486765265464782,0.3537277650004033,17.157609785065745,7.895659951830236,1.864861011505127,6.062216758728027,,,,,,,,,,,,,,72.80661010742188,1.0,True,0.0
baseline,sdedit,treering,911000000001,change_style,3,background,replace the background with a beach,,,0.8411919503285089,False,,,,,0.3058196902275085,0.2700069546699524,0.0358127355575561,0.0302086640149354,0.9046615362167358,0.6267077922821045,0.4639377892017364,0.3290098295878656,17.47070003721962,7.839276579040943,1.8728816509246824,6.062216758728027,,,,,,,,,,,,,,78.40182495117188,1.0,True,0.0
baseline,sdedit,treering,911000000001,change_style,4,style,make it anime style,,,0.5653872002277787,False,,,,,0.3151080012321472,0.3003581464290619,0.0147498548030853,0.0281634032726287,0.8694127798080444,0.5108033418655396,0.4299356043338775,0.300509830527992,17.048238581967837,7.822659662533223,1.8719074726104736,6.062216758728027,,,,,,,,,,,,,,76.27335357666016,1.0,True,0.0
baseline,sdedit,treering,911000000002,change_style,0,none,,,,8.431959882646568e-16,True,,,12.206696607993102,0.4175378767551215,,,,,,,,,,,,,,,,,,,,,,,,,,54.256710052490234,,True,
baseline,sdedit,treering,911000000002,change_style,1,change_style,make it minimalism kids crayon drawing,,,0.0811660494384164,False,,,,,0.2613476514816284,0.2344565987586975,0.0268910527229309,0.1882028430700302,0.9592550992965698,0.8682799339294434,0.2679513096809387,0.4233918759056328,17.050128269586548,11.25631754977853,1.8717427253723145,6.062216758728027,,,,,,,,,,,,,,73.48567962646484,1.0,True,0.0
baseline,sdedit,treering,911000000002,change_style,2,global_attribute,make it sunset lighting,,,0.2514462864267599,False,,,,,0.256242573261261,0.2527331709861755,0.0035094022750854,0.025870818644762,0.9782501459121704,0.8582366108894348,0.3040767610073089,0.3604924088485921,15.284416581706427,10.644264391919542,1.8743412494659424,6.062216758728027,,,,,,,,,,,,,,74.17478942871094,1.0,True,0.0
baseline,sdedit,treering,911000000002,change_style,3,background,replace the background with a beach,,,0.1017996164247303,False,,,,,0.2406160235404968,0.2377791851758957,0.0028368383646011,-0.0022727660834789,0.973852038383484,0.876172661781311,0.3044100701808929,0.3637552137685508,14.892457752046294,10.477148649289587,1.873387336730957,6.062216758728027,,,,,,,,,,,,,,73.50125885009766,0.0,True,0.0
baseline,sdedit,treering,911000000002,change_style,4,style,make it anime style,,,0.5186279520261886,False,,,,,0.2668555974960327,0.2506400942802429,0.0162155032157897,0.0060591399669647,0.9672802686691284,0.8547214865684509,0.3121259808540344,0.3422888144469276,15.293722935429717,10.530860385205116,1.8735084533691408,6.062216758728027,,,,,,,,,,,,,,79.71768951416016,1.0,True,0.0
baseline,sdedit,treering,911000000003,change_style,0,none,,,,5.727517054117168e-16,True,,,12.115794738303531,0.3319369087018208,,,,,,,,,,,,,,,,,,,,,,,,,,53.75205993652344,,True,
baseline,sdedit,treering,911000000003,change_style,1,change_style,make it surrealism style wall mural,,,0.1704337583856918,False,,,,,0.2629960775375366,0.2483324110507965,0.0146636664867401,0.1271444261074066,0.9799396991729736,0.8856996297836304,0.3802239298820495,0.4573972652637237,16.75302628254121,11.42623198139301,1.865949869155884,6.062216758728027,,,,,,,,,,,,,,72.57367706298828,1.0,True,0.0
baseline,sdedit,treering,911000000003,change_style,2,global_attribute,make it nighttime,,,0.6881080243480886,False,,,,,0.25417360663414,0.2602365016937256,-0.0060628950595855,0.0384041480720043,0.9846155047416688,0.9546765089035034,0.3248619139194488,0.4153505561271521,16.356884580311128,11.092706116529316,1.8711681365966797,6.062216758728027,,,,,,,,,,,,,,79.47840118408203,0.0,True,0.0
baseline,sdedit,treering,911000000003,change_style,3,background,make the background a city street,,,0.4490037676535693,False,,,,,0.2904792428016662,0.24345363676548,0.0470256060361862,-0.0415531024336814,0.950764000415802,0.8361461758613586,0.3550716638565063,0.4179970428735893,15.804858879648286,10.74692115036834,1.8658809661865232,6.062216758728027,,,,,,,,,,,,,,76.56790924072266,0.0,True,0.0
baseline,sdedit,treering,911000000003,change_style,4,style,convert it to an oil painting,,,0.3976449725145321,False,,,,,0.2434785366058349,0.2858967781066894,-0.0424182415008544,-0.0999047309160232,0.949950635433197,0.901874303817749,0.3898140490055084,0.3764400966308176,15.20836471513321,10.550947193273196,1.868668556213379,6.062216758728027,,,,,,,,,,,,,,76.75979614257812,0.0,True,0.0
baseline,sdedit,treering,911000000004,change_style,0,none,,,,3.1408568705664555e-14,True,,,11.223135775136686,0.3859412952346153,,,,,,,,,,,,,,,,,,,,,,,,,,55.93397521972656,,True,
baseline,sdedit,treering,911000000004,change_style,1,change_style,make it photorealism style oil painting,,,0.5439349645849778,False,,,,,0.3334124386310577,0.2625445127487182,0.0708679258823394,0.300274133682251,0.9283854961395264,0.8945209980010986,0.364859014749527,0.4562536574753024,19.992695799140044,10.731365220760932,1.8667378425598145,6.062216758728027,,,,,,,,,,,,,,78.51603698730469,1.0,True,0.0
baseline,sdedit,treering,911000000004,change_style,2,global_attribute,make it sunset lighting,,,0.4502487047912449,False,,,,,0.302969753742218,0.3202394247055053,-0.0172696709632873,0.0848722904920578,0.9720567464828492,0.9441460967063904,0.2990640997886657,0.442551575795072,20.121274518395182,11.093110702160716,1.8682496547698977,6.062216758728027,,,,,,,,,,,,,,74.93262481689453,0.0,True,0.0
baseline,sdedit,treering,911000000004,change_style,3,background,make the background a city street,,,0.9135853442362316,False,,,,,0.3111773729324341,0.2946147918701172,0.0165625810623168,0.188231736421585,0.9650315642356871,0.9224891662597656,0.3330610990524292,0.4104607597493363,20.221687612308557,10.997790959307752,1.8657891750335691,6.062216758728027,,,,,,,,,,,,,,77.46424102783203,1.0,True,0.0
baseline,sdedit,treering,911000000004,change_style,4,style,turn it into a watercolor painting,,,0.5271520838154208,False,,,,,0.2583985924720764,0.2880071699619293,-0.0296085774898529,0.0528366342186927,0.9560770988464355,0.9326766729354858,0.3609773814678192,0.3585973923786191,19.307054686388895,11.281360774285943,1.8695530891418457,6.062216758728027,,,,,,,,,,,,,,78.43582916259766,0.0,True,0.0
