2026-10-01 14:55:05,904 INFO httpx: HTTP Request: HEAD https://huggingface.co/datasets/UB-CVML-Group/PIE_Bench_pp/resolve/main/1_change_object_80/V1-00000-of-00001.parquet "HTTP/1.1 302 Found"
2026-10-01 14:55:06,042 INFO httpx: HTTP Request: GET https://huggingface.co/api/datasets/UB-CVML-Group/PIE_Bench_pp/xet-read-token/734a53b065f9e7140489558c5d0633b241c58b24 "HTTP/1.1 200 OK"
2026-10-01 14:55:07,151 INFO httpx: HTTP Request: HEAD https://huggingface.co/datasets/UB-CVML-Group/PIE_Bench_pp/resolve/main/2_add_object_80/V1-00000-of-00001.parquet "HTTP/1.1 302 Found"
2026-10-01 14:55:07,152 WARNING huggingface_hub.utils._http: Warning: You are sending unauthenticated requests to the HF Hub. Please set a HF_TOKEN to enable higher rate limits and faster downloads.
2026-10-01 14:55:08,029 INFO httpx: HTTP Request: HEAD https://huggingface.co/datasets/UB-CVML-Group/PIE_Bench_pp/resolve/main/3_delete_object_80/V1-00000-of-00001.parquet "HTTP/1.1 302 Found"
2026-10-01 14:55:08,857 INFO httpx: HTTP Request: HEAD https://huggingface.co/datasets/UB-CVML-Group/PIE_Bench_pp/resolve/main/4_change_attribute_content_40/V1-00000-of-00001.parquet "HTTP/1.1 302 Found"
2026-10-01 14:55:09,638 INFO httpx: HTTP Request: HEAD https://huggingface.co/datasets/UB-CVML-Group/PIE_Bench_pp/resolve/main/5_change_attribute_pose_40/V1-00000-of-00001.parquet "HTTP/1.1 302 Found"
2026-10-01 14:55:10,468 INFO httpx: HTTP Request: HEAD https://huggingface.co/datasets/UB-CVML-Group/PIE_Bench_pp/resolve/main/6_change_attribute_color_40/V1-00000-of-00001.parquet "HTTP/1.1 302 Found"
2026-10-01 14:55:10,608 INFO httpx: HTTP Request: HEAD https://huggingface.co/datasets/UB-CVML-Group/PIE_Bench_pp/resolve/main/7_change_attribute_material_40/V1-00000-of-00001.parquet "HTTP/1.1 302 Found"
2026-10-01 14:55:11,407 INFO httpx: HTTP Request: HEAD https://huggingface.co/datasets/UB-CVML-Group/PIE_Bench_pp/resolve/main/8_change_background_80/V1-00000-of-00001.parquet "HTTP/1.1 302 Found"
2026-10-01 14:55:12,307 INFO httpx: HTTP Request: HEAD https://huggingface.co/datasets/UB-CVML-Group/PIE_Bench_pp/resolve/main/9_change_style_80/V1-00000-of-00001.parquet "HTTP/1.1 302 Found"
2026-10-01 14:55:13,068 INFO wmedit: prepared 90 samples -> /home/ubuntu/wm_research/experiments/stage2
2026-10-01 14:55:49,386 INFO wmedit: embed stage done
2026-10-01 14:55:50,296 INFO httpx: HTTP Request: GET https://huggingface.co/api/models/timbrooks/instruct-pix2pix "HTTP/1.1 200 OK"
2026-10-01 14:55:50,405 INFO httpx: HTTP Request: HEAD https://huggingface.co/timbrooks/instruct-pix2pix/resolve/main/model_index.json "HTTP/1.1 307 Temporary Redirect"
2026-10-01 14:55:50,410 INFO httpx: HTTP Request: HEAD https://huggingface.co/api/resolve-cache/models/timbrooks/instruct-pix2pix/31519b5cb02a7fd89b906d88731cd4d6a7bbf88d/model_index.json?%2Ftimbrooks%2Finstruct-pix2pix%2Fresolve%2Fmain%2Fmodel_index.json=&etag=%22b1b17da0fdfb6cee5f986f8a70572b1f63f1a45e%22 "HTTP/1.1 200 OK"
2026-10-01 14:56:09,347 INFO wmedit: [ip2p/baseline/none] 111000000000 done (4 edits, 4.6s/edit)
2026-10-01 14:56:27,760 INFO wmedit: [ip2p/baseline/none] 211000000000 done (8 edits, 4.6s/edit)
2026-10-01 14:56:46,171 INFO wmedit: [ip2p/baseline/none] 311000000000 done (12 edits, 4.6s/edit)
2026-10-01 14:57:04,716 INFO wmedit: [ip2p/baseline/none] 411000000000 done (16 edits, 4.6s/edit)
2026-10-01 14:57:23,382 INFO wmedit: [ip2p/baseline/none] 511000000000 done (20 edits, 4.6s/edit)
2026-10-01 14:57:42,110 INFO wmedit: [ip2p/baseline/none] 611000000000 done (24 edits, 4.6s/edit)
2026-10-01 14:58:00,927 INFO wmedit: [ip2p/baseline/none] 711000000000 done (28 edits, 4.6s/edit)
2026-10-01 14:58:19,945 INFO wmedit: [ip2p/baseline/none] 811000000000 done (32 edits, 4.7s/edit)
2026-10-01 14:58:38,988 INFO wmedit: [ip2p/baseline/none] 911000000000 done (36 edits, 4.7s/edit)
2026-10-01 14:58:58,062 INFO wmedit: [ip2p/baseline/none] 111000000001 done (40 edits, 4.7s/edit)
2026-10-01 14:59:17,116 INFO wmedit: [ip2p/baseline/none] 211000000001 done (44 edits, 4.7s/edit)
2026-10-01 14:59:36,328 INFO wmedit: [ip2p/baseline/none] 311000000001 done (48 edits, 4.7s/edit)
2026-10-01 14:59:55,578 INFO wmedit: [ip2p/baseline/none] 411000000001 done (52 edits, 4.7s/edit)
2026-10-01 15:00:14,836 INFO wmedit: [ip2p/baseline/none] 511000000001 done (56 edits, 4.7s/edit)
2026-10-01 15:00:34,229 INFO wmedit: [ip2p/baseline/none] 611000000001 done (60 edits, 4.7s/edit)
2026-10-01 15:00:53,685 INFO wmedit: [ip2p/baseline/none] 711000000001 done (64 edits, 4.7s/edit)
2026-10-01 15:01:12,914 INFO wmedit: [ip2p/baseline/none] 811000000001 done (68 edits, 4.7s/edit)
2026-10-01 15:01:32,344 INFO wmedit: [ip2p/baseline/none] 911000000001 done (72 edits, 4.7s/edit)
2026-10-01 15:01:51,652 INFO wmedit: [ip2p/baseline/none] 111000000002 done (76 edits, 4.7s/edit)
2026-10-01 15:02:11,082 INFO wmedit: [ip2p/baseline/none] 211000000002 done (80 edits, 4.8s/edit)
2026-10-01 15:02:30,436 INFO wmedit: [ip2p/baseline/none] 311000000002 done (84 edits, 4.8s/edit)
2026-10-01 15:02:49,781 INFO wmedit: [ip2p/baseline/none] 411000000002 done (88 edits, 4.8s/edit)
2026-10-01 15:03:09,057 INFO wmedit: [ip2p/baseline/none] 511000000002 done (92 edits, 4.8s/edit)
2026-10-01 15:03:28,331 INFO wmedit: [ip2p/baseline/none] 611000000002 done (96 edits, 4.8s/edit)
2026-10-01 15:03:47,647 INFO wmedit: [ip2p/baseline/none] 711000000002 done (100 edits, 4.8s/edit)
2026-10-01 15:04:06,979 INFO wmedit: [ip2p/baseline/none] 811000000002 done (104 edits, 4.8s/edit)
2026-10-01 15:04:26,387 INFO wmedit: [ip2p/baseline/none] 911000000002 done (108 edits, 4.8s/edit)
2026-10-01 15:04:45,683 INFO wmedit: [ip2p/baseline/none] 111000000003 done (112 edits, 4.8s/edit)
2026-10-01 15:05:04,957 INFO wmedit: [ip2p/baseline/none] 211000000003 done (116 edits, 4.8s/edit)
2026-10-01 15:05:24,364 INFO wmedit: [ip2p/baseline/none] 311000000003 done (120 edits, 4.8s/edit)
2026-10-01 15:05:43,678 INFO wmedit: [ip2p/baseline/none] 411000000003 done (124 edits, 4.8s/edit)
2026-10-01 15:06:02,964 INFO wmedit: [ip2p/baseline/none] 511000000003 done (128 edits, 4.8s/edit)
2026-10-01 15:06:22,198 INFO wmedit: [ip2p/baseline/none] 611000000003 done (132 edits, 4.8s/edit)
2026-10-01 15:06:41,545 INFO wmedit: [ip2p/baseline/none] 711000000003 done (136 edits, 4.8s/edit)
2026-10-01 15:07:00,865 INFO wmedit: [ip2p/baseline/none] 811000000003 done (140 edits, 4.8s/edit)
2026-10-01 15:07:20,153 INFO wmedit: [ip2p/baseline/none] 911000000003 done (144 edits, 4.8s/edit)
2026-10-01 15:07:39,422 INFO wmedit: [ip2p/baseline/none] 111000000004 done (148 edits, 4.8s/edit)
2026-10-01 15:07:58,748 INFO wmedit: [ip2p/baseline/none] 211000000004 done (152 edits, 4.8s/edit)
2026-10-01 15:08:18,094 INFO wmedit: [ip2p/baseline/none] 311000000004 done (156 edits, 4.8s/edit)
2026-10-01 15:08:37,421 INFO wmedit: [ip2p/baseline/none] 411000000004 done (160 edits, 4.8s/edit)
2026-10-01 15:08:56,721 INFO wmedit: [ip2p/baseline/none] 511000000004 done (164 edits, 4.8s/edit)
2026-10-01 15:09:16,032 INFO wmedit: [ip2p/baseline/none] 611000000004 done (168 edits, 4.8s/edit)
2026-10-01 15:09:35,330 INFO wmedit: [ip2p/baseline/none] 711000000004 done (172 edits, 4.8s/edit)
2026-10-01 15:09:54,632 INFO wmedit: [ip2p/baseline/none] 811000000004 done (176 edits, 4.8s/edit)
2026-10-01 15:10:14,015 INFO wmedit: [ip2p/baseline/none] 911000000004 done (180 edits, 4.8s/edit)
2026-10-01 15:10:33,308 INFO wmedit: [ip2p/baseline/none] 111000000005 done (184 edits, 4.8s/edit)
2026-10-01 15:10:52,641 INFO wmedit: [ip2p/baseline/none] 211000000005 done (188 edits, 4.8s/edit)
2026-10-01 15:11:11,881 INFO wmedit: [ip2p/baseline/none] 311000000005 done (192 edits, 4.8s/edit)
2026-10-01 15:11:31,267 INFO wmedit: [ip2p/baseline/none] 412000000000 done (196 edits, 4.8s/edit)
2026-10-01 15:11:58,332 INFO wmedit: [ip2p/baseline/none] 512000000000 done (200 edits, 4.8s/edit)
2026-10-01 15:12:36,208 INFO wmedit: [ip2p/baseline/none] 612000000000 done (204 edits, 4.9s/edit)
2026-10-01 15:12:55,641 INFO wmedit: [ip2p/baseline/none] 712000000000 done (208 edits, 4.9s/edit)
2026-10-01 15:13:15,017 INFO wmedit: [ip2p/baseline/none] 811000000005 done (212 edits, 4.9s/edit)
2026-10-01 15:13:34,256 INFO wmedit: [ip2p/baseline/none] 911000000005 done (216 edits, 4.9s/edit)
2026-10-01 15:13:53,626 INFO wmedit: [ip2p/baseline/none] 111000000006 done (220 edits, 4.9s/edit)
2026-10-01 15:14:12,908 INFO wmedit: [ip2p/baseline/none] 211000000006 done (224 edits, 4.9s/edit)
2026-10-01 15:14:32,248 INFO wmedit: [ip2p/baseline/none] 311000000006 done (228 edits, 4.9s/edit)
2026-10-01 15:14:51,636 INFO wmedit: [ip2p/baseline/none] 412000000001 done (232 edits, 4.9s/edit)
2026-10-01 15:15:10,968 INFO wmedit: [ip2p/baseline/none] 512000000001 done (236 edits, 4.9s/edit)
2026-10-01 15:15:30,290 INFO wmedit: [ip2p/baseline/none] 612000000001 done (240 edits, 4.9s/edit)
2026-10-01 15:15:49,548 INFO wmedit: [ip2p/baseline/none] 712000000001 done (244 edits, 4.9s/edit)
2026-10-01 15:16:08,863 INFO wmedit: [ip2p/baseline/none] 811000000006 done (248 edits, 4.9s/edit)
2026-10-01 15:16:28,224 INFO wmedit: [ip2p/baseline/none] 911000000006 done (252 edits, 4.9s/edit)
2026-10-01 15:16:47,564 INFO wmedit: [ip2p/baseline/none] 111000000007 done (256 edits, 4.9s/edit)
2026-10-01 15:17:06,929 INFO wmedit: [ip2p/baseline/none] 211000000007 done (260 edits, 4.9s/edit)
2026-10-01 15:17:26,313 INFO wmedit: [ip2p/baseline/none] 311000000007 done (264 edits, 4.9s/edit)
2026-10-01 15:17:45,726 INFO wmedit: [ip2p/baseline/none] 412000000002 done (268 edits, 4.9s/edit)
2026-10-01 15:18:05,077 INFO wmedit: [ip2p/baseline/none] 512000000002 done (272 edits, 4.9s/edit)
2026-10-01 15:18:24,447 INFO wmedit: [ip2p/baseline/none] 612000000002 done (276 edits, 4.9s/edit)
2026-10-01 15:18:43,760 INFO wmedit: [ip2p/baseline/none] 712000000002 done (280 edits, 4.9s/edit)
2026-10-01 15:19:03,030 INFO wmedit: [ip2p/baseline/none] 811000000007 done (284 edits, 4.9s/edit)
2026-10-01 15:19:22,484 INFO wmedit: [ip2p/baseline/none] 911000000007 done (288 edits, 4.9s/edit)
2026-10-01 15:19:41,780 INFO wmedit: [ip2p/baseline/none] 111000000008 done (292 edits, 4.9s/edit)
2026-10-01 15:20:01,119 INFO wmedit: [ip2p/baseline/none] 211000000008 done (296 edits, 4.9s/edit)
2026-10-01 15:20:20,510 INFO wmedit: [ip2p/baseline/none] 311000000008 done (300 edits, 4.9s/edit)
2026-10-01 15:20:39,870 INFO wmedit: [ip2p/baseline/none] 412000000003 done (304 edits, 4.9s/edit)
2026-10-01 15:20:59,148 INFO wmedit: [ip2p/baseline/none] 512000000003 done (308 edits, 4.9s/edit)
2026-10-01 15:21:18,558 INFO wmedit: [ip2p/baseline/none] 612000000003 done (312 edits, 4.9s/edit)
2026-10-01 15:21:37,963 INFO wmedit: [ip2p/baseline/none] 712000000003 done (316 edits, 4.9s/edit)
2026-10-01 15:21:57,288 INFO wmedit: [ip2p/baseline/none] 811000000008 done (320 edits, 4.9s/edit)
2026-10-01 15:22:16,595 INFO wmedit: [ip2p/baseline/none] 911000000008 done (324 edits, 4.9s/edit)
2026-10-01 15:22:35,848 INFO wmedit: [ip2p/baseline/none] 111000000009 done (328 edits, 4.9s/edit)
2026-10-01 15:22:55,163 INFO wmedit: [ip2p/baseline/none] 211000000009 done (332 edits, 4.9s/edit)
2026-10-01 15:23:14,606 INFO wmedit: [ip2p/baseline/none] 311000000009 done (336 edits, 4.9s/edit)
2026-10-01 15:23:34,011 INFO wmedit: [ip2p/baseline/none] 412000000004 done (340 edits, 4.9s/edit)
2026-10-01 15:23:53,302 INFO wmedit: [ip2p/baseline/none] 512000000004 done (344 edits, 4.9s/edit)
2026-10-01 15:24:12,676 INFO wmedit: [ip2p/baseline/none] 612000000004 done (348 edits, 4.9s/edit)
2026-10-01 15:24:32,079 INFO wmedit: [ip2p/baseline/none] 712000000004 done (352 edits, 4.9s/edit)
2026-10-01 15:24:51,386 INFO wmedit: [ip2p/baseline/none] 811000000009 done (356 edits, 4.9s/edit)
2026-10-01 15:25:10,772 INFO wmedit: [ip2p/baseline/none] 911000000009 done (360 edits, 4.9s/edit)
2026-10-01 15:25:30,048 INFO wmedit: [ip2p/baseline/wam] 111000000000 done (364 edits, 4.9s/edit)
2026-10-01 15:25:49,398 INFO wmedit: [ip2p/baseline/wam] 211000000000 done (368 edits, 4.9s/edit)
2026-10-01 15:26:08,683 INFO wmedit: [ip2p/baseline/wam] 311000000000 done (372 edits, 4.9s/edit)
2026-10-01 15:26:28,023 INFO wmedit: [ip2p/baseline/wam] 411000000000 done (376 edits, 4.9s/edit)
2026-10-01 15:26:47,384 INFO wmedit: [ip2p/baseline/wam] 511000000000 done (380 edits, 4.9s/edit)
2026-10-01 15:27:06,689 INFO wmedit: [ip2p/baseline/wam] 611000000000 done (384 edits, 4.9s/edit)
2026-10-01 15:27:25,954 INFO wmedit: [ip2p/baseline/wam] 711000000000 done (388 edits, 4.9s/edit)
2026-10-01 15:27:45,327 INFO wmedit: [ip2p/baseline/wam] 811000000000 done (392 edits, 4.9s/edit)
2026-10-01 15:28:04,572 INFO wmedit: [ip2p/baseline/wam] 911000000000 done (396 edits, 4.9s/edit)
2026-10-01 15:28:23,879 INFO wmedit: [ip2p/baseline/wam] 111000000001 done (400 edits, 4.9s/edit)
2026-10-01 15:28:43,089 INFO wmedit: [ip2p/baseline/wam] 211000000001 done (404 edits, 4.9s/edit)
2026-10-01 15:29:02,498 INFO wmedit: [ip2p/baseline/wam] 311000000001 done (408 edits, 4.9s/edit)
2026-10-01 15:29:21,807 INFO wmedit: [ip2p/baseline/wam] 411000000001 done (412 edits, 4.9s/edit)
2026-10-01 15:29:41,170 INFO wmedit: [ip2p/baseline/wam] 511000000001 done (416 edits, 4.9s/edit)
2026-10-01 15:30:00,500 INFO wmedit: [ip2p/baseline/wam] 611000000001 done (420 edits, 4.9s/edit)
2026-10-01 15:30:19,938 INFO wmedit: [ip2p/baseline/wam] 711000000001 done (424 edits, 4.9s/edit)
2026-10-01 15:30:39,219 INFO wmedit: [ip2p/baseline/wam] 811000000001 done (428 edits, 4.9s/edit)
2026-10-01 15:30:58,605 INFO wmedit: [ip2p/baseline/wam] 911000000001 done (432 edits, 4.9s/edit)
2026-10-01 15:31:17,903 INFO wmedit: [ip2p/baseline/wam] 111000000002 done (436 edits, 4.9s/edit)
2026-10-01 15:31:37,227 INFO wmedit: [ip2p/baseline/wam] 211000000002 done (440 edits, 4.9s/edit)
2026-10-01 15:31:56,503 INFO wmedit: [ip2p/baseline/wam] 311000000002 done (444 edits, 4.9s/edit)
2026-10-01 15:32:15,824 INFO wmedit: [ip2p/baseline/wam] 411000000002 done (448 edits, 4.9s/edit)
2026-10-01 15:32:35,188 INFO wmedit: [ip2p/baseline/wam] 511000000002 done (452 edits, 4.9s/edit)
2026-10-01 15:32:54,487 INFO wmedit: [ip2p/baseline/wam] 611000000002 done (456 edits, 4.9s/edit)
2026-10-01 15:33:13,813 INFO wmedit: [ip2p/baseline/wam] 711000000002 done (460 edits, 4.9s/edit)
2026-10-01 15:33:33,199 INFO wmedit: [ip2p/baseline/wam] 811000000002 done (464 edits, 4.9s/edit)
2026-10-01 15:33:52,590 INFO wmedit: [ip2p/baseline/wam] 911000000002 done (468 edits, 4.9s/edit)
2026-10-01 15:34:11,891 INFO wmedit: [ip2p/baseline/wam] 111000000003 done (472 edits, 4.9s/edit)
2026-10-01 15:34:31,155 INFO wmedit: [ip2p/baseline/wam] 211000000003 done (476 edits, 4.9s/edit)
2026-10-01 15:34:50,544 INFO wmedit: [ip2p/baseline/wam] 311000000003 done (480 edits, 4.9s/edit)
2026-10-01 15:35:09,854 INFO wmedit: [ip2p/baseline/wam] 411000000003 done (484 edits, 4.9s/edit)
2026-10-01 15:35:29,134 INFO wmedit: [ip2p/baseline/wam] 511000000003 done (488 edits, 4.9s/edit)
2026-10-01 15:35:48,391 INFO wmedit: [ip2p/baseline/wam] 611000000003 done (492 edits, 4.9s/edit)
2026-10-01 15:36:07,755 INFO wmedit: [ip2p/baseline/wam] 711000000003 done (496 edits, 4.9s/edit)
2026-10-01 15:36:27,104 INFO wmedit: [ip2p/baseline/wam] 811000000003 done (500 edits, 4.9s/edit)
2026-10-01 15:36:46,425 INFO wmedit: [ip2p/baseline/wam] 911000000003 done (504 edits, 4.9s/edit)
2026-10-01 15:37:05,774 INFO wmedit: [ip2p/baseline/wam] 111000000004 done (508 edits, 4.9s/edit)
2026-10-01 15:37:25,104 INFO wmedit: [ip2p/baseline/wam] 211000000004 done (512 edits, 4.9s/edit)
2026-10-01 15:37:44,475 INFO wmedit: [ip2p/baseline/wam] 311000000004 done (516 edits, 4.9s/edit)
2026-10-01 15:38:03,791 INFO wmedit: [ip2p/baseline/wam] 411000000004 done (520 edits, 4.9s/edit)
2026-10-01 15:38:23,157 INFO wmedit: [ip2p/baseline/wam] 511000000004 done (524 edits, 4.9s/edit)
2026-10-01 15:38:42,543 INFO wmedit: [ip2p/baseline/wam] 611000000004 done (528 edits, 4.9s/edit)
2026-10-01 15:39:01,882 INFO wmedit: [ip2p/baseline/wam] 711000000004 done (532 edits, 4.9s/edit)
2026-10-01 15:39:21,131 INFO wmedit: [ip2p/baseline/wam] 811000000004 done (536 edits, 4.9s/edit)
2026-10-01 15:39:40,571 INFO wmedit: [ip2p/baseline/wam] 911000000004 done (540 edits, 4.9s/edit)
2026-10-01 15:39:59,920 INFO wmedit: [ip2p/baseline/wam] 111000000005 done (544 edits, 4.9s/edit)
2026-10-01 15:40:19,346 INFO wmedit: [ip2p/baseline/wam] 211000000005 done (548 edits, 4.9s/edit)
2026-10-01 15:40:38,682 INFO wmedit: [ip2p/baseline/wam] 311000000005 done (552 edits, 4.9s/edit)
2026-10-01 15:40:58,067 INFO wmedit: [ip2p/baseline/wam] 412000000000 done (556 edits, 4.9s/edit)
2026-10-01 15:41:17,322 INFO wmedit: [ip2p/baseline/wam] 512000000000 done (560 edits, 4.9s/edit)
2026-10-01 15:41:36,704 INFO wmedit: [ip2p/baseline/wam] 612000000000 done (564 edits, 4.9s/edit)
2026-10-01 15:41:56,096 INFO wmedit: [ip2p/baseline/wam] 712000000000 done (568 edits, 4.9s/edit)
2026-10-01 15:42:15,448 INFO wmedit: [ip2p/baseline/wam] 811000000005 done (572 edits, 4.9s/edit)
2026-10-01 15:42:34,710 INFO wmedit: [ip2p/baseline/wam] 911000000005 done (576 edits, 4.9s/edit)
2026-10-01 15:42:54,113 INFO wmedit: [ip2p/baseline/wam] 111000000006 done (580 edits, 4.9s/edit)
2026-10-01 15:43:13,463 INFO wmedit: [ip2p/baseline/wam] 211000000006 done (584 edits, 4.9s/edit)
2026-10-01 15:43:32,812 INFO wmedit: [ip2p/baseline/wam] 311000000006 done (588 edits, 4.9s/edit)
2026-10-01 15:43:52,166 INFO wmedit: [ip2p/baseline/wam] 412000000001 done (592 edits, 4.9s/edit)
2026-10-01 15:44:11,568 INFO wmedit: [ip2p/baseline/wam] 512000000001 done (596 edits, 4.9s/edit)
2026-10-01 15:44:30,972 INFO wmedit: [ip2p/baseline/wam] 612000000001 done (600 edits, 4.9s/edit)
2026-10-01 15:44:50,398 INFO wmedit: [ip2p/baseline/wam] 712000000001 done (604 edits, 4.9s/edit)
2026-10-01 15:45:09,745 INFO wmedit: [ip2p/baseline/wam] 811000000006 done (608 edits, 4.9s/edit)
2026-10-01 15:45:29,139 INFO wmedit: [ip2p/baseline/wam] 911000000006 done (612 edits, 4.9s/edit)
2026-10-01 15:45:48,504 INFO wmedit: [ip2p/baseline/wam] 111000000007 done (616 edits, 4.9s/edit)
2026-10-01 15:46:07,926 INFO wmedit: [ip2p/baseline/wam] 211000000007 done (620 edits, 4.9s/edit)
2026-10-01 15:46:27,309 INFO wmedit: [ip2p/baseline/wam] 311000000007 done (624 edits, 4.9s/edit)
2026-10-01 15:46:46,654 INFO wmedit: [ip2p/baseline/wam] 412000000002 done (628 edits, 4.9s/edit)
2026-10-01 15:47:05,970 INFO wmedit: [ip2p/baseline/wam] 512000000002 done (632 edits, 4.9s/edit)
2026-10-01 15:47:25,374 INFO wmedit: [ip2p/baseline/wam] 612000000002 done (636 edits, 4.9s/edit)
2026-10-01 15:47:44,725 INFO wmedit: [ip2p/baseline/wam] 712000000002 done (640 edits, 4.9s/edit)
2026-10-01 15:48:04,023 INFO wmedit: [ip2p/baseline/wam] 811000000007 done (644 edits, 4.9s/edit)
2026-10-01 15:48:23,476 INFO wmedit: [ip2p/baseline/wam] 911000000007 done (648 edits, 4.9s/edit)
2026-10-01 15:48:42,802 INFO wmedit: [ip2p/baseline/wam] 111000000008 done (652 edits, 4.9s/edit)
2026-10-01 15:49:02,233 INFO wmedit: [ip2p/baseline/wam] 211000000008 done (656 edits, 4.9s/edit)
2026-10-01 15:49:21,672 INFO wmedit: [ip2p/baseline/wam] 311000000008 done (660 edits, 4.9s/edit)
2026-10-01 15:49:41,059 INFO wmedit: [ip2p/baseline/wam] 412000000003 done (664 edits, 4.9s/edit)
2026-10-01 15:50:00,400 INFO wmedit: [ip2p/baseline/wam] 512000000003 done (668 edits, 4.9s/edit)
2026-10-01 15:50:19,887 INFO wmedit: [ip2p/baseline/wam] 612000000003 done (672 edits, 4.9s/edit)
2026-10-01 15:50:39,347 INFO wmedit: [ip2p/baseline/wam] 712000000003 done (676 edits, 4.9s/edit)
2026-10-01 15:50:58,737 INFO wmedit: [ip2p/baseline/wam] 811000000008 done (680 edits, 4.9s/edit)
2026-10-01 15:51:18,024 INFO wmedit: [ip2p/baseline/wam] 911000000008 done (684 edits, 4.9s/edit)
2026-10-01 15:51:37,303 INFO wmedit: [ip2p/baseline/wam] 111000000009 done (688 edits, 4.9s/edit)
2026-10-01 15:51:56,663 INFO wmedit: [ip2p/baseline/wam] 211000000009 done (692 edits, 4.9s/edit)
2026-10-01 15:52:16,068 INFO wmedit: [ip2p/baseline/wam] 311000000009 done (696 edits, 4.9s/edit)
2026-10-01 15:52:35,397 INFO wmedit: [ip2p/baseline/wam] 412000000004 done (700 edits, 4.9s/edit)
2026-10-01 15:52:54,734 INFO wmedit: [ip2p/baseline/wam] 512000000004 done (704 edits, 4.9s/edit)
2026-10-01 15:53:14,086 INFO wmedit: [ip2p/baseline/wam] 612000000004 done (708 edits, 4.9s/edit)
2026-10-01 15:53:33,487 INFO wmedit: [ip2p/baseline/wam] 712000000004 done (712 edits, 4.9s/edit)
2026-10-01 15:53:52,800 INFO wmedit: [ip2p/baseline/wam] 811000000009 done (716 edits, 4.9s/edit)
2026-10-01 15:54:12,180 INFO wmedit: [ip2p/baseline/wam] 911000000009 done (720 edits, 4.9s/edit)
2026-10-01 15:54:31,448 INFO wmedit: [ip2p/baseline/trustmark] 111000000000 done (724 edits, 4.9s/edit)
2026-10-01 15:54:50,777 INFO wmedit: [ip2p/baseline/trustmark] 211000000000 done (728 edits, 4.9s/edit)
2026-10-01 15:55:10,036 INFO wmedit: [ip2p/baseline/trustmark] 311000000000 done (732 edits, 4.9s/edit)
2026-10-01 15:55:29,433 INFO wmedit: [ip2p/baseline/trustmark] 411000000000 done (736 edits, 4.9s/edit)
2026-10-01 15:55:48,749 INFO wmedit: [ip2p/baseline/trustmark] 511000000000 done (740 edits, 4.9s/edit)
2026-10-01 15:56:08,059 INFO wmedit: [ip2p/baseline/trustmark] 611000000000 done (744 edits, 4.9s/edit)
2026-10-01 15:56:27,366 INFO wmedit: [ip2p/baseline/trustmark] 711000000000 done (748 edits, 4.9s/edit)
2026-10-01 15:56:46,837 INFO wmedit: [ip2p/baseline/trustmark] 811000000000 done (752 edits, 4.9s/edit)
2026-10-01 15:57:06,118 INFO wmedit: [ip2p/baseline/trustmark] 911000000000 done (756 edits, 4.9s/edit)
2026-10-01 15:57:25,431 INFO wmedit: [ip2p/baseline/trustmark] 111000000001 done (760 edits, 4.9s/edit)
2026-10-01 15:57:44,665 INFO wmedit: [ip2p/baseline/trustmark] 211000000001 done (764 edits, 4.9s/edit)
2026-10-01 15:58:04,057 INFO wmedit: [ip2p/baseline/trustmark] 311000000001 done (768 edits, 4.9s/edit)
2026-10-01 15:58:23,382 INFO wmedit: [ip2p/baseline/trustmark] 411000000001 done (772 edits, 4.9s/edit)
2026-10-01 15:58:42,671 INFO wmedit: [ip2p/baseline/trustmark] 511000000001 done (776 edits, 4.9s/edit)
2026-10-01 15:59:01,966 INFO wmedit: [ip2p/baseline/trustmark] 611000000001 done (780 edits, 4.9s/edit)
2026-10-01 15:59:21,359 INFO wmedit: [ip2p/baseline/trustmark] 711000000001 done (784 edits, 4.9s/edit)
2026-10-01 15:59:40,619 INFO wmedit: [ip2p/baseline/trustmark] 811000000001 done (788 edits, 4.9s/edit)
2026-10-01 16:00:00,032 INFO wmedit: [ip2p/baseline/trustmark] 911000000001 done (792 edits, 4.9s/edit)
2026-10-01 16:00:19,285 INFO wmedit: [ip2p/baseline/trustmark] 111000000002 done (796 edits, 4.9s/edit)
2026-10-01 16:00:38,631 INFO wmedit: [ip2p/baseline/trustmark] 211000000002 done (800 edits, 4.9s/edit)
2026-10-01 16:00:57,939 INFO wmedit: [ip2p/baseline/trustmark] 311000000002 done (804 edits, 4.9s/edit)
2026-10-01 16:01:17,324 INFO wmedit: [ip2p/baseline/trustmark] 411000000002 done (808 edits, 4.9s/edit)
2026-10-01 16:01:36,679 INFO wmedit: [ip2p/baseline/trustmark] 511000000002 done (812 edits, 4.9s/edit)
2026-10-01 16:01:55,936 INFO wmedit: [ip2p/baseline/trustmark] 611000000002 done (816 edits, 4.9s/edit)
2026-10-01 16:02:15,292 INFO wmedit: [ip2p/baseline/trustmark] 711000000002 done (820 edits, 4.9s/edit)
2026-10-01 16:02:34,609 INFO wmedit: [ip2p/baseline/trustmark] 811000000002 done (824 edits, 4.9s/edit)
2026-10-01 16:02:54,007 INFO wmedit: [ip2p/baseline/trustmark] 911000000002 done (828 edits, 4.9s/edit)
2026-10-01 16:03:13,320 INFO wmedit: [ip2p/baseline/trustmark] 111000000003 done (832 edits, 4.9s/edit)
2026-10-01 16:03:32,600 INFO wmedit: [ip2p/baseline/trustmark] 211000000003 done (836 edits, 4.9s/edit)
2026-10-01 16:03:52,057 INFO wmedit: [ip2p/baseline/trustmark] 311000000003 done (840 edits, 4.9s/edit)
2026-10-01 16:04:11,360 INFO wmedit: [ip2p/baseline/trustmark] 411000000003 done (844 edits, 4.9s/edit)
2026-10-01 16:04:30,633 INFO wmedit: [ip2p/baseline/trustmark] 511000000003 done (848 edits, 4.9s/edit)
2026-10-01 16:04:49,863 INFO wmedit: [ip2p/baseline/trustmark] 611000000003 done (852 edits, 4.9s/edit)
2026-10-01 16:05:09,221 INFO wmedit: [ip2p/baseline/trustmark] 711000000003 done (856 edits, 4.9s/edit)
2026-10-01 16:05:28,515 INFO wmedit: [ip2p/baseline/trustmark] 811000000003 done (860 edits, 4.9s/edit)
2026-10-01 16:05:47,810 INFO wmedit: [ip2p/baseline/trustmark] 911000000003 done (864 edits, 4.9s/edit)
2026-10-01 16:06:07,129 INFO wmedit: [ip2p/baseline/trustmark] 111000000004 done (868 edits, 4.9s/edit)
2026-10-01 16:06:26,462 INFO wmedit: [ip2p/baseline/trustmark] 211000000004 done (872 edits, 4.9s/edit)
2026-10-01 16:06:45,835 INFO wmedit: [ip2p/baseline/trustmark] 311000000004 done (876 edits, 4.9s/edit)
2026-10-01 16:07:05,159 INFO wmedit: [ip2p/baseline/trustmark] 411000000004 done (880 edits, 4.9s/edit)
2026-10-01 16:07:24,517 INFO wmedit: [ip2p/baseline/trustmark] 511000000004 done (884 edits, 4.9s/edit)
2026-10-01 16:07:43,853 INFO wmedit: [ip2p/baseline/trustmark] 611000000004 done (888 edits, 4.9s/edit)
2026-10-01 16:08:03,145 INFO wmedit: [ip2p/baseline/trustmark] 711000000004 done (892 edits, 4.9s/edit)
2026-10-01 16:08:22,433 INFO wmedit: [ip2p/baseline/trustmark] 811000000004 done (896 edits, 4.9s/edit)
2026-10-01 16:08:41,805 INFO wmedit: [ip2p/baseline/trustmark] 911000000004 done (900 edits, 4.9s/edit)
2026-10-01 16:09:01,154 INFO wmedit: [ip2p/baseline/trustmark] 111000000005 done (904 edits, 4.9s/edit)
2026-10-01 16:09:20,471 INFO wmedit: [ip2p/baseline/trustmark] 211000000005 done (908 edits, 4.9s/edit)
2026-10-01 16:09:39,703 INFO wmedit: [ip2p/baseline/trustmark] 311000000005 done (912 edits, 4.9s/edit)
2026-10-01 16:09:59,074 INFO wmedit: [ip2p/baseline/trustmark] 412000000000 done (916 edits, 4.9s/edit)
2026-10-01 16:10:18,275 INFO wmedit: [ip2p/baseline/trustmark] 512000000000 done (920 edits, 4.9s/edit)
2026-10-01 16:10:37,675 INFO wmedit: [ip2p/baseline/trustmark] 612000000000 done (924 edits, 4.9s/edit)
2026-10-01 16:10:57,046 INFO wmedit: [ip2p/baseline/trustmark] 712000000000 done (928 edits, 4.9s/edit)
2026-10-01 16:11:16,370 INFO wmedit: [ip2p/baseline/trustmark] 811000000005 done (932 edits, 4.9s/edit)
2026-10-01 16:11:35,604 INFO wmedit: [ip2p/baseline/trustmark] 911000000005 done (936 edits, 4.9s/edit)
2026-10-01 16:11:54,915 INFO wmedit: [ip2p/baseline/trustmark] 111000000006 done (940 edits, 4.9s/edit)
2026-10-01 16:12:14,206 INFO wmedit: [ip2p/baseline/trustmark] 211000000006 done (944 edits, 4.9s/edit)
2026-10-01 16:12:33,463 INFO wmedit: [ip2p/baseline/trustmark] 311000000006 done (948 edits, 4.9s/edit)
2026-10-01 16:12:52,781 INFO wmedit: [ip2p/baseline/trustmark] 412000000001 done (952 edits, 4.9s/edit)
2026-10-01 16:13:12,111 INFO wmedit: [ip2p/baseline/trustmark] 512000000001 done (956 edits, 4.9s/edit)
2026-10-01 16:13:31,385 INFO wmedit: [ip2p/baseline/trustmark] 612000000001 done (960 edits, 4.9s/edit)
2026-10-01 16:13:50,601 INFO wmedit: [ip2p/baseline/trustmark] 712000000001 done (964 edits, 4.9s/edit)
2026-10-01 16:14:09,924 INFO wmedit: [ip2p/baseline/trustmark] 811000000006 done (968 edits, 4.9s/edit)
2026-10-01 16:14:29,282 INFO wmedit: [ip2p/baseline/trustmark] 911000000006 done (972 edits, 4.9s/edit)
2026-10-01 16:14:48,648 INFO wmedit: [ip2p/baseline/trustmark] 111000000007 done (976 edits, 4.9s/edit)
2026-10-01 16:15:08,053 INFO wmedit: [ip2p/baseline/trustmark] 211000000007 done (980 edits, 4.9s/edit)
2026-10-01 16:15:27,478 INFO wmedit: [ip2p/baseline/trustmark] 311000000007 done (984 edits, 4.9s/edit)
2026-10-01 16:15:46,827 INFO wmedit: [ip2p/baseline/trustmark] 412000000002 done (988 edits, 4.9s/edit)
2026-10-01 16:16:06,153 INFO wmedit: [ip2p/baseline/trustmark] 512000000002 done (992 edits, 4.9s/edit)
2026-10-01 16:16:25,511 INFO wmedit: [ip2p/baseline/trustmark] 612000000002 done (996 edits, 4.9s/edit)
2026-10-01 16:16:44,852 INFO wmedit: [ip2p/baseline/trustmark] 712000000002 done (1000 edits, 4.9s/edit)
2026-10-01 16:17:04,154 INFO wmedit: [ip2p/baseline/trustmark] 811000000007 done (1004 edits, 4.9s/edit)
2026-10-01 16:17:23,578 INFO wmedit: [ip2p/baseline/trustmark] 911000000007 done (1008 edits, 4.9s/edit)
2026-10-01 16:17:42,860 INFO wmedit: [ip2p/baseline/trustmark] 111000000008 done (1012 edits, 4.9s/edit)
2026-10-01 16:18:02,240 INFO wmedit: [ip2p/baseline/trustmark] 211000000008 done (1016 edits, 4.9s/edit)
2026-10-01 16:18:21,696 INFO wmedit: [ip2p/baseline/trustmark] 311000000008 done (1020 edits, 4.9s/edit)
2026-10-01 16:18:41,092 INFO wmedit: [ip2p/baseline/trustmark] 412000000003 done (1024 edits, 4.9s/edit)
2026-10-01 16:19:00,417 INFO wmedit: [ip2p/baseline/trustmark] 512000000003 done (1028 edits, 4.9s/edit)
2026-10-01 16:19:19,769 INFO wmedit: [ip2p/baseline/trustmark] 612000000003 done (1032 edits, 4.9s/edit)
2026-10-01 16:19:39,138 INFO wmedit: [ip2p/baseline/trustmark] 712000000003 done (1036 edits, 4.9s/edit)
2026-10-01 16:19:58,450 INFO wmedit: [ip2p/baseline/trustmark] 811000000008 done (1040 edits, 4.9s/edit)
2026-10-01 16:20:17,699 INFO wmedit: [ip2p/baseline/trustmark] 911000000008 done (1044 edits, 4.9s/edit)
2026-10-01 16:20:36,939 INFO wmedit: [ip2p/baseline/trustmark] 111000000009 done (1048 edits, 4.9s/edit)
2026-10-01 16:20:56,252 INFO wmedit: [ip2p/baseline/trustmark] 211000000009 done (1052 edits, 4.9s/edit)
2026-10-01 16:21:15,646 INFO wmedit: [ip2p/baseline/trustmark] 311000000009 done (1056 edits, 4.9s/edit)
2026-10-01 16:21:34,988 INFO wmedit: [ip2p/baseline/trustmark] 412000000004 done (1060 edits, 4.9s/edit)
2026-10-01 16:21:54,241 INFO wmedit: [ip2p/baseline/trustmark] 512000000004 done (1064 edits, 4.9s/edit)
2026-10-01 16:22:13,586 INFO wmedit: [ip2p/baseline/trustmark] 612000000004 done (1068 edits, 4.9s/edit)
2026-10-01 16:22:32,965 INFO wmedit: [ip2p/baseline/trustmark] 712000000004 done (1072 edits, 4.9s/edit)
2026-10-01 16:22:52,254 INFO wmedit: [ip2p/baseline/trustmark] 811000000009 done (1076 edits, 4.9s/edit)
2026-10-01 16:23:11,603 INFO wmedit: [ip2p/baseline/trustmark] 911000000009 done (1080 edits, 4.9s/edit)
2026-10-01 16:23:30,863 INFO wmedit: [ip2p/baseline/dwtdct] 111000000000 done (1084 edits, 4.9s/edit)
2026-10-01 16:23:50,218 INFO wmedit: [ip2p/baseline/dwtdct] 211000000000 done (1088 edits, 4.9s/edit)
2026-10-01 16:24:09,413 INFO wmedit: [ip2p/baseline/dwtdct] 311000000000 done (1092 edits, 4.9s/edit)
2026-10-01 16:24:28,799 INFO wmedit: [ip2p/baseline/dwtdct] 411000000000 done (1096 edits, 4.9s/edit)
2026-10-01 16:24:48,135 INFO wmedit: [ip2p/baseline/dwtdct] 511000000000 done (1100 edits, 4.9s/edit)
2026-10-01 16:25:07,447 INFO wmedit: [ip2p/baseline/dwtdct] 611000000000 done (1104 edits, 4.9s/edit)
2026-10-01 16:25:26,694 INFO wmedit: [ip2p/baseline/dwtdct] 711000000000 done (1108 edits, 4.9s/edit)
2026-10-01 16:25:46,115 INFO wmedit: [ip2p/baseline/dwtdct] 811000000000 done (1112 edits, 4.9s/edit)
2026-10-01 16:26:05,369 INFO wmedit: [ip2p/baseline/dwtdct] 911000000000 done (1116 edits, 4.9s/edit)
2026-10-01 16:26:24,730 INFO wmedit: [ip2p/baseline/dwtdct] 111000000001 done (1120 edits, 4.9s/edit)
2026-10-01 16:26:43,987 INFO wmedit: [ip2p/baseline/dwtdct] 211000000001 done (1124 edits, 4.9s/edit)
2026-10-01 16:27:03,313 INFO wmedit: [ip2p/baseline/dwtdct] 311000000001 done (1128 edits, 4.9s/edit)
2026-10-01 16:27:22,631 INFO wmedit: [ip2p/baseline/dwtdct] 411000000001 done (1132 edits, 4.9s/edit)
2026-10-01 16:27:41,959 INFO wmedit: [ip2p/baseline/dwtdct] 511000000001 done (1136 edits, 4.9s/edit)
2026-10-01 16:28:01,256 INFO wmedit: [ip2p/baseline/dwtdct] 611000000001 done (1140 edits, 4.9s/edit)
2026-10-01 16:28:20,651 INFO wmedit: [ip2p/baseline/dwtdct] 711000000001 done (1144 edits, 4.9s/edit)
2026-10-01 16:28:39,845 INFO wmedit: [ip2p/baseline/dwtdct] 811000000001 done (1148 edits, 4.9s/edit)
2026-10-01 16:28:59,214 INFO wmedit: [ip2p/baseline/dwtdct] 911000000001 done (1152 edits, 4.9s/edit)
2026-10-01 16:29:18,471 INFO wmedit: [ip2p/baseline/dwtdct] 111000000002 done (1156 edits, 4.9s/edit)
2026-10-01 16:29:37,810 INFO wmedit: [ip2p/baseline/dwtdct] 211000000002 done (1160 edits, 4.9s/edit)
2026-10-01 16:29:57,104 INFO wmedit: [ip2p/baseline/dwtdct] 311000000002 done (1164 edits, 4.9s/edit)
2026-10-01 16:30:16,413 INFO wmedit: [ip2p/baseline/dwtdct] 411000000002 done (1168 edits, 4.9s/edit)
2026-10-01 16:30:35,708 INFO wmedit: [ip2p/baseline/dwtdct] 511000000002 done (1172 edits, 4.9s/edit)
2026-10-01 16:30:54,899 INFO wmedit: [ip2p/baseline/dwtdct] 611000000002 done (1176 edits, 4.9s/edit)
2026-10-01 16:31:14,199 INFO wmedit: [ip2p/baseline/dwtdct] 711000000002 done (1180 edits, 4.9s/edit)
2026-10-01 16:31:33,473 INFO wmedit: [ip2p/baseline/dwtdct] 811000000002 done (1184 edits, 4.9s/edit)
2026-10-01 16:31:52,757 INFO wmedit: [ip2p/baseline/dwtdct] 911000000002 done (1188 edits, 4.8s/edit)
2026-10-01 16:32:12,117 INFO wmedit: [ip2p/baseline/dwtdct] 111000000003 done (1192 edits, 4.8s/edit)
2026-10-01 16:32:31,332 INFO wmedit: [ip2p/baseline/dwtdct] 211000000003 done (1196 edits, 4.8s/edit)
2026-10-01 16:32:50,701 INFO wmedit: [ip2p/baseline/dwtdct] 311000000003 done (1200 edits, 4.8s/edit)
2026-10-01 16:33:10,004 INFO wmedit: [ip2p/baseline/dwtdct] 411000000003 done (1204 edits, 4.8s/edit)
2026-10-01 16:33:29,266 INFO wmedit: [ip2p/baseline/dwtdct] 511000000003 done (1208 edits, 4.8s/edit)
2026-10-01 16:33:48,471 INFO wmedit: [ip2p/baseline/dwtdct] 611000000003 done (1212 edits, 4.8s/edit)
2026-10-01 16:34:07,818 INFO wmedit: [ip2p/baseline/dwtdct] 711000000003 done (1216 edits, 4.8s/edit)
2026-10-01 16:34:27,115 INFO wmedit: [ip2p/baseline/dwtdct] 811000000003 done (1220 edits, 4.8s/edit)
2026-10-01 16:34:46,368 INFO wmedit: [ip2p/baseline/dwtdct] 911000000003 done (1224 edits, 4.8s/edit)
2026-10-01 16:35:05,677 INFO wmedit: [ip2p/baseline/dwtdct] 111000000004 done (1228 edits, 4.8s/edit)
2026-10-01 16:35:25,002 INFO wmedit: [ip2p/baseline/dwtdct] 211000000004 done (1232 edits, 4.8s/edit)
2026-10-01 16:35:44,360 INFO wmedit: [ip2p/baseline/dwtdct] 311000000004 done (1236 edits, 4.8s/edit)
2026-10-01 16:36:03,713 INFO wmedit: [ip2p/baseline/dwtdct] 411000000004 done (1240 edits, 4.8s/edit)
2026-10-01 16:36:23,034 INFO wmedit: [ip2p/baseline/dwtdct] 511000000004 done (1244 edits, 4.8s/edit)
2026-10-01 16:36:42,333 INFO wmedit: [ip2p/baseline/dwtdct] 611000000004 done (1248 edits, 4.8s/edit)
2026-10-01 16:37:01,593 INFO wmedit: [ip2p/baseline/dwtdct] 711000000004 done (1252 edits, 4.8s/edit)
2026-10-01 16:37:20,845 INFO wmedit: [ip2p/baseline/dwtdct] 811000000004 done (1256 edits, 4.8s/edit)
2026-10-01 16:37:40,247 INFO wmedit: [ip2p/baseline/dwtdct] 911000000004 done (1260 edits, 4.8s/edit)
2026-10-01 16:37:59,590 INFO wmedit: [ip2p/baseline/dwtdct] 111000000005 done (1264 edits, 4.8s/edit)
2026-10-01 16:38:18,937 INFO wmedit: [ip2p/baseline/dwtdct] 211000000005 done (1268 edits, 4.8s/edit)
2026-10-01 16:38:38,206 INFO wmedit: [ip2p/baseline/dwtdct] 311000000005 done (1272 edits, 4.8s/edit)
2026-10-01 16:38:57,633 INFO wmedit: [ip2p/baseline/dwtdct] 412000000000 done (1276 edits, 4.8s/edit)
2026-10-01 16:39:16,855 INFO wmedit: [ip2p/baseline/dwtdct] 512000000000 done (1280 edits, 4.8s/edit)
2026-10-01 16:39:36,182 INFO wmedit: [ip2p/baseline/dwtdct] 612000000000 done (1284 edits, 4.8s/edit)
2026-10-01 16:39:55,580 INFO wmedit: [ip2p/baseline/dwtdct] 712000000000 done (1288 edits, 4.8s/edit)
2026-10-01 16:40:14,942 INFO wmedit: [ip2p/baseline/dwtdct] 811000000005 done (1292 edits, 4.8s/edit)
2026-10-01 16:40:34,207 INFO wmedit: [ip2p/baseline/dwtdct] 911000000005 done (1296 edits, 4.8s/edit)
2026-10-01 16:40:53,550 INFO wmedit: [ip2p/baseline/dwtdct] 111000000006 done (1300 edits, 4.8s/edit)
2026-10-01 16:41:12,871 INFO wmedit: [ip2p/baseline/dwtdct] 211000000006 done (1304 edits, 4.8s/edit)
2026-10-01 16:41:32,182 INFO wmedit: [ip2p/baseline/dwtdct] 311000000006 done (1308 edits, 4.8s/edit)
2026-10-01 16:41:51,567 INFO wmedit: [ip2p/baseline/dwtdct] 412000000001 done (1312 edits, 4.8s/edit)
2026-10-01 16:42:10,905 INFO wmedit: [ip2p/baseline/dwtdct] 512000000001 done (1316 edits, 4.8s/edit)
2026-10-01 16:42:30,235 INFO wmedit: [ip2p/baseline/dwtdct] 612000000001 done (1320 edits, 4.8s/edit)
2026-10-01 16:42:49,507 INFO wmedit: [ip2p/baseline/dwtdct] 712000000001 done (1324 edits, 4.8s/edit)
2026-10-01 16:43:08,814 INFO wmedit: [ip2p/baseline/dwtdct] 811000000006 done (1328 edits, 4.8s/edit)
2026-10-01 16:43:28,157 INFO wmedit: [ip2p/baseline/dwtdct] 911000000006 done (1332 edits, 4.8s/edit)
2026-10-01 16:43:47,504 INFO wmedit: [ip2p/baseline/dwtdct] 111000000007 done (1336 edits, 4.8s/edit)
2026-10-01 16:44:06,895 INFO wmedit: [ip2p/baseline/dwtdct] 211000000007 done (1340 edits, 4.8s/edit)
2026-10-01 16:44:26,285 INFO wmedit: [ip2p/baseline/dwtdct] 311000000007 done (1344 edits, 4.8s/edit)
2026-10-01 16:44:45,662 INFO wmedit: [ip2p/baseline/dwtdct] 412000000002 done (1348 edits, 4.8s/edit)
2026-10-01 16:45:04,986 INFO wmedit: [ip2p/baseline/dwtdct] 512000000002 done (1352 edits, 4.8s/edit)
2026-10-01 16:45:24,296 INFO wmedit: [ip2p/baseline/dwtdct] 612000000002 done (1356 edits, 4.8s/edit)
2026-10-01 16:45:43,615 INFO wmedit: [ip2p/baseline/dwtdct] 712000000002 done (1360 edits, 4.8s/edit)
2026-10-01 16:46:02,959 INFO wmedit: [ip2p/baseline/dwtdct] 811000000007 done (1364 edits, 4.8s/edit)
2026-10-01 16:46:22,369 INFO wmedit: [ip2p/baseline/dwtdct] 911000000007 done (1368 edits, 4.8s/edit)
2026-10-01 16:46:41,682 INFO wmedit: [ip2p/baseline/dwtdct] 111000000008 done (1372 edits, 4.8s/edit)
2026-10-01 16:47:01,056 INFO wmedit: [ip2p/baseline/dwtdct] 211000000008 done (1376 edits, 4.8s/edit)
2026-10-01 16:47:20,455 INFO wmedit: [ip2p/baseline/dwtdct] 311000000008 done (1380 edits, 4.8s/edit)
2026-10-01 16:47:39,784 INFO wmedit: [ip2p/baseline/dwtdct] 412000000003 done (1384 edits, 4.8s/edit)
2026-10-01 16:47:59,075 INFO wmedit: [ip2p/baseline/dwtdct] 512000000003 done (1388 edits, 4.8s/edit)
2026-10-01 16:48:18,504 INFO wmedit: [ip2p/baseline/dwtdct] 612000000003 done (1392 edits, 4.8s/edit)
2026-10-01 16:48:37,920 INFO wmedit: [ip2p/baseline/dwtdct] 712000000003 done (1396 edits, 4.8s/edit)
2026-10-01 16:48:57,222 INFO wmedit: [ip2p/baseline/dwtdct] 811000000008 done (1400 edits, 4.8s/edit)
2026-10-01 16:49:16,502 INFO wmedit: [ip2p/baseline/dwtdct] 911000000008 done (1404 edits, 4.8s/edit)
2026-10-01 16:49:35,798 INFO wmedit: [ip2p/baseline/dwtdct] 111000000009 done (1408 edits, 4.8s/edit)
2026-10-01 16:49:55,112 INFO wmedit: [ip2p/baseline/dwtdct] 211000000009 done (1412 edits, 4.8s/edit)
2026-10-01 16:50:14,488 INFO wmedit: [ip2p/baseline/dwtdct] 311000000009 done (1416 edits, 4.8s/edit)
2026-10-01 16:50:33,846 INFO wmedit: [ip2p/baseline/dwtdct] 412000000004 done (1420 edits, 4.8s/edit)
2026-10-01 16:50:53,158 INFO wmedit: [ip2p/baseline/dwtdct] 512000000004 done (1424 edits, 4.8s/edit)
2026-10-01 16:51:12,447 INFO wmedit: [ip2p/baseline/dwtdct] 612000000004 done (1428 edits, 4.8s/edit)
2026-10-01 16:51:31,832 INFO wmedit: [ip2p/baseline/dwtdct] 712000000004 done (1432 edits, 4.8s/edit)
2026-10-01 16:51:51,142 INFO wmedit: [ip2p/baseline/dwtdct] 811000000009 done (1436 edits, 4.8s/edit)
2026-10-01 16:52:10,534 INFO wmedit: [ip2p/baseline/dwtdct] 911000000009 done (1440 edits, 4.8s/edit)
2026-10-01 16:52:29,929 INFO wmedit: [ip2p/reembed/wam] 111000000000 done (1444 edits, 4.8s/edit)
2026-10-01 16:52:49,474 INFO wmedit: [ip2p/reembed/wam] 211000000000 done (1448 edits, 4.8s/edit)
2026-10-01 16:53:08,814 INFO wmedit: [ip2p/reembed/wam] 311000000000 done (1452 edits, 4.8s/edit)
2026-10-01 16:53:28,282 INFO wmedit: [ip2p/reembed/wam] 411000000000 done (1456 edits, 4.8s/edit)
2026-10-01 16:53:47,756 INFO wmedit: [ip2p/reembed/wam] 511000000000 done (1460 edits, 4.8s/edit)
2026-10-01 16:54:07,241 INFO wmedit: [ip2p/reembed/wam] 611000000000 done (1464 edits, 4.8s/edit)
2026-10-01 16:54:26,656 INFO wmedit: [ip2p/reembed/wam] 711000000000 done (1468 edits, 4.8s/edit)
2026-10-01 16:54:46,189 INFO wmedit: [ip2p/reembed/wam] 811000000000 done (1472 edits, 4.8s/edit)
2026-10-01 16:55:05,569 INFO wmedit: [ip2p/reembed/wam] 911000000000 done (1476 edits, 4.8s/edit)
2026-10-01 16:55:25,000 INFO wmedit: [ip2p/reembed/wam] 111000000001 done (1480 edits, 4.8s/edit)
2026-10-01 16:55:44,411 INFO wmedit: [ip2p/reembed/wam] 211000000001 done (1484 edits, 4.8s/edit)
2026-10-01 16:56:04,050 INFO wmedit: [ip2p/reembed/wam] 311000000001 done (1488 edits, 4.8s/edit)
2026-10-01 16:56:23,466 INFO wmedit: [ip2p/reembed/wam] 411000000001 done (1492 edits, 4.8s/edit)
2026-10-01 16:56:42,888 INFO wmedit: [ip2p/reembed/wam] 511000000001 done (1496 edits, 4.8s/edit)
2026-10-01 16:57:02,331 INFO wmedit: [ip2p/reembed/wam] 611000000001 done (1500 edits, 4.8s/edit)
2026-10-01 16:57:21,913 INFO wmedit: [ip2p/reembed/wam] 711000000001 done (1504 edits, 4.8s/edit)
2026-10-01 16:57:41,380 INFO wmedit: [ip2p/reembed/wam] 811000000001 done (1508 edits, 4.8s/edit)
2026-10-01 16:58:01,005 INFO wmedit: [ip2p/reembed/wam] 911000000001 done (1512 edits, 4.8s/edit)
2026-10-01 16:58:20,413 INFO wmedit: [ip2p/reembed/wam] 111000000002 done (1516 edits, 4.8s/edit)
2026-10-01 16:58:39,851 INFO wmedit: [ip2p/reembed/wam] 211000000002 done (1520 edits, 4.8s/edit)
2026-10-01 16:58:59,327 INFO wmedit: [ip2p/reembed/wam] 311000000002 done (1524 edits, 4.8s/edit)
2026-10-01 16:59:18,839 INFO wmedit: [ip2p/reembed/wam] 411000000002 done (1528 edits, 4.8s/edit)
2026-10-01 16:59:38,289 INFO wmedit: [ip2p/reembed/wam] 511000000002 done (1532 edits, 4.8s/edit)
2026-10-01 16:59:57,624 INFO wmedit: [ip2p/reembed/wam] 611000000002 done (1536 edits, 4.8s/edit)
2026-10-01 17:00:17,048 INFO wmedit: [ip2p/reembed/wam] 711000000002 done (1540 edits, 4.8s/edit)
2026-10-01 17:00:36,439 INFO wmedit: [ip2p/reembed/wam] 811000000002 done (1544 edits, 4.8s/edit)
2026-10-01 17:00:55,949 INFO wmedit: [ip2p/reembed/wam] 911000000002 done (1548 edits, 4.8s/edit)
2026-10-01 17:01:15,320 INFO wmedit: [ip2p/reembed/wam] 111000000003 done (1552 edits, 4.8s/edit)
2026-10-01 17:01:34,671 INFO wmedit: [ip2p/reembed/wam] 211000000003 done (1556 edits, 4.8s/edit)
2026-10-01 17:01:54,178 INFO wmedit: [ip2p/reembed/wam] 311000000003 done (1560 edits, 4.8s/edit)
2026-10-01 17:02:13,570 INFO wmedit: [ip2p/reembed/wam] 411000000003 done (1564 edits, 4.8s/edit)
2026-10-01 17:02:32,988 INFO wmedit: [ip2p/reembed/wam] 511000000003 done (1568 edits, 4.8s/edit)
2026-10-01 17:02:52,281 INFO wmedit: [ip2p/reembed/wam] 611000000003 done (1572 edits, 4.8s/edit)
2026-10-01 17:03:11,773 INFO wmedit: [ip2p/reembed/wam] 711000000003 done (1576 edits, 4.8s/edit)
2026-10-01 17:03:31,135 INFO wmedit: [ip2p/reembed/wam] 811000000003 done (1580 edits, 4.8s/edit)
2026-10-01 17:03:50,448 INFO wmedit: [ip2p/reembed/wam] 911000000003 done (1584 edits, 4.8s/edit)
2026-10-01 17:04:09,854 INFO wmedit: [ip2p/reembed/wam] 111000000004 done (1588 edits, 4.8s/edit)
2026-10-01 17:04:30,187 INFO wmedit: [ip2p/reembed/wam] 211000000004 done (1592 edits, 4.8s/edit)
2026-10-01 17:05:16,268 INFO wmedit: [ip2p/reembed/wam] 311000000004 done (1596 edits, 4.9s/edit)
2026-10-01 17:06:10,320 INFO wmedit: [ip2p/reembed/wam] 411000000004 done (1600 edits, 4.9s/edit)
2026-10-01 17:07:14,056 INFO wmedit: [ip2p/reembed/wam] 511000000004 done (1604 edits, 4.9s/edit)
2026-10-01 17:08:17,848 INFO wmedit: [ip2p/reembed/wam] 611000000004 done (1608 edits, 4.9s/edit)
2026-10-01 17:09:21,449 INFO wmedit: [ip2p/reembed/wam] 711000000004 done (1612 edits, 5.0s/edit)
2026-10-01 17:10:25,125 INFO wmedit: [ip2p/reembed/wam] 811000000004 done (1616 edits, 5.0s/edit)
2026-10-01 17:11:29,114 INFO wmedit: [ip2p/reembed/wam] 911000000004 done (1620 edits, 5.0s/edit)
2026-10-01 17:12:32,547 INFO wmedit: [ip2p/reembed/wam] 111000000005 done (1624 edits, 5.1s/edit)
2026-10-01 17:13:36,550 INFO wmedit: [ip2p/reembed/wam] 211000000005 done (1628 edits, 5.1s/edit)
2026-10-01 17:14:40,537 INFO wmedit: [ip2p/reembed/wam] 311000000005 done (1632 edits, 5.1s/edit)
2026-10-01 17:15:44,650 INFO wmedit: [ip2p/reembed/wam] 412000000000 done (1636 edits, 5.1s/edit)
2026-10-01 17:16:48,584 INFO wmedit: [ip2p/reembed/wam] 512000000000 done (1640 edits, 5.2s/edit)
2026-10-01 17:17:52,169 INFO wmedit: [ip2p/reembed/wam] 612000000000 done (1644 edits, 5.2s/edit)
2026-10-01 17:18:55,844 INFO wmedit: [ip2p/reembed/wam] 712000000000 done (1648 edits, 5.2s/edit)
2026-10-01 17:19:59,912 INFO wmedit: [ip2p/reembed/wam] 811000000005 done (1652 edits, 5.2s/edit)
2026-10-01 17:21:03,753 INFO wmedit: [ip2p/reembed/wam] 911000000005 done (1656 edits, 5.3s/edit)
2026-10-01 17:22:07,574 INFO wmedit: [ip2p/reembed/wam] 111000000006 done (1660 edits, 5.3s/edit)
2026-10-01 17:23:10,951 INFO wmedit: [ip2p/reembed/wam] 211000000006 done (1664 edits, 5.3s/edit)
2026-10-01 17:24:14,350 INFO wmedit: [ip2p/reembed/wam] 311000000006 done (1668 edits, 5.3s/edit)
2026-10-01 17:25:18,408 INFO wmedit: [ip2p/reembed/wam] 412000000001 done (1672 edits, 5.4s/edit)
2026-10-01 17:26:22,401 INFO wmedit: [ip2p/reembed/wam] 512000000001 done (1676 edits, 5.4s/edit)
2026-10-01 17:27:26,311 INFO wmedit: [ip2p/reembed/wam] 612000000001 done (1680 edits, 5.4s/edit)
2026-10-01 17:28:30,270 INFO wmedit: [ip2p/reembed/wam] 712000000001 done (1684 edits, 5.4s/edit)
2026-10-01 17:29:34,165 INFO wmedit: [ip2p/reembed/wam] 811000000006 done (1688 edits, 5.5s/edit)
2026-10-01 17:30:37,610 INFO wmedit: [ip2p/reembed/wam] 911000000006 done (1692 edits, 5.5s/edit)
2026-10-01 17:31:41,689 INFO wmedit: [ip2p/reembed/wam] 111000000007 done (1696 edits, 5.5s/edit)
2026-10-01 17:32:45,478 INFO wmedit: [ip2p/reembed/wam] 211000000007 done (1700 edits, 5.5s/edit)
2026-10-01 17:33:49,465 INFO wmedit: [ip2p/reembed/wam] 311000000007 done (1704 edits, 5.6s/edit)
2026-10-01 17:34:53,392 INFO wmedit: [ip2p/reembed/wam] 412000000002 done (1708 edits, 5.6s/edit)
2026-10-01 17:35:56,899 INFO wmedit: [ip2p/reembed/wam] 512000000002 done (1712 edits, 5.6s/edit)
2026-10-01 17:37:00,558 INFO wmedit: [ip2p/reembed/wam] 612000000002 done (1716 edits, 5.6s/edit)
2026-10-01 17:38:04,595 INFO wmedit: [ip2p/reembed/wam] 712000000002 done (1720 edits, 5.7s/edit)
2026-10-01 17:39:08,693 INFO wmedit: [ip2p/reembed/wam] 811000000007 done (1724 edits, 5.7s/edit)
2026-10-01 17:40:12,933 INFO wmedit: [ip2p/reembed/wam] 911000000007 done (1728 edits, 5.7s/edit)
2026-10-01 17:41:16,954 INFO wmedit: [ip2p/reembed/wam] 111000000008 done (1732 edits, 5.7s/edit)
2026-10-01 17:42:20,667 INFO wmedit: [ip2p/reembed/wam] 211000000008 done (1736 edits, 5.8s/edit)
2026-10-01 17:43:24,542 INFO wmedit: [ip2p/reembed/wam] 311000000008 done (1740 edits, 5.8s/edit)
2026-10-01 17:44:28,673 INFO wmedit: [ip2p/reembed/wam] 412000000003 done (1744 edits, 5.8s/edit)
2026-10-01 17:45:32,807 INFO wmedit: [ip2p/reembed/wam] 512000000003 done (1748 edits, 5.8s/edit)
2026-10-01 17:46:37,074 INFO wmedit: [ip2p/reembed/wam] 612000000003 done (1752 edits, 5.8s/edit)
2026-10-01 17:47:41,334 INFO wmedit: [ip2p/reembed/wam] 712000000003 done (1756 edits, 5.9s/edit)
2026-10-01 17:48:44,736 INFO wmedit: [ip2p/reembed/wam] 811000000008 done (1760 edits, 5.9s/edit)
2026-10-01 17:49:48,667 INFO wmedit: [ip2p/reembed/wam] 911000000008 done (1764 edits, 5.9s/edit)
2026-10-01 17:50:52,630 INFO wmedit: [ip2p/reembed/wam] 111000000009 done (1768 edits, 5.9s/edit)
2026-10-01 17:51:56,758 INFO wmedit: [ip2p/reembed/wam] 211000000009 done (1772 edits, 6.0s/edit)
2026-10-01 17:53:00,935 INFO wmedit: [ip2p/reembed/wam] 311000000009 done (1776 edits, 6.0s/edit)
2026-10-01 17:54:04,421 INFO wmedit: [ip2p/reembed/wam] 412000000004 done (1780 edits, 6.0s/edit)
2026-10-01 17:55:08,219 INFO wmedit: [ip2p/reembed/wam] 512000000004 done (1784 edits, 6.0s/edit)
2026-10-01 17:56:12,025 INFO wmedit: [ip2p/reembed/wam] 612000000004 done (1788 edits, 6.1s/edit)
2026-10-01 17:57:15,951 INFO wmedit: [ip2p/reembed/wam] 712000000004 done (1792 edits, 6.1s/edit)
2026-10-01 17:58:20,006 INFO wmedit: [ip2p/reembed/wam] 811000000009 done (1796 edits, 6.1s/edit)
2026-10-01 17:59:23,975 INFO wmedit: [ip2p/reembed/wam] 911000000009 done (1800 edits, 6.1s/edit)
2026-10-01 18:00:26,160 INFO wmedit: [ip2p/reembed/trustmark] 111000000000 done (1804 edits, 6.1s/edit)
2026-10-01 18:01:28,586 INFO wmedit: [ip2p/reembed/trustmark] 211000000000 done (1808 edits, 6.2s/edit)
2026-10-01 18:02:30,996 INFO wmedit: [ip2p/reembed/trustmark] 311000000000 done (1812 edits, 6.2s/edit)
2026-10-01 18:03:33,377 INFO wmedit: [ip2p/reembed/trustmark] 411000000000 done (1816 edits, 6.2s/edit)
2026-10-01 18:04:35,759 INFO wmedit: [ip2p/reembed/trustmark] 511000000000 done (1820 edits, 6.2s/edit)
2026-10-01 18:05:38,440 INFO wmedit: [ip2p/reembed/trustmark] 611000000000 done (1824 edits, 6.2s/edit)
2026-10-01 18:06:40,676 INFO wmedit: [ip2p/reembed/trustmark] 711000000000 done (1828 edits, 6.3s/edit)
2026-10-01 18:07:43,416 INFO wmedit: [ip2p/reembed/trustmark] 811000000000 done (1832 edits, 6.3s/edit)
2026-10-01 18:08:45,978 INFO wmedit: [ip2p/reembed/trustmark] 911000000000 done (1836 edits, 6.3s/edit)
2026-10-01 18:09:48,671 INFO wmedit: [ip2p/reembed/trustmark] 111000000001 done (1840 edits, 6.3s/edit)
2026-10-01 18:10:51,330 INFO wmedit: [ip2p/reembed/trustmark] 211000000001 done (1844 edits, 6.3s/edit)
2026-10-01 18:11:54,185 INFO wmedit: [ip2p/reembed/trustmark] 311000000001 done (1848 edits, 6.4s/edit)
2026-10-01 18:12:56,371 INFO wmedit: [ip2p/reembed/trustmark] 411000000001 done (1852 edits, 6.4s/edit)
2026-10-01 18:13:59,213 INFO wmedit: [ip2p/reembed/trustmark] 511000000001 done (1856 edits, 6.4s/edit)
2026-10-01 18:15:01,979 INFO wmedit: [ip2p/reembed/trustmark] 611000000001 done (1860 edits, 6.4s/edit)
2026-10-01 18:16:04,863 INFO wmedit: [ip2p/reembed/trustmark] 711000000001 done (1864 edits, 6.4s/edit)
2026-10-01 18:17:07,523 INFO wmedit: [ip2p/reembed/trustmark] 811000000001 done (1868 edits, 6.5s/edit)
2026-10-01 18:18:10,236 INFO wmedit: [ip2p/reembed/trustmark] 911000000001 done (1872 edits, 6.5s/edit)
2026-10-01 18:19:12,064 INFO wmedit: [ip2p/reembed/trustmark] 111000000002 done (1876 edits, 6.5s/edit)
2026-10-01 18:20:14,958 INFO wmedit: [ip2p/reembed/trustmark] 211000000002 done (1880 edits, 6.5s/edit)
2026-10-01 18:21:17,794 INFO wmedit: [ip2p/reembed/trustmark] 311000000002 done (1884 edits, 6.5s/edit)
2026-10-01 18:22:20,709 INFO wmedit: [ip2p/reembed/trustmark] 411000000002 done (1888 edits, 6.6s/edit)
2026-10-01 18:23:23,585 INFO wmedit: [ip2p/reembed/trustmark] 511000000002 done (1892 edits, 6.6s/edit)
2026-10-01 18:24:26,084 INFO wmedit: [ip2p/reembed/trustmark] 611000000002 done (1896 edits, 6.6s/edit)
2026-10-01 18:25:28,554 INFO wmedit: [ip2p/reembed/trustmark] 711000000002 done (1900 edits, 6.6s/edit)
2026-10-01 18:26:31,471 INFO wmedit: [ip2p/reembed/trustmark] 811000000002 done (1904 edits, 6.6s/edit)
2026-10-01 18:27:34,483 INFO wmedit: [ip2p/reembed/trustmark] 911000000002 done (1908 edits, 6.7s/edit)
2026-10-01 18:28:37,319 INFO wmedit: [ip2p/reembed/trustmark] 111000000003 done (1912 edits, 6.7s/edit)
2026-10-01 18:29:40,195 INFO wmedit: [ip2p/reembed/trustmark] 211000000003 done (1916 edits, 6.7s/edit)
2026-10-01 18:30:42,667 INFO wmedit: [ip2p/reembed/trustmark] 311000000003 done (1920 edits, 6.7s/edit)
2026-10-01 18:31:45,333 INFO wmedit: [ip2p/reembed/trustmark] 411000000003 done (1924 edits, 6.7s/edit)
2026-10-01 18:32:48,457 INFO wmedit: [ip2p/reembed/trustmark] 511000000003 done (1928 edits, 6.8s/edit)
2026-10-01 18:33:51,162 INFO wmedit: [ip2p/reembed/trustmark] 611000000003 done (1932 edits, 6.8s/edit)
2026-10-01 18:34:54,389 INFO wmedit: [ip2p/reembed/trustmark] 711000000003 done (1936 edits, 6.8s/edit)
2026-10-01 18:35:57,571 INFO wmedit: [ip2p/reembed/trustmark] 811000000003 done (1940 edits, 6.8s/edit)
2026-10-01 18:37:00,092 INFO wmedit: [ip2p/reembed/trustmark] 911000000003 done (1944 edits, 6.8s/edit)
2026-10-01 18:38:02,985 INFO wmedit: [ip2p/reembed/trustmark] 111000000004 done (1948 edits, 6.8s/edit)
2026-10-01 18:39:04,200 INFO wmedit: [ip2p/reembed/trustmark] 211000000004 done (1952 edits, 6.9s/edit)
2026-10-01 18:40:04,415 INFO wmedit: [ip2p/reembed/trustmark] 311000000004 done (1956 edits, 6.9s/edit)
2026-10-01 18:41:03,924 INFO wmedit: [ip2p/reembed/trustmark] 411000000004 done (1960 edits, 6.9s/edit)
2026-10-01 18:42:03,613 INFO wmedit: [ip2p/reembed/trustmark] 511000000004 done (1964 edits, 6.9s/edit)
2026-10-01 18:43:02,717 INFO wmedit: [ip2p/reembed/trustmark] 611000000004 done (1968 edits, 6.9s/edit)
2026-10-01 18:44:02,709 INFO wmedit: [ip2p/reembed/trustmark] 711000000004 done (1972 edits, 6.9s/edit)
2026-10-01 18:45:02,845 INFO wmedit: [ip2p/reembed/trustmark] 811000000004 done (1976 edits, 7.0s/edit)
2026-10-01 18:46:03,281 INFO wmedit: [ip2p/reembed/trustmark] 911000000004 done (1980 edits, 7.0s/edit)
2026-10-01 18:47:03,217 INFO wmedit: [ip2p/reembed/trustmark] 111000000005 done (1984 edits, 7.0s/edit)
2026-10-01 18:48:03,216 INFO wmedit: [ip2p/reembed/trustmark] 211000000005 done (1988 edits, 7.0s/edit)
2026-10-01 18:49:02,850 INFO wmedit: [ip2p/reembed/trustmark] 311000000005 done (1992 edits, 7.0s/edit)
2026-10-01 18:50:02,944 INFO wmedit: [ip2p/reembed/trustmark] 412000000000 done (1996 edits, 7.0s/edit)
2026-10-01 18:51:03,025 INFO wmedit: [ip2p/reembed/trustmark] 512000000000 done (2000 edits, 7.1s/edit)
2026-10-01 18:52:03,167 INFO wmedit: [ip2p/reembed/trustmark] 612000000000 done (2004 edits, 7.1s/edit)
2026-10-01 18:53:03,536 INFO wmedit: [ip2p/reembed/trustmark] 712000000000 done (2008 edits, 7.1s/edit)
2026-10-01 18:54:03,863 INFO wmedit: [ip2p/reembed/trustmark] 811000000005 done (2012 edits, 7.1s/edit)
2026-10-01 18:55:03,147 INFO wmedit: [ip2p/reembed/trustmark] 911000000005 done (2016 edits, 7.1s/edit)
2026-10-01 18:56:03,307 INFO wmedit: [ip2p/reembed/trustmark] 111000000006 done (2020 edits, 7.1s/edit)
2026-10-01 18:57:03,079 INFO wmedit: [ip2p/reembed/trustmark] 211000000006 done (2024 edits, 7.2s/edit)
2026-10-01 18:57:59,003 INFO wmedit: [ip2p/reembed/trustmark] 311000000006 done (2028 edits, 7.2s/edit)
2026-10-01 18:58:54,427 INFO wmedit: [ip2p/reembed/trustmark] 412000000001 done (2032 edits, 7.2s/edit)
2026-10-01 18:59:49,917 INFO wmedit: [ip2p/reembed/trustmark] 512000000001 done (2036 edits, 7.2s/edit)
2026-10-01 19:00:45,441 INFO wmedit: [ip2p/reembed/trustmark] 612000000001 done (2040 edits, 7.2s/edit)
2026-10-01 19:01:41,507 INFO wmedit: [ip2p/reembed/trustmark] 712000000001 done (2044 edits, 7.2s/edit)
2026-10-01 19:02:39,129 INFO wmedit: [ip2p/reembed/trustmark] 811000000006 done (2048 edits, 7.2s/edit)
2026-10-01 19:03:38,522 INFO wmedit: [ip2p/reembed/trustmark] 911000000006 done (2052 edits, 7.2s/edit)
2026-10-01 19:04:38,594 INFO wmedit: [ip2p/reembed/trustmark] 111000000007 done (2056 edits, 7.3s/edit)
2026-10-01 19:05:38,326 INFO wmedit: [ip2p/reembed/trustmark] 211000000007 done (2060 edits, 7.3s/edit)
2026-10-01 19:06:38,170 INFO wmedit: [ip2p/reembed/trustmark] 311000000007 done (2064 edits, 7.3s/edit)
2026-10-01 19:07:38,099 INFO wmedit: [ip2p/reembed/trustmark] 412000000002 done (2068 edits, 7.3s/edit)
2026-10-01 19:08:38,174 INFO wmedit: [ip2p/reembed/trustmark] 512000000002 done (2072 edits, 7.3s/edit)
2026-10-01 19:09:38,042 INFO wmedit: [ip2p/reembed/trustmark] 612000000002 done (2076 edits, 7.3s/edit)
2026-10-01 19:10:37,962 INFO wmedit: [ip2p/reembed/trustmark] 712000000002 done (2080 edits, 7.3s/edit)
2026-10-01 19:11:37,336 INFO wmedit: [ip2p/reembed/trustmark] 811000000007 done (2084 edits, 7.4s/edit)
2026-10-01 19:12:37,223 INFO wmedit: [ip2p/reembed/trustmark] 911000000007 done (2088 edits, 7.4s/edit)
2026-10-01 19:13:37,346 INFO wmedit: [ip2p/reembed/trustmark] 111000000008 done (2092 edits, 7.4s/edit)
2026-10-01 19:14:37,337 INFO wmedit: [ip2p/reembed/trustmark] 211000000008 done (2096 edits, 7.4s/edit)
2026-10-01 19:15:37,327 INFO wmedit: [ip2p/reembed/trustmark] 311000000008 done (2100 edits, 7.4s/edit)
2026-10-01 19:16:37,469 INFO wmedit: [ip2p/reembed/trustmark] 412000000003 done (2104 edits, 7.4s/edit)
2026-10-01 19:17:36,598 INFO wmedit: [ip2p/reembed/trustmark] 512000000003 done (2108 edits, 7.5s/edit)
2026-10-01 19:18:36,844 INFO wmedit: [ip2p/reembed/trustmark] 612000000003 done (2112 edits, 7.5s/edit)
2026-10-01 19:19:36,985 INFO wmedit: [ip2p/reembed/trustmark] 712000000003 done (2116 edits, 7.5s/edit)
2026-10-01 19:20:35,985 INFO wmedit: [ip2p/reembed/trustmark] 811000000008 done (2120 edits, 7.5s/edit)
2026-10-01 19:21:36,094 INFO wmedit: [ip2p/reembed/trustmark] 911000000008 done (2124 edits, 7.5s/edit)
2026-10-01 19:22:35,973 INFO wmedit: [ip2p/reembed/trustmark] 111000000009 done (2128 edits, 7.5s/edit)
2026-10-01 19:23:35,418 INFO wmedit: [ip2p/reembed/trustmark] 211000000009 done (2132 edits, 7.5s/edit)
2026-10-01 19:24:35,712 INFO wmedit: [ip2p/reembed/trustmark] 311000000009 done (2136 edits, 7.5s/edit)
2026-10-01 19:25:35,739 INFO wmedit: [ip2p/reembed/trustmark] 412000000004 done (2140 edits, 7.6s/edit)
2026-10-01 19:26:35,741 INFO wmedit: [ip2p/reembed/trustmark] 512000000004 done (2144 edits, 7.6s/edit)
2026-10-01 19:27:36,296 INFO wmedit: [ip2p/reembed/trustmark] 612000000004 done (2148 edits, 7.6s/edit)
2026-10-01 19:28:36,296 INFO wmedit: [ip2p/reembed/trustmark] 712000000004 done (2152 edits, 7.6s/edit)
2026-10-01 19:29:35,647 INFO wmedit: [ip2p/reembed/trustmark] 811000000009 done (2156 edits, 7.6s/edit)
2026-10-01 19:30:35,345 INFO wmedit: [ip2p/reembed/trustmark] 911000000009 done (2160 edits, 7.6s/edit)
2026-10-01 19:31:36,749 INFO wmedit: [ip2p/reembed/dwtdct] 111000000000 done (2164 edits, 7.6s/edit)
2026-10-01 19:32:39,275 INFO wmedit: [ip2p/reembed/dwtdct] 211000000000 done (2168 edits, 7.7s/edit)
2026-10-01 19:33:41,697 INFO wmedit: [ip2p/reembed/dwtdct] 311000000000 done (2172 edits, 7.7s/edit)
2026-10-01 19:34:43,651 INFO wmedit: [ip2p/reembed/dwtdct] 411000000000 done (2176 edits, 7.7s/edit)
2026-10-01 19:35:46,325 INFO wmedit: [ip2p/reembed/dwtdct] 511000000000 done (2180 edits, 7.7s/edit)
2026-10-01 19:36:48,895 INFO wmedit: [ip2p/reembed/dwtdct] 611000000000 done (2184 edits, 7.7s/edit)
2026-10-01 19:37:51,243 INFO wmedit: [ip2p/reembed/dwtdct] 711000000000 done (2188 edits, 7.7s/edit)
2026-10-01 19:38:53,978 INFO wmedit: [ip2p/reembed/dwtdct] 811000000000 done (2192 edits, 7.7s/edit)
2026-10-01 19:39:56,622 INFO wmedit: [ip2p/reembed/dwtdct] 911000000000 done (2196 edits, 7.8s/edit)
2026-10-01 19:40:59,205 INFO wmedit: [ip2p/reembed/dwtdct] 111000000001 done (2200 edits, 7.8s/edit)
2026-10-01 19:42:02,001 INFO wmedit: [ip2p/reembed/dwtdct] 211000000001 done (2204 edits, 7.8s/edit)
2026-10-01 19:43:04,674 INFO wmedit: [ip2p/reembed/dwtdct] 311000000001 done (2208 edits, 7.8s/edit)
2026-10-01 19:44:07,731 INFO wmedit: [ip2p/reembed/dwtdct] 411000000001 done (2212 edits, 7.8s/edit)
2026-10-01 19:45:10,736 INFO wmedit: [ip2p/reembed/dwtdct] 511000000001 done (2216 edits, 7.8s/edit)
2026-10-01 19:46:13,763 INFO wmedit: [ip2p/reembed/dwtdct] 611000000001 done (2220 edits, 7.8s/edit)
2026-10-01 19:47:15,345 INFO wmedit: [ip2p/reembed/dwtdct] 711000000001 done (2224 edits, 7.9s/edit)
2026-10-01 19:48:11,288 INFO wmedit: [ip2p/reembed/dwtdct] 811000000001 done (2228 edits, 7.9s/edit)
2026-10-01 19:49:12,130 INFO wmedit: [ip2p/reembed/dwtdct] 911000000001 done (2232 edits, 7.9s/edit)
2026-10-01 19:50:12,156 INFO wmedit: [ip2p/reembed/dwtdct] 111000000002 done (2236 edits, 7.9s/edit)
2026-10-01 19:51:12,452 INFO wmedit: [ip2p/reembed/dwtdct] 211000000002 done (2240 edits, 7.9s/edit)
2026-10-01 19:52:13,382 INFO wmedit: [ip2p/reembed/dwtdct] 311000000002 done (2244 edits, 7.9s/edit)
2026-10-01 19:53:13,599 INFO wmedit: [ip2p/reembed/dwtdct] 411000000002 done (2248 edits, 7.9s/edit)
2026-10-01 19:54:14,034 INFO wmedit: [ip2p/reembed/dwtdct] 511000000002 done (2252 edits, 7.9s/edit)
2026-10-01 19:55:14,669 INFO wmedit: [ip2p/reembed/dwtdct] 611000000002 done (2256 edits, 8.0s/edit)
2026-10-01 19:56:15,015 INFO wmedit: [ip2p/reembed/dwtdct] 711000000002 done (2260 edits, 8.0s/edit)
2026-10-01 19:57:15,875 INFO wmedit: [ip2p/reembed/dwtdct] 811000000002 done (2264 edits, 8.0s/edit)
2026-10-01 19:58:16,414 INFO wmedit: [ip2p/reembed/dwtdct] 911000000002 done (2268 edits, 8.0s/edit)
2026-10-01 19:59:17,019 INFO wmedit: [ip2p/reembed/dwtdct] 111000000003 done (2272 edits, 8.0s/edit)
2026-10-01 20:00:18,011 INFO wmedit: [ip2p/reembed/dwtdct] 211000000003 done (2276 edits, 8.0s/edit)
2026-10-01 20:01:18,769 INFO wmedit: [ip2p/reembed/dwtdct] 311000000003 done (2280 edits, 8.0s/edit)
2026-10-01 20:02:19,807 INFO wmedit: [ip2p/reembed/dwtdct] 411000000003 done (2284 edits, 8.1s/edit)
2026-10-01 20:03:20,124 INFO wmedit: [ip2p/reembed/dwtdct] 511000000003 done (2288 edits, 8.1s/edit)
2026-10-01 20:04:20,683 INFO wmedit: [ip2p/reembed/dwtdct] 611000000003 done (2292 edits, 8.1s/edit)
2026-10-01 20:05:21,286 INFO wmedit: [ip2p/reembed/dwtdct] 711000000003 done (2296 edits, 8.1s/edit)
2026-10-01 20:06:21,609 INFO wmedit: [ip2p/reembed/dwtdct] 811000000003 done (2300 edits, 8.1s/edit)
2026-10-01 20:07:22,413 INFO wmedit: [ip2p/reembed/dwtdct] 911000000003 done (2304 edits, 8.1s/edit)
2026-10-01 20:08:22,961 INFO wmedit: [ip2p/reembed/dwtdct] 111000000004 done (2308 edits, 8.1s/edit)
2026-10-01 20:09:23,708 INFO wmedit: [ip2p/reembed/dwtdct] 211000000004 done (2312 edits, 8.1s/edit)
2026-10-01 20:10:24,672 INFO wmedit: [ip2p/reembed/dwtdct] 311000000004 done (2316 edits, 8.1s/edit)
2026-10-01 20:11:25,439 INFO wmedit: [ip2p/reembed/dwtdct] 411000000004 done (2320 edits, 8.2s/edit)
2026-10-01 20:12:26,582 INFO wmedit: [ip2p/reembed/dwtdct] 511000000004 done (2324 edits, 8.2s/edit)
2026-10-01 20:13:27,032 INFO wmedit: [ip2p/reembed/dwtdct] 611000000004 done (2328 edits, 8.2s/edit)
2026-10-01 20:14:27,592 INFO wmedit: [ip2p/reembed/dwtdct] 711000000004 done (2332 edits, 8.2s/edit)
2026-10-01 20:15:28,680 INFO wmedit: [ip2p/reembed/dwtdct] 811000000004 done (2336 edits, 8.2s/edit)
2026-10-01 20:16:27,609 INFO wmedit: [ip2p/reembed/dwtdct] 911000000004 done (2340 edits, 8.2s/edit)
2026-10-01 20:17:25,464 INFO wmedit: [ip2p/reembed/dwtdct] 111000000005 done (2344 edits, 8.2s/edit)
2026-10-01 20:18:23,774 INFO wmedit: [ip2p/reembed/dwtdct] 211000000005 done (2348 edits, 8.2s/edit)
2026-10-01 20:19:21,472 INFO wmedit: [ip2p/reembed/dwtdct] 311000000005 done (2352 edits, 8.3s/edit)
2026-10-01 20:20:20,345 INFO wmedit: [ip2p/reembed/dwtdct] 412000000000 done (2356 edits, 8.3s/edit)
2026-10-01 20:21:18,442 INFO wmedit: [ip2p/reembed/dwtdct] 512000000000 done (2360 edits, 8.3s/edit)
2026-10-01 20:22:16,853 INFO wmedit: [ip2p/reembed/dwtdct] 612000000000 done (2364 edits, 8.3s/edit)
2026-10-01 20:23:15,892 INFO wmedit: [ip2p/reembed/dwtdct] 712000000000 done (2368 edits, 8.3s/edit)
2026-10-01 20:24:14,209 INFO wmedit: [ip2p/reembed/dwtdct] 811000000005 done (2372 edits, 8.3s/edit)
2026-10-01 20:25:13,167 INFO wmedit: [ip2p/reembed/dwtdct] 911000000005 done (2376 edits, 8.3s/edit)
2026-10-01 20:26:11,537 INFO wmedit: [ip2p/reembed/dwtdct] 111000000006 done (2380 edits, 8.3s/edit)
2026-10-01 20:27:09,588 INFO wmedit: [ip2p/reembed/dwtdct] 211000000006 done (2384 edits, 8.3s/edit)
2026-10-01 20:28:08,632 INFO wmedit: [ip2p/reembed/dwtdct] 311000000006 done (2388 edits, 8.3s/edit)
2026-10-01 20:29:06,865 INFO wmedit: [ip2p/reembed/dwtdct] 412000000001 done (2392 edits, 8.4s/edit)
2026-10-01 20:30:05,924 INFO wmedit: [ip2p/reembed/dwtdct] 512000000001 done (2396 edits, 8.4s/edit)
2026-10-01 20:31:04,667 INFO wmedit: [ip2p/reembed/dwtdct] 612000000001 done (2400 edits, 8.4s/edit)
2026-10-01 20:31:54,228 INFO wmedit: [ip2p/reembed/dwtdct] 712000000001 done (2404 edits, 8.4s/edit)
2026-10-01 20:32:34,058 INFO wmedit: [ip2p/reembed/dwtdct] 811000000006 done (2408 edits, 8.4s/edit)
2026-10-01 20:33:13,617 INFO wmedit: [ip2p/reembed/dwtdct] 911000000006 done (2412 edits, 8.4s/edit)
2026-10-01 20:33:53,377 INFO wmedit: [ip2p/reembed/dwtdct] 111000000007 done (2416 edits, 8.4s/edit)
2026-10-01 20:34:33,019 INFO wmedit: [ip2p/reembed/dwtdct] 211000000007 done (2420 edits, 8.4s/edit)
2026-10-01 20:35:12,694 INFO wmedit: [ip2p/reembed/dwtdct] 311000000007 done (2424 edits, 8.4s/edit)
2026-10-01 20:35:52,489 INFO wmedit: [ip2p/reembed/dwtdct] 412000000002 done (2428 edits, 8.4s/edit)
2026-10-01 20:36:32,006 INFO wmedit: [ip2p/reembed/dwtdct] 512000000002 done (2432 edits, 8.4s/edit)
2026-10-01 20:37:11,807 INFO wmedit: [ip2p/reembed/dwtdct] 612000000002 done (2436 edits, 8.4s/edit)
2026-10-01 20:37:51,412 INFO wmedit: [ip2p/reembed/dwtdct] 712000000002 done (2440 edits, 8.4s/edit)
2026-10-01 20:38:31,271 INFO wmedit: [ip2p/reembed/dwtdct] 811000000007 done (2444 edits, 8.4s/edit)
2026-10-01 20:39:11,078 INFO wmedit: [ip2p/reembed/dwtdct] 911000000007 done (2448 edits, 8.4s/edit)
2026-10-01 20:39:50,747 INFO wmedit: [ip2p/reembed/dwtdct] 111000000008 done (2452 edits, 8.4s/edit)
2026-10-01 20:40:30,844 INFO wmedit: [ip2p/reembed/dwtdct] 211000000008 done (2456 edits, 8.4s/edit)
2026-10-01 20:41:10,770 INFO wmedit: [ip2p/reembed/dwtdct] 311000000008 done (2460 edits, 8.4s/edit)
2026-10-01 20:41:50,725 INFO wmedit: [ip2p/reembed/dwtdct] 412000000003 done (2464 edits, 8.4s/edit)
2026-10-01 20:42:30,349 INFO wmedit: [ip2p/reembed/dwtdct] 512000000003 done (2468 edits, 8.4s/edit)
2026-10-01 20:43:10,173 INFO wmedit: [ip2p/reembed/dwtdct] 612000000003 done (2472 edits, 8.4s/edit)
2026-10-01 20:43:49,834 INFO wmedit: [ip2p/reembed/dwtdct] 712000000003 done (2476 edits, 8.4s/edit)
2026-10-01 20:44:29,589 INFO wmedit: [ip2p/reembed/dwtdct] 811000000008 done (2480 edits, 8.4s/edit)
2026-10-01 20:45:09,431 INFO wmedit: [ip2p/reembed/dwtdct] 911000000008 done (2484 edits, 8.4s/edit)
2026-10-01 20:45:48,919 INFO wmedit: [ip2p/reembed/dwtdct] 111000000009 done (2488 edits, 8.4s/edit)
2026-10-01 20:46:28,706 INFO wmedit: [ip2p/reembed/dwtdct] 211000000009 done (2492 edits, 8.4s/edit)
2026-10-01 20:47:08,504 INFO wmedit: [ip2p/reembed/dwtdct] 311000000009 done (2496 edits, 8.4s/edit)
2026-10-01 20:47:48,190 INFO wmedit: [ip2p/reembed/dwtdct] 412000000004 done (2500 edits, 8.4s/edit)
2026-10-01 20:48:28,454 INFO wmedit: [ip2p/reembed/dwtdct] 512000000004 done (2504 edits, 8.4s/edit)
2026-10-01 20:49:08,820 INFO wmedit: [ip2p/reembed/dwtdct] 612000000004 done (2508 edits, 8.5s/edit)
2026-10-01 20:49:49,202 INFO wmedit: [ip2p/reembed/dwtdct] 712000000004 done (2512 edits, 8.5s/edit)
2026-10-01 20:50:29,270 INFO wmedit: [ip2p/reembed/dwtdct] 811000000009 done (2516 edits, 8.5s/edit)
2026-10-01 20:51:09,126 INFO wmedit: [ip2p/reembed/dwtdct] 911000000009 done (2520 edits, 8.5s/edit)
2026-10-01 20:51:09,487 INFO httpx: HTTP Request: GET https://huggingface.co/api/models/stable-diffusion-v1-5/stable-diffusion-v1-5 "HTTP/1.1 200 OK"
2026-10-01 20:51:09,597 INFO httpx: HTTP Request: HEAD https://huggingface.co/stable-diffusion-v1-5/stable-diffusion-v1-5/resolve/main/model_index.json "HTTP/1.1 307 Temporary Redirect"
2026-10-01 20:51:09,601 INFO httpx: HTTP Request: HEAD https://huggingface.co/api/resolve-cache/models/stable-diffusion-v1-5/stable-diffusion-v1-5/451f4fe16113bff5a5d2269ed5ad43b0592e9a14/model_index.json?%2Fstable-diffusion-v1-5%2Fstable-diffusion-v1-5%2Fresolve%2Fmain%2Fmodel_index.json=&etag=%22daf7e2e2dfc64fb437a2b44525667111b00cb9fc%22 "HTTP/1.1 200 OK"
2026-10-01 20:51:41,197 INFO wmedit: [sdedit/baseline/none] 111000000000 done (4 edits, 4.0s/edit)
2026-10-01 20:51:57,059 INFO wmedit: [sdedit/baseline/none] 211000000000 done (8 edits, 4.0s/edit)
2026-10-01 20:52:13,019 INFO wmedit: [sdedit/baseline/none] 311000000000 done (12 edits, 4.0s/edit)
2026-10-01 20:52:28,898 INFO wmedit: [sdedit/baseline/none] 411000000000 done (16 edits, 4.0s/edit)
2026-10-01 20:52:44,788 INFO wmedit: [sdedit/baseline/none] 511000000000 done (20 edits, 4.0s/edit)
2026-10-01 20:53:00,745 INFO wmedit: [sdedit/baseline/none] 611000000000 done (24 edits, 4.0s/edit)
2026-10-01 20:53:16,755 INFO wmedit: [sdedit/baseline/none] 711000000000 done (28 edits, 4.0s/edit)
2026-10-01 20:53:32,797 INFO wmedit: [sdedit/baseline/none] 811000000000 done (32 edits, 4.0s/edit)
2026-10-01 20:53:48,599 INFO wmedit: [sdedit/baseline/none] 911000000000 done (36 edits, 4.0s/edit)
2026-10-01 20:54:04,609 INFO wmedit: [sdedit/baseline/none] 111000000001 done (40 edits, 4.0s/edit)
2026-10-01 20:54:20,455 INFO wmedit: [sdedit/baseline/none] 211000000001 done (44 edits, 4.0s/edit)
2026-10-01 20:54:37,338 INFO wmedit: [sdedit/baseline/none] 311000000001 done (48 edits, 4.0s/edit)
2026-10-01 20:54:54,176 INFO wmedit: [sdedit/baseline/none] 411000000001 done (52 edits, 4.0s/edit)
2026-10-01 20:55:10,936 INFO wmedit: [sdedit/baseline/none] 511000000001 done (56 edits, 4.0s/edit)
2026-10-01 20:55:28,003 INFO wmedit: [sdedit/baseline/none] 611000000001 done (60 edits, 4.0s/edit)
2026-10-01 20:55:44,392 INFO wmedit: [sdedit/baseline/none] 711000000001 done (64 edits, 4.1s/edit)
2026-10-01 20:56:01,225 INFO wmedit: [sdedit/baseline/none] 811000000001 done (68 edits, 4.1s/edit)
2026-10-01 20:56:18,873 INFO wmedit: [sdedit/baseline/none] 911000000001 done (72 edits, 4.1s/edit)
2026-10-01 21:19:08,726 INFO wmedit: [sdedit/baseline/none] 111000000002 done (76 edits, 21.9s/edit)
2026-10-01 21:19:24,596 INFO wmedit: [sdedit/baseline/none] 211000000002 done (80 edits, 21.0s/edit)
2026-10-01 21:19:40,498 INFO wmedit: [sdedit/baseline/none] 311000000002 done (84 edits, 20.2s/edit)
2026-10-01 21:19:56,477 INFO wmedit: [sdedit/baseline/none] 411000000002 done (88 edits, 19.4s/edit)
2026-10-01 21:20:12,549 INFO wmedit: [sdedit/baseline/none] 511000000002 done (92 edits, 18.8s/edit)
2026-10-01 21:20:28,605 INFO wmedit: [sdedit/baseline/none] 611000000002 done (96 edits, 18.2s/edit)
2026-10-01 21:20:44,799 INFO wmedit: [sdedit/baseline/none] 711000000002 done (100 edits, 17.6s/edit)
2026-10-01 21:21:00,958 INFO wmedit: [sdedit/baseline/none] 811000000002 done (104 edits, 17.1s/edit)
2026-10-01 21:21:17,209 INFO wmedit: [sdedit/baseline/none] 911000000002 done (108 edits, 16.6s/edit)
2026-10-01 21:21:33,602 INFO wmedit: [sdedit/baseline/none] 111000000003 done (112 edits, 16.1s/edit)
2026-10-01 21:21:50,045 INFO wmedit: [sdedit/baseline/none] 211000000003 done (116 edits, 15.7s/edit)
2026-10-01 21:22:06,526 INFO wmedit: [sdedit/baseline/none] 311000000003 done (120 edits, 15.3s/edit)
2026-10-01 21:22:23,246 INFO wmedit: [sdedit/baseline/none] 411000000003 done (124 edits, 15.0s/edit)
2026-10-01 21:22:39,780 INFO wmedit: [sdedit/baseline/none] 511000000003 done (128 edits, 14.6s/edit)
2026-10-01 21:22:56,271 INFO wmedit: [sdedit/baseline/none] 611000000003 done (132 edits, 14.3s/edit)
2026-10-01 21:23:13,118 INFO wmedit: [sdedit/baseline/none] 711000000003 done (136 edits, 14.0s/edit)
2026-10-01 21:23:29,870 INFO wmedit: [sdedit/baseline/none] 811000000003 done (140 edits, 13.7s/edit)
2026-10-01 21:23:46,629 INFO wmedit: [sdedit/baseline/none] 911000000003 done (144 edits, 13.5s/edit)
2026-10-01 21:24:03,543 INFO wmedit: [sdedit/baseline/none] 111000000004 done (148 edits, 13.2s/edit)
2026-10-01 21:24:20,406 INFO wmedit: [sdedit/baseline/none] 211000000004 done (152 edits, 13.0s/edit)
2026-10-01 21:24:37,357 INFO wmedit: [sdedit/baseline/none] 311000000004 done (156 edits, 12.8s/edit)
2026-10-01 21:24:54,231 INFO wmedit: [sdedit/baseline/none] 411000000004 done (160 edits, 12.6s/edit)
2026-10-01 21:25:10,980 INFO wmedit: [sdedit/baseline/none] 511000000004 done (164 edits, 12.4s/edit)
2026-10-01 21:25:27,820 INFO wmedit: [sdedit/baseline/none] 611000000004 done (168 edits, 12.2s/edit)
2026-10-01 21:25:44,714 INFO wmedit: [sdedit/baseline/none] 711000000004 done (172 edits, 12.0s/edit)
2026-10-01 21:26:01,572 INFO wmedit: [sdedit/baseline/none] 811000000004 done (176 edits, 11.8s/edit)
2026-10-01 21:26:18,373 INFO wmedit: [sdedit/baseline/none] 911000000004 done (180 edits, 11.6s/edit)
2026-10-01 21:26:35,294 INFO wmedit: [sdedit/baseline/none] 111000000005 done (184 edits, 11.5s/edit)
2026-10-01 21:26:52,203 INFO wmedit: [sdedit/baseline/none] 211000000005 done (188 edits, 11.3s/edit)
2026-10-01 21:27:09,006 INFO wmedit: [sdedit/baseline/none] 311000000005 done (192 edits, 11.2s/edit)
2026-10-01 21:27:25,845 INFO wmedit: [sdedit/baseline/none] 412000000000 done (196 edits, 11.0s/edit)
2026-10-01 21:27:42,689 INFO wmedit: [sdedit/baseline/none] 512000000000 done (200 edits, 10.9s/edit)
2026-10-01 21:27:59,273 INFO wmedit: [sdedit/baseline/none] 612000000000 done (204 edits, 10.8s/edit)
2026-10-01 21:28:15,850 INFO wmedit: [sdedit/baseline/none] 712000000000 done (208 edits, 10.6s/edit)
2026-10-01 21:28:32,661 INFO wmedit: [sdedit/baseline/none] 811000000005 done (212 edits, 10.5s/edit)
2026-10-01 21:28:49,498 INFO wmedit: [sdedit/baseline/none] 911000000005 done (216 edits, 10.4s/edit)
2026-10-01 21:29:06,254 INFO wmedit: [sdedit/baseline/none] 111000000006 done (220 edits, 10.3s/edit)
2026-10-01 21:29:23,223 INFO wmedit: [sdedit/baseline/none] 211000000006 done (224 edits, 10.2s/edit)
2026-10-01 21:29:40,045 INFO wmedit: [sdedit/baseline/none] 311000000006 done (228 edits, 10.1s/edit)
2026-10-01 21:29:56,695 INFO wmedit: [sdedit/baseline/none] 412000000001 done (232 edits, 10.0s/edit)
2026-10-01 21:30:13,495 INFO wmedit: [sdedit/baseline/none] 512000000001 done (236 edits, 9.9s/edit)
2026-10-01 21:30:30,243 INFO wmedit: [sdedit/baseline/none] 612000000001 done (240 edits, 9.8s/edit)
2026-10-01 21:30:47,006 INFO wmedit: [sdedit/baseline/none] 712000000001 done (244 edits, 9.7s/edit)
2026-10-01 21:31:03,791 INFO wmedit: [sdedit/baseline/none] 811000000006 done (248 edits, 9.6s/edit)
2026-10-01 21:31:20,620 INFO wmedit: [sdedit/baseline/none] 911000000006 done (252 edits, 9.5s/edit)
2026-10-01 21:31:37,520 INFO wmedit: [sdedit/baseline/none] 111000000007 done (256 edits, 9.4s/edit)
2026-10-01 21:31:54,412 INFO wmedit: [sdedit/baseline/none] 211000000007 done (260 edits, 9.3s/edit)
2026-10-01 21:32:11,299 INFO wmedit: [sdedit/baseline/none] 311000000007 done (264 edits, 9.3s/edit)
2026-10-01 21:32:28,185 INFO wmedit: [sdedit/baseline/none] 412000000002 done (268 edits, 9.2s/edit)
2026-10-01 21:32:45,075 INFO wmedit: [sdedit/baseline/none] 512000000002 done (272 edits, 9.1s/edit)
2026-10-01 21:33:01,982 INFO wmedit: [sdedit/baseline/none] 612000000002 done (276 edits, 9.0s/edit)
2026-10-01 21:33:18,920 INFO wmedit: [sdedit/baseline/none] 712000000002 done (280 edits, 9.0s/edit)
2026-10-01 21:33:35,667 INFO wmedit: [sdedit/baseline/none] 811000000007 done (284 edits, 8.9s/edit)
2026-10-01 21:33:52,585 INFO wmedit: [sdedit/baseline/none] 911000000007 done (288 edits, 8.8s/edit)
2026-10-01 21:34:09,380 INFO wmedit: [sdedit/baseline/none] 111000000008 done (292 edits, 8.8s/edit)
2026-10-01 21:34:26,238 INFO wmedit: [sdedit/baseline/none] 211000000008 done (296 edits, 8.7s/edit)
2026-10-01 21:34:43,168 INFO wmedit: [sdedit/baseline/none] 311000000008 done (300 edits, 8.7s/edit)
2026-10-01 21:35:00,105 INFO wmedit: [sdedit/baseline/none] 412000000003 done (304 edits, 8.6s/edit)
2026-10-01 21:35:17,090 INFO wmedit: [sdedit/baseline/none] 512000000003 done (308 edits, 8.5s/edit)
2026-10-01 21:35:34,056 INFO wmedit: [sdedit/baseline/none] 612000000003 done (312 edits, 8.5s/edit)
2026-10-01 21:35:50,953 INFO wmedit: [sdedit/baseline/none] 712000000003 done (316 edits, 8.4s/edit)
2026-10-01 21:36:07,769 INFO wmedit: [sdedit/baseline/none] 811000000008 done (320 edits, 8.4s/edit)
2026-10-01 21:36:24,514 INFO wmedit: [sdedit/baseline/none] 911000000008 done (324 edits, 8.3s/edit)
2026-10-01 21:36:41,269 INFO wmedit: [sdedit/baseline/none] 111000000009 done (328 edits, 8.3s/edit)
2026-10-01 21:36:58,162 INFO wmedit: [sdedit/baseline/none] 211000000009 done (332 edits, 8.2s/edit)
2026-10-01 21:37:15,036 INFO wmedit: [sdedit/baseline/none] 311000000009 done (336 edits, 8.2s/edit)
2026-10-01 21:37:31,901 INFO wmedit: [sdedit/baseline/none] 412000000004 done (340 edits, 8.1s/edit)
2026-10-01 21:37:48,808 INFO wmedit: [sdedit/baseline/none] 512000000004 done (344 edits, 8.1s/edit)
2026-10-01 21:38:05,486 INFO wmedit: [sdedit/baseline/none] 612000000004 done (348 edits, 8.0s/edit)
2026-10-01 21:38:22,532 INFO wmedit: [sdedit/baseline/none] 712000000004 done (352 edits, 8.0s/edit)
2026-10-01 21:38:39,252 INFO wmedit: [sdedit/baseline/none] 811000000009 done (356 edits, 8.0s/edit)
2026-10-01 21:38:55,964 INFO wmedit: [sdedit/baseline/none] 911000000009 done (360 edits, 7.9s/edit)
2026-10-01 21:39:12,789 INFO wmedit: [sdedit/baseline/wam] 111000000000 done (364 edits, 7.9s/edit)
2026-10-01 21:39:29,662 INFO wmedit: [sdedit/baseline/wam] 211000000000 done (368 edits, 7.8s/edit)
2026-10-01 21:39:46,464 INFO wmedit: [sdedit/baseline/wam] 311000000000 done (372 edits, 7.8s/edit)
2026-10-01 21:40:03,378 INFO wmedit: [sdedit/baseline/wam] 411000000000 done (376 edits, 7.8s/edit)
2026-10-01 21:40:20,331 INFO wmedit: [sdedit/baseline/wam] 511000000000 done (380 edits, 7.7s/edit)
2026-10-01 21:40:37,269 INFO wmedit: [sdedit/baseline/wam] 611000000000 done (384 edits, 7.7s/edit)
2026-10-01 21:40:54,143 INFO wmedit: [sdedit/baseline/wam] 711000000000 done (388 edits, 7.7s/edit)
2026-10-01 21:41:11,035 INFO wmedit: [sdedit/baseline/wam] 811000000000 done (392 edits, 7.6s/edit)
2026-10-01 21:41:27,812 INFO wmedit: [sdedit/baseline/wam] 911000000000 done (396 edits, 7.6s/edit)
2026-10-01 21:41:44,693 INFO wmedit: [sdedit/baseline/wam] 111000000001 done (400 edits, 7.5s/edit)
2026-10-01 21:42:01,552 INFO wmedit: [sdedit/baseline/wam] 211000000001 done (404 edits, 7.5s/edit)
2026-10-01 21:42:18,482 INFO wmedit: [sdedit/baseline/wam] 311000000001 done (408 edits, 7.5s/edit)
2026-10-01 21:42:35,224 INFO wmedit: [sdedit/baseline/wam] 411000000001 done (412 edits, 7.5s/edit)
2026-10-01 21:42:52,013 INFO wmedit: [sdedit/baseline/wam] 511000000001 done (416 edits, 7.4s/edit)
2026-10-01 21:43:08,789 INFO wmedit: [sdedit/baseline/wam] 611000000001 done (420 edits, 7.4s/edit)
2026-10-01 21:43:25,554 INFO wmedit: [sdedit/baseline/wam] 711000000001 done (424 edits, 7.4s/edit)
2026-10-01 21:43:42,457 INFO wmedit: [sdedit/baseline/wam] 811000000001 done (428 edits, 7.3s/edit)
2026-10-01 21:43:59,290 INFO wmedit: [sdedit/baseline/wam] 911000000001 done (432 edits, 7.3s/edit)
2026-10-01 21:44:16,111 INFO wmedit: [sdedit/baseline/wam] 111000000002 done (436 edits, 7.3s/edit)
2026-10-01 21:44:32,995 INFO wmedit: [sdedit/baseline/wam] 211000000002 done (440 edits, 7.2s/edit)
2026-10-01 21:44:49,819 INFO wmedit: [sdedit/baseline/wam] 311000000002 done (444 edits, 7.2s/edit)
2026-10-01 21:45:06,668 INFO wmedit: [sdedit/baseline/wam] 411000000002 done (448 edits, 7.2s/edit)
2026-10-01 21:45:23,564 INFO wmedit: [sdedit/baseline/wam] 511000000002 done (452 edits, 7.2s/edit)
2026-10-01 21:45:40,296 INFO wmedit: [sdedit/baseline/wam] 611000000002 done (456 edits, 7.1s/edit)
2026-10-01 21:45:57,104 INFO wmedit: [sdedit/baseline/wam] 711000000002 done (460 edits, 7.1s/edit)
2026-10-01 21:46:13,877 INFO wmedit: [sdedit/baseline/wam] 811000000002 done (464 edits, 7.1s/edit)
2026-10-01 21:46:23,380 INFO wmedit: [sdedit/baseline/wam] 911000000002 done (468 edits, 7.0s/edit)
2026-10-01 21:46:31,258 INFO wmedit: [sdedit/baseline/wam] 111000000003 done (472 edits, 7.0s/edit)
2026-10-01 21:46:39,207 INFO wmedit: [sdedit/baseline/wam] 211000000003 done (476 edits, 7.0s/edit)
2026-10-01 21:46:49,411 INFO wmedit: [sdedit/baseline/wam] 311000000003 done (480 edits, 6.9s/edit)
2026-10-01 21:46:59,685 INFO wmedit: [sdedit/baseline/wam] 411000000003 done (484 edits, 6.9s/edit)
2026-10-01 21:47:10,009 INFO wmedit: [sdedit/baseline/wam] 511000000003 done (488 edits, 6.9s/edit)
2026-10-01 21:47:20,243 INFO wmedit: [sdedit/baseline/wam] 611000000003 done (492 edits, 6.8s/edit)
2026-10-01 21:47:30,543 INFO wmedit: [sdedit/baseline/wam] 711000000003 done (496 edits, 6.8s/edit)
2026-10-01 21:47:40,932 INFO wmedit: [sdedit/baseline/wam] 811000000003 done (500 edits, 6.8s/edit)
2026-10-01 21:47:51,309 INFO wmedit: [sdedit/baseline/wam] 911000000003 done (504 edits, 6.7s/edit)
2026-10-01 21:48:01,681 INFO wmedit: [sdedit/baseline/wam] 111000000004 done (508 edits, 6.7s/edit)
2026-10-01 21:48:12,013 INFO wmedit: [sdedit/baseline/wam] 211000000004 done (512 edits, 6.7s/edit)
2026-10-01 21:48:22,334 INFO wmedit: [sdedit/baseline/wam] 311000000004 done (516 edits, 6.6s/edit)
2026-10-01 21:48:32,639 INFO wmedit: [sdedit/baseline/wam] 411000000004 done (520 edits, 6.6s/edit)
2026-10-01 21:48:43,069 INFO wmedit: [sdedit/baseline/wam] 511000000004 done (524 edits, 6.6s/edit)
2026-10-01 21:48:53,444 INFO wmedit: [sdedit/baseline/wam] 611000000004 done (528 edits, 6.5s/edit)
2026-10-01 21:49:03,732 INFO wmedit: [sdedit/baseline/wam] 711000000004 done (532 edits, 6.5s/edit)
2026-10-01 21:49:14,045 INFO wmedit: [sdedit/baseline/wam] 811000000004 done (536 edits, 6.5s/edit)
2026-10-01 21:49:24,420 INFO wmedit: [sdedit/baseline/wam] 911000000004 done (540 edits, 6.4s/edit)
2026-10-01 21:49:34,757 INFO wmedit: [sdedit/baseline/wam] 111000000005 done (544 edits, 6.4s/edit)
2026-10-01 21:49:45,188 INFO wmedit: [sdedit/baseline/wam] 211000000005 done (548 edits, 6.4s/edit)
2026-10-01 21:49:55,554 INFO wmedit: [sdedit/baseline/wam] 311000000005 done (552 edits, 6.4s/edit)
2026-10-01 21:50:06,009 INFO wmedit: [sdedit/baseline/wam] 412000000000 done (556 edits, 6.3s/edit)
2026-10-01 21:50:16,461 INFO wmedit: [sdedit/baseline/wam] 512000000000 done (560 edits, 6.3s/edit)
2026-10-01 21:50:26,740 INFO wmedit: [sdedit/baseline/wam] 612000000000 done (564 edits, 6.3s/edit)
2026-10-01 21:50:37,006 INFO wmedit: [sdedit/baseline/wam] 712000000000 done (568 edits, 6.3s/edit)
2026-10-01 21:50:47,257 INFO wmedit: [sdedit/baseline/wam] 811000000005 done (572 edits, 6.2s/edit)
2026-10-01 21:50:57,560 INFO wmedit: [sdedit/baseline/wam] 911000000005 done (576 edits, 6.2s/edit)
2026-10-01 21:51:07,890 INFO wmedit: [sdedit/baseline/wam] 111000000006 done (580 edits, 6.2s/edit)
2026-10-01 21:51:18,263 INFO wmedit: [sdedit/baseline/wam] 211000000006 done (584 edits, 6.2s/edit)
2026-10-01 21:51:27,227 INFO wmedit: [sdedit/baseline/wam] 311000000006 done (588 edits, 6.1s/edit)
2026-10-01 21:51:35,020 INFO wmedit: [sdedit/baseline/wam] 412000000001 done (592 edits, 6.1s/edit)
2026-10-01 21:51:42,873 INFO wmedit: [sdedit/baseline/wam] 512000000001 done (596 edits, 6.1s/edit)
2026-10-01 21:51:50,750 INFO wmedit: [sdedit/baseline/wam] 612000000001 done (600 edits, 6.0s/edit)
2026-10-01 21:51:58,593 INFO wmedit: [sdedit/baseline/wam] 712000000001 done (604 edits, 6.0s/edit)
2026-10-01 21:52:06,575 INFO wmedit: [sdedit/baseline/wam] 811000000006 done (608 edits, 6.0s/edit)
2026-10-01 21:52:23,453 INFO wmedit: [sdedit/baseline/wam] 911000000006 done (612 edits, 6.0s/edit)
2026-10-01 21:52:39,516 INFO wmedit: [sdedit/baseline/wam] 111000000007 done (616 edits, 6.0s/edit)
2026-10-01 21:52:55,306 INFO wmedit: [sdedit/baseline/wam] 211000000007 done (620 edits, 6.0s/edit)
2026-10-01 21:53:11,500 INFO wmedit: [sdedit/baseline/wam] 311000000007 done (624 edits, 5.9s/edit)
2026-10-01 21:53:27,726 INFO wmedit: [sdedit/baseline/wam] 412000000002 done (628 edits, 5.9s/edit)
2026-10-01 21:53:44,907 INFO wmedit: [sdedit/baseline/wam] 512000000002 done (632 edits, 5.9s/edit)
2026-10-01 21:54:00,919 INFO wmedit: [sdedit/baseline/wam] 612000000002 done (636 edits, 5.9s/edit)
2026-10-01 21:54:17,184 INFO wmedit: [sdedit/baseline/wam] 712000000002 done (640 edits, 5.9s/edit)
2026-10-01 21:54:33,007 INFO wmedit: [sdedit/baseline/wam] 811000000007 done (644 edits, 5.9s/edit)
2026-10-01 21:54:49,890 INFO wmedit: [sdedit/baseline/wam] 911000000007 done (648 edits, 5.9s/edit)
2026-10-01 21:55:06,500 INFO wmedit: [sdedit/baseline/wam] 111000000008 done (652 edits, 5.9s/edit)
2026-10-01 21:55:22,461 INFO wmedit: [sdedit/baseline/wam] 211000000008 done (656 edits, 5.8s/edit)
2026-10-01 21:55:38,619 INFO wmedit: [sdedit/baseline/wam] 311000000008 done (660 edits, 5.8s/edit)
2026-10-01 21:55:54,888 INFO wmedit: [sdedit/baseline/wam] 412000000003 done (664 edits, 5.8s/edit)
2026-10-01 21:56:11,986 INFO wmedit: [sdedit/baseline/wam] 512000000003 done (668 edits, 5.8s/edit)
2026-10-01 21:56:28,204 INFO wmedit: [sdedit/baseline/wam] 612000000003 done (672 edits, 5.8s/edit)
2026-10-01 21:56:44,312 INFO wmedit: [sdedit/baseline/wam] 712000000003 done (676 edits, 5.8s/edit)
2026-10-01 21:57:00,273 INFO wmedit: [sdedit/baseline/wam] 811000000008 done (680 edits, 5.8s/edit)
2026-10-01 21:57:16,896 INFO wmedit: [sdedit/baseline/wam] 911000000008 done (684 edits, 5.8s/edit)
2026-10-01 21:57:33,583 INFO wmedit: [sdedit/baseline/wam] 111000000009 done (688 edits, 5.8s/edit)
2026-10-01 21:57:49,471 INFO wmedit: [sdedit/baseline/wam] 211000000009 done (692 edits, 5.8s/edit)
2026-10-01 21:58:05,537 INFO wmedit: [sdedit/baseline/wam] 311000000009 done (696 edits, 5.7s/edit)
2026-10-01 21:58:21,432 INFO wmedit: [sdedit/baseline/wam] 412000000004 done (700 edits, 5.7s/edit)
2026-10-01 21:58:38,721 INFO wmedit: [sdedit/baseline/wam] 512000000004 done (704 edits, 5.7s/edit)
2026-10-01 21:58:54,762 INFO wmedit: [sdedit/baseline/wam] 612000000004 done (708 edits, 5.7s/edit)
2026-10-01 21:59:11,036 INFO wmedit: [sdedit/baseline/wam] 712000000004 done (712 edits, 5.7s/edit)
2026-10-01 21:59:26,915 INFO wmedit: [sdedit/baseline/wam] 811000000009 done (716 edits, 5.7s/edit)
2026-10-01 21:59:43,528 INFO wmedit: [sdedit/baseline/wam] 911000000009 done (720 edits, 5.7s/edit)
2026-10-01 22:00:00,243 INFO wmedit: [sdedit/baseline/trustmark] 111000000000 done (724 edits, 5.7s/edit)
2026-10-01 22:00:16,091 INFO wmedit: [sdedit/baseline/trustmark] 211000000000 done (728 edits, 5.7s/edit)
2026-10-01 22:00:32,127 INFO wmedit: [sdedit/baseline/trustmark] 311000000000 done (732 edits, 5.7s/edit)
2026-10-01 22:00:47,991 INFO wmedit: [sdedit/baseline/trustmark] 411000000000 done (736 edits, 5.7s/edit)
2026-10-01 22:01:05,030 INFO wmedit: [sdedit/baseline/trustmark] 511000000000 done (740 edits, 5.6s/edit)
2026-10-01 22:01:21,413 INFO wmedit: [sdedit/baseline/trustmark] 611000000000 done (744 edits, 5.6s/edit)
2026-10-01 22:01:37,172 INFO wmedit: [sdedit/baseline/trustmark] 711000000000 done (748 edits, 5.6s/edit)
2026-10-01 22:01:53,212 INFO wmedit: [sdedit/baseline/trustmark] 811000000000 done (752 edits, 5.6s/edit)
2026-10-01 22:02:09,430 INFO wmedit: [sdedit/baseline/trustmark] 911000000000 done (756 edits, 5.6s/edit)
2026-10-01 22:02:26,417 INFO wmedit: [sdedit/baseline/trustmark] 111000000001 done (760 edits, 5.6s/edit)
2026-10-01 22:02:42,283 INFO wmedit: [sdedit/baseline/trustmark] 211000000001 done (764 edits, 5.6s/edit)
2026-10-01 22:02:58,364 INFO wmedit: [sdedit/baseline/trustmark] 311000000001 done (768 edits, 5.6s/edit)
2026-10-01 22:03:14,102 INFO wmedit: [sdedit/baseline/trustmark] 411000000001 done (772 edits, 5.6s/edit)
2026-10-01 22:03:30,789 INFO wmedit: [sdedit/baseline/trustmark] 511000000001 done (776 edits, 5.6s/edit)
2026-10-01 22:03:47,406 INFO wmedit: [sdedit/baseline/trustmark] 611000000001 done (780 edits, 5.6s/edit)
2026-10-01 22:04:03,296 INFO wmedit: [sdedit/baseline/trustmark] 711000000001 done (784 edits, 5.6s/edit)
2026-10-01 22:04:19,169 INFO wmedit: [sdedit/baseline/trustmark] 811000000001 done (788 edits, 5.6s/edit)
2026-10-01 22:04:35,043 INFO wmedit: [sdedit/baseline/trustmark] 911000000001 done (792 edits, 5.5s/edit)
2026-10-01 22:04:52,403 INFO wmedit: [sdedit/baseline/trustmark] 111000000002 done (796 edits, 5.5s/edit)
2026-10-01 22:05:08,415 INFO wmedit: [sdedit/baseline/trustmark] 211000000002 done (800 edits, 5.5s/edit)
2026-10-01 22:05:24,508 INFO wmedit: [sdedit/baseline/trustmark] 311000000002 done (804 edits, 5.5s/edit)
2026-10-01 22:05:40,378 INFO wmedit: [sdedit/baseline/trustmark] 411000000002 done (808 edits, 5.5s/edit)
2026-10-01 22:05:56,826 INFO wmedit: [sdedit/baseline/trustmark] 511000000002 done (812 edits, 5.5s/edit)
2026-10-01 22:06:13,579 INFO wmedit: [sdedit/baseline/trustmark] 611000000002 done (816 edits, 5.5s/edit)
2026-10-01 22:06:29,358 INFO wmedit: [sdedit/baseline/trustmark] 711000000002 done (820 edits, 5.5s/edit)
2026-10-01 22:06:45,311 INFO wmedit: [sdedit/baseline/trustmark] 811000000002 done (824 edits, 5.5s/edit)
2026-10-01 22:07:01,050 INFO wmedit: [sdedit/baseline/trustmark] 911000000002 done (828 edits, 5.5s/edit)
2026-10-01 22:07:18,017 INFO wmedit: [sdedit/baseline/trustmark] 111000000003 done (832 edits, 5.5s/edit)
2026-10-01 22:07:34,403 INFO wmedit: [sdedit/baseline/trustmark] 211000000003 done (836 edits, 5.5s/edit)
2026-10-01 22:07:50,069 INFO wmedit: [sdedit/baseline/trustmark] 311000000003 done (840 edits, 5.5s/edit)
2026-10-01 22:08:06,178 INFO wmedit: [sdedit/baseline/trustmark] 411000000003 done (844 edits, 5.5s/edit)
2026-10-01 22:08:22,209 INFO wmedit: [sdedit/baseline/trustmark] 511000000003 done (848 edits, 5.4s/edit)
2026-10-01 22:08:39,153 INFO wmedit: [sdedit/baseline/trustmark] 611000000003 done (852 edits, 5.4s/edit)
2026-10-01 22:08:55,249 INFO wmedit: [sdedit/baseline/trustmark] 711000000003 done (856 edits, 5.4s/edit)
2026-10-01 22:09:11,249 INFO wmedit: [sdedit/baseline/trustmark] 811000000003 done (860 edits, 5.4s/edit)
2026-10-01 22:09:27,058 INFO wmedit: [sdedit/baseline/trustmark] 911000000003 done (864 edits, 5.4s/edit)
2026-10-01 22:09:43,627 INFO wmedit: [sdedit/baseline/trustmark] 111000000004 done (868 edits, 5.4s/edit)
2026-10-01 22:10:00,492 INFO wmedit: [sdedit/baseline/trustmark] 211000000004 done (872 edits, 5.4s/edit)
2026-10-01 22:10:16,318 INFO wmedit: [sdedit/baseline/trustmark] 311000000004 done (876 edits, 5.4s/edit)
2026-10-01 22:10:32,389 INFO wmedit: [sdedit/baseline/trustmark] 411000000004 done (880 edits, 5.4s/edit)
2026-10-01 22:10:48,245 INFO wmedit: [sdedit/baseline/trustmark] 511000000004 done (884 edits, 5.4s/edit)
2026-10-01 22:11:05,415 INFO wmedit: [sdedit/baseline/trustmark] 611000000004 done (888 edits, 5.4s/edit)
2026-10-01 22:11:21,549 INFO wmedit: [sdedit/baseline/trustmark] 711000000004 done (892 edits, 5.4s/edit)
2026-10-01 22:11:37,568 INFO wmedit: [sdedit/baseline/trustmark] 811000000004 done (896 edits, 5.4s/edit)
2026-10-01 22:11:53,454 INFO wmedit: [sdedit/baseline/trustmark] 911000000004 done (900 edits, 5.4s/edit)
2026-10-01 22:12:10,044 INFO wmedit: [sdedit/baseline/trustmark] 111000000005 done (904 edits, 5.4s/edit)
2026-10-01 22:12:26,963 INFO wmedit: [sdedit/baseline/trustmark] 211000000005 done (908 edits, 5.4s/edit)
2026-10-01 22:12:42,825 INFO wmedit: [sdedit/baseline/trustmark] 311000000005 done (912 edits, 5.3s/edit)
2026-10-01 22:12:58,968 INFO wmedit: [sdedit/baseline/trustmark] 412000000000 done (916 edits, 5.3s/edit)
2026-10-01 22:13:14,740 INFO wmedit: [sdedit/baseline/trustmark] 512000000000 done (920 edits, 5.3s/edit)
2026-10-01 22:13:31,642 INFO wmedit: [sdedit/baseline/trustmark] 612000000000 done (924 edits, 5.3s/edit)
2026-10-01 22:13:48,047 INFO wmedit: [sdedit/baseline/trustmark] 712000000000 done (928 edits, 5.3s/edit)
2026-10-01 22:14:03,752 INFO wmedit: [sdedit/baseline/trustmark] 811000000005 done (932 edits, 5.3s/edit)
2026-10-01 22:14:19,963 INFO wmedit: [sdedit/baseline/trustmark] 911000000005 done (936 edits, 5.3s/edit)
2026-10-01 22:14:33,520 INFO wmedit: [sdedit/baseline/trustmark] 111000000006 done (940 edits, 5.3s/edit)
2026-10-01 22:14:50,809 INFO wmedit: [sdedit/baseline/trustmark] 211000000006 done (944 edits, 5.3s/edit)
2026-10-01 22:15:07,650 INFO wmedit: [sdedit/baseline/trustmark] 311000000006 done (948 edits, 5.3s/edit)
2026-10-01 22:15:24,503 INFO wmedit: [sdedit/baseline/trustmark] 412000000001 done (952 edits, 5.3s/edit)
2026-10-01 22:15:41,356 INFO wmedit: [sdedit/baseline/trustmark] 512000000001 done (956 edits, 5.3s/edit)
2026-10-01 22:15:58,610 INFO wmedit: [sdedit/baseline/trustmark] 612000000001 done (960 edits, 5.3s/edit)
2026-10-01 22:16:15,572 INFO wmedit: [sdedit/baseline/trustmark] 712000000001 done (964 edits, 5.3s/edit)
2026-10-01 22:16:32,378 INFO wmedit: [sdedit/baseline/trustmark] 811000000006 done (968 edits, 5.3s/edit)
2026-10-01 22:16:49,226 INFO wmedit: [sdedit/baseline/trustmark] 911000000006 done (972 edits, 5.3s/edit)
2026-10-01 22:17:06,543 INFO wmedit: [sdedit/baseline/trustmark] 111000000007 done (976 edits, 5.3s/edit)
2026-10-01 22:17:23,629 INFO wmedit: [sdedit/baseline/trustmark] 211000000007 done (980 edits, 5.3s/edit)
2026-10-01 22:17:40,587 INFO wmedit: [sdedit/baseline/trustmark] 311000000007 done (984 edits, 5.3s/edit)
2026-10-01 22:17:57,411 INFO wmedit: [sdedit/baseline/trustmark] 412000000002 done (988 edits, 5.3s/edit)
2026-10-01 22:18:14,635 INFO wmedit: [sdedit/baseline/trustmark] 512000000002 done (992 edits, 5.3s/edit)
2026-10-01 22:18:31,736 INFO wmedit: [sdedit/baseline/trustmark] 612000000002 done (996 edits, 5.2s/edit)
2026-10-01 22:18:48,697 INFO wmedit: [sdedit/baseline/trustmark] 712000000002 done (1000 edits, 5.2s/edit)
2026-10-01 22:19:05,562 INFO wmedit: [sdedit/baseline/trustmark] 811000000007 done (1004 edits, 5.2s/edit)
2026-10-01 22:19:22,637 INFO wmedit: [sdedit/baseline/trustmark] 911000000007 done (1008 edits, 5.2s/edit)
2026-10-01 22:19:39,730 INFO wmedit: [sdedit/baseline/trustmark] 111000000008 done (1012 edits, 5.2s/edit)
2026-10-01 22:19:56,679 INFO wmedit: [sdedit/baseline/trustmark] 211000000008 done (1016 edits, 5.2s/edit)
2026-10-01 22:20:13,663 INFO wmedit: [sdedit/baseline/trustmark] 311000000008 done (1020 edits, 5.2s/edit)
2026-10-01 22:20:30,849 INFO wmedit: [sdedit/baseline/trustmark] 412000000003 done (1024 edits, 5.2s/edit)
2026-10-01 22:20:47,972 INFO wmedit: [sdedit/baseline/trustmark] 512000000003 done (1028 edits, 5.2s/edit)
2026-10-01 22:21:04,915 INFO wmedit: [sdedit/baseline/trustmark] 612000000003 done (1032 edits, 5.2s/edit)
2026-10-01 22:21:21,906 INFO wmedit: [sdedit/baseline/trustmark] 712000000003 done (1036 edits, 5.2s/edit)
2026-10-01 22:21:38,924 INFO wmedit: [sdedit/baseline/trustmark] 811000000008 done (1040 edits, 5.2s/edit)
2026-10-01 22:21:55,988 INFO wmedit: [sdedit/baseline/trustmark] 911000000008 done (1044 edits, 5.2s/edit)
2026-10-01 22:22:12,650 INFO wmedit: [sdedit/baseline/trustmark] 111000000009 done (1048 edits, 5.2s/edit)
2026-10-01 22:22:29,680 INFO wmedit: [sdedit/baseline/trustmark] 211000000009 done (1052 edits, 5.2s/edit)
2026-10-01 22:22:46,713 INFO wmedit: [sdedit/baseline/trustmark] 311000000009 done (1056 edits, 5.2s/edit)
2026-10-01 22:23:03,985 INFO wmedit: [sdedit/baseline/trustmark] 412000000004 done (1060 edits, 5.2s/edit)
2026-10-01 22:23:20,693 INFO wmedit: [sdedit/baseline/trustmark] 512000000004 done (1064 edits, 5.2s/edit)
2026-10-01 22:23:37,559 INFO wmedit: [sdedit/baseline/trustmark] 612000000004 done (1068 edits, 5.2s/edit)
2026-10-01 22:23:54,719 INFO wmedit: [sdedit/baseline/trustmark] 712000000004 done (1072 edits, 5.2s/edit)
2026-10-01 22:24:11,688 INFO wmedit: [sdedit/baseline/trustmark] 811000000009 done (1076 edits, 5.2s/edit)
2026-10-01 22:24:28,477 INFO wmedit: [sdedit/baseline/trustmark] 911000000009 done (1080 edits, 5.2s/edit)
2026-10-01 22:24:45,220 INFO wmedit: [sdedit/baseline/dwtdct] 111000000000 done (1084 edits, 5.2s/edit)
2026-10-01 22:25:02,205 INFO wmedit: [sdedit/baseline/dwtdct] 211000000000 done (1088 edits, 5.2s/edit)
2026-10-01 22:25:19,316 INFO wmedit: [sdedit/baseline/dwtdct] 311000000000 done (1092 edits, 5.2s/edit)
2026-10-01 22:25:36,205 INFO wmedit: [sdedit/baseline/dwtdct] 411000000000 done (1096 edits, 5.2s/edit)
2026-10-01 22:25:53,001 INFO wmedit: [sdedit/baseline/dwtdct] 511000000000 done (1100 edits, 5.2s/edit)
2026-10-01 22:26:10,037 INFO wmedit: [sdedit/baseline/dwtdct] 611000000000 done (1104 edits, 5.1s/edit)
2026-10-01 22:26:27,244 INFO wmedit: [sdedit/baseline/dwtdct] 711000000000 done (1108 edits, 5.1s/edit)
2026-10-01 22:26:44,105 INFO wmedit: [sdedit/baseline/dwtdct] 811000000000 done (1112 edits, 5.1s/edit)
2026-10-01 22:27:00,880 INFO wmedit: [sdedit/baseline/dwtdct] 911000000000 done (1116 edits, 5.1s/edit)
2026-10-01 22:27:17,791 INFO wmedit: [sdedit/baseline/dwtdct] 111000000001 done (1120 edits, 5.1s/edit)
2026-10-01 22:27:34,880 INFO wmedit: [sdedit/baseline/dwtdct] 211000000001 done (1124 edits, 5.1s/edit)
2026-10-01 22:27:51,906 INFO wmedit: [sdedit/baseline/dwtdct] 311000000001 done (1128 edits, 5.1s/edit)
2026-10-01 22:28:08,659 INFO wmedit: [sdedit/baseline/dwtdct] 411000000001 done (1132 edits, 5.1s/edit)
2026-10-01 22:28:25,425 INFO wmedit: [sdedit/baseline/dwtdct] 511000000001 done (1136 edits, 5.1s/edit)
2026-10-01 22:28:42,496 INFO wmedit: [sdedit/baseline/dwtdct] 611000000001 done (1140 edits, 5.1s/edit)
2026-10-01 22:28:59,521 INFO wmedit: [sdedit/baseline/dwtdct] 711000000001 done (1144 edits, 5.1s/edit)
2026-10-01 22:29:16,255 INFO wmedit: [sdedit/baseline/dwtdct] 811000000001 done (1148 edits, 5.1s/edit)
2026-10-01 22:29:32,989 INFO wmedit: [sdedit/baseline/dwtdct] 911000000001 done (1152 edits, 5.1s/edit)
2026-10-01 22:29:50,350 INFO wmedit: [sdedit/baseline/dwtdct] 111000000002 done (1156 edits, 5.1s/edit)
2026-10-01 22:30:07,145 INFO wmedit: [sdedit/baseline/dwtdct] 211000000002 done (1160 edits, 5.1s/edit)
2026-10-01 22:30:24,035 INFO wmedit: [sdedit/baseline/dwtdct] 311000000002 done (1164 edits, 5.1s/edit)
2026-10-01 22:30:40,752 INFO wmedit: [sdedit/baseline/dwtdct] 411000000002 done (1168 edits, 5.1s/edit)
2026-10-01 22:30:58,066 INFO wmedit: [sdedit/baseline/dwtdct] 511000000002 done (1172 edits, 5.1s/edit)
2026-10-01 22:31:14,937 INFO wmedit: [sdedit/baseline/dwtdct] 611000000002 done (1176 edits, 5.1s/edit)
2026-10-01 22:31:31,842 INFO wmedit: [sdedit/baseline/dwtdct] 711000000002 done (1180 edits, 5.1s/edit)
2026-10-01 22:31:48,757 INFO wmedit: [sdedit/baseline/dwtdct] 811000000002 done (1184 edits, 5.1s/edit)
2026-10-01 22:32:05,887 INFO wmedit: [sdedit/baseline/dwtdct] 911000000002 done (1188 edits, 5.1s/edit)
2026-10-01 22:32:22,871 INFO wmedit: [sdedit/baseline/dwtdct] 111000000003 done (1192 edits, 5.1s/edit)
2026-10-01 22:32:39,727 INFO wmedit: [sdedit/baseline/dwtdct] 211000000003 done (1196 edits, 5.1s/edit)
2026-10-01 22:32:56,609 INFO wmedit: [sdedit/baseline/dwtdct] 311000000003 done (1200 edits, 5.1s/edit)
2026-10-01 22:33:13,669 INFO wmedit: [sdedit/baseline/dwtdct] 411000000003 done (1204 edits, 5.1s/edit)
2026-10-01 22:33:30,620 INFO wmedit: [sdedit/baseline/dwtdct] 511000000003 done (1208 edits, 5.1s/edit)
2026-10-01 22:33:47,340 INFO wmedit: [sdedit/baseline/dwtdct] 611000000003 done (1212 edits, 5.1s/edit)
2026-10-01 22:34:04,259 INFO wmedit: [sdedit/baseline/dwtdct] 711000000003 done (1216 edits, 5.1s/edit)
2026-10-01 22:34:21,333 INFO wmedit: [sdedit/baseline/dwtdct] 811000000003 done (1220 edits, 5.1s/edit)
2026-10-01 22:34:38,370 INFO wmedit: [sdedit/baseline/dwtdct] 911000000003 done (1224 edits, 5.1s/edit)
2026-10-01 22:34:55,162 INFO wmedit: [sdedit/baseline/dwtdct] 111000000004 done (1228 edits, 5.1s/edit)
2026-10-01 22:35:12,052 INFO wmedit: [sdedit/baseline/dwtdct] 211000000004 done (1232 edits, 5.1s/edit)
2026-10-01 22:35:22,694 INFO wmedit: [sdedit/baseline/dwtdct] 311000000004 done (1236 edits, 5.0s/edit)
2026-10-01 22:35:30,521 INFO wmedit: [sdedit/baseline/dwtdct] 411000000004 done (1240 edits, 5.0s/edit)
2026-10-01 22:35:38,243 INFO wmedit: [sdedit/baseline/dwtdct] 511000000004 done (1244 edits, 5.0s/edit)
2026-10-01 22:35:45,949 INFO wmedit: [sdedit/baseline/dwtdct] 611000000004 done (1248 edits, 5.0s/edit)
2026-10-01 22:35:53,729 INFO wmedit: [sdedit/baseline/dwtdct] 711000000004 done (1252 edits, 5.0s/edit)
2026-10-01 22:36:01,518 INFO wmedit: [sdedit/baseline/dwtdct] 811000000004 done (1256 edits, 5.0s/edit)
2026-10-01 22:36:09,292 INFO wmedit: [sdedit/baseline/dwtdct] 911000000004 done (1260 edits, 5.0s/edit)
2026-10-01 22:36:17,119 INFO wmedit: [sdedit/baseline/dwtdct] 111000000005 done (1264 edits, 5.0s/edit)
2026-10-01 22:36:24,949 INFO wmedit: [sdedit/baseline/dwtdct] 211000000005 done (1268 edits, 5.0s/edit)
2026-10-01 22:36:32,715 INFO wmedit: [sdedit/baseline/dwtdct] 311000000005 done (1272 edits, 5.0s/edit)
2026-10-01 22:36:40,635 INFO wmedit: [sdedit/baseline/dwtdct] 412000000000 done (1276 edits, 4.9s/edit)
2026-10-01 22:36:48,315 INFO wmedit: [sdedit/baseline/dwtdct] 512000000000 done (1280 edits, 4.9s/edit)
2026-10-01 22:36:56,037 INFO wmedit: [sdedit/baseline/dwtdct] 612000000000 done (1284 edits, 4.9s/edit)
2026-10-01 22:37:03,828 INFO wmedit: [sdedit/baseline/dwtdct] 712000000000 done (1288 edits, 4.9s/edit)
2026-10-01 22:37:11,565 INFO wmedit: [sdedit/baseline/dwtdct] 811000000005 done (1292 edits, 4.9s/edit)
2026-10-01 22:37:19,332 INFO wmedit: [sdedit/baseline/dwtdct] 911000000005 done (1296 edits, 4.9s/edit)
2026-10-01 22:37:27,086 INFO wmedit: [sdedit/baseline/dwtdct] 111000000006 done (1300 edits, 4.9s/edit)
2026-10-01 22:37:34,898 INFO wmedit: [sdedit/baseline/dwtdct] 211000000006 done (1304 edits, 4.9s/edit)
2026-10-01 22:37:42,709 INFO wmedit: [sdedit/baseline/dwtdct] 311000000006 done (1308 edits, 4.9s/edit)
2026-10-01 22:37:50,509 INFO wmedit: [sdedit/baseline/dwtdct] 412000000001 done (1312 edits, 4.9s/edit)
2026-10-01 22:37:58,335 INFO wmedit: [sdedit/baseline/dwtdct] 512000000001 done (1316 edits, 4.9s/edit)
2026-10-01 22:38:06,128 INFO wmedit: [sdedit/baseline/dwtdct] 612000000001 done (1320 edits, 4.8s/edit)
2026-10-01 22:38:13,936 INFO wmedit: [sdedit/baseline/dwtdct] 712000000001 done (1324 edits, 4.8s/edit)
2026-10-01 22:38:21,668 INFO wmedit: [sdedit/baseline/dwtdct] 811000000006 done (1328 edits, 4.8s/edit)
2026-10-01 22:38:29,496 INFO wmedit: [sdedit/baseline/dwtdct] 911000000006 done (1332 edits, 4.8s/edit)
2026-10-01 22:38:37,377 INFO wmedit: [sdedit/baseline/dwtdct] 111000000007 done (1336 edits, 4.8s/edit)
2026-10-01 22:38:45,240 INFO wmedit: [sdedit/baseline/dwtdct] 211000000007 done (1340 edits, 4.8s/edit)
2026-10-01 22:38:53,096 INFO wmedit: [sdedit/baseline/dwtdct] 311000000007 done (1344 edits, 4.8s/edit)
2026-10-01 22:39:00,852 INFO wmedit: [sdedit/baseline/dwtdct] 412000000002 done (1348 edits, 4.8s/edit)
2026-10-01 22:39:08,673 INFO wmedit: [sdedit/baseline/dwtdct] 512000000002 done (1352 edits, 4.8s/edit)
2026-10-01 22:39:16,514 INFO wmedit: [sdedit/baseline/dwtdct] 612000000002 done (1356 edits, 4.8s/edit)
2026-10-01 22:39:24,405 INFO wmedit: [sdedit/baseline/dwtdct] 712000000002 done (1360 edits, 4.8s/edit)
2026-10-01 22:39:32,189 INFO wmedit: [sdedit/baseline/dwtdct] 811000000007 done (1364 edits, 4.8s/edit)
2026-10-01 22:39:39,941 INFO wmedit: [sdedit/baseline/dwtdct] 911000000007 done (1368 edits, 4.7s/edit)
2026-10-01 22:39:47,730 INFO wmedit: [sdedit/baseline/dwtdct] 111000000008 done (1372 edits, 4.7s/edit)
2026-10-01 22:39:55,601 INFO wmedit: [sdedit/baseline/dwtdct] 211000000008 done (1376 edits, 4.7s/edit)
2026-10-01 22:40:03,453 INFO wmedit: [sdedit/baseline/dwtdct] 311000000008 done (1380 edits, 4.7s/edit)
2026-10-01 22:40:11,353 INFO wmedit: [sdedit/baseline/dwtdct] 412000000003 done (1384 edits, 4.7s/edit)
2026-10-01 22:40:19,179 INFO wmedit: [sdedit/baseline/dwtdct] 512000000003 done (1388 edits, 4.7s/edit)
2026-10-01 22:40:27,077 INFO wmedit: [sdedit/baseline/dwtdct] 612000000003 done (1392 edits, 4.7s/edit)
2026-10-01 22:40:34,932 INFO wmedit: [sdedit/baseline/dwtdct] 712000000003 done (1396 edits, 4.7s/edit)
2026-10-01 22:40:42,755 INFO wmedit: [sdedit/baseline/dwtdct] 811000000008 done (1400 edits, 4.7s/edit)
2026-10-01 22:40:50,504 INFO wmedit: [sdedit/baseline/dwtdct] 911000000008 done (1404 edits, 4.7s/edit)
2026-10-01 22:40:58,238 INFO wmedit: [sdedit/baseline/dwtdct] 111000000009 done (1408 edits, 4.7s/edit)
2026-10-01 22:41:06,105 INFO wmedit: [sdedit/baseline/dwtdct] 211000000009 done (1412 edits, 4.7s/edit)
2026-10-01 22:41:13,941 INFO wmedit: [sdedit/baseline/dwtdct] 311000000009 done (1416 edits, 4.7s/edit)
2026-10-01 22:41:21,791 INFO wmedit: [sdedit/baseline/dwtdct] 412000000004 done (1420 edits, 4.6s/edit)
2026-10-01 22:41:29,567 INFO wmedit: [sdedit/baseline/dwtdct] 512000000004 done (1424 edits, 4.6s/edit)
2026-10-01 22:41:37,292 INFO wmedit: [sdedit/baseline/dwtdct] 612000000004 done (1428 edits, 4.6s/edit)
2026-10-01 22:41:45,157 INFO wmedit: [sdedit/baseline/dwtdct] 712000000004 done (1432 edits, 4.6s/edit)
2026-10-01 22:41:52,890 INFO wmedit: [sdedit/baseline/dwtdct] 811000000009 done (1436 edits, 4.6s/edit)
2026-10-01 22:42:00,654 INFO wmedit: [sdedit/baseline/dwtdct] 911000000009 done (1440 edits, 4.6s/edit)
2026-10-01 22:42:08,471 INFO wmedit: [sdedit/reembed/wam] 111000000000 done (1444 edits, 4.6s/edit)
2026-10-01 22:42:16,427 INFO wmedit: [sdedit/reembed/wam] 211000000000 done (1448 edits, 4.6s/edit)
2026-10-01 22:42:24,344 INFO wmedit: [sdedit/reembed/wam] 311000000000 done (1452 edits, 4.6s/edit)
2026-10-01 22:42:32,274 INFO wmedit: [sdedit/reembed/wam] 411000000000 done (1456 edits, 4.6s/edit)
2026-10-01 22:42:40,305 INFO wmedit: [sdedit/reembed/wam] 511000000000 done (1460 edits, 4.6s/edit)
2026-10-01 22:42:48,306 INFO wmedit: [sdedit/reembed/wam] 611000000000 done (1464 edits, 4.6s/edit)
2026-10-01 22:42:56,280 INFO wmedit: [sdedit/reembed/wam] 711000000000 done (1468 edits, 4.6s/edit)
2026-10-01 22:43:04,281 INFO wmedit: [sdedit/reembed/wam] 811000000000 done (1472 edits, 4.6s/edit)
2026-10-01 22:43:12,100 INFO wmedit: [sdedit/reembed/wam] 911000000000 done (1476 edits, 4.5s/edit)
2026-10-01 22:43:20,040 INFO wmedit: [sdedit/reembed/wam] 111000000001 done (1480 edits, 4.5s/edit)
2026-10-01 22:43:27,978 INFO wmedit: [sdedit/reembed/wam] 211000000001 done (1484 edits, 4.5s/edit)
2026-10-01 22:43:36,052 INFO wmedit: [sdedit/reembed/wam] 311000000001 done (1488 edits, 4.5s/edit)
2026-10-01 22:43:43,929 INFO wmedit: [sdedit/reembed/wam] 411000000001 done (1492 edits, 4.5s/edit)
2026-10-01 22:43:51,857 INFO wmedit: [sdedit/reembed/wam] 511000000001 done (1496 edits, 4.5s/edit)
2026-10-01 22:43:59,721 INFO wmedit: [sdedit/reembed/wam] 611000000001 done (1500 edits, 4.5s/edit)
2026-10-01 22:44:07,739 INFO wmedit: [sdedit/reembed/wam] 711000000001 done (1504 edits, 4.5s/edit)
2026-10-01 22:44:15,598 INFO wmedit: [sdedit/reembed/wam] 811000000001 done (1508 edits, 4.5s/edit)
2026-10-01 22:44:23,560 INFO wmedit: [sdedit/reembed/wam] 911000000001 done (1512 edits, 4.5s/edit)
2026-10-01 22:44:31,580 INFO wmedit: [sdedit/reembed/wam] 111000000002 done (1516 edits, 4.5s/edit)
2026-10-01 22:44:39,477 INFO wmedit: [sdedit/reembed/wam] 211000000002 done (1520 edits, 4.5s/edit)
2026-10-01 22:44:47,445 INFO wmedit: [sdedit/reembed/wam] 311000000002 done (1524 edits, 4.5s/edit)
2026-10-01 22:44:55,384 INFO wmedit: [sdedit/reembed/wam] 411000000002 done (1528 edits, 4.5s/edit)
2026-10-01 22:45:03,397 INFO wmedit: [sdedit/reembed/wam] 511000000002 done (1532 edits, 4.5s/edit)
2026-10-01 22:45:11,172 INFO wmedit: [sdedit/reembed/wam] 611000000002 done (1536 edits, 4.4s/edit)
2026-10-01 22:45:19,110 INFO wmedit: [sdedit/reembed/wam] 711000000002 done (1540 edits, 4.4s/edit)
2026-10-01 22:45:27,028 INFO wmedit: [sdedit/reembed/wam] 811000000002 done (1544 edits, 4.4s/edit)
2026-10-01 22:45:34,864 INFO wmedit: [sdedit/reembed/wam] 911000000002 done (1548 edits, 4.4s/edit)
2026-10-01 22:45:42,807 INFO wmedit: [sdedit/reembed/wam] 111000000003 done (1552 edits, 4.4s/edit)
2026-10-01 22:45:50,710 INFO wmedit: [sdedit/reembed/wam] 211000000003 done (1556 edits, 4.4s/edit)
2026-10-01 22:45:58,704 INFO wmedit: [sdedit/reembed/wam] 311000000003 done (1560 edits, 4.4s/edit)
2026-10-01 22:46:06,541 INFO wmedit: [sdedit/reembed/wam] 411000000003 done (1564 edits, 4.4s/edit)
2026-10-01 22:46:14,525 INFO wmedit: [sdedit/reembed/wam] 511000000003 done (1568 edits, 4.4s/edit)
2026-10-01 22:46:22,387 INFO wmedit: [sdedit/reembed/wam] 611000000003 done (1572 edits, 4.4s/edit)
2026-10-01 22:46:30,363 INFO wmedit: [sdedit/reembed/wam] 711000000003 done (1576 edits, 4.4s/edit)
2026-10-01 22:46:38,328 INFO wmedit: [sdedit/reembed/wam] 811000000003 done (1580 edits, 4.4s/edit)
2026-10-01 22:46:46,195 INFO wmedit: [sdedit/reembed/wam] 911000000003 done (1584 edits, 4.4s/edit)
2026-10-01 22:46:54,140 INFO wmedit: [sdedit/reembed/wam] 111000000004 done (1588 edits, 4.4s/edit)
2026-10-01 22:47:02,083 INFO wmedit: [sdedit/reembed/wam] 211000000004 done (1592 edits, 4.4s/edit)
2026-10-01 22:47:10,017 INFO wmedit: [sdedit/reembed/wam] 311000000004 done (1596 edits, 4.4s/edit)
2026-10-01 22:47:17,958 INFO wmedit: [sdedit/reembed/wam] 411000000004 done (1600 edits, 4.3s/edit)
2026-10-01 22:47:25,937 INFO wmedit: [sdedit/reembed/wam] 511000000004 done (1604 edits, 4.3s/edit)
2026-10-01 22:47:33,948 INFO wmedit: [sdedit/reembed/wam] 611000000004 done (1608 edits, 4.3s/edit)
2026-10-01 22:47:41,935 INFO wmedit: [sdedit/reembed/wam] 711000000004 done (1612 edits, 4.3s/edit)
2026-10-01 22:47:49,964 INFO wmedit: [sdedit/reembed/wam] 811000000004 done (1616 edits, 4.3s/edit)
2026-10-01 22:47:57,836 INFO wmedit: [sdedit/reembed/wam] 911000000004 done (1620 edits, 4.3s/edit)
2026-10-01 22:48:05,801 INFO wmedit: [sdedit/reembed/wam] 111000000005 done (1624 edits, 4.3s/edit)
2026-10-01 22:48:13,777 INFO wmedit: [sdedit/reembed/wam] 211000000005 done (1628 edits, 4.3s/edit)
2026-10-01 22:48:21,682 INFO wmedit: [sdedit/reembed/wam] 311000000005 done (1632 edits, 4.3s/edit)
2026-10-01 22:48:29,754 INFO wmedit: [sdedit/reembed/wam] 412000000000 done (1636 edits, 4.3s/edit)
2026-10-01 22:48:37,751 INFO wmedit: [sdedit/reembed/wam] 512000000000 done (1640 edits, 4.3s/edit)
2026-10-01 22:48:45,585 INFO wmedit: [sdedit/reembed/wam] 612000000000 done (1644 edits, 4.3s/edit)
2026-10-01 22:48:53,494 INFO wmedit: [sdedit/reembed/wam] 712000000000 done (1648 edits, 4.3s/edit)
2026-10-01 22:49:01,381 INFO wmedit: [sdedit/reembed/wam] 811000000005 done (1652 edits, 4.3s/edit)
2026-10-01 22:49:09,284 INFO wmedit: [sdedit/reembed/wam] 911000000005 done (1656 edits, 4.3s/edit)
2026-10-01 22:49:17,290 INFO wmedit: [sdedit/reembed/wam] 111000000006 done (1660 edits, 4.3s/edit)
2026-10-01 22:49:25,238 INFO wmedit: [sdedit/reembed/wam] 211000000006 done (1664 edits, 4.3s/edit)
2026-10-01 22:49:33,204 INFO wmedit: [sdedit/reembed/wam] 311000000006 done (1668 edits, 4.2s/edit)
2026-10-01 22:49:41,122 INFO wmedit: [sdedit/reembed/wam] 412000000001 done (1672 edits, 4.2s/edit)
2026-10-01 22:49:49,086 INFO wmedit: [sdedit/reembed/wam] 512000000001 done (1676 edits, 4.2s/edit)
2026-10-01 22:49:57,078 INFO wmedit: [sdedit/reembed/wam] 612000000001 done (1680 edits, 4.2s/edit)
2026-10-01 22:50:04,973 INFO wmedit: [sdedit/reembed/wam] 712000000001 done (1684 edits, 4.2s/edit)
2026-10-01 22:50:12,872 INFO wmedit: [sdedit/reembed/wam] 811000000006 done (1688 edits, 4.2s/edit)
2026-10-01 22:50:20,829 INFO wmedit: [sdedit/reembed/wam] 911000000006 done (1692 edits, 4.2s/edit)
2026-10-01 22:50:28,821 INFO wmedit: [sdedit/reembed/wam] 111000000007 done (1696 edits, 4.2s/edit)
2026-10-01 22:50:36,815 INFO wmedit: [sdedit/reembed/wam] 211000000007 done (1700 edits, 4.2s/edit)
2026-10-01 22:50:44,815 INFO wmedit: [sdedit/reembed/wam] 311000000007 done (1704 edits, 4.2s/edit)
2026-10-01 22:50:52,716 INFO wmedit: [sdedit/reembed/wam] 412000000002 done (1708 edits, 4.2s/edit)
2026-10-01 22:51:00,682 INFO wmedit: [sdedit/reembed/wam] 512000000002 done (1712 edits, 4.2s/edit)
2026-10-01 22:51:08,709 INFO wmedit: [sdedit/reembed/wam] 612000000002 done (1716 edits, 4.2s/edit)
2026-10-01 22:51:16,699 INFO wmedit: [sdedit/reembed/wam] 712000000002 done (1720 edits, 4.2s/edit)
2026-10-01 22:51:24,591 INFO wmedit: [sdedit/reembed/wam] 811000000007 done (1724 edits, 4.2s/edit)
2026-10-01 22:51:32,578 INFO wmedit: [sdedit/reembed/wam] 911000000007 done (1728 edits, 4.2s/edit)
2026-10-01 22:51:40,498 INFO wmedit: [sdedit/reembed/wam] 111000000008 done (1732 edits, 4.2s/edit)
2026-10-01 22:51:48,503 INFO wmedit: [sdedit/reembed/wam] 211000000008 done (1736 edits, 4.2s/edit)
2026-10-01 22:51:56,500 INFO wmedit: [sdedit/reembed/wam] 311000000008 done (1740 edits, 4.2s/edit)
2026-10-01 22:52:04,528 INFO wmedit: [sdedit/reembed/wam] 412000000003 done (1744 edits, 4.2s/edit)
2026-10-01 22:52:12,472 INFO wmedit: [sdedit/reembed/wam] 512000000003 done (1748 edits, 4.1s/edit)
2026-10-01 22:52:20,501 INFO wmedit: [sdedit/reembed/wam] 612000000003 done (1752 edits, 4.1s/edit)
2026-10-01 22:52:28,485 INFO wmedit: [sdedit/reembed/wam] 712000000003 done (1756 edits, 4.1s/edit)
2026-10-01 22:52:36,463 INFO wmedit: [sdedit/reembed/wam] 811000000008 done (1760 edits, 4.1s/edit)
2026-10-01 22:52:44,387 INFO wmedit: [sdedit/reembed/wam] 911000000008 done (1764 edits, 4.1s/edit)
2026-10-01 22:52:52,268 INFO wmedit: [sdedit/reembed/wam] 111000000009 done (1768 edits, 4.1s/edit)
2026-10-01 22:53:00,302 INFO wmedit: [sdedit/reembed/wam] 211000000009 done (1772 edits, 4.1s/edit)
2026-10-01 22:53:08,280 INFO wmedit: [sdedit/reembed/wam] 311000000009 done (1776 edits, 4.1s/edit)
2026-10-01 22:53:16,199 INFO wmedit: [sdedit/reembed/wam] 412000000004 done (1780 edits, 4.1s/edit)
2026-10-01 22:53:24,100 INFO wmedit: [sdedit/reembed/wam] 512000000004 done (1784 edits, 4.1s/edit)
2026-10-01 22:53:32,003 INFO wmedit: [sdedit/reembed/wam] 612000000004 done (1788 edits, 4.1s/edit)
2026-10-01 22:53:40,034 INFO wmedit: [sdedit/reembed/wam] 712000000004 done (1792 edits, 4.1s/edit)
2026-10-01 22:53:47,925 INFO wmedit: [sdedit/reembed/wam] 811000000009 done (1796 edits, 4.1s/edit)
2026-10-01 22:53:55,835 INFO wmedit: [sdedit/reembed/wam] 911000000009 done (1800 edits, 4.1s/edit)
2026-10-01 22:54:03,567 INFO wmedit: [sdedit/reembed/trustmark] 111000000000 done (1804 edits, 4.1s/edit)
2026-10-01 22:54:11,441 INFO wmedit: [sdedit/reembed/trustmark] 211000000000 done (1808 edits, 4.1s/edit)
2026-10-01 22:54:19,310 INFO wmedit: [sdedit/reembed/trustmark] 311000000000 done (1812 edits, 4.1s/edit)
2026-10-01 22:54:27,188 INFO wmedit: [sdedit/reembed/trustmark] 411000000000 done (1816 edits, 4.1s/edit)
2026-10-01 22:54:35,076 INFO wmedit: [sdedit/reembed/trustmark] 511000000000 done (1820 edits, 4.1s/edit)
2026-10-01 22:54:43,001 INFO wmedit: [sdedit/reembed/trustmark] 611000000000 done (1824 edits, 4.1s/edit)
2026-10-01 22:54:50,914 INFO wmedit: [sdedit/reembed/trustmark] 711000000000 done (1828 edits, 4.1s/edit)
2026-10-01 22:54:58,839 INFO wmedit: [sdedit/reembed/trustmark] 811000000000 done (1832 edits, 4.0s/edit)
2026-10-01 22:55:06,626 INFO wmedit: [sdedit/reembed/trustmark] 911000000000 done (1836 edits, 4.0s/edit)
2026-10-01 22:55:14,536 INFO wmedit: [sdedit/reembed/trustmark] 111000000001 done (1840 edits, 4.0s/edit)
2026-10-01 22:55:22,392 INFO wmedit: [sdedit/reembed/trustmark] 211000000001 done (1844 edits, 4.0s/edit)
2026-10-01 22:55:30,414 INFO wmedit: [sdedit/reembed/trustmark] 311000000001 done (1848 edits, 4.0s/edit)
2026-10-01 22:55:38,247 INFO wmedit: [sdedit/reembed/trustmark] 411000000001 done (1852 edits, 4.0s/edit)
2026-10-01 22:55:46,103 INFO wmedit: [sdedit/reembed/trustmark] 511000000001 done (1856 edits, 4.0s/edit)
2026-10-01 22:55:53,881 INFO wmedit: [sdedit/reembed/trustmark] 611000000001 done (1860 edits, 4.0s/edit)
2026-10-01 22:56:01,842 INFO wmedit: [sdedit/reembed/trustmark] 711000000001 done (1864 edits, 4.0s/edit)
2026-10-01 22:56:09,647 INFO wmedit: [sdedit/reembed/trustmark] 811000000001 done (1868 edits, 4.0s/edit)
2026-10-01 22:56:17,556 INFO wmedit: [sdedit/reembed/trustmark] 911000000001 done (1872 edits, 4.0s/edit)
2026-10-01 22:56:25,472 INFO wmedit: [sdedit/reembed/trustmark] 111000000002 done (1876 edits, 4.0s/edit)
2026-10-01 22:56:33,293 INFO wmedit: [sdedit/reembed/trustmark] 211000000002 done (1880 edits, 4.0s/edit)
2026-10-01 22:56:41,180 INFO wmedit: [sdedit/reembed/trustmark] 311000000002 done (1884 edits, 4.0s/edit)
2026-10-01 22:56:49,055 INFO wmedit: [sdedit/reembed/trustmark] 411000000002 done (1888 edits, 4.0s/edit)
2026-10-01 22:56:56,933 INFO wmedit: [sdedit/reembed/trustmark] 511000000002 done (1892 edits, 4.0s/edit)
2026-10-01 22:57:04,676 INFO wmedit: [sdedit/reembed/trustmark] 611000000002 done (1896 edits, 4.0s/edit)
2026-10-01 22:57:12,564 INFO wmedit: [sdedit/reembed/trustmark] 711000000002 done (1900 edits, 4.0s/edit)
2026-10-01 22:57:20,416 INFO wmedit: [sdedit/reembed/trustmark] 811000000002 done (1904 edits, 4.0s/edit)
2026-10-01 22:57:28,217 INFO wmedit: [sdedit/reembed/trustmark] 911000000002 done (1908 edits, 4.0s/edit)
2026-10-01 22:57:36,125 INFO wmedit: [sdedit/reembed/trustmark] 111000000003 done (1912 edits, 4.0s/edit)
2026-10-01 22:57:44,017 INFO wmedit: [sdedit/reembed/trustmark] 211000000003 done (1916 edits, 4.0s/edit)
2026-10-01 22:57:51,906 INFO wmedit: [sdedit/reembed/trustmark] 311000000003 done (1920 edits, 4.0s/edit)
2026-10-01 22:57:59,715 INFO wmedit: [sdedit/reembed/trustmark] 411000000003 done (1924 edits, 3.9s/edit)
2026-10-01 22:58:07,563 INFO wmedit: [sdedit/reembed/trustmark] 511000000003 done (1928 edits, 3.9s/edit)
2026-10-01 22:58:15,356 INFO wmedit: [sdedit/reembed/trustmark] 611000000003 done (1932 edits, 3.9s/edit)
2026-10-01 22:58:23,265 INFO wmedit: [sdedit/reembed/trustmark] 711000000003 done (1936 edits, 3.9s/edit)
2026-10-01 22:58:31,120 INFO wmedit: [sdedit/reembed/trustmark] 811000000003 done (1940 edits, 3.9s/edit)
2026-10-01 22:58:38,940 INFO wmedit: [sdedit/reembed/trustmark] 911000000003 done (1944 edits, 3.9s/edit)
2026-10-01 22:58:46,809 INFO wmedit: [sdedit/reembed/trustmark] 111000000004 done (1948 edits, 3.9s/edit)
2026-10-01 22:58:54,699 INFO wmedit: [sdedit/reembed/trustmark] 211000000004 done (1952 edits, 3.9s/edit)
2026-10-01 22:59:02,591 INFO wmedit: [sdedit/reembed/trustmark] 311000000004 done (1956 edits, 3.9s/edit)
2026-10-01 22:59:10,487 INFO wmedit: [sdedit/reembed/trustmark] 411000000004 done (1960 edits, 3.9s/edit)
2026-10-01 22:59:18,314 INFO wmedit: [sdedit/reembed/trustmark] 511000000004 done (1964 edits, 3.9s/edit)
2026-10-01 22:59:26,077 INFO wmedit: [sdedit/reembed/trustmark] 611000000004 done (1968 edits, 3.9s/edit)
2026-10-01 22:59:33,968 INFO wmedit: [sdedit/reembed/trustmark] 711000000004 done (1972 edits, 3.9s/edit)
2026-10-01 22:59:41,846 INFO wmedit: [sdedit/reembed/trustmark] 811000000004 done (1976 edits, 3.9s/edit)
2026-10-01 22:59:49,653 INFO wmedit: [sdedit/reembed/trustmark] 911000000004 done (1980 edits, 3.9s/edit)
2026-10-01 22:59:57,561 INFO wmedit: [sdedit/reembed/trustmark] 111000000005 done (1984 edits, 3.9s/edit)
2026-10-01 23:00:05,476 INFO wmedit: [sdedit/reembed/trustmark] 211000000005 done (1988 edits, 3.9s/edit)
2026-10-01 23:00:13,333 INFO wmedit: [sdedit/reembed/trustmark] 311000000005 done (1992 edits, 3.9s/edit)
2026-10-01 23:00:21,333 INFO wmedit: [sdedit/reembed/trustmark] 412000000000 done (1996 edits, 3.9s/edit)
2026-10-01 23:00:29,054 INFO wmedit: [sdedit/reembed/trustmark] 512000000000 done (2000 edits, 3.9s/edit)
2026-10-01 23:00:36,880 INFO wmedit: [sdedit/reembed/trustmark] 612000000000 done (2004 edits, 3.9s/edit)
2026-10-01 23:00:44,739 INFO wmedit: [sdedit/reembed/trustmark] 712000000000 done (2008 edits, 3.9s/edit)
2026-10-01 23:00:52,560 INFO wmedit: [sdedit/reembed/trustmark] 811000000005 done (2012 edits, 3.9s/edit)
2026-10-01 23:01:00,420 INFO wmedit: [sdedit/reembed/trustmark] 911000000005 done (2016 edits, 3.9s/edit)
2026-10-01 23:01:08,307 INFO wmedit: [sdedit/reembed/trustmark] 111000000006 done (2020 edits, 3.9s/edit)
2026-10-01 23:01:16,210 INFO wmedit: [sdedit/reembed/trustmark] 211000000006 done (2024 edits, 3.8s/edit)
2026-10-01 23:01:24,109 INFO wmedit: [sdedit/reembed/trustmark] 311000000006 done (2028 edits, 3.8s/edit)
2026-10-01 23:01:31,968 INFO wmedit: [sdedit/reembed/trustmark] 412000000001 done (2032 edits, 3.8s/edit)
2026-10-01 23:01:39,860 INFO wmedit: [sdedit/reembed/trustmark] 512000000001 done (2036 edits, 3.8s/edit)
2026-10-01 23:01:47,730 INFO wmedit: [sdedit/reembed/trustmark] 612000000001 done (2040 edits, 3.8s/edit)
2026-10-01 23:01:55,620 INFO wmedit: [sdedit/reembed/trustmark] 712000000001 done (2044 edits, 3.8s/edit)
2026-10-01 23:02:03,481 INFO wmedit: [sdedit/reembed/trustmark] 811000000006 done (2048 edits, 3.8s/edit)
2026-10-01 23:02:11,375 INFO wmedit: [sdedit/reembed/trustmark] 911000000006 done (2052 edits, 3.8s/edit)
2026-10-01 23:02:19,334 INFO wmedit: [sdedit/reembed/trustmark] 111000000007 done (2056 edits, 3.8s/edit)
2026-10-01 23:02:27,291 INFO wmedit: [sdedit/reembed/trustmark] 211000000007 done (2060 edits, 3.8s/edit)
2026-10-01 23:02:35,233 INFO wmedit: [sdedit/reembed/trustmark] 311000000007 done (2064 edits, 3.8s/edit)
2026-10-01 23:02:43,061 INFO wmedit: [sdedit/reembed/trustmark] 412000000002 done (2068 edits, 3.8s/edit)
2026-10-01 23:02:50,948 INFO wmedit: [sdedit/reembed/trustmark] 512000000002 done (2072 edits, 3.8s/edit)
2026-10-01 23:02:58,843 INFO wmedit: [sdedit/reembed/trustmark] 612000000002 done (2076 edits, 3.8s/edit)
2026-10-01 23:03:06,798 INFO wmedit: [sdedit/reembed/trustmark] 712000000002 done (2080 edits, 3.8s/edit)
2026-10-01 23:03:14,657 INFO wmedit: [sdedit/reembed/trustmark] 811000000007 done (2084 edits, 3.8s/edit)
2026-10-01 23:03:22,554 INFO wmedit: [sdedit/reembed/trustmark] 911000000007 done (2088 edits, 3.8s/edit)
2026-10-01 23:03:30,443 INFO wmedit: [sdedit/reembed/trustmark] 111000000008 done (2092 edits, 3.8s/edit)
2026-10-01 23:03:38,414 INFO wmedit: [sdedit/reembed/trustmark] 211000000008 done (2096 edits, 3.8s/edit)
2026-10-01 23:03:46,334 INFO wmedit: [sdedit/reembed/trustmark] 311000000008 done (2100 edits, 3.8s/edit)
2026-10-01 23:03:54,276 INFO wmedit: [sdedit/reembed/trustmark] 412000000003 done (2104 edits, 3.8s/edit)
2026-10-01 23:04:02,146 INFO wmedit: [sdedit/reembed/trustmark] 512000000003 done (2108 edits, 3.8s/edit)
2026-10-01 23:04:10,086 INFO wmedit: [sdedit/reembed/trustmark] 612000000003 done (2112 edits, 3.8s/edit)
2026-10-01 23:04:17,992 INFO wmedit: [sdedit/reembed/trustmark] 712000000003 done (2116 edits, 3.8s/edit)
2026-10-01 23:04:25,900 INFO wmedit: [sdedit/reembed/trustmark] 811000000008 done (2120 edits, 3.8s/edit)
2026-10-01 23:04:33,749 INFO wmedit: [sdedit/reembed/trustmark] 911000000008 done (2124 edits, 3.8s/edit)
2026-10-01 23:04:41,592 INFO wmedit: [sdedit/reembed/trustmark] 111000000009 done (2128 edits, 3.8s/edit)
2026-10-01 23:04:49,578 INFO wmedit: [sdedit/reembed/trustmark] 211000000009 done (2132 edits, 3.8s/edit)
2026-10-01 23:04:57,455 INFO wmedit: [sdedit/reembed/trustmark] 311000000009 done (2136 edits, 3.8s/edit)
2026-10-01 23:05:05,263 INFO wmedit: [sdedit/reembed/trustmark] 412000000004 done (2140 edits, 3.7s/edit)
2026-10-01 23:05:12,990 INFO wmedit: [sdedit/reembed/trustmark] 512000000004 done (2144 edits, 3.7s/edit)
2026-10-01 23:05:20,640 INFO wmedit: [sdedit/reembed/trustmark] 612000000004 done (2148 edits, 3.7s/edit)
2026-10-01 23:05:28,405 INFO wmedit: [sdedit/reembed/trustmark] 712000000004 done (2152 edits, 3.7s/edit)
2026-10-01 23:05:36,066 INFO wmedit: [sdedit/reembed/trustmark] 811000000009 done (2156 edits, 3.7s/edit)
2026-10-01 23:05:43,728 INFO wmedit: [sdedit/reembed/trustmark] 911000000009 done (2160 edits, 3.7s/edit)
2026-10-01 23:05:51,994 INFO wmedit: [sdedit/reembed/dwtdct] 111000000000 done (2164 edits, 3.7s/edit)
2026-10-01 23:06:00,359 INFO wmedit: [sdedit/reembed/dwtdct] 211000000000 done (2168 edits, 3.7s/edit)
2026-10-01 23:06:08,715 INFO wmedit: [sdedit/reembed/dwtdct] 311000000000 done (2172 edits, 3.7s/edit)
2026-10-01 23:06:17,131 INFO wmedit: [sdedit/reembed/dwtdct] 411000000000 done (2176 edits, 3.7s/edit)
2026-10-01 23:06:25,483 INFO wmedit: [sdedit/reembed/dwtdct] 511000000000 done (2180 edits, 3.7s/edit)
2026-10-01 23:06:34,004 INFO wmedit: [sdedit/reembed/dwtdct] 611000000000 done (2184 edits, 3.7s/edit)
2026-10-01 23:06:42,409 INFO wmedit: [sdedit/reembed/dwtdct] 711000000000 done (2188 edits, 3.7s/edit)
2026-10-01 23:06:50,844 INFO wmedit: [sdedit/reembed/dwtdct] 811000000000 done (2192 edits, 3.7s/edit)
2026-10-01 23:06:59,165 INFO wmedit: [sdedit/reembed/dwtdct] 911000000000 done (2196 edits, 3.7s/edit)
2026-10-01 23:07:07,613 INFO wmedit: [sdedit/reembed/dwtdct] 111000000001 done (2200 edits, 3.7s/edit)
2026-10-01 23:07:16,025 INFO wmedit: [sdedit/reembed/dwtdct] 211000000001 done (2204 edits, 3.7s/edit)
2026-10-01 23:07:24,554 INFO wmedit: [sdedit/reembed/dwtdct] 311000000001 done (2208 edits, 3.7s/edit)
2026-10-01 23:07:32,914 INFO wmedit: [sdedit/reembed/dwtdct] 411000000001 done (2212 edits, 3.7s/edit)
2026-10-01 23:07:41,274 INFO wmedit: [sdedit/reembed/dwtdct] 511000000001 done (2216 edits, 3.7s/edit)
2026-10-01 23:07:49,546 INFO wmedit: [sdedit/reembed/dwtdct] 611000000001 done (2220 edits, 3.7s/edit)
2026-10-01 23:07:58,052 INFO wmedit: [sdedit/reembed/dwtdct] 711000000001 done (2224 edits, 3.7s/edit)
2026-10-01 23:08:06,398 INFO wmedit: [sdedit/reembed/dwtdct] 811000000001 done (2228 edits, 3.7s/edit)
2026-10-01 23:08:14,821 INFO wmedit: [sdedit/reembed/dwtdct] 911000000001 done (2232 edits, 3.7s/edit)
2026-10-01 23:08:23,409 INFO wmedit: [sdedit/reembed/dwtdct] 111000000002 done (2236 edits, 3.7s/edit)
2026-10-01 23:08:31,895 INFO wmedit: [sdedit/reembed/dwtdct] 211000000002 done (2240 edits, 3.7s/edit)
2026-10-01 23:08:40,436 INFO wmedit: [sdedit/reembed/dwtdct] 311000000002 done (2244 edits, 3.7s/edit)
2026-10-01 23:08:48,990 INFO wmedit: [sdedit/reembed/dwtdct] 411000000002 done (2248 edits, 3.7s/edit)
2026-10-01 23:08:57,429 INFO wmedit: [sdedit/reembed/dwtdct] 511000000002 done (2252 edits, 3.7s/edit)
2026-10-01 23:09:05,740 INFO wmedit: [sdedit/reembed/dwtdct] 611000000002 done (2256 edits, 3.7s/edit)
2026-10-01 23:09:14,154 INFO wmedit: [sdedit/reembed/dwtdct] 711000000002 done (2260 edits, 3.7s/edit)
2026-10-01 23:09:22,555 INFO wmedit: [sdedit/reembed/dwtdct] 811000000002 done (2264 edits, 3.7s/edit)
2026-10-01 23:09:30,867 INFO wmedit: [sdedit/reembed/dwtdct] 911000000002 done (2268 edits, 3.7s/edit)
2026-10-01 23:09:39,321 INFO wmedit: [sdedit/reembed/dwtdct] 111000000003 done (2272 edits, 3.7s/edit)
2026-10-01 23:09:47,797 INFO wmedit: [sdedit/reembed/dwtdct] 211000000003 done (2276 edits, 3.6s/edit)
2026-10-01 23:09:56,281 INFO wmedit: [sdedit/reembed/dwtdct] 311000000003 done (2280 edits, 3.6s/edit)
2026-10-01 23:10:04,672 INFO wmedit: [sdedit/reembed/dwtdct] 411000000003 done (2284 edits, 3.6s/edit)
2026-10-01 23:10:13,117 INFO wmedit: [sdedit/reembed/dwtdct] 511000000003 done (2288 edits, 3.6s/edit)
2026-10-01 23:10:21,589 INFO wmedit: [sdedit/reembed/dwtdct] 611000000003 done (2292 edits, 3.6s/edit)
2026-10-01 23:10:30,182 INFO wmedit: [sdedit/reembed/dwtdct] 711000000003 done (2296 edits, 3.6s/edit)
2026-10-01 23:10:38,706 INFO wmedit: [sdedit/reembed/dwtdct] 811000000003 done (2300 edits, 3.6s/edit)
2026-10-01 23:10:47,236 INFO wmedit: [sdedit/reembed/dwtdct] 911000000003 done (2304 edits, 3.6s/edit)
2026-10-01 23:10:55,773 INFO wmedit: [sdedit/reembed/dwtdct] 111000000004 done (2308 edits, 3.6s/edit)
2026-10-01 23:11:04,284 INFO wmedit: [sdedit/reembed/dwtdct] 211000000004 done (2312 edits, 3.6s/edit)
2026-10-01 23:11:12,721 INFO wmedit: [sdedit/reembed/dwtdct] 311000000004 done (2316 edits, 3.6s/edit)
2026-10-01 23:11:21,163 INFO wmedit: [sdedit/reembed/dwtdct] 411000000004 done (2320 edits, 3.6s/edit)
2026-10-01 23:11:29,472 INFO wmedit: [sdedit/reembed/dwtdct] 511000000004 done (2324 edits, 3.6s/edit)
2026-10-01 23:11:37,763 INFO wmedit: [sdedit/reembed/dwtdct] 611000000004 done (2328 edits, 3.6s/edit)
2026-10-01 23:11:46,190 INFO wmedit: [sdedit/reembed/dwtdct] 711000000004 done (2332 edits, 3.6s/edit)
2026-10-01 23:11:54,674 INFO wmedit: [sdedit/reembed/dwtdct] 811000000004 done (2336 edits, 3.6s/edit)
2026-10-01 23:12:03,081 INFO wmedit: [sdedit/reembed/dwtdct] 911000000004 done (2340 edits, 3.6s/edit)
2026-10-01 23:12:11,611 INFO wmedit: [sdedit/reembed/dwtdct] 111000000005 done (2344 edits, 3.6s/edit)
2026-10-01 23:12:20,200 INFO wmedit: [sdedit/reembed/dwtdct] 211000000005 done (2348 edits, 3.6s/edit)
2026-10-01 23:12:28,757 INFO wmedit: [sdedit/reembed/dwtdct] 311000000005 done (2352 edits, 3.6s/edit)
2026-10-01 23:12:37,443 INFO wmedit: [sdedit/reembed/dwtdct] 412000000000 done (2356 edits, 3.6s/edit)
2026-10-01 23:12:45,847 INFO wmedit: [sdedit/reembed/dwtdct] 512000000000 done (2360 edits, 3.6s/edit)
2026-10-01 23:12:54,209 INFO wmedit: [sdedit/reembed/dwtdct] 612000000000 done (2364 edits, 3.6s/edit)
2026-10-01 23:13:02,624 INFO wmedit: [sdedit/reembed/dwtdct] 712000000000 done (2368 edits, 3.6s/edit)
2026-10-01 23:13:11,001 INFO wmedit: [sdedit/reembed/dwtdct] 811000000005 done (2372 edits, 3.6s/edit)
2026-10-01 23:13:19,432 INFO wmedit: [sdedit/reembed/dwtdct] 911000000005 done (2376 edits, 3.6s/edit)
2026-10-01 23:13:27,833 INFO wmedit: [sdedit/reembed/dwtdct] 111000000006 done (2380 edits, 3.6s/edit)
2026-10-01 23:13:36,329 INFO wmedit: [sdedit/reembed/dwtdct] 211000000006 done (2384 edits, 3.6s/edit)
2026-10-01 23:13:44,834 INFO wmedit: [sdedit/reembed/dwtdct] 311000000006 done (2388 edits, 3.6s/edit)
2026-10-01 23:13:53,305 INFO wmedit: [sdedit/reembed/dwtdct] 412000000001 done (2392 edits, 3.6s/edit)
2026-10-01 23:14:01,848 INFO wmedit: [sdedit/reembed/dwtdct] 512000000001 done (2396 edits, 3.6s/edit)
2026-10-01 23:14:10,371 INFO wmedit: [sdedit/reembed/dwtdct] 612000000001 done (2400 edits, 3.6s/edit)
2026-10-01 23:14:18,912 INFO wmedit: [sdedit/reembed/dwtdct] 712000000001 done (2404 edits, 3.6s/edit)
2026-10-01 23:14:27,401 INFO wmedit: [sdedit/reembed/dwtdct] 811000000006 done (2408 edits, 3.6s/edit)
2026-10-01 23:14:36,006 INFO wmedit: [sdedit/reembed/dwtdct] 911000000006 done (2412 edits, 3.6s/edit)
2026-10-01 23:14:44,641 INFO wmedit: [sdedit/reembed/dwtdct] 111000000007 done (2416 edits, 3.6s/edit)
2026-10-01 23:14:53,219 INFO wmedit: [sdedit/reembed/dwtdct] 211000000007 done (2420 edits, 3.6s/edit)
2026-10-01 23:15:01,710 INFO wmedit: [sdedit/reembed/dwtdct] 311000000007 done (2424 edits, 3.6s/edit)
2026-10-01 23:15:10,085 INFO wmedit: [sdedit/reembed/dwtdct] 412000000002 done (2428 edits, 3.6s/edit)
2026-10-01 23:15:18,516 INFO wmedit: [sdedit/reembed/dwtdct] 512000000002 done (2432 edits, 3.5s/edit)
2026-10-01 23:15:26,973 INFO wmedit: [sdedit/reembed/dwtdct] 612000000002 done (2436 edits, 3.5s/edit)
2026-10-01 23:15:35,397 INFO wmedit: [sdedit/reembed/dwtdct] 712000000002 done (2440 edits, 3.5s/edit)
2026-10-01 23:15:43,799 INFO wmedit: [sdedit/reembed/dwtdct] 811000000007 done (2444 edits, 3.5s/edit)
2026-10-01 23:15:52,142 INFO wmedit: [sdedit/reembed/dwtdct] 911000000007 done (2448 edits, 3.5s/edit)
2026-10-01 23:16:00,545 INFO wmedit: [sdedit/reembed/dwtdct] 111000000008 done (2452 edits, 3.5s/edit)
2026-10-01 23:16:09,110 INFO wmedit: [sdedit/reembed/dwtdct] 211000000008 done (2456 edits, 3.5s/edit)
2026-10-01 23:16:17,611 INFO wmedit: [sdedit/reembed/dwtdct] 311000000008 done (2460 edits, 3.5s/edit)
2026-10-01 23:16:26,178 INFO wmedit: [sdedit/reembed/dwtdct] 412000000003 done (2464 edits, 3.5s/edit)
2026-10-01 23:16:34,624 INFO wmedit: [sdedit/reembed/dwtdct] 512000000003 done (2468 edits, 3.5s/edit)
2026-10-01 23:16:43,128 INFO wmedit: [sdedit/reembed/dwtdct] 612000000003 done (2472 edits, 3.5s/edit)
2026-10-01 23:16:51,664 INFO wmedit: [sdedit/reembed/dwtdct] 712000000003 done (2476 edits, 3.5s/edit)
2026-10-01 23:17:00,212 INFO wmedit: [sdedit/reembed/dwtdct] 811000000008 done (2480 edits, 3.5s/edit)
2026-10-01 23:17:08,605 INFO wmedit: [sdedit/reembed/dwtdct] 911000000008 done (2484 edits, 3.5s/edit)
2026-10-01 23:17:16,968 INFO wmedit: [sdedit/reembed/dwtdct] 111000000009 done (2488 edits, 3.5s/edit)
2026-10-01 23:17:25,500 INFO wmedit: [sdedit/reembed/dwtdct] 211000000009 done (2492 edits, 3.5s/edit)
2026-10-01 23:17:34,001 INFO wmedit: [sdedit/reembed/dwtdct] 311000000009 done (2496 edits, 3.5s/edit)
2026-10-01 23:17:42,482 INFO wmedit: [sdedit/reembed/dwtdct] 412000000004 done (2500 edits, 3.5s/edit)
2026-10-01 23:17:50,959 INFO wmedit: [sdedit/reembed/dwtdct] 512000000004 done (2504 edits, 3.5s/edit)
2026-10-01 23:17:59,415 INFO wmedit: [sdedit/reembed/dwtdct] 612000000004 done (2508 edits, 3.5s/edit)
2026-10-01 23:18:08,040 INFO wmedit: [sdedit/reembed/dwtdct] 712000000004 done (2512 edits, 3.5s/edit)
2026-10-01 23:18:16,487 INFO wmedit: [sdedit/reembed/dwtdct] 811000000009 done (2516 edits, 3.5s/edit)
2026-10-01 23:18:24,993 INFO wmedit: [sdedit/reembed/dwtdct] 911000000009 done (2520 edits, 3.5s/edit)
2026-10-01 23:18:25,500 INFO root: Parsing model identifier. Schema: None, Identifier: ViT-L-14
2026-10-01 23:18:25,501 INFO root: Loaded built-in ViT-L-14 model config.
2026-10-01 23:18:25,623 INFO httpx: HTTP Request: HEAD https://huggingface.co/timm/vit_large_patch14_clip_224.openai/resolve/main/open_clip_model.safetensors "HTTP/1.1 302 Found"
2026-10-01 23:18:25,624 INFO root: Instantiating model architecture: CLIP
2026-10-01 23:18:28,074 INFO root: Loading full pretrained weights from: /home/ubuntu/wm_research/checkpoints/hf_home/hub/models--timm--vit_large_patch14_clip_224.openai/snapshots/18d0535469bb561bf468d76c1d73aa35156c922b/open_clip_model.safetensors
2026-10-01 23:18:28,197 INFO root: Final image preprocessing configuration set: {'size': (224, 224), 'mode': 'RGB', 'mean': (0.48145466, 0.4578275, 0.40821073), 'std': (0.26862954, 0.26130258, 0.27577711), 'interpolation': 'bicubic', 'resize_mode': 'shortest', 'fill_color': 0}
2026-10-01 23:18:28,197 INFO root: Model ViT-L-14 creation process complete.
2026-10-01 23:18:28,459 INFO root: Parsing tokenizer identifier. Schema: None, Identifier: ViT-L-14
2026-10-01 23:18:28,459 INFO root: Attempting to load config from built-in: ViT-L-14
2026-10-01 23:18:28,459 INFO root: Using default SimpleTokenizer.
2026-10-01 23:18:29,086 INFO httpx: HTTP Request: GET https://huggingface.co/api/models/facebook/dinov2-small "HTTP/1.1 200 OK"
2026-10-01 23:44:14,534 INFO wmedit: collected 6300 rows -> /home/ubuntu/wm_research/experiments/stage2/results/rows.csv
2026-10-01 23:47:15,465 INFO httpx: HTTP Request: HEAD https://huggingface.co/datasets/UB-CVML-Group/PIE_Bench_pp/resolve/main/1_change_object_80/V1-00000-of-00001.parquet "HTTP/1.1 302 Found"
2026-10-01 23:47:15,467 WARNING huggingface_hub.utils._http: Warning: You are sending unauthenticated requests to the HF Hub. Please set a HF_TOKEN to enable higher rate limits and faster downloads.
2026-10-01 23:47:15,837 INFO httpx: HTTP Request: HEAD https://huggingface.co/datasets/UB-CVML-Group/PIE_Bench_pp/resolve/main/2_add_object_80/V1-00000-of-00001.parquet "HTTP/1.1 302 Found"
2026-10-01 23:47:16,013 INFO httpx: HTTP Request: HEAD https://huggingface.co/datasets/UB-CVML-Group/PIE_Bench_pp/resolve/main/3_delete_object_80/V1-00000-of-00001.parquet "HTTP/1.1 302 Found"
2026-10-01 23:47:16,181 INFO httpx: HTTP Request: HEAD https://huggingface.co/datasets/UB-CVML-Group/PIE_Bench_pp/resolve/main/4_change_attribute_content_40/V1-00000-of-00001.parquet "HTTP/1.1 302 Found"
2026-10-01 23:47:16,334 INFO httpx: HTTP Request: HEAD https://huggingface.co/datasets/UB-CVML-Group/PIE_Bench_pp/resolve/main/5_change_attribute_pose_40/V1-00000-of-00001.parquet "HTTP/1.1 302 Found"
2026-10-01 23:47:16,488 INFO httpx: HTTP Request: HEAD https://huggingface.co/datasets/UB-CVML-Group/PIE_Bench_pp/resolve/main/6_change_attribute_color_40/V1-00000-of-00001.parquet "HTTP/1.1 302 Found"
2026-10-01 23:47:16,642 INFO httpx: HTTP Request: HEAD https://huggingface.co/datasets/UB-CVML-Group/PIE_Bench_pp/resolve/main/7_change_attribute_material_40/V1-00000-of-00001.parquet "HTTP/1.1 302 Found"
2026-10-01 23:47:16,807 INFO httpx: HTTP Request: HEAD https://huggingface.co/datasets/UB-CVML-Group/PIE_Bench_pp/resolve/main/8_change_background_80/V1-00000-of-00001.parquet "HTTP/1.1 302 Found"
2026-10-01 23:47:16,989 INFO httpx: HTTP Request: HEAD https://huggingface.co/datasets/UB-CVML-Group/PIE_Bench_pp/resolve/main/9_change_style_80/V1-00000-of-00001.parquet "HTTP/1.1 302 Found"
2026-10-01 23:47:17,057 INFO wmedit: prepared 90 samples -> /home/ubuntu/wm_research/experiments/stage2
2026-10-01 23:47:28,236 INFO wmedit: embed stage done
2026-10-01 23:47:30,039 INFO httpx: HTTP Request: GET https://huggingface.co/api/models/black-forest-labs/FLUX.2-klein-4B "HTTP/1.1 200 OK"
2026-10-01 23:47:30,145 INFO httpx: HTTP Request: HEAD https://huggingface.co/black-forest-labs/FLUX.2-klein-4B/resolve/main/model_index.json "HTTP/1.1 307 Temporary Redirect"
2026-10-01 23:47:30,150 INFO httpx: HTTP Request: HEAD https://huggingface.co/api/resolve-cache/models/black-forest-labs/FLUX.2-klein-4B/e7b7dc27f91deacad38e78976d1f2b499d76a294/model_index.json?%2Fblack-forest-labs%2FFLUX.2-klein-4B%2Fresolve%2Fmain%2Fmodel_index.json=&etag=%22554a39bf1019138dd0b28809b745df8ef33657c8%22 "HTTP/1.1 200 OK"
2026-10-01 23:49:40,630 INFO wmedit: [flux2klein/baseline/none] 111000000000 done (4 edits, 2.4s/edit)
2026-10-01 23:49:48,562 INFO wmedit: [flux2klein/baseline/none] 211000000000 done (8 edits, 2.2s/edit)
2026-10-01 23:49:56,528 INFO wmedit: [flux2klein/baseline/none] 311000000000 done (12 edits, 2.1s/edit)
2026-10-01 23:50:04,430 INFO wmedit: [flux2klein/baseline/none] 411000000000 done (16 edits, 2.1s/edit)
2026-10-01 23:50:12,297 INFO wmedit: [flux2klein/baseline/none] 511000000000 done (20 edits, 2.1s/edit)
2026-10-01 23:50:20,210 INFO wmedit: [flux2klein/baseline/none] 611000000000 done (24 edits, 2.0s/edit)
2026-10-01 23:50:28,143 INFO wmedit: [flux2klein/baseline/none] 711000000000 done (28 edits, 2.0s/edit)
2026-10-01 23:50:36,151 INFO wmedit: [flux2klein/baseline/none] 811000000000 done (32 edits, 2.0s/edit)
2026-10-01 23:50:44,138 INFO wmedit: [flux2klein/baseline/none] 911000000000 done (36 edits, 2.0s/edit)
2026-10-01 23:50:52,152 INFO wmedit: [flux2klein/baseline/none] 111000000001 done (40 edits, 2.0s/edit)
2026-10-01 23:51:00,148 INFO wmedit: [flux2klein/baseline/none] 211000000001 done (44 edits, 2.0s/edit)
2026-10-01 23:51:08,248 INFO wmedit: [flux2klein/baseline/none] 311000000001 done (48 edits, 2.0s/edit)
2026-10-01 23:51:16,296 INFO wmedit: [flux2klein/baseline/none] 411000000001 done (52 edits, 2.0s/edit)
2026-10-01 23:51:24,408 INFO wmedit: [flux2klein/baseline/none] 511000000001 done (56 edits, 2.0s/edit)
2026-10-01 23:51:32,501 INFO wmedit: [flux2klein/baseline/none] 611000000001 done (60 edits, 2.0s/edit)
2026-10-01 23:51:40,640 INFO wmedit: [flux2klein/baseline/none] 711000000001 done (64 edits, 2.0s/edit)
2026-10-01 23:51:48,828 INFO wmedit: [flux2klein/baseline/none] 811000000001 done (68 edits, 2.0s/edit)
2026-10-01 23:51:57,106 INFO wmedit: [flux2klein/baseline/none] 911000000001 done (72 edits, 2.0s/edit)
2026-10-01 23:52:05,400 INFO wmedit: [flux2klein/baseline/none] 111000000002 done (76 edits, 2.0s/edit)
2026-10-01 23:52:13,758 INFO wmedit: [flux2klein/baseline/none] 211000000002 done (80 edits, 2.0s/edit)
2026-10-01 23:52:22,230 INFO wmedit: [flux2klein/baseline/none] 311000000002 done (84 edits, 2.0s/edit)
2026-10-01 23:52:30,789 INFO wmedit: [flux2klein/baseline/none] 411000000002 done (88 edits, 2.0s/edit)
2026-10-01 23:52:39,400 INFO wmedit: [flux2klein/baseline/none] 511000000002 done (92 edits, 2.0s/edit)
2026-10-01 23:52:47,923 INFO wmedit: [flux2klein/baseline/none] 611000000002 done (96 edits, 2.1s/edit)
2026-10-01 23:52:56,415 INFO wmedit: [flux2klein/baseline/none] 711000000002 done (100 edits, 2.1s/edit)
2026-10-01 23:53:04,915 INFO wmedit: [flux2klein/baseline/none] 811000000002 done (104 edits, 2.1s/edit)
2026-10-01 23:53:13,477 INFO wmedit: [flux2klein/baseline/none] 911000000002 done (108 edits, 2.1s/edit)
2026-10-01 23:53:21,984 INFO wmedit: [flux2klein/baseline/none] 111000000003 done (112 edits, 2.1s/edit)
2026-10-01 23:53:30,437 INFO wmedit: [flux2klein/baseline/none] 211000000003 done (116 edits, 2.1s/edit)
2026-10-01 23:53:38,988 INFO wmedit: [flux2klein/baseline/none] 311000000003 done (120 edits, 2.1s/edit)
2026-10-01 23:53:47,586 INFO wmedit: [flux2klein/baseline/none] 411000000003 done (124 edits, 2.1s/edit)
2026-10-01 23:53:56,097 INFO wmedit: [flux2klein/baseline/none] 511000000003 done (128 edits, 2.1s/edit)
2026-10-01 23:54:04,624 INFO wmedit: [flux2klein/baseline/none] 611000000003 done (132 edits, 2.1s/edit)
2026-10-01 23:54:13,139 INFO wmedit: [flux2klein/baseline/none] 711000000003 done (136 edits, 2.1s/edit)
2026-10-01 23:54:21,712 INFO wmedit: [flux2klein/baseline/none] 811000000003 done (140 edits, 2.1s/edit)
2026-10-01 23:54:30,189 INFO wmedit: [flux2klein/baseline/none] 911000000003 done (144 edits, 2.1s/edit)
2026-10-01 23:54:38,728 INFO wmedit: [flux2klein/baseline/none] 111000000004 done (148 edits, 2.1s/edit)
2026-10-01 23:54:47,248 INFO wmedit: [flux2klein/baseline/none] 211000000004 done (152 edits, 2.1s/edit)
2026-10-01 23:54:55,750 INFO wmedit: [flux2klein/baseline/none] 311000000004 done (156 edits, 2.1s/edit)
2026-10-01 23:55:04,315 INFO wmedit: [flux2klein/baseline/none] 411000000004 done (160 edits, 2.1s/edit)
2026-10-01 23:55:12,795 INFO wmedit: [flux2klein/baseline/none] 511000000004 done (164 edits, 2.1s/edit)
2026-10-01 23:55:21,179 INFO wmedit: [flux2klein/baseline/none] 611000000004 done (168 edits, 2.1s/edit)
2026-10-01 23:55:29,580 INFO wmedit: [flux2klein/baseline/none] 711000000004 done (172 edits, 2.1s/edit)
2026-10-01 23:55:37,876 INFO wmedit: [flux2klein/baseline/none] 811000000004 done (176 edits, 2.1s/edit)
2026-10-01 23:55:46,219 INFO wmedit: [flux2klein/baseline/none] 911000000004 done (180 edits, 2.1s/edit)
2026-10-01 23:55:54,604 INFO wmedit: [flux2klein/baseline/none] 111000000005 done (184 edits, 2.1s/edit)
2026-10-01 23:56:02,999 INFO wmedit: [flux2klein/baseline/none] 211000000005 done (188 edits, 2.1s/edit)
2026-10-01 23:56:11,353 INFO wmedit: [flux2klein/baseline/none] 311000000005 done (192 edits, 2.1s/edit)
2026-10-01 23:56:19,843 INFO wmedit: [flux2klein/baseline/none] 412000000000 done (196 edits, 2.1s/edit)
2026-10-01 23:56:28,288 INFO wmedit: [flux2klein/baseline/none] 512000000000 done (200 edits, 2.1s/edit)
2026-10-01 23:56:36,852 INFO wmedit: [flux2klein/baseline/none] 612000000000 done (204 edits, 2.1s/edit)
2026-10-01 23:56:45,439 INFO wmedit: [flux2klein/baseline/none] 712000000000 done (208 edits, 2.1s/edit)
2026-10-01 23:56:53,974 INFO wmedit: [flux2klein/baseline/none] 811000000005 done (212 edits, 2.1s/edit)
2026-10-01 23:57:02,504 INFO wmedit: [flux2klein/baseline/none] 911000000005 done (216 edits, 2.1s/edit)
2026-10-01 23:57:10,976 INFO wmedit: [flux2klein/baseline/none] 111000000006 done (220 edits, 2.1s/edit)
2026-10-01 23:57:19,448 INFO wmedit: [flux2klein/baseline/none] 211000000006 done (224 edits, 2.1s/edit)
2026-10-01 23:57:27,978 INFO wmedit: [flux2klein/baseline/none] 311000000006 done (228 edits, 2.1s/edit)
2026-10-01 23:57:36,437 INFO wmedit: [flux2klein/baseline/none] 412000000001 done (232 edits, 2.1s/edit)
2026-10-01 23:57:44,967 INFO wmedit: [flux2klein/baseline/none] 512000000001 done (236 edits, 2.1s/edit)
2026-10-01 23:57:53,332 INFO wmedit: [flux2klein/baseline/none] 612000000001 done (240 edits, 2.1s/edit)
2026-10-01 23:58:01,730 INFO wmedit: [flux2klein/baseline/none] 712000000001 done (244 edits, 2.1s/edit)
2026-10-01 23:58:10,130 INFO wmedit: [flux2klein/baseline/none] 811000000006 done (248 edits, 2.1s/edit)
2026-10-01 23:58:18,656 INFO wmedit: [flux2klein/baseline/none] 911000000006 done (252 edits, 2.1s/edit)
2026-10-01 23:58:27,234 INFO wmedit: [flux2klein/baseline/none] 111000000007 done (256 edits, 2.1s/edit)
2026-10-01 23:58:35,789 INFO wmedit: [flux2klein/baseline/none] 211000000007 done (260 edits, 2.1s/edit)
2026-10-01 23:58:44,238 INFO wmedit: [flux2klein/baseline/none] 311000000007 done (264 edits, 2.1s/edit)
2026-10-01 23:58:52,713 INFO wmedit: [flux2klein/baseline/none] 412000000002 done (268 edits, 2.1s/edit)
2026-10-01 23:59:01,169 INFO wmedit: [flux2klein/baseline/none] 512000000002 done (272 edits, 2.1s/edit)
2026-10-01 23:59:09,591 INFO wmedit: [flux2klein/baseline/none] 612000000002 done (276 edits, 2.1s/edit)
2026-10-01 23:59:17,996 INFO wmedit: [flux2klein/baseline/none] 712000000002 done (280 edits, 2.1s/edit)
2026-10-01 23:59:26,362 INFO wmedit: [flux2klein/baseline/none] 811000000007 done (284 edits, 2.1s/edit)
2026-10-01 23:59:34,774 INFO wmedit: [flux2klein/baseline/none] 911000000007 done (288 edits, 2.1s/edit)
2026-10-01 23:59:43,273 INFO wmedit: [flux2klein/baseline/none] 111000000008 done (292 edits, 2.1s/edit)
2026-10-01 23:59:51,850 INFO wmedit: [flux2klein/baseline/none] 211000000008 done (296 edits, 2.1s/edit)
2026-10-02 00:00:00,447 INFO wmedit: [flux2klein/baseline/none] 311000000008 done (300 edits, 2.1s/edit)
2026-10-02 00:00:09,046 INFO wmedit: [flux2klein/baseline/none] 412000000003 done (304 edits, 2.1s/edit)
2026-10-02 00:00:17,599 INFO wmedit: [flux2klein/baseline/none] 512000000003 done (308 edits, 2.1s/edit)
2026-10-02 00:00:26,073 INFO wmedit: [flux2klein/baseline/none] 612000000003 done (312 edits, 2.1s/edit)
2026-10-02 00:00:34,530 INFO wmedit: [flux2klein/baseline/none] 712000000003 done (316 edits, 2.1s/edit)
2026-10-02 00:00:42,944 INFO wmedit: [flux2klein/baseline/none] 811000000008 done (320 edits, 2.1s/edit)
2026-10-02 00:00:51,326 INFO wmedit: [flux2klein/baseline/none] 911000000008 done (324 edits, 2.1s/edit)
2026-10-02 00:00:59,761 INFO wmedit: [flux2klein/baseline/none] 111000000009 done (328 edits, 2.1s/edit)
2026-10-02 00:01:08,223 INFO wmedit: [flux2klein/baseline/none] 211000000009 done (332 edits, 2.1s/edit)
2026-10-02 00:01:16,784 INFO wmedit: [flux2klein/baseline/none] 311000000009 done (336 edits, 2.1s/edit)
2026-10-02 00:01:25,350 INFO wmedit: [flux2klein/baseline/none] 412000000004 done (340 edits, 2.1s/edit)
2026-10-02 00:01:34,018 INFO wmedit: [flux2klein/baseline/none] 512000000004 done (344 edits, 2.1s/edit)
2026-10-02 00:01:42,613 INFO wmedit: [flux2klein/baseline/none] 612000000004 done (348 edits, 2.1s/edit)
2026-10-02 00:01:51,149 INFO wmedit: [flux2klein/baseline/none] 712000000004 done (352 edits, 2.1s/edit)
2026-10-02 00:01:59,553 INFO wmedit: [flux2klein/baseline/none] 811000000009 done (356 edits, 2.1s/edit)
2026-10-02 00:02:08,039 INFO wmedit: [flux2klein/baseline/none] 911000000009 done (360 edits, 2.1s/edit)
2026-10-02 00:02:16,586 INFO wmedit: [flux2klein/baseline/wam] 111000000000 done (364 edits, 2.1s/edit)
2026-10-02 00:02:25,118 INFO wmedit: [flux2klein/baseline/wam] 211000000000 done (368 edits, 2.1s/edit)
2026-10-02 00:02:33,705 INFO wmedit: [flux2klein/baseline/wam] 311000000000 done (372 edits, 2.1s/edit)
2026-10-02 00:02:42,234 INFO wmedit: [flux2klein/baseline/wam] 411000000000 done (376 edits, 2.1s/edit)
2026-10-02 00:02:50,696 INFO wmedit: [flux2klein/baseline/wam] 511000000000 done (380 edits, 2.1s/edit)
2026-10-02 00:02:59,199 INFO wmedit: [flux2klein/baseline/wam] 611000000000 done (384 edits, 2.1s/edit)
2026-10-02 00:03:07,733 INFO wmedit: [flux2klein/baseline/wam] 711000000000 done (388 edits, 2.1s/edit)
2026-10-02 00:03:16,333 INFO wmedit: [flux2klein/baseline/wam] 811000000000 done (392 edits, 2.1s/edit)
2026-10-02 00:03:24,804 INFO wmedit: [flux2klein/baseline/wam] 911000000000 done (396 edits, 2.1s/edit)
2026-10-02 00:03:33,227 INFO wmedit: [flux2klein/baseline/wam] 111000000001 done (400 edits, 2.1s/edit)
2026-10-02 00:03:41,544 INFO wmedit: [flux2klein/baseline/wam] 211000000001 done (404 edits, 2.1s/edit)
2026-10-02 00:03:49,908 INFO wmedit: [flux2klein/baseline/wam] 311000000001 done (408 edits, 2.1s/edit)
2026-10-02 00:03:58,171 INFO wmedit: [flux2klein/baseline/wam] 411000000001 done (412 edits, 2.1s/edit)
2026-10-02 00:04:06,472 INFO wmedit: [flux2klein/baseline/wam] 511000000001 done (416 edits, 2.1s/edit)
2026-10-02 00:04:14,737 INFO wmedit: [flux2klein/baseline/wam] 611000000001 done (420 edits, 2.1s/edit)
2026-10-02 00:04:23,046 INFO wmedit: [flux2klein/baseline/wam] 711000000001 done (424 edits, 2.1s/edit)
2026-10-02 00:04:31,361 INFO wmedit: [flux2klein/baseline/wam] 811000000001 done (428 edits, 2.1s/edit)
2026-10-02 00:04:39,778 INFO wmedit: [flux2klein/baseline/wam] 911000000001 done (432 edits, 2.1s/edit)
2026-10-02 00:04:48,221 INFO wmedit: [flux2klein/baseline/wam] 111000000002 done (436 edits, 2.1s/edit)
2026-10-02 00:04:56,715 INFO wmedit: [flux2klein/baseline/wam] 211000000002 done (440 edits, 2.1s/edit)
2026-10-02 00:05:05,285 INFO wmedit: [flux2klein/baseline/wam] 311000000002 done (444 edits, 2.1s/edit)
2026-10-02 00:05:13,923 INFO wmedit: [flux2klein/baseline/wam] 411000000002 done (448 edits, 2.1s/edit)
2026-10-02 00:05:22,468 INFO wmedit: [flux2klein/baseline/wam] 511000000002 done (452 edits, 2.1s/edit)
2026-10-02 00:05:30,885 INFO wmedit: [flux2klein/baseline/wam] 611000000002 done (456 edits, 2.1s/edit)
2026-10-02 00:05:39,236 INFO wmedit: [flux2klein/baseline/wam] 711000000002 done (460 edits, 2.1s/edit)
2026-10-02 00:05:47,568 INFO wmedit: [flux2klein/baseline/wam] 811000000002 done (464 edits, 2.1s/edit)
2026-10-02 00:05:55,973 INFO wmedit: [flux2klein/baseline/wam] 911000000002 done (468 edits, 2.1s/edit)
2026-10-02 00:06:04,280 INFO wmedit: [flux2klein/baseline/wam] 111000000003 done (472 edits, 2.1s/edit)
2026-10-02 00:06:12,553 INFO wmedit: [flux2klein/baseline/wam] 211000000003 done (476 edits, 2.1s/edit)
2026-10-02 00:06:20,952 INFO wmedit: [flux2klein/baseline/wam] 311000000003 done (480 edits, 2.1s/edit)
2026-10-02 00:06:29,392 INFO wmedit: [flux2klein/baseline/wam] 411000000003 done (484 edits, 2.1s/edit)
2026-10-02 00:06:37,790 INFO wmedit: [flux2klein/baseline/wam] 511000000003 done (488 edits, 2.1s/edit)
2026-10-02 00:06:46,210 INFO wmedit: [flux2klein/baseline/wam] 611000000003 done (492 edits, 2.1s/edit)
2026-10-02 00:06:54,663 INFO wmedit: [flux2klein/baseline/wam] 711000000003 done (496 edits, 2.1s/edit)
2026-10-02 00:07:03,166 INFO wmedit: [flux2klein/baseline/wam] 811000000003 done (500 edits, 2.1s/edit)
2026-10-02 00:07:11,633 INFO wmedit: [flux2klein/baseline/wam] 911000000003 done (504 edits, 2.1s/edit)
2026-10-02 00:07:20,166 INFO wmedit: [flux2klein/baseline/wam] 111000000004 done (508 edits, 2.1s/edit)
2026-10-02 00:07:28,749 INFO wmedit: [flux2klein/baseline/wam] 211000000004 done (512 edits, 2.1s/edit)
2026-10-02 00:07:37,151 INFO wmedit: [flux2klein/baseline/wam] 311000000004 done (516 edits, 2.1s/edit)
2026-10-02 00:07:45,609 INFO wmedit: [flux2klein/baseline/wam] 411000000004 done (520 edits, 2.1s/edit)
2026-10-02 00:07:54,029 INFO wmedit: [flux2klein/baseline/wam] 511000000004 done (524 edits, 2.1s/edit)
2026-10-02 00:08:02,466 INFO wmedit: [flux2klein/baseline/wam] 611000000004 done (528 edits, 2.1s/edit)
2026-10-02 00:08:11,001 INFO wmedit: [flux2klein/baseline/wam] 711000000004 done (532 edits, 2.1s/edit)
2026-10-02 00:08:19,471 INFO wmedit: [flux2klein/baseline/wam] 811000000004 done (536 edits, 2.1s/edit)
2026-10-02 00:08:27,940 INFO wmedit: [flux2klein/baseline/wam] 911000000004 done (540 edits, 2.1s/edit)
2026-10-02 00:08:36,497 INFO wmedit: [flux2klein/baseline/wam] 111000000005 done (544 edits, 2.1s/edit)
2026-10-02 00:08:45,056 INFO wmedit: [flux2klein/baseline/wam] 211000000005 done (548 edits, 2.1s/edit)
2026-10-02 00:08:53,546 INFO wmedit: [flux2klein/baseline/wam] 311000000005 done (552 edits, 2.1s/edit)
2026-10-02 00:09:02,147 INFO wmedit: [flux2klein/baseline/wam] 412000000000 done (556 edits, 2.1s/edit)
2026-10-02 00:09:10,579 INFO wmedit: [flux2klein/baseline/wam] 512000000000 done (560 edits, 2.1s/edit)
2026-10-02 00:09:19,050 INFO wmedit: [flux2klein/baseline/wam] 612000000000 done (564 edits, 2.1s/edit)
2026-10-02 00:09:27,468 INFO wmedit: [flux2klein/baseline/wam] 712000000000 done (568 edits, 2.1s/edit)
2026-10-02 00:09:35,855 INFO wmedit: [flux2klein/baseline/wam] 811000000005 done (572 edits, 2.1s/edit)
2026-10-02 00:09:44,266 INFO wmedit: [flux2klein/baseline/wam] 911000000005 done (576 edits, 2.1s/edit)
2026-10-02 00:09:52,712 INFO wmedit: [flux2klein/baseline/wam] 111000000006 done (580 edits, 2.1s/edit)
2026-10-02 00:10:01,185 INFO wmedit: [flux2klein/baseline/wam] 211000000006 done (584 edits, 2.1s/edit)
2026-10-02 00:10:09,771 INFO wmedit: [flux2klein/baseline/wam] 311000000006 done (588 edits, 2.1s/edit)
2026-10-02 00:10:18,248 INFO wmedit: [flux2klein/baseline/wam] 412000000001 done (592 edits, 2.1s/edit)
2026-10-02 00:10:26,741 INFO wmedit: [flux2klein/baseline/wam] 512000000001 done (596 edits, 2.1s/edit)
2026-10-02 00:10:35,157 INFO wmedit: [flux2klein/baseline/wam] 612000000001 done (600 edits, 2.1s/edit)
2026-10-02 00:10:43,631 INFO wmedit: [flux2klein/baseline/wam] 712000000001 done (604 edits, 2.1s/edit)
2026-10-02 00:10:52,128 INFO wmedit: [flux2klein/baseline/wam] 811000000006 done (608 edits, 2.1s/edit)
2026-10-02 00:11:00,711 INFO wmedit: [flux2klein/baseline/wam] 911000000006 done (612 edits, 2.1s/edit)
2026-10-02 00:11:09,236 INFO wmedit: [flux2klein/baseline/wam] 111000000007 done (616 edits, 2.1s/edit)
2026-10-02 00:11:17,724 INFO wmedit: [flux2klein/baseline/wam] 211000000007 done (620 edits, 2.1s/edit)
2026-10-02 00:11:26,205 INFO wmedit: [flux2klein/baseline/wam] 311000000007 done (624 edits, 2.1s/edit)
2026-10-02 00:11:34,774 INFO wmedit: [flux2klein/baseline/wam] 412000000002 done (628 edits, 2.1s/edit)
2026-10-02 00:11:43,358 INFO wmedit: [flux2klein/baseline/wam] 512000000002 done (632 edits, 2.1s/edit)
2026-10-02 00:11:51,877 INFO wmedit: [flux2klein/baseline/wam] 612000000002 done (636 edits, 2.1s/edit)
2026-10-02 00:12:00,389 INFO wmedit: [flux2klein/baseline/wam] 712000000002 done (640 edits, 2.1s/edit)
2026-10-02 00:12:08,836 INFO wmedit: [flux2klein/baseline/wam] 811000000007 done (644 edits, 2.1s/edit)
2026-10-02 00:12:17,321 INFO wmedit: [flux2klein/baseline/wam] 911000000007 done (648 edits, 2.1s/edit)
2026-10-02 00:12:25,816 INFO wmedit: [flux2klein/baseline/wam] 111000000008 done (652 edits, 2.1s/edit)
2026-10-02 00:12:34,349 INFO wmedit: [flux2klein/baseline/wam] 211000000008 done (656 edits, 2.1s/edit)
2026-10-02 00:12:42,896 INFO wmedit: [flux2klein/baseline/wam] 311000000008 done (660 edits, 2.1s/edit)
2026-10-02 00:12:51,380 INFO wmedit: [flux2klein/baseline/wam] 412000000003 done (664 edits, 2.1s/edit)
2026-10-02 00:12:59,843 INFO wmedit: [flux2klein/baseline/wam] 512000000003 done (668 edits, 2.1s/edit)
2026-10-02 00:13:08,274 INFO wmedit: [flux2klein/baseline/wam] 612000000003 done (672 edits, 2.1s/edit)
2026-10-02 00:13:16,726 INFO wmedit: [flux2klein/baseline/wam] 712000000003 done (676 edits, 2.1s/edit)
2026-10-02 00:13:25,196 INFO wmedit: [flux2klein/baseline/wam] 811000000008 done (680 edits, 2.1s/edit)
2026-10-02 00:13:33,665 INFO wmedit: [flux2klein/baseline/wam] 911000000008 done (684 edits, 2.1s/edit)
2026-10-02 00:13:42,200 INFO wmedit: [flux2klein/baseline/wam] 111000000009 done (688 edits, 2.1s/edit)
2026-10-02 00:13:50,760 INFO wmedit: [flux2klein/baseline/wam] 211000000009 done (692 edits, 2.1s/edit)
2026-10-02 00:13:59,335 INFO wmedit: [flux2klein/baseline/wam] 311000000009 done (696 edits, 2.1s/edit)
2026-10-02 00:14:07,863 INFO wmedit: [flux2klein/baseline/wam] 412000000004 done (700 edits, 2.1s/edit)
2026-10-02 00:14:16,489 INFO wmedit: [flux2klein/baseline/wam] 512000000004 done (704 edits, 2.1s/edit)
2026-10-02 00:14:25,045 INFO wmedit: [flux2klein/baseline/wam] 612000000004 done (708 edits, 2.1s/edit)
2026-10-02 00:14:33,647 INFO wmedit: [flux2klein/baseline/wam] 712000000004 done (712 edits, 2.1s/edit)
2026-10-02 00:14:42,092 INFO wmedit: [flux2klein/baseline/wam] 811000000009 done (716 edits, 2.1s/edit)
2026-10-02 00:14:50,543 INFO wmedit: [flux2klein/baseline/wam] 911000000009 done (720 edits, 2.1s/edit)
2026-10-02 00:14:59,020 INFO wmedit: [flux2klein/baseline/trustmark] 111000000000 done (724 edits, 2.1s/edit)
2026-10-02 00:15:07,468 INFO wmedit: [flux2klein/baseline/trustmark] 211000000000 done (728 edits, 2.1s/edit)
2026-10-02 00:15:16,000 INFO wmedit: [flux2klein/baseline/trustmark] 311000000000 done (732 edits, 2.1s/edit)
2026-10-02 00:15:24,458 INFO wmedit: [flux2klein/baseline/trustmark] 411000000000 done (736 edits, 2.1s/edit)
2026-10-02 00:15:32,899 INFO wmedit: [flux2klein/baseline/trustmark] 511000000000 done (740 edits, 2.1s/edit)
2026-10-02 00:15:41,360 INFO wmedit: [flux2klein/baseline/trustmark] 611000000000 done (744 edits, 2.1s/edit)
2026-10-02 00:15:49,830 INFO wmedit: [flux2klein/baseline/trustmark] 711000000000 done (748 edits, 2.1s/edit)
2026-10-02 00:15:58,364 INFO wmedit: [flux2klein/baseline/trustmark] 811000000000 done (752 edits, 2.1s/edit)
2026-10-02 00:16:06,881 INFO wmedit: [flux2klein/baseline/trustmark] 911000000000 done (756 edits, 2.1s/edit)
2026-10-02 00:16:15,407 INFO wmedit: [flux2klein/baseline/trustmark] 111000000001 done (760 edits, 2.1s/edit)
2026-10-02 00:16:23,901 INFO wmedit: [flux2klein/baseline/trustmark] 211000000001 done (764 edits, 2.1s/edit)
2026-10-02 00:16:32,485 INFO wmedit: [flux2klein/baseline/trustmark] 311000000001 done (768 edits, 2.1s/edit)
2026-10-02 00:16:40,996 INFO wmedit: [flux2klein/baseline/trustmark] 411000000001 done (772 edits, 2.1s/edit)
2026-10-02 00:16:49,519 INFO wmedit: [flux2klein/baseline/trustmark] 511000000001 done (776 edits, 2.1s/edit)
2026-10-02 00:16:58,028 INFO wmedit: [flux2klein/baseline/trustmark] 611000000001 done (780 edits, 2.1s/edit)
2026-10-02 00:17:06,571 INFO wmedit: [flux2klein/baseline/trustmark] 711000000001 done (784 edits, 2.1s/edit)
2026-10-02 00:17:15,096 INFO wmedit: [flux2klein/baseline/trustmark] 811000000001 done (788 edits, 2.1s/edit)
2026-10-02 00:17:23,675 INFO wmedit: [flux2klein/baseline/trustmark] 911000000001 done (792 edits, 2.1s/edit)
2026-10-02 00:17:32,199 INFO wmedit: [flux2klein/baseline/trustmark] 111000000002 done (796 edits, 2.1s/edit)
2026-10-02 00:17:40,684 INFO wmedit: [flux2klein/baseline/trustmark] 211000000002 done (800 edits, 2.1s/edit)
2026-10-02 00:17:49,203 INFO wmedit: [flux2klein/baseline/trustmark] 311000000002 done (804 edits, 2.1s/edit)
2026-10-02 00:17:57,744 INFO wmedit: [flux2klein/baseline/trustmark] 411000000002 done (808 edits, 2.1s/edit)
2026-10-02 00:18:06,276 INFO wmedit: [flux2klein/baseline/trustmark] 511000000002 done (812 edits, 2.1s/edit)
2026-10-02 00:18:14,761 INFO wmedit: [flux2klein/baseline/trustmark] 611000000002 done (816 edits, 2.1s/edit)
2026-10-02 00:18:23,231 INFO wmedit: [flux2klein/baseline/trustmark] 711000000002 done (820 edits, 2.1s/edit)
2026-10-02 00:18:31,720 INFO wmedit: [flux2klein/baseline/trustmark] 811000000002 done (824 edits, 2.1s/edit)
2026-10-02 00:18:40,294 INFO wmedit: [flux2klein/baseline/trustmark] 911000000002 done (828 edits, 2.1s/edit)
2026-10-02 00:18:48,802 INFO wmedit: [flux2klein/baseline/trustmark] 111000000003 done (832 edits, 2.1s/edit)
2026-10-02 00:18:57,219 INFO wmedit: [flux2klein/baseline/trustmark] 211000000003 done (836 edits, 2.1s/edit)
2026-10-02 00:19:05,773 INFO wmedit: [flux2klein/baseline/trustmark] 311000000003 done (840 edits, 2.1s/edit)
2026-10-02 00:19:14,348 INFO wmedit: [flux2klein/baseline/trustmark] 411000000003 done (844 edits, 2.1s/edit)
2026-10-02 00:19:22,850 INFO wmedit: [flux2klein/baseline/trustmark] 511000000003 done (848 edits, 2.1s/edit)
2026-10-02 00:19:31,342 INFO wmedit: [flux2klein/baseline/trustmark] 611000000003 done (852 edits, 2.1s/edit)
2026-10-02 00:19:39,822 INFO wmedit: [flux2klein/baseline/trustmark] 711000000003 done (856 edits, 2.1s/edit)
2026-10-02 00:19:48,281 INFO wmedit: [flux2klein/baseline/trustmark] 811000000003 done (860 edits, 2.1s/edit)
2026-10-02 00:19:56,652 INFO wmedit: [flux2klein/baseline/trustmark] 911000000003 done (864 edits, 2.1s/edit)
2026-10-02 00:20:05,088 INFO wmedit: [flux2klein/baseline/trustmark] 111000000004 done (868 edits, 2.1s/edit)
2026-10-02 00:20:13,528 INFO wmedit: [flux2klein/baseline/trustmark] 211000000004 done (872 edits, 2.1s/edit)
2026-10-02 00:20:21,913 INFO wmedit: [flux2klein/baseline/trustmark] 311000000004 done (876 edits, 2.1s/edit)
2026-10-02 00:20:30,412 INFO wmedit: [flux2klein/baseline/trustmark] 411000000004 done (880 edits, 2.1s/edit)
2026-10-02 00:20:38,943 INFO wmedit: [flux2klein/baseline/trustmark] 511000000004 done (884 edits, 2.1s/edit)
2026-10-02 00:20:47,407 INFO wmedit: [flux2klein/baseline/trustmark] 611000000004 done (888 edits, 2.1s/edit)
2026-10-02 00:20:55,929 INFO wmedit: [flux2klein/baseline/trustmark] 711000000004 done (892 edits, 2.1s/edit)
2026-10-02 00:21:04,374 INFO wmedit: [flux2klein/baseline/trustmark] 811000000004 done (896 edits, 2.1s/edit)
2026-10-02 00:21:12,867 INFO wmedit: [flux2klein/baseline/trustmark] 911000000004 done (900 edits, 2.1s/edit)
2026-10-02 00:21:21,364 INFO wmedit: [flux2klein/baseline/trustmark] 111000000005 done (904 edits, 2.1s/edit)
2026-10-02 00:21:29,847 INFO wmedit: [flux2klein/baseline/trustmark] 211000000005 done (908 edits, 2.1s/edit)
2026-10-02 00:21:38,300 INFO wmedit: [flux2klein/baseline/trustmark] 311000000005 done (912 edits, 2.1s/edit)
2026-10-02 00:21:46,874 INFO wmedit: [flux2klein/baseline/trustmark] 412000000000 done (916 edits, 2.1s/edit)
2026-10-02 00:21:55,357 INFO wmedit: [flux2klein/baseline/trustmark] 512000000000 done (920 edits, 2.1s/edit)
2026-10-02 00:22:03,936 INFO wmedit: [flux2klein/baseline/trustmark] 612000000000 done (924 edits, 2.1s/edit)
2026-10-02 00:22:12,473 INFO wmedit: [flux2klein/baseline/trustmark] 712000000000 done (928 edits, 2.1s/edit)
2026-10-02 00:22:20,964 INFO wmedit: [flux2klein/baseline/trustmark] 811000000005 done (932 edits, 2.1s/edit)
2026-10-02 00:22:29,444 INFO wmedit: [flux2klein/baseline/trustmark] 911000000005 done (936 edits, 2.1s/edit)
2026-10-02 00:22:37,888 INFO wmedit: [flux2klein/baseline/trustmark] 111000000006 done (940 edits, 2.1s/edit)
2026-10-02 00:22:46,397 INFO wmedit: [flux2klein/baseline/trustmark] 211000000006 done (944 edits, 2.1s/edit)
2026-10-02 00:22:54,947 INFO wmedit: [flux2klein/baseline/trustmark] 311000000006 done (948 edits, 2.1s/edit)
2026-10-02 00:23:03,393 INFO wmedit: [flux2klein/baseline/trustmark] 412000000001 done (952 edits, 2.1s/edit)
2026-10-02 00:23:11,888 INFO wmedit: [flux2klein/baseline/trustmark] 512000000001 done (956 edits, 2.1s/edit)
2026-10-02 00:23:20,307 INFO wmedit: [flux2klein/baseline/trustmark] 612000000001 done (960 edits, 2.1s/edit)
2026-10-02 00:23:28,813 INFO wmedit: [flux2klein/baseline/trustmark] 712000000001 done (964 edits, 2.1s/edit)
2026-10-02 00:23:37,256 INFO wmedit: [flux2klein/baseline/trustmark] 811000000006 done (968 edits, 2.1s/edit)
2026-10-02 00:23:45,811 INFO wmedit: [flux2klein/baseline/trustmark] 911000000006 done (972 edits, 2.1s/edit)
2026-10-02 00:23:54,359 INFO wmedit: [flux2klein/baseline/trustmark] 111000000007 done (976 edits, 2.1s/edit)
2026-10-02 00:24:02,878 INFO wmedit: [flux2klein/baseline/trustmark] 211000000007 done (980 edits, 2.1s/edit)
2026-10-02 00:24:11,387 INFO wmedit: [flux2klein/baseline/trustmark] 311000000007 done (984 edits, 2.1s/edit)
2026-10-02 00:24:19,900 INFO wmedit: [flux2klein/baseline/trustmark] 412000000002 done (988 edits, 2.1s/edit)
2026-10-02 00:24:28,435 INFO wmedit: [flux2klein/baseline/trustmark] 512000000002 done (992 edits, 2.1s/edit)
2026-10-02 00:24:36,966 INFO wmedit: [flux2klein/baseline/trustmark] 612000000002 done (996 edits, 2.1s/edit)
2026-10-02 00:24:45,511 INFO wmedit: [flux2klein/baseline/trustmark] 712000000002 done (1000 edits, 2.1s/edit)
2026-10-02 00:24:53,971 INFO wmedit: [flux2klein/baseline/trustmark] 811000000007 done (1004 edits, 2.1s/edit)
2026-10-02 00:25:02,421 INFO wmedit: [flux2klein/baseline/trustmark] 911000000007 done (1008 edits, 2.1s/edit)
2026-10-02 00:25:10,925 INFO wmedit: [flux2klein/baseline/trustmark] 111000000008 done (1012 edits, 2.1s/edit)
2026-10-02 00:25:19,447 INFO wmedit: [flux2klein/baseline/trustmark] 211000000008 done (1016 edits, 2.1s/edit)
2026-10-02 00:25:27,983 INFO wmedit: [flux2klein/baseline/trustmark] 311000000008 done (1020 edits, 2.1s/edit)
2026-10-02 00:25:36,482 INFO wmedit: [flux2klein/baseline/trustmark] 412000000003 done (1024 edits, 2.1s/edit)
2026-10-02 00:25:44,984 INFO wmedit: [flux2klein/baseline/trustmark] 512000000003 done (1028 edits, 2.1s/edit)
2026-10-02 00:25:53,488 INFO wmedit: [flux2klein/baseline/trustmark] 612000000003 done (1032 edits, 2.1s/edit)
2026-10-02 00:26:01,982 INFO wmedit: [flux2klein/baseline/trustmark] 712000000003 done (1036 edits, 2.1s/edit)
2026-10-02 00:26:10,471 INFO wmedit: [flux2klein/baseline/trustmark] 811000000008 done (1040 edits, 2.1s/edit)
2026-10-02 00:26:18,914 INFO wmedit: [flux2klein/baseline/trustmark] 911000000008 done (1044 edits, 2.1s/edit)
2026-10-02 00:26:27,433 INFO wmedit: [flux2klein/baseline/trustmark] 111000000009 done (1048 edits, 2.1s/edit)
2026-10-02 00:26:35,952 INFO wmedit: [flux2klein/baseline/trustmark] 211000000009 done (1052 edits, 2.1s/edit)
2026-10-02 00:26:44,512 INFO wmedit: [flux2klein/baseline/trustmark] 311000000009 done (1056 edits, 2.1s/edit)
2026-10-02 00:26:53,052 INFO wmedit: [flux2klein/baseline/trustmark] 412000000004 done (1060 edits, 2.1s/edit)
2026-10-02 00:27:01,654 INFO wmedit: [flux2klein/baseline/trustmark] 512000000004 done (1064 edits, 2.1s/edit)
2026-10-02 00:27:10,191 INFO wmedit: [flux2klein/baseline/trustmark] 612000000004 done (1068 edits, 2.1s/edit)
2026-10-02 00:27:18,761 INFO wmedit: [flux2klein/baseline/trustmark] 712000000004 done (1072 edits, 2.1s/edit)
2026-10-02 00:27:27,217 INFO wmedit: [flux2klein/baseline/trustmark] 811000000009 done (1076 edits, 2.1s/edit)
2026-10-02 00:27:35,727 INFO wmedit: [flux2klein/baseline/trustmark] 911000000009 done (1080 edits, 2.1s/edit)
2026-10-02 00:27:44,258 INFO wmedit: [flux2klein/baseline/dwtdct] 111000000000 done (1084 edits, 2.1s/edit)
2026-10-02 00:27:52,779 INFO wmedit: [flux2klein/baseline/dwtdct] 211000000000 done (1088 edits, 2.1s/edit)
2026-10-02 00:28:01,293 INFO wmedit: [flux2klein/baseline/dwtdct] 311000000000 done (1092 edits, 2.1s/edit)
2026-10-02 00:28:09,766 INFO wmedit: [flux2klein/baseline/dwtdct] 411000000000 done (1096 edits, 2.1s/edit)
2026-10-02 00:28:18,195 INFO wmedit: [flux2klein/baseline/dwtdct] 511000000000 done (1100 edits, 2.1s/edit)
2026-10-02 00:28:26,655 INFO wmedit: [flux2klein/baseline/dwtdct] 611000000000 done (1104 edits, 2.1s/edit)
2026-10-02 00:28:35,108 INFO wmedit: [flux2klein/baseline/dwtdct] 711000000000 done (1108 edits, 2.1s/edit)
2026-10-02 00:28:43,657 INFO wmedit: [flux2klein/baseline/dwtdct] 811000000000 done (1112 edits, 2.1s/edit)
2026-10-02 00:28:52,151 INFO wmedit: [flux2klein/baseline/dwtdct] 911000000000 done (1116 edits, 2.1s/edit)
2026-10-02 00:29:00,666 INFO wmedit: [flux2klein/baseline/dwtdct] 111000000001 done (1120 edits, 2.1s/edit)
2026-10-02 00:29:09,159 INFO wmedit: [flux2klein/baseline/dwtdct] 211000000001 done (1124 edits, 2.1s/edit)
2026-10-02 00:29:17,719 INFO wmedit: [flux2klein/baseline/dwtdct] 311000000001 done (1128 edits, 2.1s/edit)
2026-10-02 00:29:26,186 INFO wmedit: [flux2klein/baseline/dwtdct] 411000000001 done (1132 edits, 2.1s/edit)
2026-10-02 00:29:34,726 INFO wmedit: [flux2klein/baseline/dwtdct] 511000000001 done (1136 edits, 2.1s/edit)
2026-10-02 00:29:43,221 INFO wmedit: [flux2klein/baseline/dwtdct] 611000000001 done (1140 edits, 2.1s/edit)
2026-10-02 00:29:51,768 INFO wmedit: [flux2klein/baseline/dwtdct] 711000000001 done (1144 edits, 2.1s/edit)
2026-10-02 00:30:00,310 INFO wmedit: [flux2klein/baseline/dwtdct] 811000000001 done (1148 edits, 2.1s/edit)
2026-10-02 00:30:08,879 INFO wmedit: [flux2klein/baseline/dwtdct] 911000000001 done (1152 edits, 2.1s/edit)
2026-10-02 00:30:17,389 INFO wmedit: [flux2klein/baseline/dwtdct] 111000000002 done (1156 edits, 2.1s/edit)
2026-10-02 00:30:25,857 INFO wmedit: [flux2klein/baseline/dwtdct] 211000000002 done (1160 edits, 2.1s/edit)
2026-10-02 00:30:34,382 INFO wmedit: [flux2klein/baseline/dwtdct] 311000000002 done (1164 edits, 2.1s/edit)
2026-10-02 00:30:42,921 INFO wmedit: [flux2klein/baseline/dwtdct] 411000000002 done (1168 edits, 2.1s/edit)
2026-10-02 00:30:51,446 INFO wmedit: [flux2klein/baseline/dwtdct] 511000000002 done (1172 edits, 2.1s/edit)
2026-10-02 00:30:59,937 INFO wmedit: [flux2klein/baseline/dwtdct] 611000000002 done (1176 edits, 2.1s/edit)
2026-10-02 00:31:08,417 INFO wmedit: [flux2klein/baseline/dwtdct] 711000000002 done (1180 edits, 2.1s/edit)
2026-10-02 00:31:16,932 INFO wmedit: [flux2klein/baseline/dwtdct] 811000000002 done (1184 edits, 2.1s/edit)
2026-10-02 00:31:25,522 INFO wmedit: [flux2klein/baseline/dwtdct] 911000000002 done (1188 edits, 2.1s/edit)
2026-10-02 00:31:34,032 INFO wmedit: [flux2klein/baseline/dwtdct] 111000000003 done (1192 edits, 2.1s/edit)
2026-10-02 00:31:42,474 INFO wmedit: [flux2klein/baseline/dwtdct] 211000000003 done (1196 edits, 2.1s/edit)
2026-10-02 00:31:51,023 INFO wmedit: [flux2klein/baseline/dwtdct] 311000000003 done (1200 edits, 2.1s/edit)
2026-10-02 00:31:59,568 INFO wmedit: [flux2klein/baseline/dwtdct] 411000000003 done (1204 edits, 2.1s/edit)
2026-10-02 00:32:08,018 INFO wmedit: [flux2klein/baseline/dwtdct] 511000000003 done (1208 edits, 2.1s/edit)
2026-10-02 00:32:16,457 INFO wmedit: [flux2klein/baseline/dwtdct] 611000000003 done (1212 edits, 2.1s/edit)
2026-10-02 00:32:24,969 INFO wmedit: [flux2klein/baseline/dwtdct] 711000000003 done (1216 edits, 2.1s/edit)
2026-10-02 00:32:33,465 INFO wmedit: [flux2klein/baseline/dwtdct] 811000000003 done (1220 edits, 2.1s/edit)
2026-10-02 00:32:41,946 INFO wmedit: [flux2klein/baseline/dwtdct] 911000000003 done (1224 edits, 2.1s/edit)
2026-10-02 00:32:50,482 INFO wmedit: [flux2klein/baseline/dwtdct] 111000000004 done (1228 edits, 2.1s/edit)
2026-10-02 00:32:58,987 INFO wmedit: [flux2klein/baseline/dwtdct] 211000000004 done (1232 edits, 2.1s/edit)
2026-10-02 00:33:07,461 INFO wmedit: [flux2klein/baseline/dwtdct] 311000000004 done (1236 edits, 2.1s/edit)
2026-10-02 00:33:16,003 INFO wmedit: [flux2klein/baseline/dwtdct] 411000000004 done (1240 edits, 2.1s/edit)
2026-10-02 00:33:24,453 INFO wmedit: [flux2klein/baseline/dwtdct] 511000000004 done (1244 edits, 2.1s/edit)
2026-10-02 00:33:32,816 INFO wmedit: [flux2klein/baseline/dwtdct] 611000000004 done (1248 edits, 2.1s/edit)
2026-10-02 00:33:41,278 INFO wmedit: [flux2klein/baseline/dwtdct] 711000000004 done (1252 edits, 2.1s/edit)
2026-10-02 00:33:49,645 INFO wmedit: [flux2klein/baseline/dwtdct] 811000000004 done (1256 edits, 2.1s/edit)
2026-10-02 00:33:58,102 INFO wmedit: [flux2klein/baseline/dwtdct] 911000000004 done (1260 edits, 2.1s/edit)
2026-10-02 00:34:06,596 INFO wmedit: [flux2klein/baseline/dwtdct] 111000000005 done (1264 edits, 2.1s/edit)
2026-10-02 00:34:15,081 INFO wmedit: [flux2klein/baseline/dwtdct] 211000000005 done (1268 edits, 2.1s/edit)
2026-10-02 00:34:23,493 INFO wmedit: [flux2klein/baseline/dwtdct] 311000000005 done (1272 edits, 2.1s/edit)
2026-10-02 00:34:32,037 INFO wmedit: [flux2klein/baseline/dwtdct] 412000000000 done (1276 edits, 2.1s/edit)
2026-10-02 00:34:40,481 INFO wmedit: [flux2klein/baseline/dwtdct] 512000000000 done (1280 edits, 2.1s/edit)
2026-10-02 00:34:49,062 INFO wmedit: [flux2klein/baseline/dwtdct] 612000000000 done (1284 edits, 2.1s/edit)
2026-10-02 00:34:57,568 INFO wmedit: [flux2klein/baseline/dwtdct] 712000000000 done (1288 edits, 2.1s/edit)
2026-10-02 00:35:06,085 INFO wmedit: [flux2klein/baseline/dwtdct] 811000000005 done (1292 edits, 2.1s/edit)
2026-10-02 00:35:14,560 INFO wmedit: [flux2klein/baseline/dwtdct] 911000000005 done (1296 edits, 2.1s/edit)
2026-10-02 00:35:23,028 INFO wmedit: [flux2klein/baseline/dwtdct] 111000000006 done (1300 edits, 2.1s/edit)
2026-10-02 00:35:31,497 INFO wmedit: [flux2klein/baseline/dwtdct] 211000000006 done (1304 edits, 2.1s/edit)
2026-10-02 00:35:40,018 INFO wmedit: [flux2klein/baseline/dwtdct] 311000000006 done (1308 edits, 2.1s/edit)
2026-10-02 00:35:48,466 INFO wmedit: [flux2klein/baseline/dwtdct] 412000000001 done (1312 edits, 2.1s/edit)
2026-10-02 00:35:56,930 INFO wmedit: [flux2klein/baseline/dwtdct] 512000000001 done (1316 edits, 2.1s/edit)
2026-10-02 00:36:05,577 INFO wmedit: [flux2klein/baseline/dwtdct] 612000000001 done (1320 edits, 2.1s/edit)
2026-10-02 00:36:14,108 INFO wmedit: [flux2klein/baseline/dwtdct] 712000000001 done (1324 edits, 2.1s/edit)
2026-10-02 00:36:22,552 INFO wmedit: [flux2klein/baseline/dwtdct] 811000000006 done (1328 edits, 2.1s/edit)
2026-10-02 00:36:31,074 INFO wmedit: [flux2klein/baseline/dwtdct] 911000000006 done (1332 edits, 2.1s/edit)
2026-10-02 00:36:39,590 INFO wmedit: [flux2klein/baseline/dwtdct] 111000000007 done (1336 edits, 2.1s/edit)
2026-10-02 00:36:48,064 INFO wmedit: [flux2klein/baseline/dwtdct] 211000000007 done (1340 edits, 2.1s/edit)
2026-10-02 00:36:56,567 INFO wmedit: [flux2klein/baseline/dwtdct] 311000000007 done (1344 edits, 2.1s/edit)
2026-10-02 00:37:05,074 INFO wmedit: [flux2klein/baseline/dwtdct] 412000000002 done (1348 edits, 2.1s/edit)
2026-10-02 00:37:13,590 INFO wmedit: [flux2klein/baseline/dwtdct] 512000000002 done (1352 edits, 2.1s/edit)
2026-10-02 00:37:22,089 INFO wmedit: [flux2klein/baseline/dwtdct] 612000000002 done (1356 edits, 2.1s/edit)
2026-10-02 00:37:30,591 INFO wmedit: [flux2klein/baseline/dwtdct] 712000000002 done (1360 edits, 2.1s/edit)
2026-10-02 00:37:38,988 INFO wmedit: [flux2klein/baseline/dwtdct] 811000000007 done (1364 edits, 2.1s/edit)
2026-10-02 00:37:47,425 INFO wmedit: [flux2klein/baseline/dwtdct] 911000000007 done (1368 edits, 2.1s/edit)
2026-10-02 00:37:55,902 INFO wmedit: [flux2klein/baseline/dwtdct] 111000000008 done (1372 edits, 2.1s/edit)
2026-10-02 00:38:04,388 INFO wmedit: [flux2klein/baseline/dwtdct] 211000000008 done (1376 edits, 2.1s/edit)
2026-10-02 00:38:12,899 INFO wmedit: [flux2klein/baseline/dwtdct] 311000000008 done (1380 edits, 2.1s/edit)
2026-10-02 00:38:21,372 INFO wmedit: [flux2klein/baseline/dwtdct] 412000000003 done (1384 edits, 2.1s/edit)
2026-10-02 00:38:29,884 INFO wmedit: [flux2klein/baseline/dwtdct] 512000000003 done (1388 edits, 2.1s/edit)
2026-10-02 00:38:38,389 INFO wmedit: [flux2klein/baseline/dwtdct] 612000000003 done (1392 edits, 2.1s/edit)
2026-10-02 00:38:46,864 INFO wmedit: [flux2klein/baseline/dwtdct] 712000000003 done (1396 edits, 2.1s/edit)
2026-10-02 00:38:55,356 INFO wmedit: [flux2klein/baseline/dwtdct] 811000000008 done (1400 edits, 2.1s/edit)
2026-10-02 00:39:03,789 INFO wmedit: [flux2klein/baseline/dwtdct] 911000000008 done (1404 edits, 2.1s/edit)
2026-10-02 00:39:12,318 INFO wmedit: [flux2klein/baseline/dwtdct] 111000000009 done (1408 edits, 2.1s/edit)
2026-10-02 00:39:20,818 INFO wmedit: [flux2klein/baseline/dwtdct] 211000000009 done (1412 edits, 2.1s/edit)
2026-10-02 00:39:29,319 INFO wmedit: [flux2klein/baseline/dwtdct] 311000000009 done (1416 edits, 2.1s/edit)
2026-10-02 00:39:37,781 INFO wmedit: [flux2klein/baseline/dwtdct] 412000000004 done (1420 edits, 2.1s/edit)
2026-10-02 00:39:46,388 INFO wmedit: [flux2klein/baseline/dwtdct] 512000000004 done (1424 edits, 2.1s/edit)
2026-10-02 00:39:54,902 INFO wmedit: [flux2klein/baseline/dwtdct] 612000000004 done (1428 edits, 2.1s/edit)
2026-10-02 00:40:03,459 INFO wmedit: [flux2klein/baseline/dwtdct] 712000000004 done (1432 edits, 2.1s/edit)
2026-10-02 00:40:11,927 INFO wmedit: [flux2klein/baseline/dwtdct] 811000000009 done (1436 edits, 2.1s/edit)
2026-10-02 00:40:20,395 INFO wmedit: [flux2klein/baseline/dwtdct] 911000000009 done (1440 edits, 2.1s/edit)
2026-10-02 00:40:29,469 INFO wmedit: [flux2klein/reembed/wam] 111000000000 done (1444 edits, 2.1s/edit)
2026-10-02 00:40:38,089 INFO wmedit: [flux2klein/reembed/wam] 211000000000 done (1448 edits, 2.1s/edit)
2026-10-02 00:40:46,744 INFO wmedit: [flux2klein/reembed/wam] 311000000000 done (1452 edits, 2.1s/edit)
2026-10-02 00:40:55,374 INFO wmedit: [flux2klein/reembed/wam] 411000000000 done (1456 edits, 2.1s/edit)
2026-10-02 00:41:03,926 INFO wmedit: [flux2klein/reembed/wam] 511000000000 done (1460 edits, 2.1s/edit)
2026-10-02 00:41:12,491 INFO wmedit: [flux2klein/reembed/wam] 611000000000 done (1464 edits, 2.1s/edit)
2026-10-02 00:41:21,116 INFO wmedit: [flux2klein/reembed/wam] 711000000000 done (1468 edits, 2.1s/edit)
2026-10-02 00:41:29,802 INFO wmedit: [flux2klein/reembed/wam] 811000000000 done (1472 edits, 2.1s/edit)
2026-10-02 00:41:38,415 INFO wmedit: [flux2klein/reembed/wam] 911000000000 done (1476 edits, 2.1s/edit)
2026-10-02 00:41:47,026 INFO wmedit: [flux2klein/reembed/wam] 111000000001 done (1480 edits, 2.1s/edit)
2026-10-02 00:41:55,669 INFO wmedit: [flux2klein/reembed/wam] 211000000001 done (1484 edits, 2.1s/edit)
2026-10-02 00:42:04,379 INFO wmedit: [flux2klein/reembed/wam] 311000000001 done (1488 edits, 2.1s/edit)
2026-10-02 00:42:12,977 INFO wmedit: [flux2klein/reembed/wam] 411000000001 done (1492 edits, 2.1s/edit)
2026-10-02 00:42:21,658 INFO wmedit: [flux2klein/reembed/wam] 511000000001 done (1496 edits, 2.1s/edit)
2026-10-02 00:42:30,268 INFO wmedit: [flux2klein/reembed/wam] 611000000001 done (1500 edits, 2.1s/edit)
2026-10-02 00:42:38,929 INFO wmedit: [flux2klein/reembed/wam] 711000000001 done (1504 edits, 2.1s/edit)
2026-10-02 00:42:47,589 INFO wmedit: [flux2klein/reembed/wam] 811000000001 done (1508 edits, 2.1s/edit)
2026-10-02 00:42:56,258 INFO wmedit: [flux2klein/reembed/wam] 911000000001 done (1512 edits, 2.1s/edit)
2026-10-02 00:43:04,939 INFO wmedit: [flux2klein/reembed/wam] 111000000002 done (1516 edits, 2.1s/edit)
2026-10-02 00:43:13,558 INFO wmedit: [flux2klein/reembed/wam] 211000000002 done (1520 edits, 2.1s/edit)
2026-10-02 00:43:22,256 INFO wmedit: [flux2klein/reembed/wam] 311000000002 done (1524 edits, 2.1s/edit)
2026-10-02 00:43:30,941 INFO wmedit: [flux2klein/reembed/wam] 411000000002 done (1528 edits, 2.1s/edit)
2026-10-02 00:43:39,590 INFO wmedit: [flux2klein/reembed/wam] 511000000002 done (1532 edits, 2.1s/edit)
2026-10-02 00:43:48,214 INFO wmedit: [flux2klein/reembed/wam] 611000000002 done (1536 edits, 2.1s/edit)
2026-10-02 00:43:56,777 INFO wmedit: [flux2klein/reembed/wam] 711000000002 done (1540 edits, 2.1s/edit)
2026-10-02 00:44:05,390 INFO wmedit: [flux2klein/reembed/wam] 811000000002 done (1544 edits, 2.1s/edit)
2026-10-02 00:44:14,123 INFO wmedit: [flux2klein/reembed/wam] 911000000002 done (1548 edits, 2.1s/edit)
2026-10-02 00:44:22,730 INFO wmedit: [flux2klein/reembed/wam] 111000000003 done (1552 edits, 2.1s/edit)
2026-10-02 00:44:31,289 INFO wmedit: [flux2klein/reembed/wam] 211000000003 done (1556 edits, 2.1s/edit)
2026-10-02 00:44:39,961 INFO wmedit: [flux2klein/reembed/wam] 311000000003 done (1560 edits, 2.1s/edit)
2026-10-02 00:44:48,630 INFO wmedit: [flux2klein/reembed/wam] 411000000003 done (1564 edits, 2.1s/edit)
2026-10-02 00:44:57,220 INFO wmedit: [flux2klein/reembed/wam] 511000000003 done (1568 edits, 2.1s/edit)
2026-10-02 00:45:05,781 INFO wmedit: [flux2klein/reembed/wam] 611000000003 done (1572 edits, 2.1s/edit)
2026-10-02 00:45:14,393 INFO wmedit: [flux2klein/reembed/wam] 711000000003 done (1576 edits, 2.1s/edit)
2026-10-02 00:45:23,025 INFO wmedit: [flux2klein/reembed/wam] 811000000003 done (1580 edits, 2.1s/edit)
2026-10-02 00:45:31,600 INFO wmedit: [flux2klein/reembed/wam] 911000000003 done (1584 edits, 2.1s/edit)
2026-10-02 00:45:40,250 INFO wmedit: [flux2klein/reembed/wam] 111000000004 done (1588 edits, 2.1s/edit)
2026-10-02 00:45:48,887 INFO wmedit: [flux2klein/reembed/wam] 211000000004 done (1592 edits, 2.1s/edit)
2026-10-02 00:45:57,407 INFO wmedit: [flux2klein/reembed/wam] 311000000004 done (1596 edits, 2.1s/edit)
2026-10-02 00:46:06,045 INFO wmedit: [flux2klein/reembed/wam] 411000000004 done (1600 edits, 2.1s/edit)
2026-10-02 00:46:14,717 INFO wmedit: [flux2klein/reembed/wam] 511000000004 done (1604 edits, 2.1s/edit)
2026-10-02 00:46:23,306 INFO wmedit: [flux2klein/reembed/wam] 611000000004 done (1608 edits, 2.1s/edit)
2026-10-02 00:46:31,967 INFO wmedit: [flux2klein/reembed/wam] 711000000004 done (1612 edits, 2.1s/edit)
2026-10-02 00:46:40,529 INFO wmedit: [flux2klein/reembed/wam] 811000000004 done (1616 edits, 2.1s/edit)
2026-10-02 00:46:49,155 INFO wmedit: [flux2klein/reembed/wam] 911000000004 done (1620 edits, 2.1s/edit)
2026-10-02 00:46:57,765 INFO wmedit: [flux2klein/reembed/wam] 111000000005 done (1624 edits, 2.1s/edit)
2026-10-02 00:47:06,362 INFO wmedit: [flux2klein/reembed/wam] 211000000005 done (1628 edits, 2.1s/edit)
2026-10-02 00:47:14,936 INFO wmedit: [flux2klein/reembed/wam] 311000000005 done (1632 edits, 2.1s/edit)
2026-10-02 00:47:23,597 INFO wmedit: [flux2klein/reembed/wam] 412000000000 done (1636 edits, 2.1s/edit)
2026-10-02 00:47:32,205 INFO wmedit: [flux2klein/reembed/wam] 512000000000 done (1640 edits, 2.1s/edit)
2026-10-02 00:47:40,896 INFO wmedit: [flux2klein/reembed/wam] 612000000000 done (1644 edits, 2.1s/edit)
2026-10-02 00:47:49,525 INFO wmedit: [flux2klein/reembed/wam] 712000000000 done (1648 edits, 2.1s/edit)
2026-10-02 00:47:58,140 INFO wmedit: [flux2klein/reembed/wam] 811000000005 done (1652 edits, 2.1s/edit)
2026-10-02 00:48:06,734 INFO wmedit: [flux2klein/reembed/wam] 911000000005 done (1656 edits, 2.1s/edit)
2026-10-02 00:48:15,326 INFO wmedit: [flux2klein/reembed/wam] 111000000006 done (1660 edits, 2.1s/edit)
2026-10-02 00:48:23,920 INFO wmedit: [flux2klein/reembed/wam] 211000000006 done (1664 edits, 2.1s/edit)
2026-10-02 00:48:32,599 INFO wmedit: [flux2klein/reembed/wam] 311000000006 done (1668 edits, 2.1s/edit)
2026-10-02 00:48:41,138 INFO wmedit: [flux2klein/reembed/wam] 412000000001 done (1672 edits, 2.1s/edit)
2026-10-02 00:48:49,817 INFO wmedit: [flux2klein/reembed/wam] 512000000001 done (1676 edits, 2.1s/edit)
2026-10-02 00:48:58,363 INFO wmedit: [flux2klein/reembed/wam] 612000000001 done (1680 edits, 2.1s/edit)
2026-10-02 00:49:06,981 INFO wmedit: [flux2klein/reembed/wam] 712000000001 done (1684 edits, 2.1s/edit)
2026-10-02 00:49:15,546 INFO wmedit: [flux2klein/reembed/wam] 811000000006 done (1688 edits, 2.1s/edit)
2026-10-02 00:49:24,212 INFO wmedit: [flux2klein/reembed/wam] 911000000006 done (1692 edits, 2.1s/edit)
2026-10-02 00:49:32,827 INFO wmedit: [flux2klein/reembed/wam] 111000000007 done (1696 edits, 2.1s/edit)
2026-10-02 00:49:41,426 INFO wmedit: [flux2klein/reembed/wam] 211000000007 done (1700 edits, 2.1s/edit)
2026-10-02 00:49:50,089 INFO wmedit: [flux2klein/reembed/wam] 311000000007 done (1704 edits, 2.1s/edit)
2026-10-02 00:49:58,719 INFO wmedit: [flux2klein/reembed/wam] 412000000002 done (1708 edits, 2.1s/edit)
2026-10-02 00:50:07,329 INFO wmedit: [flux2klein/reembed/wam] 512000000002 done (1712 edits, 2.1s/edit)
2026-10-02 00:50:15,963 INFO wmedit: [flux2klein/reembed/wam] 612000000002 done (1716 edits, 2.1s/edit)
2026-10-02 00:50:24,589 INFO wmedit: [flux2klein/reembed/wam] 712000000002 done (1720 edits, 2.1s/edit)
2026-10-02 00:50:33,175 INFO wmedit: [flux2klein/reembed/wam] 811000000007 done (1724 edits, 2.1s/edit)
2026-10-02 00:50:41,738 INFO wmedit: [flux2klein/reembed/wam] 911000000007 done (1728 edits, 2.1s/edit)
2026-10-02 00:50:50,326 INFO wmedit: [flux2klein/reembed/wam] 111000000008 done (1732 edits, 2.1s/edit)
2026-10-02 00:50:58,961 INFO wmedit: [flux2klein/reembed/wam] 211000000008 done (1736 edits, 2.1s/edit)
2026-10-02 00:51:07,602 INFO wmedit: [flux2klein/reembed/wam] 311000000008 done (1740 edits, 2.1s/edit)
2026-10-02 00:51:16,237 INFO wmedit: [flux2klein/reembed/wam] 412000000003 done (1744 edits, 2.1s/edit)
2026-10-02 00:51:24,922 INFO wmedit: [flux2klein/reembed/wam] 512000000003 done (1748 edits, 2.1s/edit)
2026-10-02 00:51:33,562 INFO wmedit: [flux2klein/reembed/wam] 612000000003 done (1752 edits, 2.1s/edit)
2026-10-02 00:51:42,164 INFO wmedit: [flux2klein/reembed/wam] 712000000003 done (1756 edits, 2.1s/edit)
2026-10-02 00:51:50,739 INFO wmedit: [flux2klein/reembed/wam] 811000000008 done (1760 edits, 2.1s/edit)
2026-10-02 00:51:59,329 INFO wmedit: [flux2klein/reembed/wam] 911000000008 done (1764 edits, 2.1s/edit)
2026-10-02 00:52:07,945 INFO wmedit: [flux2klein/reembed/wam] 111000000009 done (1768 edits, 2.1s/edit)
2026-10-02 00:52:16,599 INFO wmedit: [flux2klein/reembed/wam] 211000000009 done (1772 edits, 2.1s/edit)
2026-10-02 00:52:25,273 INFO wmedit: [flux2klein/reembed/wam] 311000000009 done (1776 edits, 2.1s/edit)
2026-10-02 00:52:33,853 INFO wmedit: [flux2klein/reembed/wam] 412000000004 done (1780 edits, 2.1s/edit)
2026-10-02 00:52:42,583 INFO wmedit: [flux2klein/reembed/wam] 512000000004 done (1784 edits, 2.1s/edit)
2026-10-02 00:52:51,242 INFO wmedit: [flux2klein/reembed/wam] 612000000004 done (1788 edits, 2.1s/edit)
2026-10-02 00:52:59,916 INFO wmedit: [flux2klein/reembed/wam] 712000000004 done (1792 edits, 2.1s/edit)
2026-10-02 00:53:08,488 INFO wmedit: [flux2klein/reembed/wam] 811000000009 done (1796 edits, 2.1s/edit)
2026-10-02 00:53:17,099 INFO wmedit: [flux2klein/reembed/wam] 911000000009 done (1800 edits, 2.1s/edit)
2026-10-02 00:53:25,844 INFO wmedit: [flux2klein/reembed/trustmark] 111000000000 done (1804 edits, 2.1s/edit)
2026-10-02 00:53:34,410 INFO wmedit: [flux2klein/reembed/trustmark] 211000000000 done (1808 edits, 2.1s/edit)
2026-10-02 00:53:43,029 INFO wmedit: [flux2klein/reembed/trustmark] 311000000000 done (1812 edits, 2.1s/edit)
2026-10-02 00:53:51,619 INFO wmedit: [flux2klein/reembed/trustmark] 411000000000 done (1816 edits, 2.1s/edit)
2026-10-02 00:54:00,137 INFO wmedit: [flux2klein/reembed/trustmark] 511000000000 done (1820 edits, 2.1s/edit)
2026-10-02 00:54:08,634 INFO wmedit: [flux2klein/reembed/trustmark] 611000000000 done (1824 edits, 2.1s/edit)
2026-10-02 00:54:17,177 INFO wmedit: [flux2klein/reembed/trustmark] 711000000000 done (1828 edits, 2.1s/edit)
2026-10-02 00:54:25,780 INFO wmedit: [flux2klein/reembed/trustmark] 811000000000 done (1832 edits, 2.1s/edit)
2026-10-02 00:54:34,357 INFO wmedit: [flux2klein/reembed/trustmark] 911000000000 done (1836 edits, 2.1s/edit)
2026-10-02 00:54:42,911 INFO wmedit: [flux2klein/reembed/trustmark] 111000000001 done (1840 edits, 2.1s/edit)
2026-10-02 00:54:51,470 INFO wmedit: [flux2klein/reembed/trustmark] 211000000001 done (1844 edits, 2.1s/edit)
2026-10-02 00:55:00,104 INFO wmedit: [flux2klein/reembed/trustmark] 311000000001 done (1848 edits, 2.1s/edit)
2026-10-02 00:55:08,653 INFO wmedit: [flux2klein/reembed/trustmark] 411000000001 done (1852 edits, 2.1s/edit)
2026-10-02 00:55:17,263 INFO wmedit: [flux2klein/reembed/trustmark] 511000000001 done (1856 edits, 2.1s/edit)
2026-10-02 00:55:25,800 INFO wmedit: [flux2klein/reembed/trustmark] 611000000001 done (1860 edits, 2.1s/edit)
2026-10-02 00:55:34,417 INFO wmedit: [flux2klein/reembed/trustmark] 711000000001 done (1864 edits, 2.1s/edit)
2026-10-02 00:55:42,998 INFO wmedit: [flux2klein/reembed/trustmark] 811000000001 done (1868 edits, 2.1s/edit)
2026-10-02 00:55:51,623 INFO wmedit: [flux2klein/reembed/trustmark] 911000000001 done (1872 edits, 2.1s/edit)
2026-10-02 00:56:00,185 INFO wmedit: [flux2klein/reembed/trustmark] 111000000002 done (1876 edits, 2.1s/edit)
2026-10-02 00:56:08,707 INFO wmedit: [flux2klein/reembed/trustmark] 211000000002 done (1880 edits, 2.1s/edit)
2026-10-02 00:56:17,300 INFO wmedit: [flux2klein/reembed/trustmark] 311000000002 done (1884 edits, 2.1s/edit)
2026-10-02 00:56:25,908 INFO wmedit: [flux2klein/reembed/trustmark] 411000000002 done (1888 edits, 2.1s/edit)
2026-10-02 00:56:34,556 INFO wmedit: [flux2klein/reembed/trustmark] 511000000002 done (1892 edits, 2.1s/edit)
2026-10-02 00:56:43,100 INFO wmedit: [flux2klein/reembed/trustmark] 611000000002 done (1896 edits, 2.1s/edit)
2026-10-02 00:56:51,620 INFO wmedit: [flux2klein/reembed/trustmark] 711000000002 done (1900 edits, 2.1s/edit)
2026-10-02 00:57:00,200 INFO wmedit: [flux2klein/reembed/trustmark] 811000000002 done (1904 edits, 2.1s/edit)
2026-10-02 00:57:08,847 INFO wmedit: [flux2klein/reembed/trustmark] 911000000002 done (1908 edits, 2.1s/edit)
2026-10-02 00:57:17,400 INFO wmedit: [flux2klein/reembed/trustmark] 111000000003 done (1912 edits, 2.1s/edit)
2026-10-02 00:57:25,890 INFO wmedit: [flux2klein/reembed/trustmark] 211000000003 done (1916 edits, 2.1s/edit)
2026-10-02 00:57:34,488 INFO wmedit: [flux2klein/reembed/trustmark] 311000000003 done (1920 edits, 2.1s/edit)
2026-10-02 00:57:43,084 INFO wmedit: [flux2klein/reembed/trustmark] 411000000003 done (1924 edits, 2.1s/edit)
2026-10-02 00:57:51,618 INFO wmedit: [flux2klein/reembed/trustmark] 511000000003 done (1928 edits, 2.1s/edit)
2026-10-02 00:58:00,145 INFO wmedit: [flux2klein/reembed/trustmark] 611000000003 done (1932 edits, 2.1s/edit)
2026-10-02 00:58:08,674 INFO wmedit: [flux2klein/reembed/trustmark] 711000000003 done (1936 edits, 2.1s/edit)
2026-10-02 00:58:17,251 INFO wmedit: [flux2klein/reembed/trustmark] 811000000003 done (1940 edits, 2.1s/edit)
2026-10-02 00:58:25,751 INFO wmedit: [flux2klein/reembed/trustmark] 911000000003 done (1944 edits, 2.1s/edit)
2026-10-02 00:58:34,335 INFO wmedit: [flux2klein/reembed/trustmark] 111000000004 done (1948 edits, 2.1s/edit)
2026-10-02 00:58:42,918 INFO wmedit: [flux2klein/reembed/trustmark] 211000000004 done (1952 edits, 2.1s/edit)
2026-10-02 00:58:51,408 INFO wmedit: [flux2klein/reembed/trustmark] 311000000004 done (1956 edits, 2.1s/edit)
2026-10-02 00:59:00,006 INFO wmedit: [flux2klein/reembed/trustmark] 411000000004 done (1960 edits, 2.1s/edit)
2026-10-02 00:59:08,619 INFO wmedit: [flux2klein/reembed/trustmark] 511000000004 done (1964 edits, 2.1s/edit)
2026-10-02 00:59:17,157 INFO wmedit: [flux2klein/reembed/trustmark] 611000000004 done (1968 edits, 2.1s/edit)
2026-10-02 00:59:25,759 INFO wmedit: [flux2klein/reembed/trustmark] 711000000004 done (1972 edits, 2.1s/edit)
2026-10-02 00:59:34,276 INFO wmedit: [flux2klein/reembed/trustmark] 811000000004 done (1976 edits, 2.1s/edit)
2026-10-02 00:59:42,818 INFO wmedit: [flux2klein/reembed/trustmark] 911000000004 done (1980 edits, 2.1s/edit)
2026-10-02 00:59:51,386 INFO wmedit: [flux2klein/reembed/trustmark] 111000000005 done (1984 edits, 2.1s/edit)
2026-10-02 00:59:59,928 INFO wmedit: [flux2klein/reembed/trustmark] 211000000005 done (1988 edits, 2.1s/edit)
2026-10-02 01:00:08,439 INFO wmedit: [flux2klein/reembed/trustmark] 311000000005 done (1992 edits, 2.1s/edit)
2026-10-02 01:00:17,069 INFO wmedit: [flux2klein/reembed/trustmark] 412000000000 done (1996 edits, 2.1s/edit)
2026-10-02 01:00:25,638 INFO wmedit: [flux2klein/reembed/trustmark] 512000000000 done (2000 edits, 2.1s/edit)
2026-10-02 01:00:34,293 INFO wmedit: [flux2klein/reembed/trustmark] 612000000000 done (2004 edits, 2.1s/edit)
2026-10-02 01:00:42,910 INFO wmedit: [flux2klein/reembed/trustmark] 712000000000 done (2008 edits, 2.1s/edit)
2026-10-02 01:00:51,473 INFO wmedit: [flux2klein/reembed/trustmark] 811000000005 done (2012 edits, 2.1s/edit)
2026-10-02 01:01:00,033 INFO wmedit: [flux2klein/reembed/trustmark] 911000000005 done (2016 edits, 2.1s/edit)
2026-10-02 01:01:08,560 INFO wmedit: [flux2klein/reembed/trustmark] 111000000006 done (2020 edits, 2.1s/edit)
2026-10-02 01:01:17,111 INFO wmedit: [flux2klein/reembed/trustmark] 211000000006 done (2024 edits, 2.1s/edit)
2026-10-02 01:01:25,766 INFO wmedit: [flux2klein/reembed/trustmark] 311000000006 done (2028 edits, 2.1s/edit)
2026-10-02 01:01:34,281 INFO wmedit: [flux2klein/reembed/trustmark] 412000000001 done (2032 edits, 2.1s/edit)
2026-10-02 01:01:42,880 INFO wmedit: [flux2klein/reembed/trustmark] 512000000001 done (2036 edits, 2.1s/edit)
2026-10-02 01:01:51,383 INFO wmedit: [flux2klein/reembed/trustmark] 612000000001 done (2040 edits, 2.1s/edit)
2026-10-02 01:01:59,917 INFO wmedit: [flux2klein/reembed/trustmark] 712000000001 done (2044 edits, 2.1s/edit)
2026-10-02 01:02:08,433 INFO wmedit: [flux2klein/reembed/trustmark] 811000000006 done (2048 edits, 2.1s/edit)
2026-10-02 01:02:17,080 INFO wmedit: [flux2klein/reembed/trustmark] 911000000006 done (2052 edits, 2.1s/edit)
2026-10-02 01:02:25,689 INFO wmedit: [flux2klein/reembed/trustmark] 111000000007 done (2056 edits, 2.1s/edit)
2026-10-02 01:02:34,270 INFO wmedit: [flux2klein/reembed/trustmark] 211000000007 done (2060 edits, 2.1s/edit)
2026-10-02 01:02:42,864 INFO wmedit: [flux2klein/reembed/trustmark] 311000000007 done (2064 edits, 2.1s/edit)
2026-10-02 01:02:51,422 INFO wmedit: [flux2klein/reembed/trustmark] 412000000002 done (2068 edits, 2.1s/edit)
2026-10-02 01:03:00,002 INFO wmedit: [flux2klein/reembed/trustmark] 512000000002 done (2072 edits, 2.1s/edit)
2026-10-02 01:03:08,570 INFO wmedit: [flux2klein/reembed/trustmark] 612000000002 done (2076 edits, 2.1s/edit)
2026-10-02 01:03:17,144 INFO wmedit: [flux2klein/reembed/trustmark] 712000000002 done (2080 edits, 2.1s/edit)
2026-10-02 01:03:25,647 INFO wmedit: [flux2klein/reembed/trustmark] 811000000007 done (2084 edits, 2.1s/edit)
2026-10-02 01:03:34,162 INFO wmedit: [flux2klein/reembed/trustmark] 911000000007 done (2088 edits, 2.1s/edit)
2026-10-02 01:03:42,703 INFO wmedit: [flux2klein/reembed/trustmark] 111000000008 done (2092 edits, 2.1s/edit)
2026-10-02 01:03:51,287 INFO wmedit: [flux2klein/reembed/trustmark] 211000000008 done (2096 edits, 2.1s/edit)
2026-10-02 01:03:59,875 INFO wmedit: [flux2klein/reembed/trustmark] 311000000008 done (2100 edits, 2.1s/edit)
2026-10-02 01:04:08,451 INFO wmedit: [flux2klein/reembed/trustmark] 412000000003 done (2104 edits, 2.1s/edit)
2026-10-02 01:04:17,041 INFO wmedit: [flux2klein/reembed/trustmark] 512000000003 done (2108 edits, 2.1s/edit)
2026-10-02 01:04:25,613 INFO wmedit: [flux2klein/reembed/trustmark] 612000000003 done (2112 edits, 2.1s/edit)
2026-10-02 01:04:34,181 INFO wmedit: [flux2klein/reembed/trustmark] 712000000003 done (2116 edits, 2.1s/edit)
2026-10-02 01:04:42,715 INFO wmedit: [flux2klein/reembed/trustmark] 811000000008 done (2120 edits, 2.1s/edit)
2026-10-02 01:04:51,210 INFO wmedit: [flux2klein/reembed/trustmark] 911000000008 done (2124 edits, 2.1s/edit)
2026-10-02 01:04:59,749 INFO wmedit: [flux2klein/reembed/trustmark] 111000000009 done (2128 edits, 2.1s/edit)
2026-10-02 01:05:08,324 INFO wmedit: [flux2klein/reembed/trustmark] 211000000009 done (2132 edits, 2.1s/edit)
2026-10-02 01:05:16,920 INFO wmedit: [flux2klein/reembed/trustmark] 311000000009 done (2136 edits, 2.1s/edit)
2026-10-02 01:05:25,506 INFO wmedit: [flux2klein/reembed/trustmark] 412000000004 done (2140 edits, 2.1s/edit)
2026-10-02 01:05:34,184 INFO wmedit: [flux2klein/reembed/trustmark] 512000000004 done (2144 edits, 2.1s/edit)
2026-10-02 01:05:42,753 INFO wmedit: [flux2klein/reembed/trustmark] 612000000004 done (2148 edits, 2.1s/edit)
2026-10-02 01:05:51,384 INFO wmedit: [flux2klein/reembed/trustmark] 712000000004 done (2152 edits, 2.1s/edit)
2026-10-02 01:05:59,916 INFO wmedit: [flux2klein/reembed/trustmark] 811000000009 done (2156 edits, 2.1s/edit)
2026-10-02 01:06:08,460 INFO wmedit: [flux2klein/reembed/trustmark] 911000000009 done (2160 edits, 2.1s/edit)
2026-10-02 01:06:17,770 INFO wmedit: [flux2klein/reembed/dwtdct] 111000000000 done (2164 edits, 2.1s/edit)
2026-10-02 01:06:26,974 INFO wmedit: [flux2klein/reembed/dwtdct] 211000000000 done (2168 edits, 2.1s/edit)
2026-10-02 01:06:36,163 INFO wmedit: [flux2klein/reembed/dwtdct] 311000000000 done (2172 edits, 2.1s/edit)
2026-10-02 01:06:45,306 INFO wmedit: [flux2klein/reembed/dwtdct] 411000000000 done (2176 edits, 2.1s/edit)
2026-10-02 01:06:54,366 INFO wmedit: [flux2klein/reembed/dwtdct] 511000000000 done (2180 edits, 2.1s/edit)
2026-10-02 01:07:03,554 INFO wmedit: [flux2klein/reembed/dwtdct] 611000000000 done (2184 edits, 2.1s/edit)
2026-10-02 01:07:12,786 INFO wmedit: [flux2klein/reembed/dwtdct] 711000000000 done (2188 edits, 2.1s/edit)
2026-10-02 01:07:21,974 INFO wmedit: [flux2klein/reembed/dwtdct] 811000000000 done (2192 edits, 2.1s/edit)
2026-10-02 01:07:31,094 INFO wmedit: [flux2klein/reembed/dwtdct] 911000000000 done (2196 edits, 2.1s/edit)
2026-10-02 01:07:40,165 INFO wmedit: [flux2klein/reembed/dwtdct] 111000000001 done (2200 edits, 2.1s/edit)
2026-10-02 01:07:49,276 INFO wmedit: [flux2klein/reembed/dwtdct] 211000000001 done (2204 edits, 2.1s/edit)
2026-10-02 01:07:58,497 INFO wmedit: [flux2klein/reembed/dwtdct] 311000000001 done (2208 edits, 2.1s/edit)
2026-10-02 01:08:07,709 INFO wmedit: [flux2klein/reembed/dwtdct] 411000000001 done (2212 edits, 2.1s/edit)
2026-10-02 01:08:16,989 INFO wmedit: [flux2klein/reembed/dwtdct] 511000000001 done (2216 edits, 2.1s/edit)
2026-10-02 01:08:26,192 INFO wmedit: [flux2klein/reembed/dwtdct] 611000000001 done (2220 edits, 2.1s/edit)
2026-10-02 01:08:35,372 INFO wmedit: [flux2klein/reembed/dwtdct] 711000000001 done (2224 edits, 2.1s/edit)
2026-10-02 01:08:44,507 INFO wmedit: [flux2klein/reembed/dwtdct] 811000000001 done (2228 edits, 2.1s/edit)
2026-10-02 01:08:53,691 INFO wmedit: [flux2klein/reembed/dwtdct] 911000000001 done (2232 edits, 2.1s/edit)
2026-10-02 01:09:02,896 INFO wmedit: [flux2klein/reembed/dwtdct] 111000000002 done (2236 edits, 2.1s/edit)
2026-10-02 01:09:12,162 INFO wmedit: [flux2klein/reembed/dwtdct] 211000000002 done (2240 edits, 2.1s/edit)
2026-10-02 01:09:21,402 INFO wmedit: [flux2klein/reembed/dwtdct] 311000000002 done (2244 edits, 2.1s/edit)
2026-10-02 01:09:30,624 INFO wmedit: [flux2klein/reembed/dwtdct] 411000000002 done (2248 edits, 2.1s/edit)
2026-10-02 01:09:39,756 INFO wmedit: [flux2klein/reembed/dwtdct] 511000000002 done (2252 edits, 2.1s/edit)
2026-10-02 01:09:48,897 INFO wmedit: [flux2klein/reembed/dwtdct] 611000000002 done (2256 edits, 2.1s/edit)
2026-10-02 01:09:57,998 INFO wmedit: [flux2klein/reembed/dwtdct] 711000000002 done (2260 edits, 2.1s/edit)
2026-10-02 01:10:07,155 INFO wmedit: [flux2klein/reembed/dwtdct] 811000000002 done (2264 edits, 2.1s/edit)
2026-10-02 01:10:16,402 INFO wmedit: [flux2klein/reembed/dwtdct] 911000000002 done (2268 edits, 2.1s/edit)
2026-10-02 01:10:25,577 INFO wmedit: [flux2klein/reembed/dwtdct] 111000000003 done (2272 edits, 2.1s/edit)
2026-10-02 01:10:34,722 INFO wmedit: [flux2klein/reembed/dwtdct] 211000000003 done (2276 edits, 2.1s/edit)
2026-10-02 01:10:43,969 INFO wmedit: [flux2klein/reembed/dwtdct] 311000000003 done (2280 edits, 2.1s/edit)
2026-10-02 01:10:53,146 INFO wmedit: [flux2klein/reembed/dwtdct] 411000000003 done (2284 edits, 2.1s/edit)
2026-10-02 01:11:02,167 INFO wmedit: [flux2klein/reembed/dwtdct] 511000000003 done (2288 edits, 2.1s/edit)
2026-10-02 01:11:11,192 INFO wmedit: [flux2klein/reembed/dwtdct] 611000000003 done (2292 edits, 2.1s/edit)
2026-10-02 01:11:20,256 INFO wmedit: [flux2klein/reembed/dwtdct] 711000000003 done (2296 edits, 2.1s/edit)
2026-10-02 01:11:29,379 INFO wmedit: [flux2klein/reembed/dwtdct] 811000000003 done (2300 edits, 2.1s/edit)
2026-10-02 01:11:38,544 INFO wmedit: [flux2klein/reembed/dwtdct] 911000000003 done (2304 edits, 2.1s/edit)
2026-10-02 01:11:47,834 INFO wmedit: [flux2klein/reembed/dwtdct] 111000000004 done (2308 edits, 2.1s/edit)
2026-10-02 01:11:57,058 INFO wmedit: [flux2klein/reembed/dwtdct] 211000000004 done (2312 edits, 2.1s/edit)
2026-10-02 01:12:06,140 INFO wmedit: [flux2klein/reembed/dwtdct] 311000000004 done (2316 edits, 2.1s/edit)
2026-10-02 01:12:15,300 INFO wmedit: [flux2klein/reembed/dwtdct] 411000000004 done (2320 edits, 2.1s/edit)
2026-10-02 01:12:24,526 INFO wmedit: [flux2klein/reembed/dwtdct] 511000000004 done (2324 edits, 2.1s/edit)
2026-10-02 01:12:33,652 INFO wmedit: [flux2klein/reembed/dwtdct] 611000000004 done (2328 edits, 2.1s/edit)
2026-10-02 01:12:42,888 INFO wmedit: [flux2klein/reembed/dwtdct] 711000000004 done (2332 edits, 2.1s/edit)
2026-10-02 01:12:52,015 INFO wmedit: [flux2klein/reembed/dwtdct] 811000000004 done (2336 edits, 2.1s/edit)
2026-10-02 01:13:01,189 INFO wmedit: [flux2klein/reembed/dwtdct] 911000000004 done (2340 edits, 2.1s/edit)
2026-10-02 01:13:10,385 INFO wmedit: [flux2klein/reembed/dwtdct] 111000000005 done (2344 edits, 2.1s/edit)
2026-10-02 01:13:19,543 INFO wmedit: [flux2klein/reembed/dwtdct] 211000000005 done (2348 edits, 2.1s/edit)
2026-10-02 01:13:28,639 INFO wmedit: [flux2klein/reembed/dwtdct] 311000000005 done (2352 edits, 2.1s/edit)
2026-10-02 01:13:37,893 INFO wmedit: [flux2klein/reembed/dwtdct] 412000000000 done (2356 edits, 2.1s/edit)
2026-10-02 01:13:47,022 INFO wmedit: [flux2klein/reembed/dwtdct] 512000000000 done (2360 edits, 2.1s/edit)
2026-10-02 01:13:56,284 INFO wmedit: [flux2klein/reembed/dwtdct] 612000000000 done (2364 edits, 2.1s/edit)
2026-10-02 01:14:05,510 INFO wmedit: [flux2klein/reembed/dwtdct] 712000000000 done (2368 edits, 2.1s/edit)
2026-10-02 01:14:14,692 INFO wmedit: [flux2klein/reembed/dwtdct] 811000000005 done (2372 edits, 2.1s/edit)
2026-10-02 01:14:23,859 INFO wmedit: [flux2klein/reembed/dwtdct] 911000000005 done (2376 edits, 2.1s/edit)
2026-10-02 01:14:32,948 INFO wmedit: [flux2klein/reembed/dwtdct] 111000000006 done (2380 edits, 2.1s/edit)
2026-10-02 01:14:42,107 INFO wmedit: [flux2klein/reembed/dwtdct] 211000000006 done (2384 edits, 2.1s/edit)
2026-10-02 01:14:51,319 INFO wmedit: [flux2klein/reembed/dwtdct] 311000000006 done (2388 edits, 2.1s/edit)
2026-10-02 01:15:00,414 INFO wmedit: [flux2klein/reembed/dwtdct] 412000000001 done (2392 edits, 2.1s/edit)
2026-10-02 01:15:09,629 INFO wmedit: [flux2klein/reembed/dwtdct] 512000000001 done (2396 edits, 2.1s/edit)
2026-10-02 01:15:18,704 INFO wmedit: [flux2klein/reembed/dwtdct] 612000000001 done (2400 edits, 2.1s/edit)
2026-10-02 01:15:27,885 INFO wmedit: [flux2klein/reembed/dwtdct] 712000000001 done (2404 edits, 2.1s/edit)
2026-10-02 01:15:36,997 INFO wmedit: [flux2klein/reembed/dwtdct] 811000000006 done (2408 edits, 2.1s/edit)
2026-10-02 01:15:46,238 INFO wmedit: [flux2klein/reembed/dwtdct] 911000000006 done (2412 edits, 2.1s/edit)
2026-10-02 01:15:55,469 INFO wmedit: [flux2klein/reembed/dwtdct] 111000000007 done (2416 edits, 2.1s/edit)
2026-10-02 01:16:04,663 INFO wmedit: [flux2klein/reembed/dwtdct] 211000000007 done (2420 edits, 2.1s/edit)
2026-10-02 01:16:13,820 INFO wmedit: [flux2klein/reembed/dwtdct] 311000000007 done (2424 edits, 2.1s/edit)
2026-10-02 01:16:23,055 INFO wmedit: [flux2klein/reembed/dwtdct] 412000000002 done (2428 edits, 2.1s/edit)
2026-10-02 01:16:32,224 INFO wmedit: [flux2klein/reembed/dwtdct] 512000000002 done (2432 edits, 2.1s/edit)
2026-10-02 01:16:41,434 INFO wmedit: [flux2klein/reembed/dwtdct] 612000000002 done (2436 edits, 2.1s/edit)
2026-10-02 01:16:50,622 INFO wmedit: [flux2klein/reembed/dwtdct] 712000000002 done (2440 edits, 2.1s/edit)
2026-10-02 01:16:59,780 INFO wmedit: [flux2klein/reembed/dwtdct] 811000000007 done (2444 edits, 2.1s/edit)
2026-10-02 01:17:08,943 INFO wmedit: [flux2klein/reembed/dwtdct] 911000000007 done (2448 edits, 2.1s/edit)
2026-10-02 01:17:18,165 INFO wmedit: [flux2klein/reembed/dwtdct] 111000000008 done (2452 edits, 2.1s/edit)
2026-10-02 01:17:27,395 INFO wmedit: [flux2klein/reembed/dwtdct] 211000000008 done (2456 edits, 2.1s/edit)
2026-10-02 01:17:36,598 INFO wmedit: [flux2klein/reembed/dwtdct] 311000000008 done (2460 edits, 2.1s/edit)
2026-10-02 01:17:45,819 INFO wmedit: [flux2klein/reembed/dwtdct] 412000000003 done (2464 edits, 2.1s/edit)
2026-10-02 01:17:55,038 INFO wmedit: [flux2klein/reembed/dwtdct] 512000000003 done (2468 edits, 2.1s/edit)
2026-10-02 01:18:04,246 INFO wmedit: [flux2klein/reembed/dwtdct] 612000000003 done (2472 edits, 2.1s/edit)
2026-10-02 01:18:13,467 INFO wmedit: [flux2klein/reembed/dwtdct] 712000000003 done (2476 edits, 2.1s/edit)
2026-10-02 01:18:22,645 INFO wmedit: [flux2klein/reembed/dwtdct] 811000000008 done (2480 edits, 2.1s/edit)
2026-10-02 01:18:31,828 INFO wmedit: [flux2klein/reembed/dwtdct] 911000000008 done (2484 edits, 2.2s/edit)
2026-10-02 01:18:41,014 INFO wmedit: [flux2klein/reembed/dwtdct] 111000000009 done (2488 edits, 2.2s/edit)
2026-10-02 01:18:50,210 INFO wmedit: [flux2klein/reembed/dwtdct] 211000000009 done (2492 edits, 2.2s/edit)
2026-10-02 01:18:59,388 INFO wmedit: [flux2klein/reembed/dwtdct] 311000000009 done (2496 edits, 2.2s/edit)
2026-10-02 01:19:08,469 INFO wmedit: [flux2klein/reembed/dwtdct] 412000000004 done (2500 edits, 2.2s/edit)
2026-10-02 01:19:17,677 INFO wmedit: [flux2klein/reembed/dwtdct] 512000000004 done (2504 edits, 2.2s/edit)
2026-10-02 01:19:26,832 INFO wmedit: [flux2klein/reembed/dwtdct] 612000000004 done (2508 edits, 2.2s/edit)
2026-10-02 01:19:36,097 INFO wmedit: [flux2klein/reembed/dwtdct] 712000000004 done (2512 edits, 2.2s/edit)
2026-10-02 01:19:45,236 INFO wmedit: [flux2klein/reembed/dwtdct] 811000000009 done (2516 edits, 2.2s/edit)
2026-10-02 01:19:54,329 INFO wmedit: [flux2klein/reembed/dwtdct] 911000000009 done (2520 edits, 2.2s/edit)
2026-10-02 01:19:55,233 INFO root: Parsing model identifier. Schema: None, Identifier: ViT-L-14
2026-10-02 01:19:55,233 INFO root: Loaded built-in ViT-L-14 model config.
2026-10-02 01:19:55,365 INFO httpx: HTTP Request: HEAD https://huggingface.co/timm/vit_large_patch14_clip_224.openai/resolve/main/open_clip_model.safetensors "HTTP/1.1 302 Found"
2026-10-02 01:19:55,374 INFO root: Instantiating model architecture: CLIP
2026-10-02 01:19:57,821 INFO root: Loading full pretrained weights from: /home/ubuntu/wm_research/checkpoints/hf_home/hub/models--timm--vit_large_patch14_clip_224.openai/snapshots/18d0535469bb561bf468d76c1d73aa35156c922b/open_clip_model.safetensors
2026-10-02 01:20:09,912 INFO root: Final image preprocessing configuration set: {'size': (224, 224), 'mode': 'RGB', 'mean': (0.48145466, 0.4578275, 0.40821073), 'std': (0.26862954, 0.26130258, 0.27577711), 'interpolation': 'bicubic', 'resize_mode': 'shortest', 'fill_color': 0}
2026-10-02 01:20:09,914 INFO root: Model ViT-L-14 creation process complete.
2026-10-02 01:20:10,161 INFO root: Parsing tokenizer identifier. Schema: None, Identifier: ViT-L-14
2026-10-02 01:20:10,162 INFO root: Attempting to load config from built-in: ViT-L-14
2026-10-02 01:20:10,162 INFO root: Using default SimpleTokenizer.
2026-10-02 01:20:11,980 INFO httpx: HTTP Request: GET https://huggingface.co/api/models/facebook/dinov2-small "HTTP/1.1 200 OK"
2026-10-02 01:33:48,451 INFO wmedit: collected 9450 rows -> /home/ubuntu/wm_research/experiments/stage2/results/rows.csv
