probe,id,watermark,bit_acc,matches,p_value,detected,threshold_matches,exact_payload,res_corr,res_energy_ratio,band0_survival,band1_survival,band2_survival,band3_survival,band4_survival,band5_survival,band6_survival,band7_survival,band0_energy0,band1_energy0,band2_energy0,band3_energy0,band4_energy0,band5_energy0,band6_energy0,band7_energy0,wam_mask_frac
ip2p_identity,111000000000,wam,0.5,16,0.5699749670457095,False,26,False,0.04697398365681194,10.908286094665527,0.3320160508155823,0.0957213044166565,-0.05428366735577583,0.21331915259361267,0.1912214308977127,0.12334160506725311,-0.010938383638858795,-0.014417569153010845,0.4909657835960388,0.2869327664375305,0.07971099764108658,0.044517118483781815,0.03187786415219307,0.02576402947306633,0.021479779854416847,0.018751632422208786,0.0
ip2p_identity,111000000000,trustmark,0.85,85,2.4127107519685975e-13,True,66,False,0.4423780268906221,5.77975606918335,1.2123371362686157,0.7507215142250061,0.6214633584022522,0.8205490708351135,0.6257403492927551,0.609931230545044,0.40505146980285645,0.15613849461078644,0.868170440196991,0.09537896513938904,0.01680462621152401,0.010729683563113213,0.004394536837935448,0.0020179080311208963,0.001313544693402946,0.001190363778732717,
ip2p_identity,111000000000,dwtdct,0.65625,21,0.055092082591727376,False,26,False,0.06471990893638156,3.140080213546753,0.5696320533752441,0.2881529629230499,0.1649809628725052,0.28789737820625305,0.06846065819263458,-0.0053565483540296555,0.000949292560108006,0.004505361896008253,0.15216408669948578,0.05609704554080963,0.022938840091228485,0.023844877257943153,0.023795556277036667,0.04578998684883118,0.16393698751926422,0.5114325881004333,
ip2p_identity,111000000001,wam,0.8125,26,0.0002675263676792383,True,26,False,0.060247322755048904,25.349685668945312,0.7651459574699402,0.4139113426208496,0.09582465887069702,0.32880157232284546,0.219504252076149,0.2358526587486267,0.2164851576089859,0.08953356742858887,0.49373912811279297,0.3253045678138733,0.07619427144527435,0.03407123684883118,0.02306503802537918,0.018162855878472328,0.015563399530947208,0.013899528421461582,0.0962982177734375
ip2p_identity,111000000001,trustmark,0.98,98,3.9845364322713306e-27,True,66,False,0.3988848537048789,5.144105911254883,1.0298986434936523,0.6817609071731567,-0.13537031412124634,-0.3306707441806793,0.009155461564660072,0.054257020354270935,-0.0226298738270998,0.1228257268667221,0.8998017907142639,0.07487267255783081,0.007707301527261734,0.008353587239980698,0.004547053016722202,0.002061080653220415,0.0013862864580005407,0.0012702278327196836,
ip2p_identity,111000000001,dwtdct,0.65625,21,0.055092082591727376,False,26,False,0.06753952527966897,21.389638900756836,0.6182505488395691,0.48673364520072937,0.24332337081432343,0.1718730926513672,0.0655420571565628,-0.03502168506383896,0.031127430498600006,0.03042924962937832,0.7009140849113464,0.15673001110553741,0.03451429307460785,0.028185013681650162,0.015798481181263924,0.016497313976287842,0.01658867672085762,0.030772166326642036,
ip2p_identity,111000000002,wam,1.0,32,2.3283064365386963e-10,True,26,True,0.08496757636210736,138.36363220214844,1.0701913833618164,0.7725774049758911,0.04370887577533722,0.09763161092996597,-0.7330675721168518,0.03535955771803856,0.4794221520423889,0.8126716613769531,0.5545620322227478,0.3076818585395813,0.06731348484754562,0.026065479964017868,0.014794515445828438,0.01069843489676714,0.00951814278960228,0.009366023354232311,0.675445556640625
ip2p_identity,111000000002,trustmark,0.96,96,3.224844447881771e-24,True,66,False,0.2907752352814826,7.612304210662842,1.1777864694595337,0.531557023525238,0.15064702928066254,0.08524004369974136,-0.16779032349586487,0.3753693401813507,-0.09326016902923584,-0.04801717400550842,0.9044100642204285,0.073255255818367,0.006430597510188818,0.005962289869785309,0.004389445763081312,0.0022506434470415115,0.0017025248380377889,0.001599277020432055,
ip2p_identity,111000000002,dwtdct,0.46875,15,0.7016925520729274,False,26,False,0.057409518298136786,177.6776580810547,4.270474433898926,0.6104894876480103,0.7632483839988708,-0.4950927793979645,-0.17513372004032135,-0.3863043189048767,-0.08747074007987976,-0.11153052747249603,0.5893624424934387,0.11926187574863434,0.027844836935400963,0.02286319062113762,0.014301889576017857,0.021169332787394524,0.05247074365615845,0.1527257263660431,
ip2p_identity,211000000000,wam,1.0,32,2.3283064365386963e-10,True,26,True,0.04557267130745091,187.32540893554688,0.5694363117218018,0.5221210718154907,0.5155287384986877,0.6795319318771362,0.9472388625144958,0.6328349113464355,0.8012185096740723,0.8840785622596741,0.558303952217102,0.30142277479171753,0.06833090633153915,0.02719290927052498,0.014641983434557915,0.011155383661389351,0.009668014943599701,0.009284126572310925,0.5323333740234375
ip2p_identity,211000000000,trustmark,0.99,99,7.967495142732219e-29,True,66,False,0.07353347137602917,92.96308135986328,-0.5158425569534302,0.7287216782569885,0.12954314053058624,2.2887001037597656,2.552842617034912,0.14726901054382324,-0.5325411558151245,-0.3906870186328888,0.8809391260147095,0.10271713137626648,0.00538376672193408,0.004268735181540251,0.0029885706026107073,0.0015160896582528949,0.0011383554665371776,0.0010482755023986101,
ip2p_identity,211000000000,dwtdct,0.5625,18,0.29830744792707264,False,26,False,0.03923252227033287,272.5053405761719,-3.6871607303619385,-0.15197749435901642,0.12393601983785629,-0.034167490899562836,-0.13922011852264404,-0.4178783595561981,-0.16965797543525696,-0.05769795551896095,0.7556342482566833,0.10776413232088089,0.025341005995869637,0.020254014059901237,0.012144509702920914,0.012669485062360764,0.018530119210481644,0.04766251891851425,
ip2p_identity,211000000001,wam,0.53125,17,0.4300250329542905,False,26,False,0.017259078099568174,131.7621612548828,-0.31742867827415466,0.20311202108860016,0.4130508601665497,0.5290400981903076,0.16482436656951904,0.3587338626384735,0.038577884435653687,0.06304271519184113,0.47525903582572937,0.34629905223846436,0.07551712542772293,0.033810537308454514,0.022353610023856163,0.017284711822867393,0.015231774188578129,0.014244244433939457,0.0
ip2p_identity,211000000001,trustmark,0.91,91,1.6610244897268262e-18,True,66,False,0.18674830895148323,17.54277801513672,0.9666699767112732,0.49412497878074646,0.185415580868721,-0.24463684856891632,-0.48651817440986633,-0.2956131398677826,-0.313503623008728,0.20479895174503326,0.8490867614746094,0.12125805020332336,0.009989102371037006,0.010051432065665722,0.005240860860794783,0.0020682746544480324,0.0012381096603348851,0.001067416276782751,
ip2p_identity,211000000001,dwtdct,0.5,16,0.5699749670457095,False,26,False,0.029374768377425024,74.38910675048828,0.23723675310611725,0.29000329971313477,0.1267252266407013,0.11148466169834137,-0.01370289083570242,0.08594466745853424,0.03061586245894432,-0.018330389633774757,0.5012224912643433,0.16551938652992249,0.03814740478992462,0.03174716606736183,0.018690219148993492,0.028430817648768425,0.071953184902668,0.14428935945034027,
ip2p_identity,211000000002,wam,0.96875,31,7.683411240577698e-09,True,26,False,0.10322934773427007,45.1419677734375,1.0766971111297607,0.6646422147750854,0.5210074186325073,0.8283414244651794,0.19915711879730225,0.028659667819738388,-0.14394231140613556,0.01964748278260231,0.449785053730011,0.3622962534427643,0.07813761383295059,0.03450904041528702,0.023079857230186462,0.019167834892868996,0.01699977181851864,0.016024569049477577,0.2350616455078125
ip2p_identity,211000000002,trustmark,0.97,97,1.3154334480650894e-25,True,66,False,0.37749923393175944,8.09885311126709,1.3289949893951416,0.7577312588691711,0.579287052154541,0.5823578834533691,-0.05202651023864746,-0.13343465328216553,-0.06455282121896744,-0.003967460244894028,0.808323323726654,0.1540246456861496,0.013522728346288204,0.013589424081146717,0.006169362924993038,0.002166975289583206,0.0011780511122196913,0.0010255055967718363,
ip2p_identity,211000000002,dwtdct,0.71875,23,0.010030803503468633,False,26,False,0.1417862580416194,40.952571868896484,1.1410425901412964,0.7680888175964355,0.11611911654472351,0.3927874267101288,0.1258164346218109,0.030641932040452957,0.015676626935601234,0.018432453274726868,0.5337351560592651,0.1574651151895523,0.041402168571949005,0.034273598343133926,0.022370152175426483,0.027403652667999268,0.047844626009464264,0.13550548255443573,
ip2p_identity,311000000000,wam,0.53125,17,0.4300250329542905,False,26,False,0.05234290147039344,414.26409912109375,-7.895419120788574,3.4930241107940674,7.478729248046875,5.586081504821777,1.8534939289093018,0.35067155957221985,2.792569875717163,7.479254722595215,0.5684478282928467,0.2363358736038208,0.07287164032459259,0.04319372400641441,0.029236620292067528,0.020988192409276962,0.015818526968359947,0.013107631355524063,0.5925140380859375
ip2p_identity,311000000000,trustmark,0.48,48,0.6913502932053738,False,66,False,0.3761351660784575,4.121107578277588,0.6724779009819031,0.34645959734916687,0.3341144323348999,-0.02433120459318161,-0.17306582629680634,0.014254945330321789,-0.0733216181397438,-0.03357348218560219,0.8968952298164368,0.08030448108911514,0.009697727859020233,0.006924986839294434,0.002845690818503499,0.0013316725380718708,0.0010098558850586414,0.0009903011377900839,
ip2p_identity,311000000000,dwtdct,0.4375,14,0.8114572062622756,False,26,False,0.01577493785697644,11.10614013671875,-2.566540479660034,0.2870638370513916,0.3403272330760956,0.05721624568104744,-0.07769007980823517,-0.048761650919914246,-0.0006685333792120218,-0.006803136318922043,0.1937435269355774,0.07983683049678802,0.02850784920156002,0.014881168492138386,0.00860829371958971,0.026826292276382446,0.1338888555765152,0.5137071013450623,
ip2p_identity,311000000001,wam,0.5625,18,0.29830744792707264,False,26,False,0.032978081175138035,18.238014221191406,0.02403680421411991,0.07830879092216492,0.21476666629314423,0.23120301961898804,0.33116471767425537,0.26576465368270874,0.1550961285829544,0.0532224215567112,0.4774402379989624,0.3001139461994171,0.08461408317089081,0.0426931194961071,0.028824452310800552,0.024147137999534607,0.021722421050071716,0.020444627851247787,0.0
ip2p_identity,311000000001,trustmark,0.8,80,5.579544528625976e-10,True,66,False,-0.036173915954482695,98.62383270263672,-0.11944657564163208,-0.2854585349559784,-0.8113811016082764,-0.15035556256771088,0.4479711651802063,0.2455868273973465,0.0239413995295763,-0.27111512422561646,0.8466776013374329,0.11864253133535385,0.010575060732662678,0.011133533902466297,0.006377772893756628,0.0027205997612327337,0.0020553546492010355,0.0018176054581999779,
ip2p_identity,311000000001,dwtdct,0.34375,11,0.9749487701337785,False,26,False,0.013768059258142245,7.9167561531066895,-0.2236279547214508,-0.01301680039614439,0.05018546059727669,0.039319977164268494,0.1851128190755844,0.2452637255191803,-0.07018174976110458,-0.08789919316768646,0.7028171420097351,0.17527322471141815,0.030985917896032333,0.029442498460412025,0.013290029019117355,0.015949629247188568,0.012805232778191566,0.019436273723840714,
ip2p_identity,311000000002,wam,1.0,32,2.3283064365386963e-10,True,26,True,0.09118289636982377,50.31486892700195,0.6050639152526855,0.4392467737197876,0.10370410233736038,0.12352873384952545,1.1213455200195312,0.6622232794761658,-0.09606481343507767,-0.2272907942533493,0.529133677482605,0.3198453485965729,0.07579415291547775,0.03045782446861267,0.01658935472369194,0.011364305391907692,0.00891049113124609,0.007904822938144207,0.5466156005859375
ip2p_identity,311000000002,trustmark,0.99,99,7.967495142732219e-29,True,66,False,0.3911818849064124,4.717897415161133,0.9537560939788818,0.7100327014923096,0.26419150829315186,0.5667053461074829,0.5568532943725586,-0.24411576986312866,0.10211614519357681,-0.02970816008746624,0.8706583976745605,0.11253654211759567,0.005740195978432894,0.004571909550577402,0.002858975436538458,0.0014658709987998009,0.0011152419028803706,0.0010528613347560167,
ip2p_identity,311000000002,dwtdct,0.875,28,9.650597348809242e-06,True,26,False,0.20066843428321196,17.834978103637695,0.8773978352546692,0.5686075687408447,0.17217984795570374,0.0813177227973938,0.19227507710456848,0.0678682029247284,0.038976140320301056,0.0115413973107934,0.5583849549293518,0.1632785052061081,0.03903079405426979,0.03142089396715164,0.019696295261383057,0.024195902049541473,0.048743754625320435,0.11524892598390579,
ip2p_identity,411000000000,wam,1.0,32,2.3283064365386963e-10,True,26,True,0.10838350377131477,11.88749885559082,0.46386510133743286,0.3315723240375519,0.21189537644386292,0.21618258953094482,0.3038126528263092,0.32716014981269836,0.2534879148006439,0.014789911918342113,0.4829418361186981,0.3043068051338196,0.07994569092988968,0.04641115665435791,0.029984381049871445,0.022076206281781197,0.018030881881713867,0.01630299724638462,0.5507965087890625
ip2p_identity,411000000000,trustmark,0.97,97,1.3154334480650894e-25,True,66,False,0.36317030089453467,3.721864938735962,0.9341453313827515,0.4536958336830139,0.7250619530677795,0.39754894375801086,0.5510594844818115,0.483865350484848,0.7758507132530212,0.5562049746513367,0.8343733549118042,0.14074231684207916,0.010806996375322342,0.007128287106752396,0.003507101209834218,0.0014688122319057584,0.0010151780443266034,0.0009579291217960417,
ip2p_identity,411000000000,dwtdct,1.0,32,2.3283064365386963e-10,True,26,True,0.5588109866709102,5.080168724060059,1.4361764192581177,0.4243718385696411,0.12809672951698303,0.06345310062170029,0.04311441257596016,-0.015069955959916115,-0.0010957105550915003,0.001634253072552383,0.6002619862556458,0.08334290236234665,0.021217139437794685,0.016457824036478996,0.010427949950098991,0.018179170787334442,0.06253836303949356,0.1875746250152588,
ip2p_identity,411000000001,wam,1.0,32,2.3283064365386963e-10,True,26,True,0.09889220476285329,69.76663208007812,1.2787123918533325,0.9684805870056152,0.30851003527641296,0.09183599054813385,0.15933768451213837,0.04817842319607735,0.455811470746994,0.10046280920505524,0.5126067996025085,0.3274557590484619,0.0698053389787674,0.030140627175569534,0.019268082454800606,0.014986135996878147,0.013133136555552483,0.01260407269001007,0.5192718505859375
ip2p_identity,411000000001,trustmark,0.99,99,7.967495142732219e-29,True,66,False,0.26342586216925157,23.62455940246582,1.400931715965271,1.0081384181976318,0.5190591812133789,0.4108618199825287,0.3033454120159149,0.2079588621854782,0.23626533150672913,0.4984358549118042,0.8399035930633545,0.1299179345369339,0.011746898293495178,0.00855184905230999,0.00469275051727891,0.0021742882672697306,0.0015739563386887312,0.0014387008268386126,
ip2p_identity,411000000001,dwtdct,0.5,16,0.5699749670457095,False,26,False,0.02381202042531311,24.632843017578125,-0.4909747242927551,0.4581812620162964,0.13856647908687592,-0.04065617918968201,-0.05019502341747284,0.06835903972387314,0.08033178746700287,0.03469998389482498,0.19316896796226501,0.07302357256412506,0.03628731891512871,0.02837059646844864,0.02808956615626812,0.054290372878313065,0.14567594230175018,0.44109368324279785,
ip2p_identity,411000000002,wam,0.96875,31,7.683411240577698e-09,True,26,False,0.17627158430729592,9.157386779785156,0.5366142392158508,0.31858769059181213,0.05161220207810402,0.09172394871711731,0.050770264118909836,0.05113246664404869,-0.08120559900999069,0.07682596892118454,0.5370052456855774,0.3128719925880432,0.07256174832582474,0.0302071925252676,0.016741197556257248,0.01185715664178133,0.00984106119722128,0.008914422243833542,0.5302581787109375
ip2p_identity,411000000002,trustmark,0.99,99,7.967495142732219e-29,True,66,False,0.20557308987647072,83.73765563964844,0.103331059217453,0.7289724349975586,0.7017315626144409,0.3520096242427826,0.38014963269233704,0.1754683256149292,0.05091191083192825,0.09049957245588303,0.9262720346450806,0.059805672615766525,0.00511689530685544,0.0038574698846787214,0.0020773843862116337,0.0010925736278295517,0.0008983335574157536,0.000879505299963057,
ip2p_identity,411000000002,dwtdct,0.4375,14,0.8114572062622756,False,26,False,0.2437115702332492,6.911900520324707,-0.09562422335147858,0.4739646911621094,0.2077999860048294,0.18533915281295776,0.01996486820280552,0.028137609362602234,0.015797985717654228,0.005346550606191158,0.5936288833618164,0.12083037942647934,0.028727969154715538,0.022985270246863365,0.014362004585564137,0.016267158091068268,0.03010094165802002,0.1730974316596985,
ip2p_identity,511000000000,wam,0.5625,18,0.29830744792707264,False,26,False,0.06263845968935457,175.53477478027344,0.6374112963676453,0.21635816991329193,-0.006860956083983183,-0.695177435874939,-0.6407814025878906,-0.32192909717559814,-0.1828494518995285,-0.000621373183093965,0.4647049903869629,0.3469716012477875,0.06894045323133469,0.031234560534358025,0.023249737918376923,0.021726053208112717,0.021532753482460976,0.021639885380864143,0.0
ip2p_identity,511000000000,trustmark,0.55,55,0.18410080866334808,False,66,False,0.026263541746273975,52.0666618347168,-2.690016746520996,0.2526787519454956,0.9910785555839539,0.5004256963729858,0.3867924213409424,0.5887885689735413,0.4957403838634491,0.8239240050315857,0.8670289516448975,0.08623895049095154,0.012792603112757206,0.016219928860664368,0.009904795326292515,0.0034869180526584387,0.0023464809637516737,0.0019813780672848225,
ip2p_identity,511000000000,dwtdct,0.40625,13,0.8923364251386374,False,26,False,0.22016763616723317,21.412668228149414,-1.7229681015014648,0.03584687039256096,-0.7747807502746582,0.3273327648639679,0.4909185767173767,0.26789647340774536,0.07765031605958939,0.09033805876970291,0.8296099901199341,0.04021575674414635,0.01137582678347826,0.0072195627726614475,0.00421938905492425,0.009499868378043175,0.026529554277658463,0.07133011519908905,
ip2p_identity,511000000001,wam,0.90625,29,1.2780074030160904e-06,True,26,False,0.014133655602623234,239.5189208984375,0.6293642520904541,0.3051094114780426,0.4000844359397888,-0.3981431722640991,0.42073899507522583,0.3454717695713043,0.17599713802337646,-0.2873936593532562,0.5178490281105042,0.26416218280792236,0.07328743487596512,0.04371395707130432,0.032267458736896515,0.026475900784134865,0.02234436385333538,0.019899606704711914,0.612274169921875
ip2p_identity,511000000001,trustmark,0.64,64,0.003318560257963064,False,66,False,0.10006164005479924,73.02272033691406,0.37562090158462524,0.5139808058738708,-0.3525131046772003,-1.3546329736709595,-0.7561591267585754,-0.2700062692165375,-0.3514411747455597,-0.898303210735321,0.7991837859153748,0.16904190182685852,0.012592960149049759,0.009873416274785995,0.0049695903435349464,0.0018890633946284652,0.0012804552679881454,0.0011687822407111526,
ip2p_identity,511000000001,dwtdct,0.375,12,0.9449079174082726,False,26,False,0.28699679789852095,119.39669799804688,5.1318583488464355,0.29499855637550354,0.46546000242233276,-0.656910240650177,-0.6718843579292297,-0.4468190371990204,0.08740696310997009,-0.012436316348612309,0.6948694586753845,0.07378111034631729,0.02437588945031166,0.019357725977897644,0.015016867779195309,0.021846391260623932,0.04623793810606003,0.10451462864875793,
ip2p_identity,511000000002,wam,0.5,16,0.5699749670457095,False,26,False,0.0928545316248565,45.27631378173828,1.3819568157196045,0.5293936133384705,0.5838809609413147,0.48569291830062866,0.12195079773664474,0.23620928823947906,0.005986942909657955,-0.23605471849441528,0.4941858947277069,0.2771359384059906,0.09040826559066772,0.050061605870723724,0.03197772800922394,0.023215951398015022,0.017421822994947433,0.01559287030249834,0.0
ip2p_identity,511000000002,trustmark,0.94,94,1.0029797609618065e-21,True,66,False,0.1906773859965887,8.040607452392578,1.0356268882751465,0.3585294783115387,0.34939730167388916,0.02554267831146717,0.09977696090936661,0.047122810035943985,0.22795787453651428,0.30985918641090393,0.8882787823677063,0.09086959064006805,0.006933166179805994,0.006270387209951878,0.003632890759035945,0.001638110727071762,0.001238974160514772,0.0011380392825230956,
ip2p_identity,511000000002,dwtdct,0.5,16,0.5699749670457095,False,26,False,0.0889969776906996,25.199050903320312,-0.14904524385929108,0.22437021136283875,0.15448562800884247,0.030267223715782166,-0.17563116550445557,-0.26197850704193115,0.19839468598365784,0.134686678647995,0.5185473561286926,0.16141822934150696,0.03871995583176613,0.0296517014503479,0.017808562144637108,0.024524547159671783,0.05834519863128662,0.15098439157009125,
ip2p_identity,611000000000,wam,1.0,32,2.3283064365386963e-10,True,26,True,0.19777705841964424,47.457252502441406,0.9902900457382202,0.6262991428375244,0.33681732416152954,0.35438933968544006,0.31490087509155273,0.1502414345741272,0.09175048023462296,0.22059239447116852,0.54770827293396,0.31799569725990295,0.06586451083421707,0.025914808735251427,0.015413223765790462,0.010984133929014206,0.0085916081443429,0.007527679670602083,0.602325439453125
ip2p_identity,611000000000,trustmark,1.0,100,7.888609052210118e-31,True,66,True,0.37656547728596684,7.572335243225098,1.4313167333602905,0.74007648229599,1.0603522062301636,0.6735376715660095,0.3308141529560089,0.1576891541481018,0.013758078217506409,0.1343585103750229,0.9064416885375977,0.06306816637516022,0.00965792778879404,0.009756896644830704,0.005231423303484917,0.0024850505869835615,0.0017407701816409826,0.0016180527163669467,
ip2p_identity,611000000000,dwtdct,0.25,8,0.9989487992133945,False,26,False,0.1345875505043122,15.805976867675781,2.5244011878967285,0.7153781652450562,0.5942291617393494,0.36600640416145325,0.06462264060974121,-0.015469596721231937,0.01927817426621914,0.01707633025944233,0.4257042109966278,0.11757387965917587,0.04579642787575722,0.028200481086969376,0.01634133979678154,0.04684906080365181,0.12841439247131348,0.19112026691436768,
ip2p_identity,611000000001,wam,1.0,32,2.3283064365386963e-10,True,26,True,-0.0006665845108493312,103.40251159667969,0.7067862749099731,0.7710989713668823,0.3896653354167938,0.5687876343727112,0.14493654668331146,-0.8063916563987732,-0.9178692698478699,-1.1815807819366455,0.6792927980422974,0.1840447187423706,0.05449170246720314,0.024190379306674004,0.016903210431337357,0.0154549740254879,0.013735178858041763,0.01188707072287798,0.3105621337890625
ip2p_identity,611000000001,trustmark,0.83,83,6.548999325035109e-12,True,66,False,0.14653527008024136,20.684921264648438,0.7053095102310181,0.6761225461959839,0.41903457045555115,0.4177308976650238,-0.25111985206604004,-0.9000810980796814,0.9008829593658447,-0.8909776210784912,0.838160514831543,0.1440764218568802,0.006350793410092592,0.005232968833297491,0.0030776432249695063,0.0013482262147590518,0.0009088219376280904,0.0008446232532151043,
ip2p_identity,611000000001,dwtdct,0.4375,14,0.8114572062622756,False,26,False,0.019463158472007903,85.55281066894531,0.4599587023258209,0.4648323357105255,0.09642244875431061,-0.006534741725772619,0.1176828145980835,0.2475731372833252,0.25336891412734985,-0.04277845472097397,0.6101182699203491,0.15533025562763214,0.03890229016542435,0.031986549496650696,0.021588919684290886,0.023745084181427956,0.031631555408239365,0.0866970643401146,
ip2p_identity,611000000002,wam,0.5625,18,0.29830744792707264,False,26,False,0.016000433348414927,16.904808044433594,0.3321540951728821,0.1130354180932045,0.03308156877756119,0.1728377491235733,0.08425018191337585,0.06073129177093506,0.056062955409288406,0.012039273045957088,0.4780780076980591,0.33543509244918823,0.06771109998226166,0.03302605077624321,0.0296626053750515,0.019084131345152855,0.017070405185222626,0.019932564347982407,0.0
ip2p_identity,611000000002,trustmark,0.52,52,0.3821767172013338,False,66,False,0.21337859691757338,5.213984489440918,0.5752168893814087,0.2738722264766693,0.08910565078258514,-0.04041861370205879,0.04918104037642479,0.10248483717441559,0.22346828877925873,0.07740594446659088,0.8525089025497437,0.0849963128566742,0.011161403730511665,0.01581421121954918,0.027437057346105576,0.00420338986441493,0.00207640347070992,0.0018023692537099123,
ip2p_identity,611000000002,dwtdct,0.59375,19,0.18854279373772442,False,26,False,0.017344042545204795,12.43443775177002,0.43494606018066406,0.09663710743188858,0.05556564778089523,-0.05635561794042587,0.10748757421970367,-0.017221491783857346,0.08141440898180008,0.018434321507811546,0.5407037138938904,0.12422426789999008,0.03183234855532646,0.02577151171863079,0.018581978976726532,0.026496119797229767,0.06108209118247032,0.1713080257177353,
ip2p_identity,711000000000,wam,0.3125,10,0.9899691964965314,False,26,False,-0.0789249715023868,131.4337158203125,-4.746768951416016,0.2164633721113205,0.21970237791538239,0.42602717876434326,0.4182560443878174,0.6223176717758179,0.46607962250709534,0.21910054981708527,0.5905660390853882,0.21745118498802185,0.07492592930793762,0.040054548531770706,0.02746708318591118,0.01998230628669262,0.0157623328268528,0.013790571130812168,0.0
ip2p_identity,711000000000,trustmark,0.82,82,3.0739033075239876e-11,True,66,False,-0.09336555910402072,76.0833511352539,-2.2429890632629395,0.1724896878004074,-0.5211154818534851,-0.1840825229883194,-0.6486215591430664,-0.5905640721321106,0.08845128118991852,0.31122803688049316,0.9090657234191895,0.0675719603896141,0.007403472438454628,0.007119175046682358,0.004260844551026821,0.001993828220292926,0.0013624384300783277,0.0012225256068632007,
ip2p_identity,711000000000,dwtdct,0.5625,18,0.29830744792707264,False,26,False,0.03423349177051675,102.43131256103516,-0.5826225876808167,0.30473417043685913,0.22432343661785126,-0.18859244883060455,-0.33234286308288574,-0.1338147222995758,-0.1110154315829277,-0.06262187659740448,0.6355594992637634,0.1436235010623932,0.0356755405664444,0.028299478814005852,0.01788020320236683,0.019601069390773773,0.029077088460326195,0.09028361737728119,
ip2p_identity,711000000001,wam,1.0,32,2.3283064365386963e-10,True,26,True,0.180211449424464,61.71506118774414,0.47866564989089966,0.6097404956817627,0.2294616848230362,0.13110417127609253,0.03416445478796959,0.21377024054527283,0.30317360162734985,0.30240151286125183,0.5486519932746887,0.30858951807022095,0.07082604616880417,0.02710711769759655,0.015559445135295391,0.011253349483013153,0.009287227876484394,0.008725335821509361,0.61358642578125
ip2p_identity,711000000001,trustmark,1.0,100,7.888609052210118e-31,True,66,True,-0.03029740001004463,243.15386962890625,-4.500535488128662,0.40446463227272034,-1.4452455043792725,-0.2702907621860504,0.17177164554595947,-0.5703232288360596,-0.06576807796955109,0.14013801515102386,0.903200626373291,0.07123569399118423,0.009910930879414082,0.007324244827032089,0.003872083965688944,0.0017568967305123806,0.0013828141381964087,0.0013166841818019748,
ip2p_identity,711000000001,dwtdct,0.59375,19,0.18854279373772442,False,26,False,0.29661131367488897,5.266134738922119,1.1712394952774048,0.7127724289894104,0.2572993040084839,0.07734615355730057,0.10250820219516754,0.03846955671906471,0.040322642773389816,0.009742515161633492,0.40573328733444214,0.10513664036989212,0.028170796111226082,0.021796628832817078,0.01415701862424612,0.019002115353941917,0.061004556715488434,0.3449989855289459,
ip2p_identity,711000000002,wam,0.9375,30,1.2316741049289703e-07,True,26,False,0.029933499229895973,42.63478088378906,-0.34778928756713867,0.3459888696670532,0.22485177218914032,0.29201212525367737,0.07347505539655685,0.22076286375522614,0.5329817533493042,0.39653274416923523,0.433043509721756,0.33420684933662415,0.08950919657945633,0.04512253403663635,0.031886760145425797,0.025526029989123344,0.021093035116791725,0.019612077623605728,0.474822998046875
ip2p_identity,711000000002,trustmark,0.87,87,6.564907761017925e-15,True,66,False,0.20205448996964445,9.890033721923828,0.6861269474029541,0.22043374180793762,0.18638232350349426,0.6791720390319824,0.6820192933082581,0.46622705459594727,0.13709163665771484,-0.25518202781677246,0.8646496534347534,0.10051214694976807,0.011463797651231289,0.012890579178929329,0.006149499211460352,0.0021585458889603615,0.0011595820542424917,0.0010162335820496082,
ip2p_identity,711000000002,dwtdct,0.375,12,0.9449079174082726,False,26,False,0.15899754992864676,40.76637649536133,0.710096001625061,0.48255836963653564,0.18300971388816833,0.1726832240819931,0.2067871391773224,0.12715506553649902,0.0620800144970417,-0.004265014547854662,0.4431658089160919,0.11370819061994553,0.03564988821744919,0.030305176973342896,0.025356050580739975,0.04171987250447273,0.09528813511133194,0.21480683982372284,
ip2p_identity,811000000000,wam,0.53125,17,0.4300250329542905,False,26,False,-0.07982970928538426,34.783390045166016,-4.291752338409424,0.09880126267671585,0.0076798624359071255,0.03226456046104431,0.06550773233175278,0.05385981872677803,-0.11246119439601898,-0.12417067587375641,0.5654860138893127,0.24684154987335205,0.07752440869808197,0.03948312625288963,0.02542213350534439,0.01791241392493248,0.014189241454005241,0.013141152448952198,0.0089263916015625
ip2p_identity,811000000000,trustmark,0.94,94,1.0029797609618065e-21,True,66,False,0.11814997495285454,31.441097259521484,-0.2679460644721985,-0.09127501398324966,1.3822619915008545,-4.16936731338501,-3.3391339778900146,-1.0600361824035645,-0.4249590039253235,-0.08461760729551315,0.88388592004776,0.08504621684551239,0.01000254601240158,0.011020492762327194,0.005350329913198948,0.002122177043929696,0.0013493343722075224,0.0012229382991790771,
ip2p_identity,811000000000,dwtdct,0.53125,17,0.4300250329542905,False,26,False,0.019332637560220533,229.39834594726562,-0.3033563792705536,0.33502480387687683,0.7933093905448914,0.3212388753890991,0.6830626130104065,0.04457054287195206,0.22766153514385223,0.05899268016219139,0.7501429915428162,0.1372448205947876,0.02963218092918396,0.024940377101302147,0.013801183551549911,0.014024610631167889,0.011513612233102322,0.018700135871767998,
ip2p_identity,811000000001,wam,0.5,16,0.5699749670457095,False,26,False,0.07142279147819283,95.9321060180664,0.9447951316833496,0.566336989402771,0.49858537316322327,0.08854320645332336,0.1214725598692894,0.06889180094003677,0.698902428150177,0.0680159330368042,0.5417382121086121,0.2857060134410858,0.06923376768827438,0.03447338193655014,0.023066192865371704,0.017640195786952972,0.014601320959627628,0.013540874235332012,0.028045654296875
ip2p_identity,811000000001,trustmark,0.79,79,2.1686833167108188e-09,True,66,False,0.22635370806027166,15.88390827178955,0.9954430460929871,0.8113322257995605,0.7597743272781372,1.0030869245529175,-0.01551941316574812,0.811906099319458,0.6757717132568359,0.11716621369123459,0.8466647267341614,0.13479271531105042,0.007252131123095751,0.00600419519469142,0.0030840234830975533,0.0010702115250751376,0.000595113611780107,0.0005369628197513521,
ip2p_identity,811000000001,dwtdct,0.40625,13,0.8923364251386374,False,26,False,0.051001028821919696,49.143402099609375,1.0663937330245972,0.6885386109352112,0.2854651212692261,0.5076289176940918,0.2908686101436615,0.18815352022647858,0.0323961041867733,-0.022842245176434517,0.2167290598154068,0.09348902851343155,0.030332989990711212,0.01770738698542118,0.01203361339867115,0.030067795887589455,0.1475314348936081,0.4521086513996124,
ip2p_identity,811000000002,wam,0.90625,29,1.2780074030160904e-06,True,26,False,0.029547695448437907,72.61811065673828,0.2695133686065674,0.31794947385787964,0.003145755035802722,0.0578741580247879,0.4181528389453888,0.6199174523353577,0.19157293438911438,0.06551894545555115,0.47387897968292236,0.32623153924942017,0.08054465055465698,0.041072946041822433,0.0276059377938509,0.020237917080521584,0.01604987494647503,0.01437816210091114,0.484130859375
ip2p_identity,811000000002,trustmark,0.98,98,3.9845364322713306e-27,True,66,False,0.25883384877119786,10.114886283874512,1.1237139701843262,0.46662437915802,0.6702591180801392,0.09452689439058304,-0.37366530299186707,-0.11143944412469864,-0.1070961132645607,0.17215779423713684,0.8431917428970337,0.1329747438430786,0.008181746117770672,0.008183483965694904,0.004017195198684931,0.0015599168837070465,0.0009870572248473763,0.0009040848235599697,
ip2p_identity,811000000002,dwtdct,0.78125,25,0.0010512007866054773,False,26,False,0.0522607045641526,83.7967300415039,1.1392486095428467,0.38531458377838135,0.10137872397899628,0.008079187013208866,0.17870479822158813,0.06759492307901382,-0.043254852294921875,-0.03594732657074928,0.5660524964332581,0.14142240583896637,0.03640883415937424,0.02865803800523281,0.01918468438088894,0.022469952702522278,0.04750021919608116,0.13830336928367615,
ip2p_identity,911000000000,wam,0.6875,22,0.025051229866221547,False,26,False,0.06793801397092498,53.01871871948242,0.7942391037940979,0.6189137101173401,0.24506063759326935,0.0039368923753499985,0.3376481831073761,0.028316296637058258,-0.0015178585890680552,0.031226616352796555,0.49030932784080505,0.351094126701355,0.07895099371671677,0.03158894181251526,0.018132278695702553,0.012650015763938427,0.009366901591420174,0.007907487452030182,0.0
ip2p_identity,911000000000,trustmark,0.78,78,7.952664236893068e-09,True,66,False,0.4152958348003634,6.108972549438477,1.081955075263977,0.8981651663780212,0.33392369747161865,0.24906182289123535,0.1885361224412918,0.18659520149230957,0.21261902153491974,-0.03499501198530197,0.8115922212600708,0.17752999067306519,0.004777936730533838,0.0028944204095751047,0.0014754598960280418,0.0006486388156190515,0.000552479934412986,0.0005288522806949914,
ip2p_identity,911000000000,dwtdct,0.5,16,0.5699749670457095,False,26,False,0.08747140617328082,38.88962936401367,0.838951587677002,0.7813090085983276,0.040719300508499146,0.12277211993932724,0.08715441077947617,-0.032780926674604416,0.036606933921575546,0.022837866097688675,0.5602592825889587,0.15910615026950836,0.03624279052019119,0.030317774042487144,0.01820567436516285,0.02003495581448078,0.02951996959745884,0.1463133692741394,
ip2p_identity,911000000001,wam,0.40625,13,0.8923364251386374,False,26,False,0.04548142024995604,3.0089166164398193,0.052871327847242355,0.2857822775840759,0.29750123620033264,0.3339281976222992,0.2906656563282013,0.30892178416252136,0.30347180366516113,0.23681114614009857,0.6615187525749207,0.16151487827301025,0.06755076348781586,0.041334666311740875,0.02724909968674183,0.01783059351146221,0.012406592257320881,0.010594664141535759,0.0
ip2p_identity,911000000001,trustmark,0.59,59,0.04431304005703379,False,66,False,0.05339809520346566,2.820321559906006,0.08866313099861145,-0.321625292301178,-0.5028408765792847,1.1278003454208374,1.8744025230407715,1.5905331373214722,0.6272064447402954,0.5746130347251892,0.9164144992828369,0.056635480374097824,0.011570434086024761,0.0070986938662827015,0.004161899909377098,0.0018520164303481579,0.0011962250573560596,0.0010707288747653365,
ip2p_identity,911000000001,dwtdct,0.4375,14,0.8114572062622756,False,26,False,0.03556998954397543,4.130558490753174,0.04474056512117386,0.026026535779237747,-0.041374560445547104,-0.04962665215134621,-0.05822848528623581,0.023390399292111397,-0.007572960574179888,0.05490933731198311,0.7811867594718933,0.12794850766658783,0.025776317343115807,0.022385986521840096,0.011778871528804302,0.012101322412490845,0.008711086586117744,0.010111158713698387,
ip2p_identity,911000000002,wam,0.96875,31,7.683411240577698e-09,True,26,False,0.24674576714696006,4.031998157501221,0.6771849989891052,0.3209391236305237,0.057984914630651474,-0.04279206693172455,0.09123848378658295,0.11934860795736313,0.06331726163625717,0.09274201840162277,0.5113195180892944,0.32524871826171875,0.07398275285959244,0.03192908689379692,0.020006118342280388,0.014876727014780045,0.011939045041799545,0.010697988793253899,0.151885986328125
ip2p_identity,911000000002,trustmark,0.99,99,7.967495142732219e-29,True,66,False,0.46685994431850175,2.148691177368164,0.8968120813369751,0.4870813190937042,0.26409173011779785,0.3729184865951538,0.13306303322315216,0.005325742065906525,-0.018741566687822342,-0.18119873106479645,0.9025200009346008,0.07857324928045273,0.008521463721990585,0.00538736442103982,0.002545042196288705,0.0010834344429895282,0.0006994819268584251,0.0006699418881908059,
ip2p_identity,911000000002,dwtdct,0.46875,15,0.7016925520729274,False,26,False,0.16364980985649316,1.1586459875106812,0.765039324760437,0.2845894694328308,0.09244503080844879,-0.005197409074753523,0.038570430129766464,-0.030511504039168358,0.011009848676621914,0.010668084025382996,0.14097397029399872,0.06433212012052536,0.031929902732372284,0.014734234660863876,0.009460242465138435,0.037400536239147186,0.1761150062084198,0.5250539779663086,
ip2p_imgcfg_1.0,111000000000,wam,0.5,16,0.5699749670457095,False,26,False,0.005368967233656876,184.56578063964844,0.1994842141866684,0.20814207196235657,-0.5036527514457703,-0.01787305809557438,-0.0252827201038599,-0.1219608411192894,-0.02319435589015484,-0.11473449319601059,0.4909657835960388,0.2869327664375305,0.07971099764108658,0.044517118483781815,0.03187786415219307,0.02576402947306633,0.021479779854416847,0.018751632422208786,0.0
ip2p_imgcfg_1.0,111000000000,trustmark,0.49,49,0.6178232827986663,False,66,False,0.037932694750554656,129.60684204101562,0.6280980110168457,0.19926482439041138,-0.06827159970998764,-0.13038982450962067,-0.12502749264240265,-0.22537016868591309,0.2384737879037857,-0.3158080279827118,0.868170440196991,0.09537896513938904,0.01680462621152401,0.010729683563113213,0.004394536837935448,0.0020179080311208963,0.001313544693402946,0.001190363778732717,
ip2p_imgcfg_1.0,111000000000,dwtdct,0.53125,17,0.4300250329542905,False,26,False,-0.0010135271816351138,312.6705322265625,-0.5866426825523376,-0.09708055108785629,-0.3433701694011688,0.18130852282047272,-0.022906703874468803,0.15270885825157166,0.06119489669799805,0.02116561494767666,0.15216408669948578,0.05609704554080963,0.022938840091228485,0.023844877257943153,0.023795556277036667,0.04578998684883118,0.16393698751926422,0.5114325881004333,
ip2p_imgcfg_1.0,111000000001,wam,0.5625,18,0.29830744792707264,False,26,False,0.007325955930867691,191.40196228027344,0.4630900025367737,0.21220310032367706,0.12257738411426544,0.10614962875843048,-0.08179417252540588,0.027469657361507416,0.021136417984962463,0.028717434033751488,0.49373912811279297,0.3253045678138733,0.07619427144527435,0.03407123684883118,0.02306503802537918,0.018162855878472328,0.015563399530947208,0.013899528421461582,0.0
ip2p_imgcfg_1.0,111000000001,trustmark,0.57,57,0.09667395224782122,False,66,False,0.015584030412486724,191.1222381591797,0.5005203485488892,-0.023088525980710983,-0.24576695263385773,-0.09961237013339996,0.825078547000885,0.2319263517856598,0.22450566291809082,-0.06374470889568329,0.8998017907142639,0.07487267255783081,0.007707301527261734,0.008353587239980698,0.004547053016722202,0.002061080653220415,0.0013862864580005407,0.0012702278327196836,
ip2p_imgcfg_1.0,111000000001,dwtdct,0.65625,21,0.055092082591727376,False,26,False,0.008496667273263316,192.202392578125,-0.4760814309120178,0.10556355863809586,-0.042839691042900085,0.1116846352815628,0.018554002046585083,-0.0714154988527298,0.24791806936264038,0.03334064781665802,0.7009140849113464,0.15673001110553741,0.03451429307460785,0.028185013681650162,0.015798481181263924,0.016497313976287842,0.01658867672085762,0.030772166326642036,
ip2p_imgcfg_1.0,111000000002,wam,0.46875,15,0.7016925520729274,False,26,False,0.00893254787344722,166.64869689941406,0.2536153793334961,0.19841083884239197,0.15533870458602905,-0.39520546793937683,-0.23095664381980896,0.27105966210365295,0.09193333238363266,0.08480885624885559,0.5545620322227478,0.3076818585395813,0.06731348484754562,0.026065479964017868,0.014794515445828438,0.01069843489676714,0.00951814278960228,0.009366023354232311,0.0008392333984375
ip2p_imgcfg_1.0,111000000002,trustmark,0.54,54,0.24205920680364573,False,66,False,0.09042170950895906,65.34590911865234,0.8258652687072754,0.46501854062080383,-0.2683087885379791,-0.2356400042772293,0.19015134871006012,-0.2393292635679245,0.1184336468577385,-0.1629224568605423,0.9044100642204285,0.073255255818367,0.006430597510188818,0.005962289869785309,0.004389445763081312,0.0022506434470415115,0.0017025248380377889,0.001599277020432055,
ip2p_imgcfg_1.0,111000000002,dwtdct,0.46875,15,0.7016925520729274,False,26,False,0.050423844805809116,133.79364013671875,-0.06614494323730469,0.8013091683387756,-0.3012981116771698,-0.023739363998174667,-0.22341792285442352,-0.0073587242513895035,0.02217681333422661,-0.014701137319207191,0.5893624424934387,0.11926187574863434,0.027844836935400963,0.02286319062113762,0.014301889576017857,0.021169332787394524,0.05247074365615845,0.1527257263660431,
ip2p_imgcfg_1.0,211000000000,wam,0.59375,19,0.18854279373772442,False,26,False,0.0042590186085133905,261.4864196777344,-0.2071748971939087,0.19693557918071747,-0.13938012719154358,0.18300430476665497,-0.11274310946464539,-0.036698952317237854,-0.1671474575996399,-0.1652919352054596,0.558303952217102,0.30142277479171753,0.06833090633153915,0.02719290927052498,0.014641983434557915,0.011155383661389351,0.009668014943599701,0.009284126572310925,0.0
ip2p_imgcfg_1.0,211000000000,trustmark,0.45,45,0.8643734879630823,False,66,False,0.07771990848247896,86.75304412841797,0.6359182596206665,0.713879406452179,0.569108784198761,0.1602005660533905,-0.2566632330417633,0.007553166709840298,-0.3632475733757019,0.021579386666417122,0.8809391260147095,0.10271713137626648,0.00538376672193408,0.004268735181540251,0.0029885706026107073,0.0015160896582528949,0.0011383554665371776,0.0010482755023986101,
ip2p_imgcfg_1.0,211000000000,dwtdct,0.65625,21,0.055092082591727376,False,26,False,0.033982217258032625,468.18682861328125,-0.5225462317466736,0.12756524980068207,0.08462761342525482,-0.08955083042383194,-0.062033895403146744,-0.08944785594940186,0.06546428054571152,0.03422880545258522,0.7556342482566833,0.10776413232088089,0.025341005995869637,0.020254014059901237,0.012144509702920914,0.012669485062360764,0.018530119210481644,0.04766251891851425,
ip2p_imgcfg_1.0,211000000001,wam,0.53125,17,0.4300250329542905,False,26,False,-0.0035660134129963813,328.7737731933594,0.01681869849562645,-0.05644521489739418,-0.18069669604301453,-0.2672376036643982,0.22736701369285583,-0.016665194183588028,0.10194442421197891,0.14616213738918304,0.47525903582572937,0.34629905223846436,0.07551712542772293,0.033810537308454514,0.022353610023856163,0.017284711822867393,0.015231774188578129,0.014244244433939457,0.0
ip2p_imgcfg_1.0,211000000001,trustmark,0.57,57,0.09667395224782122,False,66,False,0.012161823665639022,82.36595916748047,0.31686609983444214,-0.00750031927600503,-0.8941263556480408,0.07101944833993912,0.19628114998340607,-0.2555752992630005,0.10765005648136139,0.019582904875278473,0.8490867614746094,0.12125805020332336,0.009989102371037006,0.010051432065665722,0.005240860860794783,0.0020682746544480324,0.0012381096603348851,0.001067416276782751,
ip2p_imgcfg_1.0,211000000001,dwtdct,0.53125,17,0.4300250329542905,False,26,False,0.0070230312567406816,1011.8367309570312,1.4362750053405762,-0.35325154662132263,-0.08165758103132248,0.19993926584720612,-0.08216554671525955,-0.02085425890982151,-0.012670212425291538,0.08287540823221207,0.5012224912643433,0.16551938652992249,0.03814740478992462,0.03174716606736183,0.018690219148993492,0.028430817648768425,0.071953184902668,0.14428935945034027,
ip2p_imgcfg_1.0,211000000002,wam,0.53125,17,0.4300250329542905,False,26,False,0.013277711791569302,148.77008056640625,0.19741766154766083,0.02076522447168827,0.19754832983016968,0.09775262326002121,0.22691364586353302,0.2882867157459259,0.22550077736377716,0.11090439558029175,0.449785053730011,0.3622962534427643,0.07813761383295059,0.03450904041528702,0.023079857230186462,0.019167834892868996,0.01699977181851864,0.016024569049477577,0.0
ip2p_imgcfg_1.0,211000000002,trustmark,0.52,52,0.3821767172013338,False,66,False,0.046058900382865205,66.2217025756836,0.5692870616912842,0.16550692915916443,-0.05698566883802414,0.19471155107021332,-0.005874802358448505,-0.3526596128940582,-0.11748147010803223,0.10612522810697556,0.808323323726654,0.1540246456861496,0.013522728346288204,0.013589424081146717,0.006169362924993038,0.002166975289583206,0.0011780511122196913,0.0010255055967718363,
ip2p_imgcfg_1.0,211000000002,dwtdct,0.5,16,0.5699749670457095,False,26,False,0.019418233607096057,661.8963623046875,0.5135272741317749,-0.09004414081573486,-0.11666745692491531,-0.13415534794330597,0.03861171007156372,-0.024976829066872597,-0.2238243818283081,-0.12149520963430405,0.5337351560592651,0.1574651151895523,0.041402168571949005,0.034273598343133926,0.022370152175426483,0.027403652667999268,0.047844626009464264,0.13550548255443573,
ip2p_imgcfg_1.0,311000000000,wam,0.53125,17,0.4300250329542905,False,26,False,-0.002913197720204927,46.01528549194336,-0.8396787047386169,0.04426981136202812,-0.001171979820355773,-0.03142984211444855,-0.0208339374512434,-0.0864734947681427,-0.26156511902809143,-0.3826811909675598,0.5684478282928467,0.2363358736038208,0.07287164032459259,0.04319372400641441,0.029236620292067528,0.020988192409276962,0.015818526968359947,0.013107631355524063,0.0
ip2p_imgcfg_1.0,311000000000,trustmark,0.57,57,0.09667395224782122,False,66,False,0.13988213934635743,6.6244635581970215,0.792982280254364,0.15061332285404205,0.03104884922504425,-0.04602480307221413,0.02254408225417137,-0.17772896587848663,0.10280131548643112,-0.027273502200841904,0.8968952298164368,0.08030448108911514,0.009697727859020233,0.006924986839294434,0.002845690818503499,0.0013316725380718708,0.0010098558850586414,0.0009903011377900839,
ip2p_imgcfg_1.0,311000000000,dwtdct,0.4375,14,0.8114572062622756,False,26,False,0.00740555564091967,37.241031646728516,-0.04836141690611839,-0.09423761069774628,-0.025669192895293236,0.028640493750572205,-0.050880737602710724,-0.003437129082158208,-0.0007600505487062037,0.004021303728222847,0.1937435269355774,0.07983683049678802,0.02850784920156002,0.014881168492138386,0.00860829371958971,0.026826292276382446,0.1338888555765152,0.5137071013450623,
ip2p_imgcfg_1.0,311000000001,wam,0.5625,18,0.29830744792707264,False,26,False,-0.0033688141928208824,602.0199584960938,0.08783978223800659,-0.042141783982515335,-0.01739487238228321,-0.12069429457187653,0.22274157404899597,0.4371074140071869,0.637322723865509,0.7049616575241089,0.4774402379989624,0.3001139461994171,0.08461408317089081,0.0426931194961071,0.028824452310800552,0.024147137999534607,0.021722421050071716,0.020444627851247787,0.0
ip2p_imgcfg_1.0,311000000001,trustmark,0.5,50,0.5397946186935889,False,66,False,0.02445289471296639,22.230016708374023,0.03346409648656845,0.09855784475803375,0.299155592918396,0.13677366077899933,0.06508229672908783,0.17626197636127472,0.20509420335292816,-0.040887098759412766,0.8466776013374329,0.11864253133535385,0.010575060732662678,0.011133533902466297,0.006377772893756628,0.0027205997612327337,0.0020553546492010355,0.0018176054581999779,
ip2p_imgcfg_1.0,311000000001,dwtdct,0.34375,11,0.9749487701337785,False,26,False,-0.021923360754645013,806.6528930664062,1.6506993770599365,-0.15651047229766846,0.3503347337245941,-0.21857261657714844,-0.11616270244121552,-0.1368621587753296,0.14608043432235718,-0.11509256064891815,0.7028171420097351,0.17527322471141815,0.030985917896032333,0.029442498460412025,0.013290029019117355,0.015949629247188568,0.012805232778191566,0.019436273723840714,
ip2p_imgcfg_1.0,311000000002,wam,0.59375,19,0.18854279373772442,False,26,False,-0.002290091228486352,35.197853088378906,-0.11015569418668747,0.05335462838411331,-0.05854543298482895,-0.08527297526597977,-0.035151202231645584,-0.053658466786146164,-0.007794569246470928,-0.040988508611917496,0.529133677482605,0.3198453485965729,0.07579415291547775,0.03045782446861267,0.01658935472369194,0.011364305391907692,0.00891049113124609,0.007904822938144207,0.0
ip2p_imgcfg_1.0,311000000002,trustmark,0.44,44,0.9033260477521787,False,66,False,0.060644811903251765,2.0226082801818848,0.14641979336738586,0.09587561339139938,0.029565250501036644,0.0031811040826141834,0.01614142395555973,0.011841547675430775,0.013378806412220001,-0.009425799362361431,0.8706583976745605,0.11253654211759567,0.005740195978432894,0.004571909550577402,0.002858975436538458,0.0014658709987998009,0.0011152419028803706,0.0010528613347560167,
ip2p_imgcfg_1.0,311000000002,dwtdct,0.3125,10,0.9899691964965314,False,26,False,-0.00993287325823457,42.11402893066406,-0.5635581016540527,-0.0849553793668747,0.003945924341678619,-0.02696012333035469,-0.031940825283527374,-0.010675057768821716,0.004082776140421629,0.004585889633744955,0.5583849549293518,0.1632785052061081,0.03903079405426979,0.03142089396715164,0.019696295261383057,0.024195902049541473,0.048743754625320435,0.11524892598390579,
ip2p_imgcfg_1.0,411000000000,wam,0.53125,17,0.4300250329542905,False,26,False,0.010827122432470714,431.0181579589844,0.6022053360939026,-0.20989948511123657,0.8168684840202332,0.4956379532814026,1.1906739473342896,0.3319387435913086,0.17472881078720093,-0.06353171914815903,0.4829418361186981,0.3043068051338196,0.07994569092988968,0.04641115665435791,0.029984381049871445,0.022076206281781197,0.018030881881713867,0.01630299724638462,0.0
ip2p_imgcfg_1.0,411000000000,trustmark,0.43,43,0.9333946903963932,False,66,False,0.05481083333994275,23.96953010559082,0.2890460789203644,0.01900523528456688,-0.3425682783126831,0.22125940024852753,0.13214077055454254,-0.3446967601776123,0.2625872492790222,0.19794896245002747,0.8343733549118042,0.14074231684207916,0.010806996375322342,0.007128287106752396,0.003507101209834218,0.0014688122319057584,0.0010151780443266034,0.0009579291217960417,
ip2p_imgcfg_1.0,411000000000,dwtdct,0.5,16,0.5699749670457095,False,26,False,0.09300566512859317,52.82526779174805,0.5565166473388672,0.1384308934211731,0.20769578218460083,0.14785829186439514,0.19718919694423676,-0.155547097325325,0.004100078251212835,0.03400583565235138,0.6002619862556458,0.08334290236234665,0.021217139437794685,0.016457824036478996,0.010427949950098991,0.018179170787334442,0.06253836303949356,0.1875746250152588,
ip2p_imgcfg_1.0,411000000001,wam,0.59375,19,0.18854279373772442,False,26,False,0.0052938676110511505,368.036376953125,-0.12635929882526398,0.33243486285209656,0.1844138503074646,0.011181235313415527,0.6353471875190735,0.1376659870147705,-0.02274603210389614,-0.035829849541187286,0.5126067996025085,0.3274557590484619,0.0698053389787674,0.030140627175569534,0.019268082454800606,0.014986135996878147,0.013133136555552483,0.01260407269001007,0.0
ip2p_imgcfg_1.0,411000000001,trustmark,0.49,49,0.6178232827986663,False,66,False,-0.003054501094837776,38.448646545410156,0.0030948123894631863,0.1295989751815796,-0.04384955018758774,0.0434112548828125,0.2389964908361435,-0.448887437582016,0.3167382478713989,0.06281552463769913,0.8399035930633545,0.1299179345369339,0.011746898293495178,0.00855184905230999,0.00469275051727891,0.0021742882672697306,0.0015739563386887312,0.0014387008268386126,
ip2p_imgcfg_1.0,411000000001,dwtdct,0.46875,15,0.7016925520729274,False,26,False,0.00040948060835005245,202.72271728515625,-1.2292577028274536,0.47375571727752686,0.44483518600463867,-0.3852418065071106,-0.03571293503046036,-0.16479440033435822,-0.12949159741401672,-0.01991826295852661,0.19316896796226501,0.07302357256412506,0.03628731891512871,0.02837059646844864,0.02808956615626812,0.054290372878313065,0.14567594230175018,0.44109368324279785,
ip2p_imgcfg_1.0,411000000002,wam,0.34375,11,0.9749487701337785,False,26,False,0.001792935540020131,214.53977966308594,-0.0877356082201004,0.07830584049224854,-0.08315930515527725,-0.2828652262687683,-0.138538658618927,0.11079984158277512,-0.176905557513237,0.023258140310645103,0.5370052456855774,0.3128719925880432,0.07256174832582474,0.0302071925252676,0.016741197556257248,0.01185715664178133,0.00984106119722128,0.008914422243833542,0.0
ip2p_imgcfg_1.0,411000000002,trustmark,0.55,55,0.18410080866334808,False,66,False,0.09867364748185578,54.568416595458984,1.1386293172836304,0.17658694088459015,-0.23515693843364716,0.07495731115341187,0.08245234936475754,-0.19805654883384705,-0.0500713512301445,-0.02122890204191208,0.9262720346450806,0.059805672615766525,0.00511689530685544,0.0038574698846787214,0.0020773843862116337,0.0010925736278295517,0.0008983335574157536,0.000879505299963057,
ip2p_imgcfg_1.0,411000000002,dwtdct,0.5,16,0.5699749670457095,False,26,False,0.0020250966019998914,124.61344146728516,-0.5023088455200195,0.33403411507606506,0.002367778215557337,0.17733165621757507,-0.02450939267873764,-0.03183363005518913,-0.03805148974061012,0.0062207626178860664,0.5936288833618164,0.12083037942647934,0.028727969154715538,0.022985270246863365,0.014362004585564137,0.016267158091068268,0.03010094165802002,0.1730974316596985,
ip2p_imgcfg_1.0,511000000000,wam,0.84375,27,5.653710104525089e-05,True,26,False,0.01973684517258906,1473.3533935546875,0.27140092849731445,1.2025247812271118,-0.1196172833442688,-0.9173883199691772,-1.1803947687149048,-1.1554280519485474,-1.103179693222046,-1.2806826829910278,0.4647049903869629,0.3469716012477875,0.06894045323133469,0.031234560534358025,0.023249737918376923,0.021726053208112717,0.021532753482460976,0.021639885380864143,0.92425537109375
ip2p_imgcfg_1.0,511000000000,trustmark,0.77,77,2.756790387925026e-08,True,66,False,0.023241313535860782,408.6614990234375,-1.143255591392517,0.5846287608146667,1.6041532754898071,0.6428965330123901,0.6356252431869507,0.29853928089141846,0.05928320810198784,0.41472128033638,0.8670289516448975,0.08623895049095154,0.012792603112757206,0.016219928860664368,0.009904795326292515,0.0034869180526584387,0.0023464809637516737,0.0019813780672848225,
ip2p_imgcfg_1.0,511000000000,dwtdct,0.59375,19,0.18854279373772442,False,26,False,0.2706217803205416,820.2171020507812,7.411922931671143,0.25927069783210754,0.2819399833679199,0.11177951842546463,0.011344109661877155,0.05448182672262192,0.03576259687542915,0.03618842363357544,0.8296099901199341,0.04021575674414635,0.01137582678347826,0.0072195627726614475,0.00421938905492425,0.009499868378043175,0.026529554277658463,0.07133011519908905,
ip2p_imgcfg_1.0,511000000001,wam,0.375,12,0.9449079174082726,False,26,False,0.0054673142862957935,276.6377258300781,0.22680054605007172,0.25550270080566406,0.02180596999824047,-0.02919137291610241,-0.062003571540117264,-0.025788309052586555,0.17475315928459167,-0.20507968962192535,0.5178490281105042,0.26416218280792236,0.07328743487596512,0.04371395707130432,0.032267458736896515,0.026475900784134865,0.02234436385333538,0.019899606704711914,0.0
ip2p_imgcfg_1.0,511000000001,trustmark,0.39,39,0.9895106321610742,False,66,False,0.017775864841766482,206.12721252441406,0.5075812935829163,0.02520267479121685,0.04331741854548454,-0.05918062850832939,-0.1892227828502655,0.5305221676826477,-0.3565910756587982,-0.27974027395248413,0.7991837859153748,0.16904190182685852,0.012592960149049759,0.009873416274785995,0.0049695903435349464,0.0018890633946284652,0.0012804552679881454,0.0011687822407111526,
ip2p_imgcfg_1.0,511000000001,dwtdct,0.625,20,0.10766357486136258,False,26,False,0.008701563605449672,327.44970703125,0.4748758375644684,-0.2664337456226349,-0.5215461254119873,0.8036355376243591,-0.08224792778491974,-0.2866293787956238,0.10078052431344986,-0.0010312491795048118,0.6948694586753845,0.07378111034631729,0.02437588945031166,0.019357725977897644,0.015016867779195309,0.021846391260623932,0.04623793810606003,0.10451462864875793,
ip2p_imgcfg_1.0,511000000002,wam,0.5,16,0.5699749670457095,False,26,False,0.0074360049233483366,444.17657470703125,0.4120035767555237,0.2848871946334839,0.16452538967132568,-0.14601939916610718,0.3493811786174774,-0.20868968963623047,0.03275985270738602,-0.05610917881131172,0.4941858947277069,0.2771359384059906,0.09040826559066772,0.050061605870723724,0.03197772800922394,0.023215951398015022,0.017421822994947433,0.01559287030249834,0.0
ip2p_imgcfg_1.0,511000000002,trustmark,0.53,53,0.3086497067946262,False,66,False,0.026509333629665233,417.8772888183594,0.0978551134467125,-0.21668940782546997,-0.007509736344218254,-0.5270722508430481,-0.058127231895923615,-0.2082284539937973,-0.05956904590129852,0.20515809953212738,0.8882787823677063,0.09086959064006805,0.006933166179805994,0.006270387209951878,0.003632890759035945,0.001638110727071762,0.001238974160514772,0.0011380392825230956,
ip2p_imgcfg_1.0,511000000002,dwtdct,0.53125,17,0.4300250329542905,False,26,False,-0.00839984540807885,871.1380004882812,-0.8935403227806091,0.6109071373939514,-0.4462849497795105,-0.11563818901777267,-0.33916381001472473,-0.1542430967092514,-0.18402978777885437,0.023192040622234344,0.5185473561286926,0.16141822934150696,0.03871995583176613,0.0296517014503479,0.017808562144637108,0.024524547159671783,0.05834519863128662,0.15098439157009125,
ip2p_imgcfg_1.0,611000000000,wam,0.59375,19,0.18854279373772442,False,26,False,0.04754112813431342,6.563317775726318,0.358397901058197,0.2837163209915161,0.20113308727741241,0.13099922239780426,0.2894379496574402,0.22379806637763977,0.1732502430677414,-0.030944040045142174,0.54770827293396,0.31799569725990295,0.06586451083421707,0.025914808735251427,0.015413223765790462,0.010984133929014206,0.0085916081443429,0.007527679670602083,0.0
ip2p_imgcfg_1.0,611000000000,trustmark,0.79,79,2.1686833167108188e-09,True,66,False,0.2170666642637892,2.4748194217681885,0.481960654258728,0.24270306527614594,0.43989822268486023,0.5291153788566589,0.1044987142086029,0.044998571276664734,0.12205800414085388,-0.11350684612989426,0.9064416885375977,0.06306816637516022,0.00965792778879404,0.009756896644830704,0.005231423303484917,0.0024850505869835615,0.0017407701816409826,0.0016180527163669467,
ip2p_imgcfg_1.0,611000000000,dwtdct,0.65625,21,0.055092082591727376,False,26,False,0.023934849075965527,4.2861647605896,0.030743535608053207,0.2575773000717163,0.3228789269924164,0.1662062406539917,0.07073567807674408,0.06890339404344559,-0.00455933902412653,0.006463338155299425,0.4257042109966278,0.11757387965917587,0.04579642787575722,0.028200481086969376,0.01634133979678154,0.04684906080365181,0.12841439247131348,0.19112026691436768,
ip2p_imgcfg_1.0,611000000001,wam,0.5625,18,0.29830744792707264,False,26,False,0.07180660095449842,28.23106575012207,2.1549956798553467,0.3383152186870575,0.32339346408843994,0.2183893918991089,0.3500331938266754,1.0107460021972656,0.9151010513305664,0.5553542971611023,0.6792927980422974,0.1840447187423706,0.05449170246720314,0.024190379306674004,0.016903210431337357,0.0154549740254879,0.013735178858041763,0.01188707072287798,0.0
ip2p_imgcfg_1.0,611000000001,trustmark,0.63,63,0.0060164878626817395,False,66,False,0.1682302543267906,7.266695022583008,0.5847259163856506,0.1833987683057785,0.370700478553772,0.522536039352417,0.3593492805957794,0.27935582399368286,0.26852482557296753,0.4104129672050476,0.838160514831543,0.1440764218568802,0.006350793410092592,0.005232968833297491,0.0030776432249695063,0.0013482262147590518,0.0009088219376280904,0.0008446232532151043,
ip2p_imgcfg_1.0,611000000001,dwtdct,0.375,12,0.9449079174082726,False,26,False,0.029293245269598134,26.427143096923828,0.7031490206718445,0.12537243962287903,0.11454243957996368,0.001417276682332158,-0.014505444094538689,0.1168132945895195,0.19412550330162048,0.013394499197602272,0.6101182699203491,0.15533025562763214,0.03890229016542435,0.031986549496650696,0.021588919684290886,0.023745084181427956,0.031631555408239365,0.0866970643401146,
ip2p_imgcfg_1.0,611000000002,wam,0.5625,18,0.29830744792707264,False,26,False,0.008338099756854064,39.516265869140625,0.012775692157447338,0.09856951236724854,0.01394806057214737,0.28168755769729614,0.35752159357070923,0.07318611443042755,-0.0009779594838619232,0.026128925383090973,0.4780780076980591,0.33543509244918823,0.06771109998226166,0.03302605077624321,0.0296626053750515,0.019084131345152855,0.017070405185222626,0.019932564347982407,0.0
ip2p_imgcfg_1.0,611000000002,trustmark,0.74,74,8.336813247250504e-07,True,66,False,0.06840703848954896,7.086278438568115,0.3260238766670227,0.07464514672756195,0.03657950460910797,0.03550388664007187,0.11645293980836868,0.16652490198612213,-0.20304006338119507,-0.0030596074648201466,0.8525089025497437,0.0849963128566742,0.011161403730511665,0.01581421121954918,0.027437057346105576,0.00420338986441493,0.00207640347070992,0.0018023692537099123,
ip2p_imgcfg_1.0,611000000002,dwtdct,0.59375,19,0.18854279373772442,False,26,False,0.004961758767795363,27.53390121459961,-0.3054026961326599,0.05248038470745087,0.1178002879023552,0.0038767282385379076,-0.01640082336962223,0.09813309460878372,0.014798822812736034,0.0356147401034832,0.5407037138938904,0.12422426789999008,0.03183234855532646,0.02577151171863079,0.018581978976726532,0.026496119797229767,0.06108209118247032,0.1713080257177353,
ip2p_imgcfg_1.0,711000000000,wam,0.3125,10,0.9899691964965314,False,26,False,-0.023425169670456807,512.7999267578125,-3.7970075607299805,0.39991259574890137,0.12752431631088257,-0.10528051853179932,-0.12035765498876572,-0.17039449512958527,-0.052423007786273956,-0.05502625182271004,0.5905660390853882,0.21745118498802185,0.07492592930793762,0.040054548531770706,0.02746708318591118,0.01998230628669262,0.0157623328268528,0.013790571130812168,0.0
ip2p_imgcfg_1.0,711000000000,trustmark,0.45,45,0.8643734879630823,False,66,False,0.00039764122706110474,385.0906982421875,-0.9085819125175476,-0.12509839236736298,-0.10035575926303864,-0.2145569920539856,0.19521735608577728,-0.5024495124816895,-0.06626404821872711,0.1367359459400177,0.9090657234191895,0.0675719603896141,0.007403472438454628,0.007119175046682358,0.004260844551026821,0.001993828220292926,0.0013624384300783277,0.0012225256068632007,
ip2p_imgcfg_1.0,711000000000,dwtdct,0.53125,17,0.4300250329542905,False,26,False,0.030783347972699788,250.3029327392578,0.9281825423240662,-0.35159051418304443,-0.18002434074878693,0.048157040029764175,0.05092779919505119,-0.04633062705397606,-0.1174260601401329,0.08227106928825378,0.6355594992637634,0.1436235010623932,0.0356755405664444,0.028299478814005852,0.01788020320236683,0.019601069390773773,0.029077088460326195,0.09028361737728119,
ip2p_imgcfg_1.0,711000000001,wam,0.59375,19,0.18854279373772442,False,26,False,0.004840632199116378,77.92452239990234,-0.05409274250268936,0.05004635080695152,0.1935456544160843,0.04827810823917389,0.13644331693649292,0.17474345862865448,0.2520880103111267,0.20943328738212585,0.5486519932746887,0.30858951807022095,0.07082604616880417,0.02710711769759655,0.015559445135295391,0.011253349483013153,0.009287227876484394,0.008725335821509361,0.0
ip2p_imgcfg_1.0,711000000001,trustmark,0.54,54,0.24205920680364573,False,66,False,0.028445418040569444,25.073238372802734,0.27302640676498413,0.22932329773902893,0.03809472545981407,0.02732582576572895,0.004338435363024473,0.07545281946659088,0.07673035562038422,0.011133603751659393,0.903200626373291,0.07123569399118423,0.009910930879414082,0.007324244827032089,0.003872083965688944,0.0017568967305123806,0.0013828141381964087,0.0013166841818019748,
ip2p_imgcfg_1.0,711000000001,dwtdct,0.28125,9,0.99649981665425,False,26,False,-0.0007293394589344912,66.8531494140625,0.1144874319434166,0.1631195843219757,-0.09610433876514435,-0.055747661739587784,0.011751070618629456,-0.055395420640707016,-0.009485456161201,0.0074385991320014,0.40573328733444214,0.10513664036989212,0.028170796111226082,0.021796628832817078,0.01415701862424612,0.019002115353941917,0.061004556715488434,0.3449989855289459,
ip2p_imgcfg_1.0,711000000002,wam,0.9375,30,1.2316741049289703e-07,True,26,False,0.052132600281697555,32.41709899902344,0.8143029808998108,0.1939374804496765,-0.20203031599521637,-0.34732723236083984,-0.3057573735713959,0.006665672175586224,0.20844019949436188,0.07319919764995575,0.433043509721756,0.33420684933662415,0.08950919657945633,0.04512253403663635,0.031886760145425797,0.025526029989123344,0.021093035116791725,0.019612077623605728,0.46533203125
ip2p_imgcfg_1.0,711000000002,trustmark,0.6,60,0.028443966820490444,False,66,False,0.11168227832228725,9.82131290435791,0.39684727787971497,0.0692032054066658,0.20933635532855988,1.4271509647369385,1.2013012170791626,0.45573148131370544,0.2193140834569931,0.0014884450938552618,0.8646496534347534,0.10051214694976807,0.011463797651231289,0.012890579178929329,0.006149499211460352,0.0021585458889603615,0.0011595820542424917,0.0010162335820496082,
ip2p_imgcfg_1.0,711000000002,dwtdct,0.375,12,0.9449079174082726,False,26,False,0.06503324586799956,15.047767639160156,0.7494811415672302,0.1640925109386444,-0.01332156267017126,-0.09589886665344238,-0.2393680214881897,0.009654113091528416,0.0023251576349139214,-0.00849487166851759,0.4431658089160919,0.11370819061994553,0.03564988821744919,0.030305176973342896,0.025356050580739975,0.04171987250447273,0.09528813511133194,0.21480683982372284,
ip2p_imgcfg_1.0,811000000000,wam,0.5,16,0.5699749670457095,False,26,False,-0.05531689152319414,109.35242462158203,-6.275655269622803,0.48304328322410583,0.032150719314813614,-0.1482728272676468,-0.11475805938243866,0.08995422720909119,0.0929698720574379,0.08461564779281616,0.5654860138893127,0.24684154987335205,0.07752440869808197,0.03948312625288963,0.02542213350534439,0.01791241392493248,0.014189241454005241,0.013141152448952198,0.0
ip2p_imgcfg_1.0,811000000000,trustmark,0.7,70,3.925069822796835e-05,True,66,False,0.22649235902253068,38.465049743652344,-0.2034311294555664,0.4260571300983429,0.2795390188694,-0.004110612906515598,-0.13405771553516388,0.11706903576850891,0.10793080925941467,-0.18997400999069214,0.88388592004776,0.08504621684551239,0.01000254601240158,0.011020492762327194,0.005350329913198948,0.002122177043929696,0.0013493343722075224,0.0012229382991790771,
ip2p_imgcfg_1.0,811000000000,dwtdct,0.40625,13,0.8923364251386374,False,26,False,-0.007382733145297697,182.6279296875,-3.8543896675109863,0.6054598689079285,0.1767534464597702,0.004091151989996433,-0.01998322643339634,0.01521608792245388,-0.058607008308172226,-0.09927189350128174,0.7501429915428162,0.1372448205947876,0.02963218092918396,0.024940377101302147,0.013801183551549911,0.014024610631167889,0.011513612233102322,0.018700135871767998,
ip2p_imgcfg_1.0,811000000001,wam,0.4375,14,0.8114572062622756,False,26,False,-0.0015221800964127538,11.474200248718262,-0.1095203086733818,0.012202770449221134,0.027574077248573303,0.027432849630713463,0.04173510521650314,0.04946649447083473,0.08027853071689606,0.05437134578824043,0.5417382121086121,0.2857060134410858,0.06923376768827438,0.03447338193655014,0.023066192865371704,0.017640195786952972,0.014601320959627628,0.013540874235332012,0.0
ip2p_imgcfg_1.0,811000000001,trustmark,0.44,44,0.9033260477521787,False,66,False,0.061320516118262884,10.796088218688965,0.27640023827552795,0.0028193111065775156,0.0013558652717620134,0.021158015355467796,-0.004226572811603546,-0.014724641107022762,0.09847445040941238,-0.007726848591119051,0.8466647267341614,0.13479271531105042,0.007252131123095751,0.00600419519469142,0.0030840234830975533,0.0010702115250751376,0.000595113611780107,0.0005369628197513521,
ip2p_imgcfg_1.0,811000000001,dwtdct,0.40625,13,0.8923364251386374,False,26,False,0.0015067678433953835,1.899536371231079,-0.15687128901481628,0.005469357594847679,-0.00034847878850996494,0.0003632139414548874,0.008109495043754578,-0.00016558996867388487,-0.0006238313508220017,-7.402484334306791e-05,0.2167290598154068,0.09348902851343155,0.030332989990711212,0.01770738698542118,0.01203361339867115,0.030067795887589455,0.1475314348936081,0.4521086513996124,
ip2p_imgcfg_1.0,811000000002,wam,0.28125,9,0.99649981665425,False,26,False,0.06698943990780201,125.37312316894531,1.696458101272583,0.8333307504653931,0.15987904369831085,0.14437039196491241,0.32611408829689026,0.3315592408180237,0.5455261468887329,0.5280945897102356,0.47387897968292236,0.32623153924942017,0.08054465055465698,0.041072946041822433,0.0276059377938509,0.020237917080521584,0.01604987494647503,0.01437816210091114,0.0
ip2p_imgcfg_1.0,811000000002,trustmark,0.68,68,0.00020438858371340761,True,66,False,0.11658220354796625,16.152435302734375,0.7388355731964111,0.2640531361103058,0.4673904776573181,0.18473747372627258,-0.03754306957125664,-0.3558466136455536,-0.44620463252067566,-0.000991731882095337,0.8431917428970337,0.1329747438430786,0.008181746117770672,0.008183483965694904,0.004017195198684931,0.0015599168837070465,0.0009870572248473763,0.0009040848235599697,
ip2p_imgcfg_1.0,811000000002,dwtdct,0.5,16,0.5699749670457095,False,26,False,0.07434610804608321,49.36836242675781,0.33246275782585144,1.0340211391448975,0.35322803258895874,0.21327731013298035,0.027393095195293427,0.029773365706205368,0.01691235601902008,0.00508262449875474,0.5660524964332581,0.14142240583896637,0.03640883415937424,0.02865803800523281,0.01918468438088894,0.022469952702522278,0.04750021919608116,0.13830336928367615,
ip2p_imgcfg_1.0,911000000000,wam,0.6875,22,0.025051229866221547,False,26,False,0.008587599898478689,105.62161254882812,-0.07690741866827011,0.16387610137462616,0.272782564163208,0.06946773827075958,-0.04435675963759422,0.259046733379364,0.2587260603904724,0.12406948953866959,0.49030932784080505,0.351094126701355,0.07895099371671677,0.03158894181251526,0.018132278695702553,0.012650015763938427,0.009366901591420174,0.007907487452030182,0.0
ip2p_imgcfg_1.0,911000000000,trustmark,0.41,41,0.9715560331795096,False,66,False,0.08312319184162668,16.98179054260254,0.4077241122722626,0.27779483795166016,-0.9195626974105835,0.1653861701488495,-0.4964198172092438,-0.029130632057785988,-0.4111856520175934,-0.1796916425228119,0.8115922212600708,0.17752999067306519,0.004777936730533838,0.0028944204095751047,0.0014754598960280418,0.0006486388156190515,0.000552479934412986,0.0005288522806949914,
ip2p_imgcfg_1.0,911000000000,dwtdct,0.59375,19,0.18854279373772442,False,26,False,0.0606588097201989,106.92803192138672,0.09759165346622467,0.024810057133436203,0.09137879312038422,-0.281034380197525,0.028101148083806038,0.09546597301959991,-0.006832106038928032,0.002225566888228059,0.5602592825889587,0.15910615026950836,0.03624279052019119,0.030317774042487144,0.01820567436516285,0.02003495581448078,0.02951996959745884,0.1463133692741394,
ip2p_imgcfg_1.0,911000000001,wam,0.40625,13,0.8923364251386374,False,26,False,0.11220123280170133,95.47936248779297,3.0856544971466064,0.39964431524276733,-0.03523947671055794,-0.01869725063443184,0.034939151257276535,0.25269055366516113,0.3024277091026306,0.24136419594287872,0.6615187525749207,0.16151487827301025,0.06755076348781586,0.041334666311740875,0.02724909968674183,0.01783059351146221,0.012406592257320881,0.010594664141535759,0.0
ip2p_imgcfg_1.0,911000000001,trustmark,0.61,61,0.017600100108852428,False,66,False,0.04413373316661093,35.726932525634766,0.2644596993923187,-0.5297776460647583,-0.17511849105358124,0.20777961611747742,0.0792807787656784,0.5682925581932068,-0.34228670597076416,-0.09122160077095032,0.9164144992828369,0.056635480374097824,0.011570434086024761,0.0070986938662827015,0.004161899909377098,0.0018520164303481579,0.0011962250573560596,0.0010707288747653365,
ip2p_imgcfg_1.0,911000000001,dwtdct,0.4375,14,0.8114572062622756,False,26,False,0.10149353191591663,227.00668334960938,2.462067127227783,-0.3329332172870636,0.6090191602706909,-0.1875746250152588,-0.016645124182105064,-0.17102539539337158,-0.0345081090927124,-0.09143930673599243,0.7811867594718933,0.12794850766658783,0.025776317343115807,0.022385986521840096,0.011778871528804302,0.012101322412490845,0.008711086586117744,0.010111158713698387,
ip2p_imgcfg_1.0,911000000002,wam,0.625,20,0.10766357486136258,False,26,False,0.005996187039299587,12.934880256652832,-0.03534466400742531,0.03951964154839516,0.013299298472702503,-0.012624643743038177,0.012576707638800144,0.0386846549808979,0.0006527302321046591,0.06066843122243881,0.5113195180892944,0.32524871826171875,0.07398275285959244,0.03192908689379692,0.020006118342280388,0.014876727014780045,0.011939045041799545,0.010697988793253899,0.0
ip2p_imgcfg_1.0,911000000002,trustmark,0.5,50,0.5397946186935889,False,66,False,-0.014779277145006995,7.499562740325928,-0.07774432748556137,0.021240871399641037,-0.15093527734279633,-0.02011040970683098,0.11720279604196548,-0.08164694905281067,0.1783210188150406,0.03371846675872803,0.9025200009346008,0.07857324928045273,0.008521463721990585,0.00538736442103982,0.002545042196288705,0.0010834344429895282,0.0006994819268584251,0.0006699418881908059,
ip2p_imgcfg_1.0,911000000002,dwtdct,0.34375,11,0.9749487701337785,False,26,False,-0.0013512894959287983,15.371136665344238,-0.12967130541801453,0.17780734598636627,0.09038261324167252,0.026063384488224983,-0.002700524404644966,0.03655713424086571,0.0031872843392193317,0.004735860507935286,0.14097397029399872,0.06433212012052536,0.031929902732372284,0.014734234660863876,0.009460242465138435,0.037400536239147186,0.1761150062084198,0.5250539779663086,
ip2p_imgcfg_1.5,111000000000,wam,0.5,16,0.5699749670457095,False,26,False,0.03334601872278142,35.896820068359375,0.4006939232349396,0.24135346710681915,0.2577012777328491,0.21748757362365723,0.08304049074649811,0.04795374348759651,0.03866330534219742,0.03492744639515877,0.4909657835960388,0.2869327664375305,0.07971099764108658,0.044517118483781815,0.03187786415219307,0.02576402947306633,0.021479779854416847,0.018751632422208786,0.0005035400390625
ip2p_imgcfg_1.5,111000000000,trustmark,0.81,81,1.3513812610243942e-10,True,66,False,0.1701437031369248,18.1176700592041,0.9101867079734802,0.28596916794776917,0.22276698052883148,0.2576659321784973,0.34543439745903015,-0.050635311752557755,-0.048279520124197006,-0.02724786102771759,0.868170440196991,0.09537896513938904,0.01680462621152401,0.010729683563113213,0.004394536837935448,0.0020179080311208963,0.001313544693402946,0.001190363778732717,
ip2p_imgcfg_1.5,111000000000,dwtdct,0.34375,11,0.9749487701337785,False,26,False,0.021175129509653615,23.700496673583984,0.4430583417415619,0.05718119069933891,-0.15673325955867767,0.10831127315759659,0.05821729078888893,-0.011200790293514729,-0.0007862989441491663,0.0017799601191654801,0.15216408669948578,0.05609704554080963,0.022938840091228485,0.023844877257943153,0.023795556277036667,0.04578998684883118,0.16393698751926422,0.5114325881004333,
ip2p_imgcfg_1.5,111000000001,wam,0.5625,18,0.29830744792707264,False,26,False,0.013202436266917554,198.97796630859375,0.5023840069770813,0.3698197901248932,0.41738462448120117,-0.07523520290851593,-0.23413529992103577,-0.19550344347953796,0.0424257293343544,-0.18767394125461578,0.49373912811279297,0.3253045678138733,0.07619427144527435,0.03407123684883118,0.02306503802537918,0.018162855878472328,0.015563399530947208,0.013899528421461582,0.0
ip2p_imgcfg_1.5,111000000001,trustmark,0.49,49,0.6178232827986663,False,66,False,0.06356701308548848,142.1097412109375,1.0027987957000732,0.87978196144104,0.3099425435066223,-0.24712945520877838,-0.25469908118247986,-0.09299692511558533,0.25881484150886536,-0.056984882801771164,0.8998017907142639,0.07487267255783081,0.007707301527261734,0.008353587239980698,0.004547053016722202,0.002061080653220415,0.0013862864580005407,0.0012702278327196836,
ip2p_imgcfg_1.5,111000000001,dwtdct,0.65625,21,0.055092082591727376,False,26,False,0.017601806454489964,109.29573059082031,-0.46692225337028503,0.6087045669555664,0.007311305962502956,-0.06169721856713295,-0.000676381925586611,-0.09499011933803558,0.01564648188650608,0.007847334258258343,0.7009140849113464,0.15673001110553741,0.03451429307460785,0.028185013681650162,0.015798481181263924,0.016497313976287842,0.01658867672085762,0.030772166326642036,
ip2p_imgcfg_1.5,111000000002,wam,1.0,32,2.3283064365386963e-10,True,26,True,0.02950708342207776,159.62625122070312,0.7811570763587952,0.4355603754520416,-0.012033691629767418,-0.39655107259750366,0.18488915264606476,0.28329384326934814,-0.4360401928424835,-0.05122080817818642,0.5545620322227478,0.3076818585395813,0.06731348484754562,0.026065479964017868,0.014794515445828438,0.01069843489676714,0.00951814278960228,0.009366023354232311,0.4627838134765625
ip2p_imgcfg_1.5,111000000002,trustmark,0.59,59,0.04431304005703379,False,66,False,0.14687533978953496,48.142127990722656,0.9588777422904968,0.9150577187538147,0.028297781944274902,-0.23651118576526642,0.07135500758886337,0.1971019059419632,-0.16467031836509705,-0.1639561802148819,0.9044100642204285,0.073255255818367,0.006430597510188818,0.005962289869785309,0.004389445763081312,0.0022506434470415115,0.0017025248380377889,0.001599277020432055,
ip2p_imgcfg_1.5,111000000002,dwtdct,0.5,16,0.5699749670457095,False,26,False,0.04799149519096743,111.88774871826172,0.28603217005729675,0.4490464925765991,-0.15420611202716827,-0.22674189507961273,-0.025154702365398407,-0.20194873213768005,-0.058748334646224976,-0.032736361026763916,0.5893624424934387,0.11926187574863434,0.027844836935400963,0.02286319062113762,0.014301889576017857,0.021169332787394524,0.05247074365615845,0.1527257263660431,
ip2p_imgcfg_1.5,211000000000,wam,0.9375,30,1.2316741049289703e-07,True,26,False,0.014331595050472812,430.76300048828125,0.3839024603366852,0.4877444803714752,0.010591796599328518,0.05173204466700554,0.07950646430253983,0.16229410469532013,-0.005683205556124449,-0.05847841128706932,0.558303952217102,0.30142277479171753,0.06833090633153915,0.02719290927052498,0.014641983434557915,0.011155383661389351,0.009668014943599701,0.009284126572310925,0.2523651123046875
ip2p_imgcfg_1.5,211000000000,trustmark,0.53,53,0.3086497067946262,False,66,False,0.09277674461849468,138.71873474121094,1.3059519529342651,0.7156062126159668,-0.6423206925392151,-0.7007232904434204,0.6049242615699768,0.0232605691999197,0.05878712981939316,0.18232421576976776,0.8809391260147095,0.10271713137626648,0.00538376672193408,0.004268735181540251,0.0029885706026107073,0.0015160896582528949,0.0011383554665371776,0.0010482755023986101,
ip2p_imgcfg_1.5,211000000000,dwtdct,0.34375,11,0.9749487701337785,False,26,False,0.06251994674368246,195.96316528320312,0.867098331451416,0.3433200716972351,0.25888147950172424,0.1948697566986084,0.2995167374610901,0.2904602289199829,-0.10547296702861786,-0.0531497597694397,0.7556342482566833,0.10776413232088089,0.025341005995869637,0.020254014059901237,0.012144509702920914,0.012669485062360764,0.018530119210481644,0.04766251891851425,
ip2p_imgcfg_1.5,211000000001,wam,0.53125,17,0.4300250329542905,False,26,False,-0.0004974547494559872,403.4205322265625,0.19845212996006012,0.044064901769161224,0.2356433868408203,0.02897152304649353,-0.4690364599227905,0.30904197692871094,0.7066554427146912,0.41135501861572266,0.47525903582572937,0.34629905223846436,0.07551712542772293,0.033810537308454514,0.022353610023856163,0.017284711822867393,0.015231774188578129,0.014244244433939457,0.0
ip2p_imgcfg_1.5,211000000001,trustmark,0.44,44,0.9033260477521787,False,66,False,0.03045877743245269,81.09359741210938,0.39515364170074463,0.2805297076702118,-0.27886244654655457,0.4730610251426697,0.3408038318157196,0.5168690085411072,0.4022505581378937,0.27724531292915344,0.8490867614746094,0.12125805020332336,0.009989102371037006,0.010051432065665722,0.005240860860794783,0.0020682746544480324,0.0012381096603348851,0.001067416276782751,
ip2p_imgcfg_1.5,211000000001,dwtdct,0.53125,17,0.4300250329542905,False,26,False,0.0371102172512567,232.19778442382812,1.1826385259628296,0.5259398818016052,0.2149355560541153,0.25700196623802185,0.10667012631893158,0.25099965929985046,0.028091108426451683,0.15848734974861145,0.5012224912643433,0.16551938652992249,0.03814740478992462,0.03174716606736183,0.018690219148993492,0.028430817648768425,0.071953184902668,0.14428935945034027,
ip2p_imgcfg_1.5,211000000002,wam,0.53125,17,0.4300250329542905,False,26,False,0.009780077817622676,239.1628875732422,-0.11867023259401321,0.08080660551786423,0.2651557922363281,0.1919352114200592,0.175937220454216,0.026370983570814133,-0.02556321956217289,0.020344078540802002,0.449785053730011,0.3622962534427643,0.07813761383295059,0.03450904041528702,0.023079857230186462,0.019167834892868996,0.01699977181851864,0.016024569049477577,0.0
ip2p_imgcfg_1.5,211000000002,trustmark,0.54,54,0.24205920680364573,False,66,False,0.09159234852363858,55.754661560058594,0.8446468114852905,0.5148212313652039,-0.3467228412628174,-0.05545905977487564,0.14946119487285614,0.055079903453588486,0.014306779019534588,0.1569906324148178,0.808323323726654,0.1540246456861496,0.013522728346288204,0.013589424081146717,0.006169362924993038,0.002166975289583206,0.0011780511122196913,0.0010255055967718363,
ip2p_imgcfg_1.5,211000000002,dwtdct,0.53125,17,0.4300250329542905,False,26,False,0.007951886662619721,434.9472351074219,-0.23482827842235565,0.13006877899169922,-0.022626444697380066,-0.02619616873562336,0.2003103643655777,0.14894825220108032,-0.029859201982617378,0.09957728534936905,0.5337351560592651,0.1574651151895523,0.041402168571949005,0.034273598343133926,0.022370152175426483,0.027403652667999268,0.047844626009464264,0.13550548255443573,
ip2p_imgcfg_1.5,311000000000,wam,0.53125,17,0.4300250329542905,False,26,False,0.03153181925243887,171.6960906982422,-0.10224300622940063,0.505375325679779,0.412011057138443,0.5092864036560059,0.35542064905166626,0.2760620713233948,0.2072427123785019,-0.016151506453752518,0.5684478282928467,0.2363358736038208,0.07287164032459259,0.04319372400641441,0.029236620292067528,0.020988192409276962,0.015818526968359947,0.013107631355524063,0.0
ip2p_imgcfg_1.5,311000000000,trustmark,0.67,67,0.0004368599184561862,True,66,False,0.10177299816854798,7.402276039123535,0.2675343155860901,-0.04987388476729393,-0.057247065007686615,0.44357940554618835,0.6773027777671814,0.3311329185962677,0.0051566525362432,0.02429232932627201,0.8968952298164368,0.08030448108911514,0.009697727859020233,0.006924986839294434,0.002845690818503499,0.0013316725380718708,0.0010098558850586414,0.0009903011377900839,
ip2p_imgcfg_1.5,311000000000,dwtdct,0.4375,14,0.8114572062622756,False,26,False,0.002837927153094111,103.66690826416016,-0.3347484767436981,-0.612618088722229,-0.4311693012714386,0.12806592881679535,0.1585921347141266,-0.00010456279414938763,-0.021542750298976898,0.007573538925498724,0.1937435269355774,0.07983683049678802,0.02850784920156002,0.014881168492138386,0.00860829371958971,0.026826292276382446,0.1338888555765152,0.5137071013450623,
ip2p_imgcfg_1.5,311000000001,wam,0.6875,22,0.025051229866221547,False,26,False,0.002219083013369567,582.0254516601562,0.6906617879867554,0.097127765417099,-0.11706646531820297,-0.38546648621559143,-0.041424449533224106,0.16489113867282867,0.44028109312057495,0.5626071095466614,0.4774402379989624,0.3001139461994171,0.08461408317089081,0.0426931194961071,0.028824452310800552,0.024147137999534607,0.021722421050071716,0.020444627851247787,0.8426055908203125
ip2p_imgcfg_1.5,311000000001,trustmark,0.54,54,0.24205920680364573,False,66,False,-0.0033938915349988985,769.7333984375,-9.468286514282227,-0.18299123644828796,-1.8864959478378296,0.7324454188346863,0.13652563095092773,0.1533907800912857,0.12663546204566956,-0.2966071367263794,0.8466776013374329,0.11864253133535385,0.010575060732662678,0.011133533902466297,0.006377772893756628,0.0027205997612327337,0.0020553546492010355,0.0018176054581999779,
ip2p_imgcfg_1.5,311000000001,dwtdct,0.25,8,0.9989487992133945,False,26,False,-0.001007284671748645,1072.36865234375,1.452386498451233,0.21870030462741852,-0.4383484721183777,-0.19483545422554016,0.053490933030843735,-0.02008386142551899,0.4116913974285126,-0.10787244886159897,0.7028171420097351,0.17527322471141815,0.030985917896032333,0.029442498460412025,0.013290029019117355,0.015949629247188568,0.012805232778191566,0.019436273723840714,
ip2p_imgcfg_1.5,311000000002,wam,0.59375,19,0.18854279373772442,False,26,False,0.0007382219601873491,43.60597610473633,-0.17766889929771423,0.21317224204540253,0.060042332857847214,-0.038612086325883865,0.03768743574619293,-0.00027019757544621825,-0.017936453223228455,-0.04602714627981186,0.529133677482605,0.3198453485965729,0.07579415291547775,0.03045782446861267,0.01658935472369194,0.011364305391907692,0.00891049113124609,0.007904822938144207,0.0
ip2p_imgcfg_1.5,311000000002,trustmark,0.49,49,0.6178232827986663,False,66,False,0.08233263430762709,9.312434196472168,0.23853693902492523,0.45595818758010864,-0.20927146077156067,0.18087735772132874,-0.1461406946182251,0.10403384268283844,-0.009176742285490036,-0.044971365481615067,0.8706583976745605,0.11253654211759567,0.005740195978432894,0.004571909550577402,0.002858975436538458,0.0014658709987998009,0.0011152419028803706,0.0010528613347560167,
ip2p_imgcfg_1.5,311000000002,dwtdct,0.34375,11,0.9749487701337785,False,26,False,-0.008501263289346132,48.95192337036133,-0.5500667095184326,-0.07986889034509659,-0.07931318879127502,0.046610210090875626,0.0018503675237298012,0.00022325543977785856,0.04793153330683708,-0.007389707025140524,0.5583849549293518,0.1632785052061081,0.03903079405426979,0.03142089396715164,0.019696295261383057,0.024195902049541473,0.048743754625320435,0.11524892598390579,
ip2p_imgcfg_1.5,411000000000,wam,1.0,32,2.3283064365386963e-10,True,26,True,0.18469186092795975,9.613385200500488,0.8105255961418152,0.4429086744785309,0.2447013556957245,0.2656790614128113,0.20931655168533325,0.19248723983764648,0.13278664648532867,0.03722335025668144,0.4829418361186981,0.3043068051338196,0.07994569092988968,0.04641115665435791,0.029984381049871445,0.022076206281781197,0.018030881881713867,0.01630299724638462,0.549591064453125
ip2p_imgcfg_1.5,411000000000,trustmark,1.0,100,7.888609052210118e-31,True,66,True,0.3658935104262567,3.6112449169158936,0.8612929582595825,0.461149662733078,0.702129065990448,0.46528390049934387,0.593858003616333,0.5213212966918945,0.9187260270118713,0.5811102390289307,0.8343733549118042,0.14074231684207916,0.010806996375322342,0.007128287106752396,0.003507101209834218,0.0014688122319057584,0.0010151780443266034,0.0009579291217960417,
ip2p_imgcfg_1.5,411000000000,dwtdct,1.0,32,2.3283064365386963e-10,True,26,True,0.46414524416472236,4.468044281005859,0.6937790513038635,0.4327869713306427,0.12716200947761536,0.03281684219837189,0.017788387835025787,-0.028585487976670265,-0.015288646332919598,-0.000286422815406695,0.6002619862556458,0.08334290236234665,0.021217139437794685,0.016457824036478996,0.010427949950098991,0.018179170787334442,0.06253836303949356,0.1875746250152588,
ip2p_imgcfg_1.5,411000000001,wam,1.0,32,2.3283064365386963e-10,True,26,True,0.15942881789683824,24.21645736694336,0.7439440488815308,0.4351329803466797,0.025087056681513786,-0.011675269342958927,0.2341320663690567,0.41605344414711,0.2947758734226227,-0.036283962428569794,0.5126067996025085,0.3274557590484619,0.0698053389787674,0.030140627175569534,0.019268082454800606,0.014986135996878147,0.013133136555552483,0.01260407269001007,0.5329742431640625
ip2p_imgcfg_1.5,411000000001,trustmark,0.99,99,7.967495142732219e-29,True,66,False,0.2863147068641016,6.3825602531433105,0.8943192958831787,0.5854566097259521,0.26546332240104675,0.4748924672603607,0.38923072814941406,-0.001407917239703238,0.05316543206572533,-0.10696806013584137,0.8399035930633545,0.1299179345369339,0.011746898293495178,0.00855184905230999,0.00469275051727891,0.0021742882672697306,0.0015739563386887312,0.0014387008268386126,
ip2p_imgcfg_1.5,411000000001,dwtdct,0.75,24,0.0035001833457499743,False,26,False,0.11999898958916075,6.2794294357299805,0.7911414504051208,0.27399536967277527,0.12014181166887283,-0.0468999445438385,-0.016753196716308594,0.002313222736120224,0.03343529254198074,0.013320120982825756,0.19316896796226501,0.07302357256412506,0.03628731891512871,0.02837059646844864,0.02808956615626812,0.054290372878313065,0.14567594230175018,0.44109368324279785,
ip2p_imgcfg_1.5,411000000002,wam,0.34375,11,0.9749487701337785,False,26,False,0.006712953225330017,225.60763549804688,0.3906673192977905,0.033457476645708084,-0.09965857863426208,0.23388367891311646,-0.009154700674116611,0.13973048329353333,0.02049981616437435,-0.017458247020840645,0.5370052456855774,0.3128719925880432,0.07256174832582474,0.0302071925252676,0.016741197556257248,0.01185715664178133,0.00984106119722128,0.008914422243833542,0.0
ip2p_imgcfg_1.5,411000000002,trustmark,0.46,46,0.8158991913366519,False,66,False,0.10031618325927992,328.06610107421875,2.158026933670044,0.9755996465682983,-2.4178402423858643,0.18382304906845093,0.7266573905944824,-0.05309094116091728,-0.21898707747459412,0.05981697142124176,0.9262720346450806,0.059805672615766525,0.00511689530685544,0.0038574698846787214,0.0020773843862116337,0.0010925736278295517,0.0008983335574157536,0.000879505299963057,
ip2p_imgcfg_1.5,411000000002,dwtdct,0.59375,19,0.18854279373772442,False,26,False,0.03527087760515174,576.8409423828125,1.982547402381897,0.41403913497924805,0.3078475296497345,-0.02483755722641945,-0.43768665194511414,0.0410662479698658,0.02250044420361519,1.5770909158163704e-05,0.5936288833618164,0.12083037942647934,0.028727969154715538,0.022985270246863365,0.014362004585564137,0.016267158091068268,0.03010094165802002,0.1730974316596985,
ip2p_imgcfg_1.5,511000000000,wam,0.96875,31,7.683411240577698e-09,True,26,False,0.07258852954149547,1401.2864990234375,2.45819091796875,2.690450668334961,0.08130224794149399,-0.8698268532752991,-1.155943512916565,-1.1061196327209473,-0.9717687368392944,-1.1477094888687134,0.4647049903869629,0.3469716012477875,0.06894045323133469,0.031234560534358025,0.023249737918376923,0.021726053208112717,0.021532753482460976,0.021639885380864143,0.9227294921875
ip2p_imgcfg_1.5,511000000000,trustmark,0.9,90,1.5316450877189923e-17,True,66,False,0.06431092585049078,752.2656860351562,-0.5234220027923584,1.4451019763946533,2.540524959564209,1.3759677410125732,1.3144080638885498,0.4284621775150299,0.21272903680801392,0.41150620579719543,0.8670289516448975,0.08623895049095154,0.012792603112757206,0.016219928860664368,0.009904795326292515,0.0034869180526584387,0.0023464809637516737,0.0019813780672848225,
ip2p_imgcfg_1.5,511000000000,dwtdct,0.59375,19,0.18854279373772442,False,26,False,0.269086652344752,636.715576171875,4.613683700561523,0.42973387241363525,0.0767551064491272,-0.0302614513784647,0.6398334503173828,0.03326915577054024,0.022718437016010284,0.04576076194643974,0.8296099901199341,0.04021575674414635,0.01137582678347826,0.0072195627726614475,0.00421938905492425,0.009499868378043175,0.026529554277658463,0.07133011519908905,
ip2p_imgcfg_1.5,511000000001,wam,0.9375,30,1.2316741049289703e-07,True,26,False,0.04211527413058652,129.82736206054688,0.9164363741874695,0.4311266243457794,-0.03356621414422989,-0.4667665958404541,-0.21572814881801605,0.12450724095106125,-0.060759201645851135,0.012216063216328621,0.5178490281105042,0.26416218280792236,0.07328743487596512,0.04371395707130432,0.032267458736896515,0.026475900784134865,0.02234436385333538,0.019899606704711914,0.6334991455078125
ip2p_imgcfg_1.5,511000000001,trustmark,0.98,98,3.9845364322713306e-27,True,66,False,0.05334213010638802,78.45291137695312,0.6251590847969055,0.03570089861750603,-1.8415149450302124,-2.113046646118164,-1.050723671913147,0.20036470890045166,0.38889914751052856,0.6739586591720581,0.7991837859153748,0.16904190182685852,0.012592960149049759,0.009873416274785995,0.0049695903435349464,0.0018890633946284652,0.0012804552679881454,0.0011687822407111526,
ip2p_imgcfg_1.5,511000000001,dwtdct,0.84375,27,5.653710104525089e-05,True,26,False,0.11997735052353012,124.2064437866211,1.539204478263855,1.0168125629425049,1.530963659286499,-0.5065963864326477,-0.07340556383132935,-0.410624235868454,-0.10709760338068008,0.04357681795954704,0.6948694586753845,0.07378111034631729,0.02437588945031166,0.019357725977897644,0.015016867779195309,0.021846391260623932,0.04623793810606003,0.10451462864875793,
ip2p_imgcfg_1.5,511000000002,wam,0.5,16,0.5699749670457095,False,26,False,0.005531911440901007,536.5717163085938,0.5870471000671387,0.41598618030548096,0.24257583916187286,-0.28910011053085327,0.028524251654744148,0.19075217843055725,0.3101736903190613,-0.060194555670022964,0.4941858947277069,0.2771359384059906,0.09040826559066772,0.050061605870723724,0.03197772800922394,0.023215951398015022,0.017421822994947433,0.01559287030249834,0.0
ip2p_imgcfg_1.5,511000000002,trustmark,0.76,76,9.050013106514627e-08,True,66,False,0.07429675162647796,287.55877685546875,0.9185289144515991,1.3871768712997437,0.9718101024627686,0.18153944611549377,0.06518922001123428,1.0421714782714844,-0.08270591497421265,0.07928935438394547,0.8882787823677063,0.09086959064006805,0.006933166179805994,0.006270387209951878,0.003632890759035945,0.001638110727071762,0.001238974160514772,0.0011380392825230956,
ip2p_imgcfg_1.5,511000000002,dwtdct,0.46875,15,0.7016925520729274,False,26,False,0.0030088704186257273,700.9418334960938,-0.41183027625083923,0.8206179141998291,-0.32069259881973267,-0.3282279670238495,-0.41592949628829956,0.12169715017080307,0.2565617561340332,-0.01716022752225399,0.5185473561286926,0.16141822934150696,0.03871995583176613,0.0296517014503479,0.017808562144637108,0.024524547159671783,0.05834519863128662,0.15098439157009125,
ip2p_imgcfg_1.5,611000000000,wam,1.0,32,2.3283064365386963e-10,True,26,True,0.17152069110163387,12.589290618896484,0.7753908634185791,0.5584798455238342,0.2578136622905731,0.369255393743515,0.5207082033157349,0.3218749463558197,0.026606054976582527,0.05617827549576759,0.54770827293396,0.31799569725990295,0.06586451083421707,0.025914808735251427,0.015413223765790462,0.010984133929014206,0.0085916081443429,0.007527679670602083,0.4923553466796875
ip2p_imgcfg_1.5,611000000000,trustmark,0.98,98,3.9845364322713306e-27,True,66,False,0.3002274103967454,4.595324516296387,0.8374070525169373,0.5541824102401733,0.6377512812614441,0.6049243211746216,0.020923029631376266,0.1519930511713028,0.17743705213069916,0.15937449038028717,0.9064416885375977,0.06306816637516022,0.00965792778879404,0.009756896644830704,0.005231423303484917,0.0024850505869835615,0.0017407701816409826,0.0016180527163669467,
ip2p_imgcfg_1.5,611000000000,dwtdct,0.8125,26,0.0002675263676792383,True,26,False,0.12165902659484729,9.56832218170166,-0.15756189823150635,0.6703069806098938,0.5212694406509399,0.3901556432247162,0.11230040341615677,0.04356757178902626,0.014398759230971336,0.008398930542171001,0.4257042109966278,0.11757387965917587,0.04579642787575722,0.028200481086969376,0.01634133979678154,0.04684906080365181,0.12841439247131348,0.19112026691436768,
ip2p_imgcfg_1.5,611000000001,wam,0.9375,30,1.2316741049289703e-07,True,26,False,0.07834478312136044,48.110897064208984,2.001007318496704,0.6051031947135925,0.37235817313194275,0.3548400402069092,0.6507750153541565,1.1723464727401733,1.3320958614349365,0.6393762826919556,0.6792927980422974,0.1840447187423706,0.05449170246720314,0.024190379306674004,0.016903210431337357,0.0154549740254879,0.013735178858041763,0.01188707072287798,0.25048828125
ip2p_imgcfg_1.5,611000000001,trustmark,0.86,86,4.1422259360400374e-14,True,66,False,0.21449292769212208,12.691121101379395,0.9038279056549072,0.5597528219223022,0.46422475576400757,0.40192192792892456,0.3775330185890198,0.014378037303686142,0.5383902192115784,-0.4274522662162781,0.838160514831543,0.1440764218568802,0.006350793410092592,0.005232968833297491,0.0030776432249695063,0.0013482262147590518,0.0009088219376280904,0.0008446232532151043,
ip2p_imgcfg_1.5,611000000001,dwtdct,0.5625,18,0.29830744792707264,False,26,False,0.0828004886208787,46.254241943359375,1.2236950397491455,0.3557141423225403,0.13671962916851044,-0.0730593129992485,0.1351255178451538,-0.015495126135647297,0.20672541856765747,0.1139688715338707,0.6101182699203491,0.15533025562763214,0.03890229016542435,0.031986549496650696,0.021588919684290886,0.023745084181427956,0.031631555408239365,0.0866970643401146,
ip2p_imgcfg_1.5,611000000002,wam,1.0,32,2.3283064365386963e-10,True,26,True,0.05151851995236085,49.33477020263672,0.4778440296649933,0.3562990725040436,0.09514313191175461,0.3142997920513153,0.5591397285461426,0.3702319264411926,-0.03295470401644707,-0.03931993618607521,0.4780780076980591,0.33543509244918823,0.06771109998226166,0.03302605077624321,0.0296626053750515,0.019084131345152855,0.017070405185222626,0.019932564347982407,0.6447296142578125
ip2p_imgcfg_1.5,611000000002,trustmark,0.93,93,1.363071866403019e-20,True,66,False,0.17830830065240008,9.93554401397705,0.725826621055603,0.27726396918296814,0.3874499797821045,0.03021261841058731,0.16403070092201233,0.21283553540706635,0.09008408337831497,-0.13522088527679443,0.8525089025497437,0.0849963128566742,0.011161403730511665,0.01581421121954918,0.027437057346105576,0.00420338986441493,0.00207640347070992,0.0018023692537099123,
ip2p_imgcfg_1.5,611000000002,dwtdct,0.53125,17,0.4300250329542905,False,26,False,0.030804360963254503,41.38896179199219,0.017267800867557526,0.35509875416755676,0.23136061429977417,-0.15803033113479614,0.29801756143569946,-0.10850530117750168,0.028186077252030373,0.003347341902554035,0.5407037138938904,0.12422426789999008,0.03183234855532646,0.02577151171863079,0.018581978976726532,0.026496119797229767,0.06108209118247032,0.1713080257177353,
ip2p_imgcfg_1.5,711000000000,wam,0.3125,10,0.9899691964965314,False,26,False,0.016352530452684755,447.2088623046875,-0.16956548392772675,0.33081871271133423,-0.3323226571083069,-0.3902130126953125,-0.1909673660993576,-0.07677958160638809,0.061593446880578995,0.07075884938240051,0.5905660390853882,0.21745118498802185,0.07492592930793762,0.040054548531770706,0.02746708318591118,0.01998230628669262,0.0157623328268528,0.013790571130812168,0.0
ip2p_imgcfg_1.5,711000000000,trustmark,0.52,52,0.3821767172013338,False,66,False,0.011492812116295388,246.8388671875,-0.2094542235136032,1.250651240348816,-0.7362379431724548,-0.2946147322654724,-0.03139527887105942,0.7886130809783936,0.2491246610879898,-0.07682832330465317,0.9090657234191895,0.0675719603896141,0.007403472438454628,0.007119175046682358,0.004260844551026821,0.001993828220292926,0.0013624384300783277,0.0012225256068632007,
ip2p_imgcfg_1.5,711000000000,dwtdct,0.53125,17,0.4300250329542905,False,26,False,0.020840514483239873,222.33609008789062,0.5905304551124573,-0.41305965185165405,0.01688447967171669,0.017301954329013824,0.3053104281425476,-0.19139885902404785,-0.12442583590745926,-0.15190276503562927,0.6355594992637634,0.1436235010623932,0.0356755405664444,0.028299478814005852,0.01788020320236683,0.019601069390773773,0.029077088460326195,0.09028361737728119,
ip2p_imgcfg_1.5,711000000001,wam,0.59375,19,0.18854279373772442,False,26,False,0.025379734302744903,19.95265769958496,0.22049444913864136,0.037656478583812714,0.02387106418609619,-0.018716081976890564,0.044433191418647766,0.0812571719288826,0.09375439584255219,0.095525823533535,0.5486519932746887,0.30858951807022095,0.07082604616880417,0.02710711769759655,0.015559445135295391,0.011253349483013153,0.009287227876484394,0.008725335821509361,0.0
ip2p_imgcfg_1.5,711000000001,trustmark,0.73,73,2.346206306321115e-06,True,66,False,0.15639144255107648,32.75031280517578,1.1712571382522583,0.22316017746925354,-0.09399288147687912,0.1415097564458847,0.05843698978424072,0.06426151841878891,0.06931927055120468,-0.024701545014977455,0.903200626373291,0.07123569399118423,0.009910930879414082,0.007324244827032089,0.003872083965688944,0.0017568967305123806,0.0013828141381964087,0.0013166841818019748,
ip2p_imgcfg_1.5,711000000001,dwtdct,0.59375,19,0.18854279373772442,False,26,False,0.030600477525471532,21.331985473632812,0.37651723623275757,0.027834296226501465,0.13887566328048706,0.015348405577242374,0.02420523390173912,-0.013983211480081081,-0.002135126618668437,0.0030172925908118486,0.40573328733444214,0.10513664036989212,0.028170796111226082,0.021796628832817078,0.01415701862424612,0.019002115353941917,0.061004556715488434,0.3449989855289459,
ip2p_imgcfg_1.5,711000000002,wam,0.96875,31,7.683411240577698e-09,True,26,False,0.10631344635181084,28.51199722290039,0.9394550323486328,0.5099596381187439,0.2181812971830368,0.298888623714447,0.3801191747188568,0.5445970296859741,0.5876821875572205,0.04713241383433342,0.433043509721756,0.33420684933662415,0.08950919657945633,0.04512253403663635,0.031886760145425797,0.025526029989123344,0.021093035116791725,0.019612077623605728,0.4664764404296875
ip2p_imgcfg_1.5,711000000002,trustmark,0.98,98,3.9845364322713306e-27,True,66,False,0.31106325761157017,10.739900588989258,1.395377278327942,0.5013068318367004,0.4625903367996216,1.6479240655899048,1.4643099308013916,0.5989297032356262,0.028434721753001213,0.14435958862304688,0.8646496534347534,0.10051214694976807,0.011463797651231289,0.012890579178929329,0.006149499211460352,0.0021585458889603615,0.0011595820542424917,0.0010162335820496082,
ip2p_imgcfg_1.5,711000000002,dwtdct,0.5,16,0.5699749670457095,False,26,False,0.12143746092178402,30.09853172302246,1.962624192237854,0.6128044724464417,0.19295577704906464,0.2973295748233795,0.18732979893684387,0.2141605019569397,0.06619750708341599,0.022304648533463478,0.4431658089160919,0.11370819061994553,0.03564988821744919,0.030305176973342896,0.025356050580739975,0.04171987250447273,0.09528813511133194,0.21480683982372284,
ip2p_imgcfg_1.5,811000000000,wam,0.96875,31,7.683411240577698e-09,True,26,False,-0.033818632320885694,173.3321990966797,-7.610143661499023,0.996620774269104,0.12832485139369965,-0.027776867151260376,-0.12068582326173782,0.08533333241939545,0.30798986554145813,0.21810880303382874,0.5654860138893127,0.24684154987335205,0.07752440869808197,0.03948312625288963,0.02542213350534439,0.01791241392493248,0.014189241454005241,0.013141152448952198,0.3952178955078125
ip2p_imgcfg_1.5,811000000000,trustmark,0.78,78,7.952664236893068e-09,True,66,False,0.29751722755312887,72.29588317871094,1.195238709449768,1.102538824081421,0.7831249237060547,-0.021455515176057816,-0.24897395074367523,0.009694790467619896,0.26671114563941956,0.023335693404078484,0.88388592004776,0.08504621684551239,0.01000254601240158,0.011020492762327194,0.005350329913198948,0.002122177043929696,0.0013493343722075224,0.0012229382991790771,
ip2p_imgcfg_1.5,811000000000,dwtdct,0.5625,18,0.29830744792707264,False,26,False,0.06462615080152477,235.73020935058594,-3.442119836807251,0.8955039978027344,0.3179316818714142,0.06311626732349396,-0.035773131996393204,-0.1884157508611679,-0.13543400168418884,0.01775841787457466,0.7501429915428162,0.1372448205947876,0.02963218092918396,0.024940377101302147,0.013801183551549911,0.014024610631167889,0.011513612233102322,0.018700135871767998,
ip2p_imgcfg_1.5,811000000001,wam,0.3125,10,0.9899691964965314,False,26,False,0.04563815198006629,6.59932804107666,0.6717559695243835,0.04980186000466347,-0.01370679959654808,0.05557512864470482,0.054529011249542236,0.02568427287042141,0.05556647107005119,0.039741385728120804,0.5417382121086121,0.2857060134410858,0.06923376768827438,0.03447338193655014,0.023066192865371704,0.017640195786952972,0.014601320959627628,0.013540874235332012,0.0043487548828125
ip2p_imgcfg_1.5,811000000001,trustmark,0.5,50,0.5397946186935889,False,66,False,0.11001157593627281,6.348629951477051,0.4292612075805664,0.09964243322610855,0.07120606303215027,-0.02196958102285862,-0.007059814874082804,-0.006523027550429106,-0.15243269503116608,-0.054092925041913986,0.8466647267341614,0.13479271531105042,0.007252131123095751,0.00600419519469142,0.0030840234830975533,0.0010702115250751376,0.000595113611780107,0.0005369628197513521,
ip2p_imgcfg_1.5,811000000001,dwtdct,0.40625,13,0.8923364251386374,False,26,False,0.010043183005794069,3.605450391769409,0.21185322105884552,0.11605752259492874,0.019429191946983337,0.04647887125611305,0.02032012678682804,-0.014762073755264282,0.0018043617019429803,-0.0011702342890203,0.2167290598154068,0.09348902851343155,0.030332989990711212,0.01770738698542118,0.01203361339867115,0.030067795887589455,0.1475314348936081,0.4521086513996124,
ip2p_imgcfg_1.5,811000000002,wam,0.96875,31,7.683411240577698e-09,True,26,False,0.10622182244110466,203.1251983642578,3.157707691192627,1.530301570892334,0.16721126437187195,0.13290172815322876,0.3552832007408142,0.44616803526878357,0.6475648880004883,0.5814099907875061,0.47387897968292236,0.32623153924942017,0.08054465055465698,0.041072946041822433,0.0276059377938509,0.020237917080521584,0.01604987494647503,0.01437816210091114,0.2926788330078125
ip2p_imgcfg_1.5,811000000002,trustmark,0.8,80,5.579544528625976e-10,True,66,False,0.15564253157079452,28.265005111694336,1.1592143774032593,0.58748459815979,0.8187288641929626,0.1432642936706543,0.19182400405406952,0.02918749302625656,-0.652428150177002,-0.07709690183401108,0.8431917428970337,0.1329747438430786,0.008181746117770672,0.008183483965694904,0.004017195198684931,0.0015599168837070465,0.0009870572248473763,0.0009040848235599697,
ip2p_imgcfg_1.5,811000000002,dwtdct,0.46875,15,0.7016925520729274,False,26,False,0.13146606384548695,89.6906509399414,1.529790997505188,1.8756563663482666,0.6785135865211487,0.41571044921875,-0.094349205493927,-0.04506916180253029,-0.061437882483005524,0.06476590782403946,0.5660524964332581,0.14142240583896637,0.03640883415937424,0.02865803800523281,0.01918468438088894,0.022469952702522278,0.04750021919608116,0.13830336928367615,
ip2p_imgcfg_1.5,911000000000,wam,0.6875,22,0.025051229866221547,False,26,False,0.11520641936561023,39.772621154785156,0.9264129996299744,0.5638208985328674,0.16014553606510162,-0.15737633407115936,0.22845594584941864,0.13523535430431366,0.10797286778688431,0.09362854808568954,0.49030932784080505,0.351094126701355,0.07895099371671677,0.03158894181251526,0.018132278695702553,0.012650015763938427,0.009366901591420174,0.007907487452030182,0.0
ip2p_imgcfg_1.5,911000000000,trustmark,0.82,82,3.0739033075239876e-11,True,66,False,0.39744674394881707,4.487962245941162,0.9241111278533936,0.7309504747390747,0.35431352257728577,0.17132768034934998,0.17347180843353271,0.053055163472890854,0.18770267069339752,-0.03322305530309677,0.8115922212600708,0.17752999067306519,0.004777936730533838,0.0028944204095751047,0.0014754598960280418,0.0006486388156190515,0.000552479934412986,0.0005288522806949914,
ip2p_imgcfg_1.5,911000000000,dwtdct,0.375,12,0.9449079174082726,False,26,False,0.1784776332228804,30.222963333129883,1.1213587522506714,0.6260985732078552,0.12779498100280762,0.1402859091758728,0.10476407408714294,-0.10874170064926147,-0.020594561472535133,0.017306426540017128,0.5602592825889587,0.15910615026950836,0.03624279052019119,0.030317774042487144,0.01820567436516285,0.02003495581448078,0.02951996959745884,0.1463133692741394,
ip2p_imgcfg_1.5,911000000001,wam,0.9375,30,1.2316741049289703e-07,True,26,False,0.25550926793604517,6.452855587005615,1.494455099105835,0.4369851052761078,0.4058739244937897,0.3943171501159668,0.3297286331653595,0.20783257484436035,-0.013208447024226189,-0.17515568435192108,0.6615187525749207,0.16151487827301025,0.06755076348781586,0.041334666311740875,0.02724909968674183,0.01783059351146221,0.012406592257320881,0.010594664141535759,0.0874786376953125
ip2p_imgcfg_1.5,911000000001,trustmark,0.89,89,1.2704266677461526e-16,True,66,False,0.12329825645472256,4.955291271209717,-0.06639391928911209,0.2134966403245926,0.2527141571044922,0.28862255811691284,0.3584689497947693,0.3614875376224518,0.11281640082597733,0.09379933029413223,0.9164144992828369,0.056635480374097824,0.011570434086024761,0.0070986938662827015,0.004161899909377098,0.0018520164303481579,0.0011962250573560596,0.0010707288747653365,
ip2p_imgcfg_1.5,911000000001,dwtdct,0.5625,18,0.29830744792707264,False,26,False,0.34787712238530316,10.960247993469238,1.6594769954681396,0.017886588349938393,0.1524890810251236,0.036701224744319916,0.07031694799661636,0.002503671683371067,-0.14160750806331635,-0.07617451995611191,0.7811867594718933,0.12794850766658783,0.025776317343115807,0.022385986521840096,0.011778871528804302,0.012101322412490845,0.008711086586117744,0.010111158713698387,
ip2p_imgcfg_1.5,911000000002,wam,0.65625,21,0.055092082591727376,False,26,False,0.1003818284089303,10.276643753051758,0.4583408832550049,0.29970046877861023,0.07989050447940826,0.04065258800983429,0.013826717622578144,0.19737258553504944,0.07262871414422989,-0.0702214390039444,0.5113195180892944,0.32524871826171875,0.07398275285959244,0.03192908689379692,0.020006118342280388,0.014876727014780045,0.011939045041799545,0.010697988793253899,0.0174102783203125
ip2p_imgcfg_1.5,911000000002,trustmark,0.71,71,1.6080007647833168e-05,True,66,False,0.16327502383083067,2.8553895950317383,0.39565762877464294,0.2640320062637329,0.01339670829474926,-0.010378081351518631,-0.1394302248954773,0.04348181560635567,-0.055357757955789566,-0.19478002190589905,0.9025200009346008,0.07857324928045273,0.008521463721990585,0.00538736442103982,0.002545042196288705,0.0010834344429895282,0.0006994819268584251,0.0006699418881908059,
ip2p_imgcfg_1.5,911000000002,dwtdct,0.5625,18,0.29830744792707264,False,26,False,0.05411596493352717,3.3711109161376953,0.8739465475082397,0.2932787239551544,0.1380523145198822,0.0486859567463398,-0.022903524339199066,0.007449015509337187,-0.0006830187630839646,0.006425625178962946,0.14097397029399872,0.06433212012052536,0.031929902732372284,0.014734234660863876,0.009460242465138435,0.037400536239147186,0.1761150062084198,0.5250539779663086,
ip2p_imgcfg_2.5,111000000000,wam,0.53125,17,0.4300250329542905,False,26,False,0.1187562239987376,3.892458438873291,0.3968648910522461,0.14019489288330078,0.011955698020756245,0.13604475557804108,0.18656614422798157,0.16128429770469666,0.047917455434799194,0.008674531243741512,0.4909657835960388,0.2869327664375305,0.07971099764108658,0.044517118483781815,0.03187786415219307,0.02576402947306633,0.021479779854416847,0.018751632422208786,0.00421142578125
ip2p_imgcfg_2.5,111000000000,trustmark,0.89,89,1.2704266677461526e-16,True,66,False,0.501551655203407,2.3081319332122803,0.9290305376052856,0.4724210798740387,0.6646943092346191,0.5077680349349976,0.2819400429725647,0.30269742012023926,0.24360747635364532,0.0706653743982315,0.868170440196991,0.09537896513938904,0.01680462621152401,0.010729683563113213,0.004394536837935448,0.0020179080311208963,0.001313544693402946,0.001190363778732717,
ip2p_imgcfg_2.5,111000000000,dwtdct,0.5,16,0.5699749670457095,False,26,False,0.14312143239682765,1.081508994102478,0.7471468448638916,0.27495306730270386,0.1461946666240692,0.19761811196804047,0.07434449344873428,0.00364553090184927,0.003301201621070504,0.0015768320299685001,0.15216408669948578,0.05609704554080963,0.022938840091228485,0.023844877257943153,0.023795556277036667,0.04578998684883118,0.16393698751926422,0.5114325881004333,
ip2p_imgcfg_2.5,111000000001,wam,0.6875,22,0.025051229866221547,False,26,False,0.010155645898244359,567.5071411132812,0.1517978459596634,0.2579519748687744,0.12662585079669952,0.12858019769191742,0.0722622498869896,-0.03701021522283554,0.11543391644954681,0.2036479413509369,0.49373912811279297,0.3253045678138733,0.07619427144527435,0.03407123684883118,0.02306503802537918,0.018162855878472328,0.015563399530947208,0.013899528421461582,0.0391998291015625
ip2p_imgcfg_2.5,111000000001,trustmark,0.49,49,0.6178232827986663,False,66,False,0.14439584876454123,114.29330444335938,1.7966753244400024,1.4148075580596924,-0.48557528853416443,0.011000369675457478,-0.23888224363327026,0.0985032469034195,-0.22964805364608765,0.06295695900917053,0.8998017907142639,0.07487267255783081,0.007707301527261734,0.008353587239980698,0.004547053016722202,0.002061080653220415,0.0013862864580005407,0.0012702278327196836,
ip2p_imgcfg_2.5,111000000001,dwtdct,0.5,16,0.5699749670457095,False,26,False,0.038686057886795286,562.4420166015625,0.6603579521179199,1.7379026412963867,-0.09663034975528717,-0.2798457741737366,-0.062105920165777206,0.009572920389473438,0.08224513381719589,0.1021699607372284,0.7009140849113464,0.15673001110553741,0.03451429307460785,0.028185013681650162,0.015798481181263924,0.016497313976287842,0.01658867672085762,0.030772166326642036,
ip2p_imgcfg_2.5,111000000002,wam,1.0,32,2.3283064365386963e-10,True,26,True,0.05225190205214266,631.9763793945312,1.4044662714004517,0.7480550408363342,-0.3680891990661621,-0.013199769891798496,-1.4746646881103516,-0.3359037935733795,0.10522975027561188,0.7399852871894836,0.5545620322227478,0.3076818585395813,0.06731348484754562,0.026065479964017868,0.014794515445828438,0.01069843489676714,0.00951814278960228,0.009366023354232311,0.682861328125
ip2p_imgcfg_2.5,111000000002,trustmark,0.95,95,6.26162256269268e-23,True,66,False,0.1806710540765552,126.6243896484375,2.2190544605255127,0.9676998257637024,0.9613873958587646,-0.5829834938049316,-0.14726081490516663,0.9204117059707642,0.06291622668504715,0.20688346028327942,0.9044100642204285,0.073255255818367,0.006430597510188818,0.005962289869785309,0.004389445763081312,0.0022506434470415115,0.0017025248380377889,0.001599277020432055,
ip2p_imgcfg_2.5,111000000002,dwtdct,0.09375,3,0.9999998768325895,False,26,False,0.013066258228079936,377.8034362792969,-0.4551956057548523,1.1240257024765015,0.1837722808122635,-0.06958683580160141,-0.06488459557294846,0.28870540857315063,-0.1942135989665985,0.008158467710018158,0.5893624424934387,0.11926187574863434,0.027844836935400963,0.02286319062113762,0.014301889576017857,0.021169332787394524,0.05247074365615845,0.1527257263660431,
ip2p_imgcfg_2.5,211000000000,wam,1.0,32,2.3283064365386963e-10,True,26,True,0.15972931654346517,27.981096267700195,0.8840237855911255,0.5688601136207581,0.17337340116500854,0.061009664088487625,0.25667309761047363,-0.16438274085521698,0.06733465939760208,0.14508023858070374,0.558303952217102,0.30142277479171753,0.06833090633153915,0.02719290927052498,0.014641983434557915,0.011155383661389351,0.009668014943599701,0.009284126572310925,0.7100677490234375
ip2p_imgcfg_2.5,211000000000,trustmark,0.97,97,1.3154334480650894e-25,True,66,False,0.40240253305599516,6.39923620223999,1.1339523792266846,0.8867944478988647,0.4575144648551941,0.3059313893318176,0.1406472623348236,-0.33734646439552307,-0.056483007967472076,0.09240639954805374,0.8809391260147095,0.10271713137626648,0.00538376672193408,0.004268735181540251,0.0029885706026107073,0.0015160896582528949,0.0011383554665371776,0.0010482755023986101,
ip2p_imgcfg_2.5,211000000000,dwtdct,0.78125,25,0.0010512007866054773,False,26,False,0.28734715305194086,20.891794204711914,0.8914523720741272,0.47721827030181885,0.20800961554050446,0.19551850855350494,0.012755869887769222,-0.09985732287168503,0.06165601685643196,0.026670539751648903,0.7556342482566833,0.10776413232088089,0.025341005995869637,0.020254014059901237,0.012144509702920914,0.012669485062360764,0.018530119210481644,0.04766251891851425,
ip2p_imgcfg_2.5,211000000001,wam,1.0,32,2.3283064365386963e-10,True,26,True,0.08143463894718012,81.1958236694336,0.85962975025177,0.45457491278648376,0.29298776388168335,0.4479469954967499,0.3612896502017975,0.6373505592346191,0.3525938391685486,0.03224308416247368,0.47525903582572937,0.34629905223846436,0.07551712542772293,0.033810537308454514,0.022353610023856163,0.017284711822867393,0.015231774188578129,0.014244244433939457,0.556610107421875
ip2p_imgcfg_2.5,211000000001,trustmark,0.91,91,1.6610244897268262e-18,True,66,False,0.23531813306802923,13.902059555053711,1.0275393724441528,0.661756157875061,0.6881182789802551,0.7010727524757385,0.5927059650421143,0.09993281960487366,0.03253510594367981,0.08206729590892792,0.8490867614746094,0.12125805020332336,0.009989102371037006,0.010051432065665722,0.005240860860794783,0.0020682746544480324,0.0012381096603348851,0.001067416276782751,
ip2p_imgcfg_2.5,211000000001,dwtdct,0.5,16,0.5699749670457095,False,26,False,0.09989392178263803,78.66797637939453,1.0524364709854126,0.4948548376560211,0.3304992616176605,0.3492804169654846,0.0031161534134298563,0.14750409126281738,0.01185924094170332,0.09020756930112839,0.5012224912643433,0.16551938652992249,0.03814740478992462,0.03174716606736183,0.018690219148993492,0.028430817648768425,0.071953184902668,0.14428935945034027,
ip2p_imgcfg_2.5,211000000002,wam,0.875,28,9.650597348809242e-06,True,26,False,0.09663537054867793,52.76507568359375,1.001478672027588,0.6588746309280396,0.5439634323120117,0.9020520448684692,0.4766826331615448,0.3771553337574005,-0.043938085436820984,0.020078541710972786,0.449785053730011,0.3622962534427643,0.07813761383295059,0.03450904041528702,0.023079857230186462,0.019167834892868996,0.01699977181851864,0.016024569049477577,0.192596435546875
ip2p_imgcfg_2.5,211000000002,trustmark,0.97,97,1.3154334480650894e-25,True,66,False,0.32089331018023126,7.913994312286377,1.0264546871185303,0.710512638092041,0.5951148271560669,0.4233594536781311,-0.0684102326631546,0.1391737312078476,-0.02681654505431652,-0.22886835038661957,0.808323323726654,0.1540246456861496,0.013522728346288204,0.013589424081146717,0.006169362924993038,0.002166975289583206,0.0011780511122196913,0.0010255055967718363,
ip2p_imgcfg_2.5,211000000002,dwtdct,0.53125,17,0.4300250329542905,False,26,False,0.12328588228375527,45.18754959106445,1.0154964923858643,0.6818577647209167,0.08078591525554657,0.3301292657852173,0.046379316598176956,-0.06397180259227753,-0.03265131264925003,0.011756476014852524,0.5337351560592651,0.1574651151895523,0.041402168571949005,0.034273598343133926,0.022370152175426483,0.027403652667999268,0.047844626009464264,0.13550548255443573,
ip2p_imgcfg_2.5,311000000000,wam,0.9375,30,1.2316741049289703e-07,True,26,False,0.18728948230753073,10.32719898223877,1.8179402351379395,0.4971208870410919,0.4175562262535095,0.4812206029891968,0.48671144247055054,0.43953242897987366,0.24095989763736725,0.003409411758184433,0.5684478282928467,0.2363358736038208,0.07287164032459259,0.04319372400641441,0.029236620292067528,0.020988192409276962,0.015818526968359947,0.013107631355524063,0.604034423828125
ip2p_imgcfg_2.5,311000000000,trustmark,0.99,99,7.967495142732219e-29,True,66,False,0.35731843511274647,5.24724006652832,0.9902334213256836,0.7123213410377502,0.6704757809638977,0.6656224131584167,0.2757572531700134,-0.088752381503582,-0.00967018585652113,-0.029938263818621635,0.8968952298164368,0.08030448108911514,0.009697727859020233,0.006924986839294434,0.002845690818503499,0.0013316725380718708,0.0010098558850586414,0.0009903011377900839,
ip2p_imgcfg_2.5,311000000000,dwtdct,0.40625,13,0.8923364251386374,False,26,False,0.044629375879881424,3.1919350624084473,0.793224036693573,0.3355863392353058,0.2687055766582489,0.11667266488075256,0.08130382001399994,-0.005967982113361359,0.008218544535338879,-0.0049169170670211315,0.1937435269355774,0.07983683049678802,0.02850784920156002,0.014881168492138386,0.00860829371958971,0.026826292276382446,0.1338888555765152,0.5137071013450623,
ip2p_imgcfg_2.5,311000000001,wam,1.0,32,2.3283064365386963e-10,True,26,True,0.10109003690130058,61.242679595947266,1.200626015663147,0.5332832336425781,0.08437445014715195,0.15384817123413086,0.2746110260486603,0.172795832157135,0.0658399909734726,0.18505483865737915,0.4774402379989624,0.3001139461994171,0.08461408317089081,0.0426931194961071,0.028824452310800552,0.024147137999534607,0.021722421050071716,0.020444627851247787,0.819000244140625
ip2p_imgcfg_2.5,311000000001,trustmark,0.7,70,3.925069822796835e-05,True,66,False,0.2651406570930748,8.063485145568848,0.5904200673103333,0.4506285488605499,0.4628376066684723,0.06786983460187912,-0.030536869540810585,0.03125899285078049,0.06825635582208633,-0.011378271505236626,0.8466776013374329,0.11864253133535385,0.010575060732662678,0.011133533902466297,0.006377772893756628,0.0027205997612327337,0.0020553546492010355,0.0018176054581999779,
ip2p_imgcfg_2.5,311000000001,dwtdct,0.5,16,0.5699749670457095,False,26,False,0.08498617499412611,65.3554458618164,-0.02667665295302868,0.6245256662368774,0.11789646744728088,-0.09873725473880768,0.004948276560753584,-0.034385573118925095,-0.08712727576494217,-0.11492346227169037,0.7028171420097351,0.17527322471141815,0.030985917896032333,0.029442498460412025,0.013290029019117355,0.015949629247188568,0.012805232778191566,0.019436273723840714,
ip2p_imgcfg_2.5,311000000002,wam,1.0,32,2.3283064365386963e-10,True,26,True,0.1268256837264806,33.06923294067383,0.9057715535163879,0.5166792869567871,0.30736589431762695,0.29851147532463074,0.3011835217475891,0.4093610644340515,0.20822952687740326,-0.15483693778514862,0.529133677482605,0.3198453485965729,0.07579415291547775,0.03045782446861267,0.01658935472369194,0.011364305391907692,0.00891049113124609,0.007904822938144207,0.52978515625
ip2p_imgcfg_2.5,311000000002,trustmark,0.97,97,1.3154334480650894e-25,True,66,False,0.38680555525695387,6.153279781341553,1.0789316892623901,0.8132225871086121,0.23846444487571716,0.3450610935688019,0.5334739685058594,-0.06137659773230553,0.1809310019016266,-0.06755614280700684,0.8706583976745605,0.11253654211759567,0.005740195978432894,0.004571909550577402,0.002858975436538458,0.0014658709987998009,0.0011152419028803706,0.0010528613347560167,
ip2p_imgcfg_2.5,311000000002,dwtdct,0.90625,29,1.2780074030160904e-06,True,26,False,0.1921896377028768,24.18219566345215,0.9878472685813904,0.6946234107017517,0.16843105852603912,0.017599495127797127,0.22305269539356232,0.018345577642321587,0.006825176067650318,0.01900431141257286,0.5583849549293518,0.1632785052061081,0.03903079405426979,0.03142089396715164,0.019696295261383057,0.024195902049541473,0.048743754625320435,0.11524892598390579,
ip2p_imgcfg_2.5,411000000000,wam,1.0,32,2.3283064365386963e-10,True,26,True,0.18757500380187148,12.367362022399902,0.9751256704330444,0.5435306429862976,0.26680731773376465,0.3276882469654083,0.4479256570339203,0.49731966853141785,0.25628480315208435,0.12315694987773895,0.4829418361186981,0.3043068051338196,0.07994569092988968,0.04641115665435791,0.029984381049871445,0.022076206281781197,0.018030881881713867,0.01630299724638462,0.5483551025390625
ip2p_imgcfg_2.5,411000000000,trustmark,0.98,98,3.9845364322713306e-27,True,66,False,0.3551951479062268,5.458497047424316,1.0292295217514038,0.5654948353767395,0.8367756009101868,0.5228846669197083,0.6340370774269104,0.793551504611969,0.7220941185951233,0.6535665988922119,0.8343733549118042,0.14074231684207916,0.010806996375322342,0.007128287106752396,0.003507101209834218,0.0014688122319057584,0.0010151780443266034,0.0009579291217960417,
ip2p_imgcfg_2.5,411000000000,dwtdct,0.9375,30,1.2316741049289703e-07,True,26,False,0.46343353884931415,5.8124895095825195,0.9338016510009766,0.5215698480606079,0.10965307801961899,0.050890956073999405,0.10887815803289413,0.01664433628320694,-0.003526753280311823,-0.0007449188851751387,0.6002619862556458,0.08334290236234665,0.021217139437794685,0.016457824036478996,0.010427949950098991,0.018179170787334442,0.06253836303949356,0.1875746250152588,
ip2p_imgcfg_2.5,411000000001,wam,1.0,32,2.3283064365386963e-10,True,26,True,0.15889690752780472,28.351242065429688,0.8460655212402344,0.5069068074226379,-0.005509617738425732,0.06082871928811073,0.33912667632102966,0.41568636894226074,0.45287588238716125,0.0028329540509730577,0.5126067996025085,0.3274557590484619,0.0698053389787674,0.030140627175569534,0.019268082454800606,0.014986135996878147,0.013133136555552483,0.01260407269001007,0.533599853515625
ip2p_imgcfg_2.5,411000000001,trustmark,1.0,100,7.888609052210118e-31,True,66,True,0.2988955842755131,8.156460762023926,1.0407441854476929,0.6533151268959045,0.35419338941574097,0.6175661087036133,0.6964277029037476,0.23856927454471588,0.03588692098855972,0.1448892503976822,0.8399035930633545,0.1299179345369339,0.011746898293495178,0.00855184905230999,0.00469275051727891,0.0021742882672697306,0.0015739563386887312,0.0014387008268386126,
ip2p_imgcfg_2.5,411000000001,dwtdct,0.8125,26,0.0002675263676792383,True,26,False,0.11272227455809619,8.108872413635254,0.8923160433769226,0.34418612718582153,0.18031984567642212,-0.027048582211136818,0.08133215457201004,-0.011264721862971783,0.025798413902521133,-0.005790587514638901,0.19316896796226501,0.07302357256412506,0.03628731891512871,0.02837059646844864,0.02808956615626812,0.054290372878313065,0.14567594230175018,0.44109368324279785,
ip2p_imgcfg_2.5,411000000002,wam,1.0,32,2.3283064365386963e-10,True,26,True,0.27420543557491756,6.394954204559326,0.8787403106689453,0.46813374757766724,0.15287360548973083,0.1304198056459427,0.15365709364414215,0.03697243705391884,-0.04578504338860512,0.11442156136035919,0.5370052456855774,0.3128719925880432,0.07256174832582474,0.0302071925252676,0.016741197556257248,0.01185715664178133,0.00984106119722128,0.008914422243833542,0.535614013671875
ip2p_imgcfg_2.5,411000000002,trustmark,1.0,100,7.888609052210118e-31,True,66,True,0.4822455670273426,2.502318859100342,0.9197553396224976,0.8276412487030029,0.5564594864845276,0.05812118574976921,-0.09620770066976547,0.09327475726604462,-0.02187831699848175,0.005672592669725418,0.9262720346450806,0.059805672615766525,0.00511689530685544,0.0038574698846787214,0.0020773843862116337,0.0010925736278295517,0.0008983335574157536,0.000879505299963057,
ip2p_imgcfg_2.5,411000000002,dwtdct,0.25,8,0.9989487992133945,False,26,False,0.4195807922552623,4.505363464355469,1.008495569229126,0.6364417672157288,0.2365167737007141,0.18528901040554047,-0.014689971692860126,-0.0051514883525669575,0.023162292316555977,0.0018833570647984743,0.5936288833618164,0.12083037942647934,0.028727969154715538,0.022985270246863365,0.014362004585564137,0.016267158091068268,0.03010094165802002,0.1730974316596985,
ip2p_imgcfg_2.5,511000000000,wam,0.5,16,0.5699749670457095,False,26,False,0.0008004010541673749,2762.0634765625,0.8349015712738037,-0.3988552689552307,-0.6486752033233643,-0.8129233717918396,-1.3306324481964111,-0.4517498314380646,-0.037697162479162216,0.2026769369840622,0.4647049903869629,0.3469716012477875,0.06894045323133469,0.031234560534358025,0.023249737918376923,0.021726053208112717,0.021532753482460976,0.021639885380864143,0.177154541015625
ip2p_imgcfg_2.5,511000000000,trustmark,0.46,46,0.8158991913366519,False,66,False,0.019364166670827992,1445.765869140625,1.0649265050888062,-1.0667742490768433,0.23044058680534363,0.22623610496520996,1.1810425519943237,0.24761278927326202,0.9597901701927185,-0.21469846367835999,0.8670289516448975,0.08623895049095154,0.012792603112757206,0.016219928860664368,0.009904795326292515,0.0034869180526584387,0.0023464809637516737,0.0019813780672848225,
ip2p_imgcfg_2.5,511000000000,dwtdct,0.40625,13,0.8923364251386374,False,26,False,0.07090754306457593,1468.7366943359375,0.5774511098861694,0.4558138847351074,0.719403862953186,0.2726157307624817,1.2527947425842285,-0.2538287937641144,-0.10152987390756607,-0.06081172078847885,0.8296099901199341,0.04021575674414635,0.01137582678347826,0.0072195627726614475,0.00421938905492425,0.009499868378043175,0.026529554277658463,0.07133011519908905,
ip2p_imgcfg_2.5,511000000001,wam,0.9375,30,1.2316741049289703e-07,True,26,False,0.08154967268466888,41.203453063964844,0.7750090956687927,0.4162033200263977,0.4446832537651062,0.2242409735918045,0.7787927985191345,0.4086173176765442,0.4510203003883362,0.06670311093330383,0.5178490281105042,0.26416218280792236,0.07328743487596512,0.04371395707130432,0.032267458736896515,0.026475900784134865,0.02234436385333538,0.019899606704711914,0.6391754150390625
ip2p_imgcfg_2.5,511000000001,trustmark,0.98,98,3.9845364322713306e-27,True,66,False,0.2520443123182541,9.181221961975098,0.9058167338371277,0.5384674668312073,0.6124042272567749,0.6217195987701416,0.2142331600189209,-0.16572433710098267,0.16953425109386444,0.4840506911277771,0.7991837859153748,0.16904190182685852,0.012592960149049759,0.009873416274785995,0.0049695903435349464,0.0018890633946284652,0.0012804552679881454,0.0011687822407111526,
ip2p_imgcfg_2.5,511000000001,dwtdct,0.59375,19,0.18854279373772442,False,26,False,0.297257177261761,20.67281723022461,1.3791180849075317,0.4727703630924225,0.391191691160202,0.008597764186561108,0.4000163674354553,0.10028266906738281,0.09405291080474854,0.0962933674454689,0.6948694586753845,0.07378111034631729,0.02437588945031166,0.019357725977897644,0.015016867779195309,0.021846391260623932,0.04623793810606003,0.10451462864875793,
ip2p_imgcfg_2.5,511000000002,wam,1.0,32,2.3283064365386963e-10,True,26,True,0.1234448159727723,32.66614532470703,1.0011879205703735,0.5739330649375916,0.30824393033981323,0.14408501982688904,0.1826678365468979,0.3533009886741638,0.18531718850135803,0.06460858881473541,0.4941858947277069,0.2771359384059906,0.09040826559066772,0.050061605870723724,0.03197772800922394,0.023215951398015022,0.017421822994947433,0.01559287030249834,0.6074066162109375
ip2p_imgcfg_2.5,511000000002,trustmark,0.99,99,7.967495142732219e-29,True,66,False,0.3374777484440229,8.60302734375,1.2080578804016113,0.5350363254547119,0.6199316382408142,0.8431709408760071,0.7633261680603027,-0.14112015068531036,-0.09057225286960602,-0.10865186154842377,0.8882787823677063,0.09086959064006805,0.006933166179805994,0.006270387209951878,0.003632890759035945,0.001638110727071762,0.001238974160514772,0.0011380392825230956,
ip2p_imgcfg_2.5,511000000002,dwtdct,0.46875,15,0.7016925520729274,False,26,False,0.14579694451427716,30.025856018066406,1.637459635734558,0.4737744927406311,0.17248225212097168,0.2008836269378662,-0.034922920167446136,-0.3480120301246643,0.061100851744413376,0.10214480012655258,0.5185473561286926,0.16141822934150696,0.03871995583176613,0.0296517014503479,0.017808562144637108,0.024524547159671783,0.05834519863128662,0.15098439157009125,
ip2p_imgcfg_2.5,611000000000,wam,1.0,32,2.3283064365386963e-10,True,26,True,0.17995337829269953,18.425382614135742,1.0600018501281738,0.7396973371505737,0.25828465819358826,0.38646817207336426,0.6244481205940247,0.4456295073032379,0.07711031287908554,0.019734954461455345,0.54770827293396,0.31799569725990295,0.06586451083421707,0.025914808735251427,0.015413223765790462,0.010984133929014206,0.0085916081443429,0.007527679670602083,0.535186767578125
ip2p_imgcfg_2.5,611000000000,trustmark,0.98,98,3.9845364322713306e-27,True,66,False,0.32688119436433044,6.855168342590332,1.0464777946472168,0.7508713603019714,0.6482018828392029,0.5775988698005676,0.40138891339302063,0.47114261984825134,0.11114069074392319,0.12535403668880463,0.9064416885375977,0.06306816637516022,0.00965792778879404,0.009756896644830704,0.005231423303484917,0.0024850505869835615,0.0017407701816409826,0.0016180527163669467,
ip2p_imgcfg_2.5,611000000000,dwtdct,0.15625,5,0.9999903494026512,False,26,False,0.12177103234259082,12.060808181762695,-0.013440429233014584,0.8441517353057861,0.4062062203884125,0.24891261756420135,0.11797057837247849,0.003859753254801035,0.019018981605768204,0.006133509799838066,0.4257042109966278,0.11757387965917587,0.04579642787575722,0.028200481086969376,0.01634133979678154,0.04684906080365181,0.12841439247131348,0.19112026691436768,
ip2p_imgcfg_2.5,611000000001,wam,1.0,32,2.3283064365386963e-10,True,26,True,0.07857313265420657,73.95712280273438,1.205635666847229,0.8671845197677612,0.5847572088241577,0.769412636756897,0.8600251078605652,1.4346809387207031,1.2083773612976074,0.5197086930274963,0.6792927980422974,0.1840447187423706,0.05449170246720314,0.024190379306674004,0.016903210431337357,0.0154549740254879,0.013735178858041763,0.01188707072287798,0.3404693603515625
ip2p_imgcfg_2.5,611000000001,trustmark,0.92,92,1.6042818341220015e-19,True,66,False,0.19637883139386567,20.396825790405273,0.9216961860656738,0.8065003752708435,0.5249083638191223,0.20078781247138977,0.6323764324188232,0.8569598197937012,1.3237698078155518,0.17780619859695435,0.838160514831543,0.1440764218568802,0.006350793410092592,0.005232968833297491,0.0030776432249695063,0.0013482262147590518,0.0009088219376280904,0.0008446232532151043,
ip2p_imgcfg_2.5,611000000001,dwtdct,0.46875,15,0.7016925520729274,False,26,False,0.09843340943146837,81.7037582397461,1.2495323419570923,0.5726362466812134,0.20342494547367096,-0.061258863657712936,0.24354571104049683,0.14412999153137207,0.27715998888015747,0.04032855108380318,0.6101182699203491,0.15533025562763214,0.03890229016542435,0.031986549496650696,0.021588919684290886,0.023745084181427956,0.031631555408239365,0.0866970643401146,
ip2p_imgcfg_2.5,611000000002,wam,1.0,32,2.3283064365386963e-10,True,26,True,0.07580537529376921,59.82588577270508,0.7714489698410034,0.5205108523368835,0.07612434774637222,0.2725510597229004,0.36113831400871277,0.3359818756580353,0.16160941123962402,-0.0256354957818985,0.4780780076980591,0.33543509244918823,0.06771109998226166,0.03302605077624321,0.0296626053750515,0.019084131345152855,0.017070405185222626,0.019932564347982407,0.66717529296875
ip2p_imgcfg_2.5,611000000002,trustmark,0.94,94,1.0029797609618065e-21,True,66,False,0.22923506998719453,13.843070030212402,1.0292470455169678,0.5055654048919678,0.4942049980163574,0.07253468781709671,0.1352526694536209,0.13922174274921417,0.15693944692611694,-0.060394249856472015,0.8525089025497437,0.0849963128566742,0.011161403730511665,0.01581421121954918,0.027437057346105576,0.00420338986441493,0.00207640347070992,0.0018023692537099123,
ip2p_imgcfg_2.5,611000000002,dwtdct,0.625,20,0.10766357486136258,False,26,False,0.06838912358259223,48.88521194458008,0.715735912322998,0.535956084728241,0.3311804533004761,0.037903107702732086,0.3088383972644806,-0.05645762383937836,0.04339347034692764,0.003847365966066718,0.5407037138938904,0.12422426789999008,0.03183234855532646,0.02577151171863079,0.018581978976726532,0.026496119797229767,0.06108209118247032,0.1713080257177353,
ip2p_imgcfg_2.5,711000000000,wam,0.46875,15,0.7016925520729274,False,26,False,0.0006811485690557539,237.3623809814453,0.48907747864723206,0.22952550649642944,0.18527191877365112,0.512529730796814,0.3815118968486786,0.21391476690769196,0.07702340185642242,-0.23346753418445587,0.5905660390853882,0.21745118498802185,0.07492592930793762,0.040054548531770706,0.02746708318591118,0.01998230628669262,0.0157623328268528,0.013790571130812168,0.0763702392578125
ip2p_imgcfg_2.5,711000000000,trustmark,0.66,66,0.0008949651957434264,True,66,False,0.02136757461057158,117.59101104736328,0.3026886582374573,-0.08862749487161636,0.34870144724845886,-0.6576587557792664,-0.011479423381388187,-0.483707070350647,-0.35950180888175964,-0.1133832111954689,0.9090657234191895,0.0675719603896141,0.007403472438454628,0.007119175046682358,0.004260844551026821,0.001993828220292926,0.0013624384300783277,0.0012225256068632007,
ip2p_imgcfg_2.5,711000000000,dwtdct,0.53125,17,0.4300250329542905,False,26,False,0.0040257973616371874,962.4395751953125,3.0645084381103516,-1.0250024795532227,-0.5943613648414612,-0.3751021921634674,0.32844361662864685,-0.15303775668144226,-0.4366525113582611,-0.016284877434372902,0.6355594992637634,0.1436235010623932,0.0356755405664444,0.028299478814005852,0.01788020320236683,0.019601069390773773,0.029077088460326195,0.09028361737728119,
ip2p_imgcfg_2.5,711000000001,wam,1.0,32,2.3283064365386963e-10,True,26,True,0.37183135186807464,5.633582592010498,1.057792067527771,0.645673394203186,0.06844709813594818,0.04721083492040634,0.05132834240794182,-0.010048155672848225,0.16962918639183044,0.11530492454767227,0.5486519932746887,0.30858951807022095,0.07082604616880417,0.02710711769759655,0.015559445135295391,0.011253349483013153,0.009287227876484394,0.008725335821509361,0.6466064453125
ip2p_imgcfg_2.5,711000000001,trustmark,1.0,100,7.888609052210118e-31,True,66,True,0.38081913916000704,4.361670017242432,1.0399945974349976,0.8245688676834106,0.23851421475410461,0.14340108633041382,0.2211710810661316,-0.03422337770462036,0.04417033866047859,0.045736294239759445,0.903200626373291,0.07123569399118423,0.009910930879414082,0.007324244827032089,0.003872083965688944,0.0017568967305123806,0.0013828141381964087,0.0013166841818019748,
ip2p_imgcfg_2.5,711000000001,dwtdct,0.375,12,0.9449079174082726,False,26,False,0.3499202222371442,4.228856086730957,1.2187986373901367,0.752064049243927,0.1908552497625351,0.021544035524129868,0.16784271597862244,0.08474982529878616,0.034240514039993286,0.002789556048810482,0.40573328733444214,0.10513664036989212,0.028170796111226082,0.021796628832817078,0.01415701862424612,0.019002115353941917,0.061004556715488434,0.3449989855289459,
ip2p_imgcfg_2.5,711000000002,wam,1.0,32,2.3283064365386963e-10,True,26,True,0.06128259400434215,41.396358489990234,0.25196632742881775,0.4975016117095947,0.29106980562210083,0.39840689301490784,0.34815409779548645,0.8499445915222168,1.0264683961868286,0.2705111503601074,0.433043509721756,0.33420684933662415,0.08950919657945633,0.04512253403663635,0.031886760145425797,0.025526029989123344,0.021093035116791725,0.019612077623605728,0.4674530029296875
ip2p_imgcfg_2.5,711000000002,trustmark,0.99,99,7.967495142732219e-29,True,66,False,0.32516098610215355,12.840153694152832,1.4626554250717163,0.6505416035652161,0.5744991898536682,1.2651835680007935,1.0197261571884155,0.5659345984458923,-0.05174314230680466,-0.07845987379550934,0.8646496534347534,0.10051214694976807,0.011463797651231289,0.012890579178929329,0.006149499211460352,0.0021585458889603615,0.0011595820542424917,0.0010162335820496082,
ip2p_imgcfg_2.5,711000000002,dwtdct,0.4375,14,0.8114572062622756,False,26,False,0.19177632664990008,21.187227249145508,1.7108747959136963,0.5579402446746826,0.19541551172733307,0.004564855247735977,0.042403630912303925,0.16432498395442963,-0.022296477109193802,0.015431893989443779,0.4431658089160919,0.11370819061994553,0.03564988821744919,0.030305176973342896,0.025356050580739975,0.04171987250447273,0.09528813511133194,0.21480683982372284,
ip2p_imgcfg_2.5,811000000000,wam,0.96875,31,7.683411240577698e-09,True,26,False,0.016099062326179744,800.9042358398438,-14.180946350097656,3.0523264408111572,1.0047740936279297,0.41026172041893005,0.23404310643672943,-0.047663696110248566,0.5264978408813477,0.18217231333255768,0.5654860138893127,0.24684154987335205,0.07752440869808197,0.03948312625288963,0.02542213350534439,0.01791241392493248,0.014189241454005241,0.013141152448952198,0.7891998291015625
ip2p_imgcfg_2.5,811000000000,trustmark,0.94,94,1.0029797609618065e-21,True,66,False,0.214778897326491,224.84515380859375,0.9791139364242554,2.0416436195373535,2.3758769035339355,-2.0203864574432373,-1.9167906045913696,-1.4197747707366943,-0.2643149793148041,-1.3323838710784912,0.88388592004776,0.08504621684551239,0.01000254601240158,0.011020492762327194,0.005350329913198948,0.002122177043929696,0.0013493343722075224,0.0012229382991790771,
ip2p_imgcfg_2.5,811000000000,dwtdct,0.625,20,0.10766357486136258,False,26,False,0.2466962036583602,445.702880859375,0.6398781538009644,2.197591781616211,0.7784930467605591,-0.16435271501541138,0.5487810373306274,0.5247267484664917,-0.14198794960975647,0.26837921142578125,0.7501429915428162,0.1372448205947876,0.02963218092918396,0.024940377101302147,0.013801183551549911,0.014024610631167889,0.011513612233102322,0.018700135871767998,
ip2p_imgcfg_2.5,811000000001,wam,1.0,32,2.3283064365386963e-10,True,26,True,0.06370398424185743,39.25401306152344,0.8785984516143799,0.4691406488418579,0.17350921034812927,0.07573757320642471,0.09985366463661194,-0.04442966356873512,0.016672959551215172,-0.006181654520332813,0.5417382121086121,0.2857060134410858,0.06923376768827438,0.03447338193655014,0.023066192865371704,0.017640195786952972,0.014601320959627628,0.013540874235332012,0.3747100830078125
ip2p_imgcfg_2.5,811000000001,trustmark,0.71,71,1.6080007647833168e-05,True,66,False,0.25949215292608646,6.013491153717041,0.7698821425437927,0.4576025903224945,0.4929411709308624,0.6060898303985596,0.4199316203594208,0.2100033164024353,0.12233277410268784,0.07799358665943146,0.8466647267341614,0.13479271531105042,0.007252131123095751,0.00600419519469142,0.0030840234830975533,0.0010702115250751376,0.000595113611780107,0.0005369628197513521,
ip2p_imgcfg_2.5,811000000001,dwtdct,0.53125,17,0.4300250329542905,False,26,False,0.05474334660984104,17.08174705505371,1.1494392156600952,0.5260170102119446,0.3193020820617676,0.07636568695306778,-0.0530044361948967,-0.014921968802809715,-0.005373806692659855,-0.006141612306237221,0.2167290598154068,0.09348902851343155,0.030332989990711212,0.01770738698542118,0.01203361339867115,0.030067795887589455,0.1475314348936081,0.4521086513996124,
ip2p_imgcfg_2.5,811000000002,wam,0.96875,31,7.683411240577698e-09,True,26,False,0.1745923203172346,293.15765380859375,4.8438801765441895,2.7038283348083496,0.0834168866276741,0.20306065678596497,0.4309346377849579,0.4536875784397125,0.69053053855896,0.9067919850349426,0.47387897968292236,0.32623153924942017,0.08054465055465698,0.041072946041822433,0.0276059377938509,0.020237917080521584,0.01604987494647503,0.01437816210091114,0.5686187744140625
ip2p_imgcfg_2.5,811000000002,trustmark,0.91,91,1.6610244897268262e-18,True,66,False,0.2121748373044252,45.85375213623047,1.9220956563949585,1.4792500734329224,1.7897835969924927,0.561176598072052,0.34803250432014465,-0.061277832835912704,0.017378680408000946,0.18155640363693237,0.8431917428970337,0.1329747438430786,0.008181746117770672,0.008183483965694904,0.004017195198684931,0.0015599168837070465,0.0009870572248473763,0.0009040848235599697,
ip2p_imgcfg_2.5,811000000002,dwtdct,0.46875,15,0.7016925520729274,False,26,False,0.29149019828041856,157.52452087402344,5.899049758911133,2.370386838912964,0.8090259432792664,0.30729368329048157,-0.04152695834636688,-0.10373304039239883,0.014295794069766998,-0.016012348234653473,0.5660524964332581,0.14142240583896637,0.03640883415937424,0.02865803800523281,0.01918468438088894,0.022469952702522278,0.04750021919608116,0.13830336928367615,
ip2p_imgcfg_2.5,911000000000,wam,0.75,24,0.0035001833457499743,False,26,False,0.1116865634518318,56.38270568847656,0.9662707448005676,0.6779492497444153,0.2219800055027008,0.03961717709898949,0.13509401679039001,0.16593196988105774,0.12282135337591171,0.14788509905338287,0.49030932784080505,0.351094126701355,0.07895099371671677,0.03158894181251526,0.018132278695702553,0.012650015763938427,0.009366901591420174,0.007907487452030182,0.032501220703125
ip2p_imgcfg_2.5,911000000000,trustmark,0.64,64,0.003318560257963064,False,66,False,0.3987880152030623,7.491405010223389,1.1709986925125122,0.9764122366905212,0.3463803827762604,0.2948797941207886,0.3407903015613556,-0.09694723784923553,-0.0003158726030960679,0.15984119474887848,0.8115922212600708,0.17752999067306519,0.004777936730533838,0.0028944204095751047,0.0014754598960280418,0.0006486388156190515,0.000552479934412986,0.0005288522806949914,
ip2p_imgcfg_2.5,911000000000,dwtdct,0.59375,19,0.18854279373772442,False,26,False,0.14901042445502516,42.95454025268555,0.9044131636619568,0.7821943163871765,0.002539504086598754,0.12066000699996948,0.1274455338716507,-0.07369004935026169,0.02892156131565571,0.024780413135886192,0.5602592825889587,0.15910615026950836,0.03624279052019119,0.030317774042487144,0.01820567436516285,0.02003495581448078,0.02951996959745884,0.1463133692741394,
ip2p_imgcfg_2.5,911000000001,wam,0.9375,30,1.2316741049289703e-07,True,26,False,-0.014714423958660317,26.536773681640625,-2.147160053253174,0.9552168250083923,0.7429366111755371,0.7165279984474182,0.8884985446929932,0.8528709411621094,0.3443983495235443,-0.393893301486969,0.6615187525749207,0.16151487827301025,0.06755076348781586,0.041334666311740875,0.02724909968674183,0.01783059351146221,0.012406592257320881,0.010594664141535759,0.94683837890625
ip2p_imgcfg_2.5,911000000001,trustmark,1.0,100,7.888609052210118e-31,True,66,True,0.19609603800713787,17.593463897705078,0.11136902123689651,0.9363904595375061,0.7578445672988892,0.21435511112213135,0.1868876814842224,0.38898470997810364,0.19598115980625153,0.23075179755687714,0.9164144992828369,0.056635480374097824,0.011570434086024761,0.0070986938662827015,0.004161899909377098,0.0018520164303481579,0.0011962250573560596,0.0010707288747653365,
ip2p_imgcfg_2.5,911000000001,dwtdct,0.5625,18,0.29830744792707264,False,26,False,0.38000067240328744,18.054899215698242,2.068337917327881,0.3404673635959625,0.1650513857603073,0.1536363810300827,0.14678777754306793,-0.02037382498383522,-0.04493280500173569,-0.1398167610168457,0.7811867594718933,0.12794850766658783,0.025776317343115807,0.022385986521840096,0.011778871528804302,0.012101322412490845,0.008711086586117744,0.010111158713698387,
ip2p_imgcfg_2.5,911000000002,wam,0.96875,31,7.683411240577698e-09,True,26,False,0.2662403004563868,4.982997894287109,0.9073516726493835,0.4127846956253052,0.0993562713265419,0.037258293479681015,0.15043650567531586,0.22827200591564178,0.1044384241104126,0.08199864625930786,0.5113195180892944,0.32524871826171875,0.07398275285959244,0.03192908689379692,0.020006118342280388,0.014876727014780045,0.011939045041799545,0.010697988793253899,0.232177734375
ip2p_imgcfg_2.5,911000000002,trustmark,0.98,98,3.9845364322713306e-27,True,66,False,0.3684731896735123,2.525726318359375,0.8923492431640625,0.5200230479240417,0.30271396040916443,0.4120708107948303,0.19508306682109833,0.16853109002113342,0.12119920551776886,-0.10761571675539017,0.9025200009346008,0.07857324928045273,0.008521463721990585,0.00538736442103982,0.002545042196288705,0.0010834344429895282,0.0006994819268584251,0.0006699418881908059,
ip2p_imgcfg_2.5,911000000002,dwtdct,0.625,20,0.10766357486136258,False,26,False,0.08983013478483619,1.603559136390686,0.9211152195930481,0.33672648668289185,0.10915030539035797,0.06634016335010529,-0.007363917771726847,0.020031990483403206,0.006621885113418102,0.005995677784085274,0.14097397029399872,0.06433212012052536,0.031929902732372284,0.014734234660863876,0.009460242465138435,0.037400536239147186,0.1761150062084198,0.5250539779663086,
ip2p_imgcfg_4.0,111000000000,wam,0.40625,13,0.8923364251386374,False,26,False,0.09542888139548439,7.187976360321045,0.4809677302837372,0.1567794382572174,0.05774424597620964,0.14868032932281494,0.0685129165649414,0.11002492904663086,-0.0016659889370203018,-0.006621333304792643,0.4909657835960388,0.2869327664375305,0.07971099764108658,0.044517118483781815,0.03187786415219307,0.02576402947306633,0.021479779854416847,0.018751632422208786,0.0113372802734375
ip2p_imgcfg_4.0,111000000000,trustmark,0.75,75,2.818141017102701e-07,True,66,False,0.41807208797699996,4.434042453765869,1.0984610319137573,0.6112804412841797,0.6160815358161926,0.45063674449920654,0.2784571945667267,0.19499368965625763,0.06913970410823822,0.014924843795597553,0.868170440196991,0.09537896513938904,0.01680462621152401,0.010729683563113213,0.004394536837935448,0.0020179080311208963,0.001313544693402946,0.001190363778732717,
ip2p_imgcfg_4.0,111000000000,dwtdct,0.5625,18,0.29830744792707264,False,26,False,0.11391745606351975,2.31687331199646,0.8709900379180908,0.39574989676475525,0.13099704682826996,0.14280568063259125,0.04989935830235481,0.015874287113547325,0.0006625124951824546,0.0019565378315746784,0.15216408669948578,0.05609704554080963,0.022938840091228485,0.023844877257943153,0.023795556277036667,0.04578998684883118,0.16393698751926422,0.5114325881004333,
ip2p_imgcfg_4.0,111000000001,wam,0.875,28,9.650597348809242e-06,True,26,False,0.12064348848359314,43.75314712524414,1.3847860097885132,0.6863837242126465,-0.054931897670030594,0.3695373237133026,0.08936359733343124,0.24630655348300934,0.14218062162399292,0.08655153214931488,0.49373912811279297,0.3253045678138733,0.07619427144527435,0.03407123684883118,0.02306503802537918,0.018162855878472328,0.015563399530947208,0.013899528421461582,0.35089111328125
ip2p_imgcfg_4.0,111000000001,trustmark,0.82,82,3.0739033075239876e-11,True,66,False,0.41329774893210824,10.013880729675293,1.4484928846359253,1.2169746160507202,0.12925420701503754,0.21632587909698486,0.14662684500217438,-0.1023809090256691,-0.005210117436945438,0.0041736881248652935,0.8998017907142639,0.07487267255783081,0.007707301527261734,0.008353587239980698,0.004547053016722202,0.002061080653220415,0.0013862864580005407,0.0012702278327196836,
ip2p_imgcfg_4.0,111000000001,dwtdct,0.53125,17,0.4300250329542905,False,26,False,0.2557742608262561,37.27595901489258,1.5760191679000854,1.0710442066192627,0.2017708718776703,0.31330737471580505,0.006344027351588011,0.09262262284755707,0.1135372743010521,0.032748207449913025,0.7009140849113464,0.15673001110553741,0.03451429307460785,0.028185013681650162,0.015798481181263924,0.016497313976287842,0.01658867672085762,0.030772166326642036,
ip2p_imgcfg_4.0,111000000002,wam,1.0,32,2.3283064365386963e-10,True,26,True,0.19712516977468836,49.65486145019531,1.524067759513855,1.039951205253601,0.1872355043888092,0.18351346254348755,0.35641568899154663,0.44175252318382263,0.23484542965888977,0.12142586708068848,0.5545620322227478,0.3076818585395813,0.06731348484754562,0.026065479964017868,0.014794515445828438,0.01069843489676714,0.00951814278960228,0.009366023354232311,0.68231201171875
ip2p_imgcfg_4.0,111000000002,trustmark,0.94,94,1.0029797609618065e-21,True,66,False,0.3335942358210936,17.46384048461914,1.6247045993804932,0.9598969221115112,0.7393017411231995,0.5521483421325684,0.1629713624715805,0.20799420773983002,-0.1387757509946823,0.03067951463162899,0.9044100642204285,0.073255255818367,0.006430597510188818,0.005962289869785309,0.004389445763081312,0.0022506434470415115,0.0017025248380377889,0.001599277020432055,
ip2p_imgcfg_4.0,111000000002,dwtdct,0.625,20,0.10766357486136258,False,26,False,0.21129056403417062,33.05988693237305,1.1050961017608643,0.9239947199821472,0.3468382656574249,0.025137655436992645,0.12170130759477615,0.17581932246685028,0.026940306648612022,0.006047784350812435,0.5893624424934387,0.11926187574863434,0.027844836935400963,0.02286319062113762,0.014301889576017857,0.021169332787394524,0.05247074365615845,0.1527257263660431,
ip2p_imgcfg_4.0,211000000000,wam,1.0,32,2.3283064365386963e-10,True,26,True,0.14616818560095157,56.1614875793457,1.3078078031539917,0.8540574908256531,0.022708425298333168,-0.05769263952970505,0.33954790234565735,0.12419308722019196,0.0275921281427145,0.10601809620857239,0.558303952217102,0.30142277479171753,0.06833090633153915,0.02719290927052498,0.014641983434557915,0.011155383661389351,0.009668014943599701,0.009284126572310925,0.71759033203125
ip2p_imgcfg_4.0,211000000000,trustmark,0.83,83,6.548999325035109e-12,True,66,False,0.3229953461719432,14.86055850982666,1.3663434982299805,1.0328651666641235,0.4549989402294159,0.1117328628897667,-0.15935750305652618,0.05710843950510025,-0.04422036558389664,0.03884534910321236,0.8809391260147095,0.10271713137626648,0.00538376672193408,0.004268735181540251,0.0029885706026107073,0.0015160896582528949,0.0011383554665371776,0.0010482755023986101,
ip2p_imgcfg_4.0,211000000000,dwtdct,0.71875,23,0.010030803503468633,False,26,False,0.23503851513593416,51.78310012817383,1.2770066261291504,0.8261690139770508,0.2287529557943344,-0.03387631103396416,-0.2419702410697937,-0.10171179473400116,0.044284332543611526,-0.0027782327961176634,0.7556342482566833,0.10776413232088089,0.025341005995869637,0.020254014059901237,0.012144509702920914,0.012669485062360764,0.018530119210481644,0.04766251891851425,
ip2p_imgcfg_4.0,211000000001,wam,1.0,32,2.3283064365386963e-10,True,26,True,0.08654281612091054,123.23351287841797,1.2401117086410522,0.601884126663208,0.026432273909449577,0.6490477323532104,0.2593429684638977,-0.018646012991666794,0.01568264700472355,0.05921578407287598,0.47525903582572937,0.34629905223846436,0.07551712542772293,0.033810537308454514,0.022353610023856163,0.017284711822867393,0.015231774188578129,0.014244244433939457,0.52923583984375
ip2p_imgcfg_4.0,211000000001,trustmark,0.83,83,6.548999325035109e-12,True,66,False,0.1947444144290452,26.889911651611328,1.170434594154358,0.7511518001556396,0.5404232740402222,0.7528974413871765,0.061593860387802124,-0.28932076692581177,0.1336759477853775,0.020878851413726807,0.8490867614746094,0.12125805020332336,0.009989102371037006,0.010051432065665722,0.005240860860794783,0.0020682746544480324,0.0012381096603348851,0.001067416276782751,
ip2p_imgcfg_4.0,211000000001,dwtdct,0.6875,22,0.025051229866221547,False,26,False,0.0972140819145698,132.50164794921875,1.5925079584121704,0.7391197681427002,0.10005521029233932,0.07511615753173828,0.19553302228450775,-0.32678696513175964,-0.09822443872690201,0.0879644826054573,0.5012224912643433,0.16551938652992249,0.03814740478992462,0.03174716606736183,0.018690219148993492,0.028430817648768425,0.071953184902668,0.14428935945034027,
ip2p_imgcfg_4.0,211000000002,wam,0.75,24,0.0035001833457499743,False,26,False,0.08896937437316259,88.36963653564453,1.2676633596420288,0.750873327255249,0.5225306153297424,0.5376915335655212,0.5211976766586304,0.285042405128479,0.003063447307795286,-0.08113184571266174,0.449785053730011,0.3622962534427643,0.07813761383295059,0.03450904041528702,0.023079857230186462,0.019167834892868996,0.01699977181851864,0.016024569049477577,0.140167236328125
ip2p_imgcfg_4.0,211000000002,trustmark,0.81,81,1.3513812610243942e-10,True,66,False,0.25837593233743134,15.367375373840332,1.1502481698989868,0.8484546542167664,0.7139875888824463,0.6624293327331543,0.32824110984802246,0.014372343197464943,-0.04237351939082146,-0.06284727901220322,0.808323323726654,0.1540246456861496,0.013522728346288204,0.013589424081146717,0.006169362924993038,0.002166975289583206,0.0011780511122196913,0.0010255055967718363,
ip2p_imgcfg_4.0,211000000002,dwtdct,0.375,12,0.9449079174082726,False,26,False,0.11061744452535367,84.18172454833984,1.3673754930496216,0.7647736668586731,0.24406908452510834,0.5521974563598633,0.05081776902079582,-0.2165999859571457,0.018568184226751328,0.02679523080587387,0.5337351560592651,0.1574651151895523,0.041402168571949005,0.034273598343133926,0.022370152175426483,0.027403652667999268,0.047844626009464264,0.13550548255443573,
ip2p_imgcfg_4.0,311000000000,wam,0.90625,29,1.2780074030160904e-06,True,26,False,0.07831102146995991,20.886632919311523,1.287369728088379,0.5933614373207092,0.33243781328201294,0.2636685371398926,0.35158151388168335,0.23630571365356445,0.15287582576274872,0.035530395805835724,0.5684478282928467,0.2363358736038208,0.07287164032459259,0.04319372400641441,0.029236620292067528,0.020988192409276962,0.015818526968359947,0.013107631355524063,0.63629150390625
ip2p_imgcfg_4.0,311000000000,trustmark,0.97,97,1.3154334480650894e-25,True,66,False,0.2027327518656543,13.730536460876465,1.2280532121658325,0.9586395025253296,0.8184894323348999,-0.024460723623633385,-0.09686311334371567,-0.25939878821372986,0.03441870957612991,0.11201921105384827,0.8968952298164368,0.08030448108911514,0.009697727859020233,0.006924986839294434,0.002845690818503499,0.0013316725380718708,0.0010098558850586414,0.0009903011377900839,
ip2p_imgcfg_4.0,311000000000,dwtdct,0.5,16,0.5699749670457095,False,26,False,0.07484445168570403,10.744119644165039,1.3690359592437744,0.5318142175674438,0.292325496673584,0.3667593002319336,0.14288847148418427,0.030879443511366844,-0.015517973341047764,0.0022022766061127186,0.1937435269355774,0.07983683049678802,0.02850784920156002,0.014881168492138386,0.00860829371958971,0.026826292276382446,0.1338888555765152,0.5137071013450623,
ip2p_imgcfg_4.0,311000000001,wam,1.0,32,2.3283064365386963e-10,True,26,True,0.1623092727532446,40.718658447265625,1.5017025470733643,0.9840799570083618,0.3512539863586426,0.31840285658836365,0.6467038989067078,0.571977972984314,0.30340009927749634,0.1636025458574295,0.4774402379989624,0.3001139461994171,0.08461408317089081,0.0426931194961071,0.028824452310800552,0.024147137999534607,0.021722421050071716,0.020444627851247787,0.8929901123046875
ip2p_imgcfg_4.0,311000000001,trustmark,0.83,83,6.548999325035109e-12,True,66,False,0.3380180034437898,11.433128356933594,1.389193058013916,0.7626466751098633,0.5766908526420593,0.2585020959377289,0.17135939002037048,0.1597236692905426,-0.1374514400959015,-0.03493327647447586,0.8466776013374329,0.11864253133535385,0.010575060732662678,0.011133533902466297,0.006377772893756628,0.0027205997612327337,0.0020553546492010355,0.0018176054581999779,
ip2p_imgcfg_4.0,311000000001,dwtdct,0.5625,18,0.29830744792707264,False,26,False,0.3163728911367436,75.293701171875,2.6383986473083496,2.1049084663391113,0.4268479645252228,-0.29073187708854675,-0.05628804862499237,-0.2412024736404419,-0.09916800260543823,0.11591830104589462,0.7028171420097351,0.17527322471141815,0.030985917896032333,0.029442498460412025,0.013290029019117355,0.015949629247188568,0.012805232778191566,0.019436273723840714,
ip2p_imgcfg_4.0,311000000002,wam,1.0,32,2.3283064365386963e-10,True,26,True,0.10169575154729106,60.75662612915039,0.9999251365661621,0.6118475198745728,0.20996133983135223,0.1734624207019806,0.08684535324573517,0.19088304042816162,0.2980853021144867,0.0035222244914621115,0.529133677482605,0.3198453485965729,0.07579415291547775,0.03045782446861267,0.01658935472369194,0.011364305391907692,0.00891049113124609,0.007904822938144207,0.4697265625
ip2p_imgcfg_4.0,311000000002,trustmark,0.83,83,6.548999325035109e-12,True,66,False,0.3274961623621225,12.745936393737793,1.276611566543579,1.2170246839523315,0.15796487033367157,0.13776624202728271,0.24318267405033112,0.072240449488163,-0.1348341554403305,0.06605153530836105,0.8706583976745605,0.11253654211759567,0.005740195978432894,0.004571909550577402,0.002858975436538458,0.0014658709987998009,0.0011152419028803706,0.0010528613347560167,
ip2p_imgcfg_4.0,311000000002,dwtdct,0.625,20,0.10766357486136258,False,26,False,0.1554090651024347,50.37942886352539,1.2077423334121704,0.9968663454055786,0.09493474662303925,0.11799763888120651,0.1412733793258667,0.2238415777683258,0.017935773357748985,0.03605744615197182,0.5583849549293518,0.1632785052061081,0.03903079405426979,0.03142089396715164,0.019696295261383057,0.024195902049541473,0.048743754625320435,0.11524892598390579,
ip2p_imgcfg_4.0,411000000000,wam,1.0,32,2.3283064365386963e-10,True,26,True,0.1504382487213919,29.543107986450195,1.2645636796951294,0.6183328628540039,0.018645621836185455,0.14973777532577515,0.3427850902080536,0.719615638256073,0.45699673891067505,0.1994187831878662,0.4829418361186981,0.3043068051338196,0.07994569092988968,0.04641115665435791,0.029984381049871445,0.022076206281781197,0.018030881881713867,0.01630299724638462,0.553955078125
ip2p_imgcfg_4.0,411000000000,trustmark,0.92,92,1.6042818341220015e-19,True,66,False,0.3319453162512977,18.210445404052734,1.745847225189209,0.8467559814453125,1.0661969184875488,0.39158815145492554,0.5635160803794861,0.7428075075149536,0.12621477246284485,0.10732002556324005,0.8343733549118042,0.14074231684207916,0.010806996375322342,0.007128287106752396,0.003507101209834218,0.0014688122319057584,0.0010151780443266034,0.0009579291217960417,
ip2p_imgcfg_4.0,411000000000,dwtdct,0.78125,25,0.0010512007866054773,False,26,False,0.36209072627623085,18.308706283569336,1.4934560060501099,1.0141311883926392,-0.10842342674732208,-0.06878791004419327,-0.046711087226867676,-0.037521395832300186,0.0479508675634861,0.01259064581245184,0.6002619862556458,0.08334290236234665,0.021217139437794685,0.016457824036478996,0.010427949950098991,0.018179170787334442,0.06253836303949356,0.1875746250152588,
ip2p_imgcfg_4.0,411000000001,wam,1.0,32,2.3283064365386963e-10,True,26,True,0.1526292674678754,49.0382194519043,1.169692039489746,0.7107475399971008,-0.06518474221229553,0.019899478182196617,0.3378615379333496,0.22180862724781036,0.16394075751304626,-0.05482637137174606,0.5126067996025085,0.3274557590484619,0.0698053389787674,0.030140627175569534,0.019268082454800606,0.014986135996878147,0.013133136555552483,0.01260407269001007,0.5408782958984375
ip2p_imgcfg_4.0,411000000001,trustmark,0.92,92,1.6042818341220015e-19,True,66,False,0.23918990135140633,17.664884567260742,1.231033205986023,0.7854354977607727,0.29279711842536926,0.4435441195964813,0.4673750698566437,0.30189675092697144,-0.0617968924343586,0.10326159745454788,0.8399035930633545,0.1299179345369339,0.011746898293495178,0.00855184905230999,0.00469275051727891,0.0021742882672697306,0.0015739563386887312,0.0014387008268386126,
ip2p_imgcfg_4.0,411000000001,dwtdct,0.75,24,0.0035001833457499743,False,26,False,0.07679713699624535,16.663562774658203,0.895552396774292,0.4282222390174866,0.23424220085144043,-0.013178923167288303,-0.04222121089696884,0.10614676773548126,-0.001511464943177998,-0.00799155980348587,0.19316896796226501,0.07302357256412506,0.03628731891512871,0.02837059646844864,0.02808956615626812,0.054290372878313065,0.14567594230175018,0.44109368324279785,
ip2p_imgcfg_4.0,411000000002,wam,1.0,32,2.3283064365386963e-10,True,26,True,0.20247596604966397,14.742220878601074,1.0620070695877075,0.5428242087364197,0.16698530316352844,0.3246464431285858,0.04874270409345627,0.06282850354909897,0.07749458402395248,0.12334960699081421,0.5370052456855774,0.3128719925880432,0.07256174832582474,0.0302071925252676,0.016741197556257248,0.01185715664178133,0.00984106119722128,0.008914422243833542,0.6568603515625
ip2p_imgcfg_4.0,411000000002,trustmark,0.92,92,1.6042818341220015e-19,True,66,False,0.3707000694297427,6.095672607421875,1.1074800491333008,1.2839961051940918,0.42893877625465393,0.060437098145484924,0.12122473865747452,-0.047693975269794464,-0.01952388510107994,0.03494400158524513,0.9262720346450806,0.059805672615766525,0.00511689530685544,0.0038574698846787214,0.0020773843862116337,0.0010925736278295517,0.0008983335574157536,0.000879505299963057,
ip2p_imgcfg_4.0,411000000002,dwtdct,0.28125,9,0.99649981665425,False,26,False,0.32236675348473015,15.284388542175293,1.3074640035629272,1.0730303525924683,0.357741117477417,0.21152372658252716,-0.08270040154457092,-0.019376244395971298,0.029409414157271385,0.007979792542755604,0.5936288833618164,0.12083037942647934,0.028727969154715538,0.022985270246863365,0.014362004585564137,0.016267158091068268,0.03010094165802002,0.1730974316596985,
ip2p_imgcfg_4.0,511000000000,wam,0.96875,31,7.683411240577698e-09,True,26,False,0.1288999032484431,261.3173522949219,0.8507948517799377,1.223976731300354,0.3705747425556183,0.5809542536735535,0.8254235982894897,0.674776017665863,0.5462625026702881,0.5058989524841309,0.4647049903869629,0.3469716012477875,0.06894045323133469,0.031234560534358025,0.023249737918376923,0.021726053208112717,0.021532753482460976,0.021639885380864143,0.933441162109375
ip2p_imgcfg_4.0,511000000000,trustmark,0.96,96,3.224844447881771e-24,True,66,False,0.10925611986704391,163.26194763183594,-1.6266634464263916,0.7533909678459167,1.3621000051498413,0.5760799646377563,-0.16882982850074768,-0.6560656428337097,0.42392149567604065,0.04993048682808876,0.8670289516448975,0.08623895049095154,0.012792603112757206,0.016219928860664368,0.009904795326292515,0.0034869180526584387,0.0023464809637516737,0.0019813780672848225,
ip2p_imgcfg_4.0,511000000000,dwtdct,0.4375,14,0.8114572062622756,False,26,False,0.4221748000151116,127.43667602539062,7.597072601318359,1.3090182542800903,0.07436647266149521,0.582331120967865,-0.1056998148560524,-0.21642561256885529,-0.1795417219400406,-0.025815783068537712,0.8296099901199341,0.04021575674414635,0.01137582678347826,0.0072195627726614475,0.00421938905492425,0.009499868378043175,0.026529554277658463,0.07133011519908905,
ip2p_imgcfg_4.0,511000000001,wam,1.0,32,2.3283064365386963e-10,True,26,True,0.07035166332593452,70.45096588134766,0.8231756091117859,0.46101340651512146,0.3328576683998108,0.49952295422554016,0.69300377368927,0.38937732577323914,0.43336302042007446,0.35143235325813293,0.5178490281105042,0.26416218280792236,0.07328743487596512,0.04371395707130432,0.032267458736896515,0.026475900784134865,0.02234436385333538,0.019899606704711914,0.6376190185546875
ip2p_imgcfg_4.0,511000000001,trustmark,0.94,94,1.0029797609618065e-21,True,66,False,0.20497669465621546,18.844694137573242,1.1054205894470215,0.5205991268157959,0.3205658495426178,0.6188844442367554,0.19517619907855988,-0.03664829581975937,-0.07376162707805634,-0.11624432355165482,0.7991837859153748,0.16904190182685852,0.012592960149049759,0.009873416274785995,0.0049695903435349464,0.0018890633946284652,0.0012804552679881454,0.0011687822407111526,
ip2p_imgcfg_4.0,511000000001,dwtdct,0.71875,23,0.010030803503468633,False,26,False,0.23838876308947604,42.789249420166016,1.6210416555404663,0.38115495443344116,0.10162738710641861,-0.3778756558895111,0.16247044503688812,0.10870303958654404,0.11683738231658936,0.04300476238131523,0.6948694586753845,0.07378111034631729,0.02437588945031166,0.019357725977897644,0.015016867779195309,0.021846391260623932,0.04623793810606003,0.10451462864875793,
ip2p_imgcfg_4.0,511000000002,wam,1.0,32,2.3283064365386963e-10,True,26,True,0.08325713297738549,72.61405944824219,1.2195366621017456,0.5987380743026733,0.24944372475147247,0.1455414593219757,0.3388440012931824,0.2577558755874634,0.28355836868286133,0.27562564611434937,0.4941858947277069,0.2771359384059906,0.09040826559066772,0.050061605870723724,0.03197772800922394,0.023215951398015022,0.017421822994947433,0.01559287030249834,0.59375
ip2p_imgcfg_4.0,511000000002,trustmark,0.71,71,1.6080007647833168e-05,True,66,False,0.21948423367117537,22.13499641418457,1.228147268295288,0.877377986907959,0.6771669983863831,0.45024406909942627,-0.3402043282985687,0.46165454387664795,-0.48048731684684753,0.10604340583086014,0.8882787823677063,0.09086959064006805,0.006933166179805994,0.006270387209951878,0.003632890759035945,0.001638110727071762,0.001238974160514772,0.0011380392825230956,
ip2p_imgcfg_4.0,511000000002,dwtdct,0.46875,15,0.7016925520729274,False,26,False,0.11458783716266097,72.55744171142578,1.8285109996795654,0.5906053781509399,-0.054275497794151306,0.08023448288440704,0.44846296310424805,-0.1719794124364853,-0.0812489464879036,0.054477330297231674,0.5185473561286926,0.16141822934150696,0.03871995583176613,0.0296517014503479,0.017808562144637108,0.024524547159671783,0.05834519863128662,0.15098439157009125,
ip2p_imgcfg_4.0,611000000000,wam,0.96875,31,7.683411240577698e-09,True,26,False,0.16778597110028565,28.791366577148438,1.2551361322402954,0.9525391459465027,0.22455033659934998,0.21643444895744324,0.3871324360370636,0.11156396567821503,0.12146838754415512,0.08537089079618454,0.54770827293396,0.31799569725990295,0.06586451083421707,0.025914808735251427,0.015413223765790462,0.010984133929014206,0.0085916081443429,0.007527679670602083,0.4807891845703125
ip2p_imgcfg_4.0,611000000000,trustmark,0.89,89,1.2704266677461526e-16,True,66,False,0.3123930969369197,12.025761604309082,1.3038264513015747,1.0177921056747437,0.5602454543113708,0.05794588848948479,0.031222298741340637,0.05390540137887001,0.0323416106402874,0.03658577427268028,0.9064416885375977,0.06306816637516022,0.00965792778879404,0.009756896644830704,0.005231423303484917,0.0024850505869835615,0.0017407701816409826,0.0016180527163669467,
ip2p_imgcfg_4.0,611000000000,dwtdct,0.59375,19,0.18854279373772442,False,26,False,0.11196670125649989,20.72657012939453,0.2458273470401764,1.1383001804351807,0.3236381709575653,0.20336377620697021,0.24921320378780365,-0.0066493502818048,0.017684806138277054,0.010706145316362381,0.4257042109966278,0.11757387965917587,0.04579642787575722,0.028200481086969376,0.01634133979678154,0.04684906080365181,0.12841439247131348,0.19112026691436768,
ip2p_imgcfg_4.0,611000000001,wam,1.0,32,2.3283064365386963e-10,True,26,True,0.07230888512071254,108.60981750488281,1.1307172775268555,1.0132668018341064,0.6716020107269287,0.5583065748214722,0.2849060595035553,0.3722887635231018,0.1521643102169037,-0.0633205771446228,0.6792927980422974,0.1840447187423706,0.05449170246720314,0.024190379306674004,0.016903210431337357,0.0154549740254879,0.013735178858041763,0.01188707072287798,0.3077392578125
ip2p_imgcfg_4.0,611000000001,trustmark,0.75,75,2.818141017102701e-07,True,66,False,0.1836239377448906,31.977523803710938,1.1068699359893799,1.005271077156067,0.49521222710609436,0.13677702844142914,0.48691698908805847,0.16144606471061707,0.9783214926719666,-0.19076699018478394,0.838160514831543,0.1440764218568802,0.006350793410092592,0.005232968833297491,0.0030776432249695063,0.0013482262147590518,0.0009088219376280904,0.0008446232532151043,
ip2p_imgcfg_4.0,611000000001,dwtdct,0.65625,21,0.055092082591727376,False,26,False,0.09409893678063681,144.56698608398438,1.4992815256118774,0.6902259588241577,0.323140949010849,0.3792000114917755,-0.08228573203086853,-0.21887335181236267,0.023805193603038788,0.11945399641990662,0.6101182699203491,0.15533025562763214,0.03890229016542435,0.031986549496650696,0.021588919684290886,0.023745084181427956,0.031631555408239365,0.0866970643401146,
ip2p_imgcfg_4.0,611000000002,wam,1.0,32,2.3283064365386963e-10,True,26,True,0.08828014916927106,100.39087677001953,1.1712298393249512,0.7319873571395874,0.13848824799060822,0.2785605490207672,0.452009379863739,0.2560350000858307,0.030030079185962677,-0.04204288125038147,0.4780780076980591,0.33543509244918823,0.06771109998226166,0.03302605077624321,0.0296626053750515,0.019084131345152855,0.017070405185222626,0.019932564347982407,0.6910247802734375
ip2p_imgcfg_4.0,611000000002,trustmark,0.85,85,2.4127107519685975e-13,True,66,False,0.20835158327906045,24.30255889892578,1.2064297199249268,0.8939182162284851,0.35280466079711914,0.11850696802139282,-0.06716149300336838,-0.03258176147937775,0.23446272313594818,0.07493960857391357,0.8525089025497437,0.0849963128566742,0.011161403730511665,0.01581421121954918,0.027437057346105576,0.00420338986441493,0.00207640347070992,0.0018023692537099123,
ip2p_imgcfg_4.0,611000000002,dwtdct,0.34375,11,0.9749487701337785,False,26,False,0.0872716039122329,81.40531158447266,1.2457128763198853,0.5564215779304504,0.15382839739322662,-0.14300388097763062,-0.1460665911436081,0.2546105682849884,-0.012158084660768509,-0.03670382499694824,0.5407037138938904,0.12422426789999008,0.03183234855532646,0.02577151171863079,0.018581978976726532,0.026496119797229767,0.06108209118247032,0.1713080257177353,
ip2p_imgcfg_4.0,711000000000,wam,1.0,32,2.3283064365386963e-10,True,26,True,0.04522081596284536,110.69425964355469,1.2713630199432373,0.4473763406276703,0.025116899982094765,-0.19663284718990326,0.18901534378528595,0.24578432738780975,0.367331326007843,0.20851628482341766,0.5905660390853882,0.21745118498802185,0.07492592930793762,0.040054548531770706,0.02746708318591118,0.01998230628669262,0.0157623328268528,0.013790571130812168,0.6105499267578125
ip2p_imgcfg_4.0,711000000000,trustmark,0.89,89,1.2704266677461526e-16,True,66,False,0.19322164724497676,40.45039749145508,1.421717882156372,0.7280943393707275,1.005760908126831,0.6429387927055359,0.011080275289714336,0.435596227645874,0.16484209895133972,-0.15138892829418182,0.9090657234191895,0.0675719603896141,0.007403472438454628,0.007119175046682358,0.004260844551026821,0.001993828220292926,0.0013624384300783277,0.0012225256068632007,
ip2p_imgcfg_4.0,711000000000,dwtdct,0.53125,17,0.4300250329542905,False,26,False,0.08504745538409461,126.4764404296875,1.2771977186203003,0.5593198537826538,0.09067878872156143,-0.3411104381084442,0.19583898782730103,-0.003065520664677024,-0.13789944350719452,0.09306483715772629,0.6355594992637634,0.1436235010623932,0.0356755405664444,0.028299478814005852,0.01788020320236683,0.019601069390773773,0.029077088460326195,0.09028361737728119,
ip2p_imgcfg_4.0,711000000001,wam,1.0,32,2.3283064365386963e-10,True,26,True,0.33658772665009407,9.153680801391602,1.410156011581421,0.9022897481918335,0.02770134061574936,-0.03672578185796738,0.1133836880326271,0.023417780175805092,0.13543082773685455,0.15071076154708862,0.5486519932746887,0.30858951807022095,0.07082604616880417,0.02710711769759655,0.015559445135295391,0.011253349483013153,0.009287227876484394,0.008725335821509361,0.6301727294921875
ip2p_imgcfg_4.0,711000000001,trustmark,0.99,99,7.967495142732219e-29,True,66,False,0.3808534267707211,6.989144802093506,1.3421834707260132,1.1909669637680054,0.5528667569160461,0.09809747338294983,-0.10893560945987701,-0.14978626370429993,0.060852739959955215,0.038530800491571426,0.903200626373291,0.07123569399118423,0.009910930879414082,0.007324244827032089,0.003872083965688944,0.0017568967305123806,0.0013828141381964087,0.0013166841818019748,
ip2p_imgcfg_4.0,711000000001,dwtdct,0.4375,14,0.8114572062622756,False,26,False,0.31325598325628606,6.515568733215332,1.5387928485870361,1.0667195320129395,0.3151535391807556,0.05216257646679878,-0.009095707908272743,-0.031834039837121964,0.017188722267746925,0.0002690798428375274,0.40573328733444214,0.10513664036989212,0.028170796111226082,0.021796628832817078,0.01415701862424612,0.019002115353941917,0.061004556715488434,0.3449989855289459,
ip2p_imgcfg_4.0,711000000002,wam,1.0,32,2.3283064365386963e-10,True,26,True,0.045393998074181395,79.76644897460938,0.26363658905029297,0.4966467618942261,0.2710433006286621,0.34594640135765076,0.9850490093231201,1.0224673748016357,0.5978872179985046,-0.0371045246720314,0.433043509721756,0.33420684933662415,0.08950919657945633,0.04512253403663635,0.031886760145425797,0.025526029989123344,0.021093035116791725,0.019612077623605728,0.4505462646484375
ip2p_imgcfg_4.0,711000000002,trustmark,0.91,91,1.6610244897268262e-18,True,66,False,0.2417754137190583,32.25149917602539,1.5792571306228638,0.882921576499939,0.6907802224159241,1.7693133354187012,1.2660102844238281,-0.05911178141832352,0.23789119720458984,0.1771860122680664,0.8646496534347534,0.10051214694976807,0.011463797651231289,0.012890579178929329,0.006149499211460352,0.0021585458889603615,0.0011595820542424917,0.0010162335820496082,
ip2p_imgcfg_4.0,711000000002,dwtdct,0.625,20,0.10766357486136258,False,26,False,0.13515152780470943,52.176944732666016,1.8156311511993408,0.5455126166343689,0.3466581404209137,0.0589950829744339,0.34797734022140503,0.28745540976524353,0.020030470564961433,0.03494492173194885,0.4431658089160919,0.11370819061994553,0.03564988821744919,0.030305176973342896,0.025356050580739975,0.04171987250447273,0.09528813511133194,0.21480683982372284,
ip2p_imgcfg_4.0,811000000000,wam,0.96875,31,7.683411240577698e-09,True,26,False,-0.017652161621186834,359.21673583984375,-10.309866905212402,2.171823263168335,0.4057426452636719,0.4498751163482666,0.7649320363998413,1.138939380645752,1.2328424453735352,1.1173210144042969,0.5654860138893127,0.24684154987335205,0.07752440869808197,0.03948312625288963,0.02542213350534439,0.01791241392493248,0.014189241454005241,0.013141152448952198,0.8033447265625
ip2p_imgcfg_4.0,811000000000,trustmark,0.96,96,3.224844447881771e-24,True,66,False,0.2358959643628794,59.42747497558594,1.185846209526062,1.171303153038025,0.8706173896789551,0.5261427164077759,0.5850495100021362,-0.49049076437950134,-0.28565141558647156,-0.6648107171058655,0.88388592004776,0.08504621684551239,0.01000254601240158,0.011020492762327194,0.005350329913198948,0.002122177043929696,0.0013493343722075224,0.0012229382991790771,
ip2p_imgcfg_4.0,811000000000,dwtdct,0.3125,10,0.9899691964965314,False,26,False,0.26791074354968814,259.52471923828125,5.104368686676025,2.1351993083953857,0.40748897194862366,-0.09979188442230225,0.09563897550106049,-0.0786827802658081,0.2043764740228653,0.19965337216854095,0.7501429915428162,0.1372448205947876,0.02963218092918396,0.024940377101302147,0.013801183551549911,0.014024610631167889,0.011513612233102322,0.018700135871767998,
ip2p_imgcfg_4.0,811000000001,wam,1.0,32,2.3283064365386963e-10,True,26,True,0.07867421440650677,92.58089447021484,0.8953279852867126,0.7202360033988953,0.39787861704826355,0.27083539962768555,-0.285383403301239,0.035333141684532166,0.08481502532958984,0.03025580756366253,0.5417382121086121,0.2857060134410858,0.06923376768827438,0.03447338193655014,0.023066192865371704,0.017640195786952972,0.014601320959627628,0.013540874235332012,0.428436279296875
ip2p_imgcfg_4.0,811000000001,trustmark,0.69,69,9.157161244117683e-05,True,66,False,0.2595985875816667,15.151043891906738,1.2181893587112427,0.8654334545135498,0.4171220660209656,0.11031951755285263,0.04021395370364189,-0.014262530952692032,-0.1395048052072525,0.06749530136585236,0.8466647267341614,0.13479271531105042,0.007252131123095751,0.00600419519469142,0.0030840234830975533,0.0010702115250751376,0.000595113611780107,0.0005369628197513521,
ip2p_imgcfg_4.0,811000000001,dwtdct,0.40625,13,0.8923364251386374,False,26,False,0.053853156669837754,46.705039978027344,0.92153400182724,0.7148923873901367,0.6296271681785583,0.004239244852215052,0.3143898546695709,-0.02531694807112217,-0.006954900920391083,-0.00041776447324082255,0.2167290598154068,0.09348902851343155,0.030332989990711212,0.01770738698542118,0.01203361339867115,0.030067795887589455,0.1475314348936081,0.4521086513996124,
ip2p_imgcfg_4.0,811000000002,wam,1.0,32,2.3283064365386963e-10,True,26,True,0.1418154646530005,208.43089294433594,2.418872594833374,1.7162503004074097,0.25230133533477783,0.15732091665267944,0.2346135675907135,0.08966220915317535,-0.2038998007774353,-0.321654736995697,0.47387897968292236,0.32623153924942017,0.08054465055465698,0.041072946041822433,0.0276059377938509,0.020237917080521584,0.01604987494647503,0.01437816210091114,0.6588287353515625
ip2p_imgcfg_4.0,811000000002,trustmark,0.83,83,6.548999325035109e-12,True,66,False,0.18669931617652707,39.31521224975586,1.7134687900543213,1.04150390625,0.7642272710800171,0.13158507645130157,0.08439535647630692,0.3676678240299225,-0.09494486451148987,-0.16102005541324615,0.8431917428970337,0.1329747438430786,0.008181746117770672,0.008183483965694904,0.004017195198684931,0.0015599168837070465,0.0009870572248473763,0.0009040848235599697,
ip2p_imgcfg_4.0,811000000002,dwtdct,0.53125,17,0.4300250329542905,False,26,False,0.24646675188409223,187.0617218017578,5.751900672912598,1.7758644819259644,0.41615796089172363,0.06336475908756256,0.26770034432411194,-0.026407577097415924,0.05930381640791893,-0.02013859897851944,0.5660524964332581,0.14142240583896637,0.03640883415937424,0.02865803800523281,0.01918468438088894,0.022469952702522278,0.04750021919608116,0.13830336928367615,
ip2p_imgcfg_4.0,911000000000,wam,0.75,24,0.0035001833457499743,False,26,False,0.10872894418173142,83.97315216064453,1.120609998703003,0.7787686586380005,0.1806127279996872,-0.06964703649282455,0.16051709651947021,0.13633118569850922,0.11640182882547379,0.13737381994724274,0.49030932784080505,0.351094126701355,0.07895099371671677,0.03158894181251526,0.018132278695702553,0.012650015763938427,0.009366901591420174,0.007907487452030182,0.043365478515625
ip2p_imgcfg_4.0,911000000000,trustmark,0.59,59,0.04431304005703379,False,66,False,0.3897819648209098,13.160252571105957,1.5066967010498047,1.3683271408081055,0.19618436694145203,0.2642640769481659,0.11146559566259384,0.09571278095245361,0.07234637439250946,0.040915217250585556,0.8115922212600708,0.17752999067306519,0.004777936730533838,0.0028944204095751047,0.0014754598960280418,0.0006486388156190515,0.000552479934412986,0.0005288522806949914,
ip2p_imgcfg_4.0,911000000000,dwtdct,0.625,20,0.10766357486136258,False,26,False,0.14409096504186972,71.66626739501953,1.196767807006836,1.1450194120407104,0.18573957681655884,0.16740283370018005,-0.0016214532079175115,-0.028633343055844307,0.05766872689127922,0.008865605108439922,0.5602592825889587,0.15910615026950836,0.03624279052019119,0.030317774042487144,0.01820567436516285,0.02003495581448078,0.02951996959745884,0.1463133692741394,
ip2p_imgcfg_4.0,911000000001,wam,0.9375,30,1.2316741049289703e-07,True,26,False,-0.011214003727636703,41.274696350097656,-1.873002529144287,1.0341063737869263,1.021254301071167,1.106350302696228,1.3296661376953125,0.8243369460105896,-0.04679064825177193,-1.103378176689148,0.6615187525749207,0.16151487827301025,0.06755076348781586,0.041334666311740875,0.02724909968674183,0.01783059351146221,0.012406592257320881,0.010594664141535759,0.95098876953125
ip2p_imgcfg_4.0,911000000001,trustmark,1.0,100,7.888609052210118e-31,True,66,True,0.21954448839524168,13.378159523010254,0.30210524797439575,1.5089178085327148,1.1304923295974731,-0.15275777876377106,-0.9071905016899109,-1.067184567451477,-0.2924462556838989,-0.3689177334308624,0.9164144992828369,0.056635480374097824,0.011570434086024761,0.0070986938662827015,0.004161899909377098,0.0018520164303481579,0.0011962250573560596,0.0010707288747653365,
ip2p_imgcfg_4.0,911000000001,dwtdct,0.03125,1,0.9999999997671694,False,26,False,0.28715922168024827,46.13768005371094,-0.19574637711048126,1.7819947004318237,0.2845597267150879,0.394001841545105,-0.21858008205890656,-0.07465895265340805,0.1518029123544693,0.03526479750871658,0.7811867594718933,0.12794850766658783,0.025776317343115807,0.022385986521840096,0.011778871528804302,0.012101322412490845,0.008711086586117744,0.010111158713698387,
ip2p_imgcfg_4.0,911000000002,wam,0.875,28,9.650597348809242e-06,True,26,False,0.22078807412275958,12.484793663024902,1.2559778690338135,0.5733906030654907,0.14741748571395874,0.15638527274131775,0.14266860485076904,0.1709442436695099,0.0887380912899971,-0.016737472265958786,0.5113195180892944,0.32524871826171875,0.07398275285959244,0.03192908689379692,0.020006118342280388,0.014876727014780045,0.011939045041799545,0.010697988793253899,0.3277740478515625
ip2p_imgcfg_4.0,911000000002,trustmark,0.83,83,6.548999325035109e-12,True,66,False,0.3790532469008556,6.750254154205322,1.3094792366027832,0.7218925356864929,0.2923947274684906,0.33090806007385254,0.19950494170188904,0.2706884741783142,0.03846544027328491,-0.08288967609405518,0.9025200009346008,0.07857324928045273,0.008521463721990585,0.00538736442103982,0.002545042196288705,0.0010834344429895282,0.0006994819268584251,0.0006699418881908059,
ip2p_imgcfg_4.0,911000000002,dwtdct,0.65625,21,0.055092082591727376,False,26,False,0.11612270425670389,3.534773588180542,1.1654012203216553,0.44726744294166565,-0.04552388936281204,0.03724619001150131,0.03919381648302078,0.022086428478360176,0.010684225708246231,0.003768056398257613,0.14097397029399872,0.06433212012052536,0.031929902732372284,0.014734234660863876,0.009460242465138435,0.037400536239147186,0.1761150062084198,0.5250539779663086,
ip2p_steps_10,111000000000,wam,0.46875,15,0.7016925520729274,False,26,False,0.017912129584696044,56.743953704833984,0.2156084179878235,0.12226642668247223,0.4138312041759491,0.16472819447517395,-0.07025806605815887,-0.1495690643787384,0.049059346318244934,0.0553319938480854,0.4909657835960388,0.2869327664375305,0.07971099764108658,0.044517118483781815,0.03187786415219307,0.02576402947306633,0.021479779854416847,0.018751632422208786,0.0189208984375
ip2p_steps_10,111000000000,trustmark,0.71,71,1.6080007647833168e-05,True,66,False,0.14897379239892508,17.150976181030273,0.8198805451393127,0.12007611244916916,-0.2165854573249817,0.1540651023387909,0.2422524392604828,-0.22987183928489685,0.06442898511886597,0.1538318544626236,0.868170440196991,0.09537896513938904,0.01680462621152401,0.010729683563113213,0.004394536837935448,0.0020179080311208963,0.001313544693402946,0.001190363778732717,
ip2p_steps_10,111000000000,dwtdct,0.25,8,0.9989487992133945,False,26,False,0.02276591187216969,10.613895416259766,0.5309884548187256,-0.03519468009471893,0.01083310879766941,0.02920156717300415,-0.016705920919775963,-0.0024360916577279568,0.0007363122422248125,-0.005913570523262024,0.15216408669948578,0.05609704554080963,0.022938840091228485,0.023844877257943153,0.023795556277036667,0.04578998684883118,0.16393698751926422,0.5114325881004333,
ip2p_steps_10,111000000001,wam,0.5625,18,0.29830744792707264,False,26,False,0.012199540385609902,126.02227020263672,0.1274765282869339,0.22835730016231537,0.028611700981855392,-0.11369955539703369,-0.05654187500476837,0.022156327962875366,0.008045917376875877,-0.12994007766246796,0.49373912811279297,0.3253045678138733,0.07619427144527435,0.03407123684883118,0.02306503802537918,0.018162855878472328,0.015563399530947208,0.013899528421461582,0.0
ip2p_steps_10,111000000001,trustmark,0.59,59,0.04431304005703379,False,66,False,0.13976838412133133,25.47564697265625,1.0373332500457764,0.40173545479774475,-0.27453911304473877,-0.3064282238483429,-0.16289757192134857,0.3546428084373474,0.06394422799348831,0.011141256429255009,0.8998017907142639,0.07487267255783081,0.007707301527261734,0.008353587239980698,0.004547053016722202,0.002061080653220415,0.0013862864580005407,0.0012702278327196836,
ip2p_steps_10,111000000001,dwtdct,0.4375,14,0.8114572062622756,False,26,False,0.05288624794775592,296.8656005859375,-0.28102681040763855,0.5001697540283203,-0.10898435860872269,-0.10566899925470352,0.1598062366247177,0.021010737866163254,0.034849539399147034,-0.06200357899069786,0.7009140849113464,0.15673001110553741,0.03451429307460785,0.028185013681650162,0.015798481181263924,0.016497313976287842,0.01658867672085762,0.030772166326642036,
ip2p_steps_10,111000000002,wam,0.5625,18,0.29830744792707264,False,26,False,0.024845508452864942,151.42396545410156,0.6364725232124329,0.2986074388027191,0.06063337251543999,0.17161287367343903,-0.32566744089126587,-0.09669893234968185,-0.07410306483507156,-0.1698920577764511,0.5545620322227478,0.3076818585395813,0.06731348484754562,0.026065479964017868,0.014794515445828438,0.01069843489676714,0.00951814278960228,0.009366023354232311,0.0
ip2p_steps_10,111000000002,trustmark,0.7,70,3.925069822796835e-05,True,66,False,0.1696921778515463,46.446529388427734,1.1278961896896362,0.68265300989151,-0.039190419018268585,0.006102301180362701,0.11574643105268478,-0.22626037895679474,0.2858445942401886,0.027393704280257225,0.9044100642204285,0.073255255818367,0.006430597510188818,0.005962289869785309,0.004389445763081312,0.0022506434470415115,0.0017025248380377889,0.001599277020432055,
ip2p_steps_10,111000000002,dwtdct,0.4375,14,0.8114572062622756,False,26,False,0.09374945244929478,97.30142211914062,-0.0813303291797638,0.577630877494812,0.11774493753910065,0.28009307384490967,0.19515784084796906,-0.23162013292312622,-0.08284502476453781,0.021882500499486923,0.5893624424934387,0.11926187574863434,0.027844836935400963,0.02286319062113762,0.014301889576017857,0.021169332787394524,0.05247074365615845,0.1527257263660431,
ip2p_steps_10,211000000000,wam,1.0,32,2.3283064365386963e-10,True,26,True,0.043673344341576506,257.7099609375,0.6321051716804504,0.6060047149658203,0.24080079793930054,0.058192793279886246,-0.029335908591747284,-0.11971326172351837,0.19327501952648163,-0.019586635753512383,0.558303952217102,0.30142277479171753,0.06833090633153915,0.02719290927052498,0.014641983434557915,0.011155383661389351,0.009668014943599701,0.009284126572310925,0.3325347900390625
ip2p_steps_10,211000000000,trustmark,0.75,75,2.818141017102701e-07,True,66,False,0.1643542828726161,56.78411102294922,1.3963274955749512,0.9539576172828674,-0.37445151805877686,-0.13645079731941223,-0.1718621402978897,0.12434942275285721,0.14350290596485138,0.06889636069536209,0.8809391260147095,0.10271713137626648,0.00538376672193408,0.004268735181540251,0.0029885706026107073,0.0015160896582528949,0.0011383554665371776,0.0010482755023986101,
ip2p_steps_10,211000000000,dwtdct,0.71875,23,0.010030803503468633,False,26,False,0.08014477529645127,432.74444580078125,5.358980178833008,1.3281891345977783,0.47399985790252686,-0.04197170212864876,0.01334105059504509,0.1763801872730255,0.15670917928218842,0.07039553672075272,0.7556342482566833,0.10776413232088089,0.025341005995869637,0.020254014059901237,0.012144509702920914,0.012669485062360764,0.018530119210481644,0.04766251891851425,
ip2p_steps_10,211000000001,wam,0.53125,17,0.4300250329542905,False,26,False,0.0014079222989640385,312.6286315917969,0.7339162826538086,-0.12024467438459396,-0.09733707457780838,0.12992481887340546,-0.0744323655962944,0.12267840653657913,-0.052556995302438736,-0.14627628028392792,0.47525903582572937,0.34629905223846436,0.07551712542772293,0.033810537308454514,0.022353610023856163,0.017284711822867393,0.015231774188578129,0.014244244433939457,0.0
ip2p_steps_10,211000000001,trustmark,0.53,53,0.3086497067946262,False,66,False,0.012840518443240566,45.61472702026367,0.23849110305309296,0.0692472830414772,-0.169869065284729,0.010397365316748619,-0.06183265522122383,0.11576569080352783,0.5009528398513794,0.1241382509469986,0.8490867614746094,0.12125805020332336,0.009989102371037006,0.010051432065665722,0.005240860860794783,0.0020682746544480324,0.0012381096603348851,0.001067416276782751,
ip2p_steps_10,211000000001,dwtdct,0.5625,18,0.29830744792707264,False,26,False,0.018175343759892007,170.39340209960938,2.0300612449645996,0.099484384059906,0.120142363011837,-0.055376630276441574,-0.052927982062101364,0.05085069686174393,0.006099134683609009,-0.022006219252943993,0.5012224912643433,0.16551938652992249,0.03814740478992462,0.03174716606736183,0.018690219148993492,0.028430817648768425,0.071953184902668,0.14428935945034027,
ip2p_steps_10,211000000002,wam,0.53125,17,0.4300250329542905,False,26,False,0.013428421667815398,29.325822830200195,0.2127026915550232,0.05916323885321617,-0.0655142068862915,-0.033516980707645416,0.06088995561003685,0.035804733633995056,0.07324448972940445,0.01608213782310486,0.449785053730011,0.3622962534427643,0.07813761383295059,0.03450904041528702,0.023079857230186462,0.019167834892868996,0.01699977181851864,0.016024569049477577,0.0
ip2p_steps_10,211000000002,trustmark,0.61,61,0.017600100108852428,False,66,False,0.11210982049183521,17.050539016723633,0.707952082157135,0.1726379692554474,0.061156243085861206,0.0526437871158123,-0.19922275841236115,-0.06714943051338196,0.08665800094604492,0.14594882726669312,0.808323323726654,0.1540246456861496,0.013522728346288204,0.013589424081146717,0.006169362924993038,0.002166975289583206,0.0011780511122196913,0.0010255055967718363,
ip2p_steps_10,211000000002,dwtdct,0.40625,13,0.8923364251386374,False,26,False,0.020557768503886256,41.42575454711914,0.00417642155662179,-0.07101660221815109,-0.07917481660842896,-0.23147539794445038,-0.03324638307094574,0.05843674764037132,-0.004199499264359474,0.002149622654542327,0.5337351560592651,0.1574651151895523,0.041402168571949005,0.034273598343133926,0.022370152175426483,0.027403652667999268,0.047844626009464264,0.13550548255443573,
ip2p_steps_10,311000000000,wam,0.625,20,0.10766357486136258,False,26,False,0.04614119273520084,36.789581298828125,-0.23755770921707153,0.04281287267804146,0.05367497727274895,0.0862034261226654,0.09710847586393356,0.17453056573867798,0.17036312818527222,0.20406486093997955,0.5684478282928467,0.2363358736038208,0.07287164032459259,0.04319372400641441,0.029236620292067528,0.020988192409276962,0.015818526968359947,0.013107631355524063,0.143280029296875
ip2p_steps_10,311000000000,trustmark,0.53,53,0.3086497067946262,False,66,False,0.05753775264715019,21.20499038696289,0.39071881771087646,-0.2914208173751831,-0.2955816984176636,0.3143405020236969,0.9861894845962524,0.5895508527755737,0.08439336717128754,0.1187293529510498,0.8968952298164368,0.08030448108911514,0.009697727859020233,0.006924986839294434,0.002845690818503499,0.0013316725380718708,0.0010098558850586414,0.0009903011377900839,
ip2p_steps_10,311000000000,dwtdct,0.4375,14,0.8114572062622756,False,26,False,0.0018953708445101968,15.870614051818848,-0.6290368437767029,-0.06287789344787598,-0.00539392838254571,0.0019381404854357243,-0.015396196395158768,-0.0013732952065765858,-0.0120237460359931,0.0014864531112834811,0.1937435269355774,0.07983683049678802,0.02850784920156002,0.014881168492138386,0.00860829371958971,0.026826292276382446,0.1338888555765152,0.5137071013450623,
ip2p_steps_10,311000000001,wam,0.5625,18,0.29830744792707264,False,26,False,4.555285955046039e-05,1767.465576171875,0.6156033277511597,0.15813976526260376,0.09822946786880493,0.09219609200954437,-0.008398528210818768,0.02153211086988449,-0.028388386592268944,-0.057695548981428146,0.4774402379989624,0.3001139461994171,0.08461408317089081,0.0426931194961071,0.028824452310800552,0.024147137999534607,0.021722421050071716,0.020444627851247787,0.0
ip2p_steps_10,311000000001,trustmark,0.74,74,8.336813247250504e-07,True,66,False,0.015737519876705273,65.40245056152344,-1.625059723854065,-0.06599657237529755,-0.1933080404996872,0.051714394241571426,0.04755181819200516,-0.010678553953766823,-0.007374376989901066,0.07158351689577103,0.8466776013374329,0.11864253133535385,0.010575060732662678,0.011133533902466297,0.006377772893756628,0.0027205997612327337,0.0020553546492010355,0.0018176054581999779,
ip2p_steps_10,311000000001,dwtdct,0.6875,22,0.025051229866221547,False,26,False,0.017313930019773736,200.83929443359375,0.7825359106063843,0.03606738895177841,-0.018126223236322403,-0.13133278489112854,0.04768858477473259,0.019433550536632538,0.054622549563646317,-0.007890341803431511,0.7028171420097351,0.17527322471141815,0.030985917896032333,0.029442498460412025,0.013290029019117355,0.015949629247188568,0.012805232778191566,0.019436273723840714,
ip2p_steps_10,311000000002,wam,0.875,28,9.650597348809242e-06,True,26,False,0.01708661283554577,39.21908187866211,0.19774074852466583,-0.003488661488518119,-0.0432671457529068,-0.06483528017997742,-0.05160946026444435,-0.08642353117465973,-0.09465943276882172,-0.09698688983917236,0.529133677482605,0.3198453485965729,0.07579415291547775,0.03045782446861267,0.01658935472369194,0.011364305391907692,0.00891049113124609,0.007904822938144207,0.0970001220703125
ip2p_steps_10,311000000002,trustmark,0.57,57,0.09667395224782122,False,66,False,0.1786028332589183,4.346123218536377,0.48119720816612244,0.26919376850128174,0.005991028621792793,0.021108539775013924,-0.04847041517496109,-0.016746124252676964,0.05886233225464821,-0.009246607311069965,0.8706583976745605,0.11253654211759567,0.005740195978432894,0.004571909550577402,0.002858975436538458,0.0014658709987998009,0.0011152419028803706,0.0010528613347560167,
ip2p_steps_10,311000000002,dwtdct,0.5,16,0.5699749670457095,False,26,False,0.05078274819802465,9.25182056427002,-0.163343608379364,-0.02766609936952591,0.005647170823067427,0.0007314218091778457,-0.00257217139005661,-0.000904082553461194,0.012801805511116982,0.009941517375409603,0.5583849549293518,0.1632785052061081,0.03903079405426979,0.03142089396715164,0.019696295261383057,0.024195902049541473,0.048743754625320435,0.11524892598390579,
ip2p_steps_10,411000000000,wam,0.53125,17,0.4300250329542905,False,26,False,0.041102486649287694,59.80570602416992,0.449537992477417,0.4634464681148529,0.39400631189346313,0.6361986398696899,0.8350879549980164,0.6666316986083984,0.02912197820842266,-0.01996082253754139,0.4829418361186981,0.3043068051338196,0.07994569092988968,0.04641115665435791,0.029984381049871445,0.022076206281781197,0.018030881881713867,0.01630299724638462,0.0
ip2p_steps_10,411000000000,trustmark,0.81,81,1.3513812610243942e-10,True,66,False,0.207248336827047,10.663995742797852,0.6981413960456848,0.49515849351882935,0.7906787395477295,1.2883522510528564,1.2957497835159302,0.5671582221984863,0.4384065568447113,0.1757136732339859,0.8343733549118042,0.14074231684207916,0.010806996375322342,0.007128287106752396,0.003507101209834218,0.0014688122319057584,0.0010151780443266034,0.0009579291217960417,
ip2p_steps_10,411000000000,dwtdct,0.84375,27,5.653710104525089e-05,True,26,False,0.30684001763096497,14.6935453414917,1.0913758277893066,0.22502315044403076,0.20001575350761414,-0.3147697448730469,-0.1446550339460373,0.050446487963199615,-0.03845198452472687,-0.007880804128944874,0.6002619862556458,0.08334290236234665,0.021217139437794685,0.016457824036478996,0.010427949950098991,0.018179170787334442,0.06253836303949356,0.1875746250152588,
ip2p_steps_10,411000000001,wam,0.59375,19,0.18854279373772442,False,26,False,0.008687589809663887,48.30442810058594,-0.09892141819000244,-0.0108053432777524,0.18732784688472748,0.194632425904274,0.027835696935653687,0.07359886914491653,0.029860418289899826,-0.10301952064037323,0.5126067996025085,0.3274557590484619,0.0698053389787674,0.030140627175569534,0.019268082454800606,0.014986135996878147,0.013133136555552483,0.01260407269001007,0.0
ip2p_steps_10,411000000001,trustmark,0.56,56,0.1356265120369177,False,66,False,0.11175183038935703,5.799721717834473,0.34210091829299927,0.14468759298324585,0.1964789628982544,0.2969820201396942,0.0622418150305748,0.03937586769461632,0.0074737705290317535,-0.012786545790731907,0.8399035930633545,0.1299179345369339,0.011746898293495178,0.00855184905230999,0.00469275051727891,0.0021742882672697306,0.0015739563386887312,0.0014387008268386126,
ip2p_steps_10,411000000001,dwtdct,0.6875,22,0.025051229866221547,False,26,False,0.05537405849484711,19.316041946411133,0.9049897789955139,0.1360560655593872,-0.2029034048318863,0.10884550213813782,0.027100084349513054,-0.022054677829146385,-0.03792933374643326,-0.014031508006155491,0.19316896796226501,0.07302357256412506,0.03628731891512871,0.02837059646844864,0.02808956615626812,0.054290372878313065,0.14567594230175018,0.44109368324279785,
ip2p_steps_10,411000000002,wam,0.34375,11,0.9749487701337785,False,26,False,0.01462175201947453,157.2042999267578,0.6620614528656006,0.11945761740207672,0.32511481642723083,0.06557398289442062,0.029238704591989517,0.1427307277917862,0.14176791906356812,0.36081182956695557,0.5370052456855774,0.3128719925880432,0.07256174832582474,0.0302071925252676,0.016741197556257248,0.01185715664178133,0.00984106119722128,0.008914422243833542,0.0
ip2p_steps_10,411000000002,trustmark,0.55,55,0.18410080866334808,False,66,False,0.294347685083145,265.430908203125,6.520872592926025,1.184411883354187,0.35435789823532104,-0.6245387196540833,0.08185354620218277,-0.059957314282655716,-0.2745334506034851,0.28614190220832825,0.9262720346450806,0.059805672615766525,0.00511689530685544,0.0038574698846787214,0.0020773843862116337,0.0010925736278295517,0.0008983335574157536,0.000879505299963057,
ip2p_steps_10,411000000002,dwtdct,0.59375,19,0.18854279373772442,False,26,False,0.01722429044769546,127.86711120605469,-0.26157864928245544,0.3265414535999298,0.5460567474365234,-0.034483473747968674,-0.00014641393499914557,-0.046310391277074814,-0.00950451660901308,0.007737678941339254,0.5936288833618164,0.12083037942647934,0.028727969154715538,0.022985270246863365,0.014362004585564137,0.016267158091068268,0.03010094165802002,0.1730974316596985,
ip2p_steps_10,511000000000,wam,0.96875,31,7.683411240577698e-09,True,26,False,0.0897476079832751,384.5654602050781,1.8626742362976074,1.3094133138656616,0.3911030888557434,-0.36514967679977417,0.2444535344839096,-0.1004568338394165,-0.0192298274487257,-0.13536788523197174,0.4647049903869629,0.3469716012477875,0.06894045323133469,0.031234560534358025,0.023249737918376923,0.021726053208112717,0.021532753482460976,0.021639885380864143,0.9146881103515625
ip2p_steps_10,511000000000,trustmark,0.93,93,1.363071866403019e-20,True,66,False,0.07739727353782364,217.41050720214844,-1.3930339813232422,0.023399174213409424,1.2196403741836548,0.25529515743255615,0.1321253925561905,0.4062534272670746,0.1155109629034996,0.15628468990325928,0.8670289516448975,0.08623895049095154,0.012792603112757206,0.016219928860664368,0.009904795326292515,0.0034869180526584387,0.0023464809637516737,0.0019813780672848225,
ip2p_steps_10,511000000000,dwtdct,0.59375,19,0.18854279373772442,False,26,False,-0.3132277857234321,246.59490966796875,-6.648235321044922,-0.7112374305725098,0.712829053401947,-0.4857300817966461,-0.17792002856731415,-0.049890730530023575,-0.032326020300388336,-0.008799050934612751,0.8296099901199341,0.04021575674414635,0.01137582678347826,0.0072195627726614475,0.00421938905492425,0.009499868378043175,0.026529554277658463,0.07133011519908905,
ip2p_steps_10,511000000001,wam,0.375,12,0.9449079174082726,False,26,False,0.009208097794425784,463.2380065917969,-0.3866659700870514,0.6033962965011597,2.8118410110473633,3.8318748474121094,2.188725471496582,0.6857185959815979,-0.20308347046375275,-0.21702729165554047,0.5178490281105042,0.26416218280792236,0.07328743487596512,0.04371395707130432,0.032267458736896515,0.026475900784134865,0.02234436385333538,0.019899606704711914,0.0
ip2p_steps_10,511000000001,trustmark,0.41,41,0.9715560331795096,False,66,False,-0.001081993503762972,103.74166870117188,0.25464650988578796,-0.3184589445590973,-2.153632640838623,-1.7240818738937378,0.04206596687436104,0.3157557547092438,0.7145180702209473,0.4770330786705017,0.7991837859153748,0.16904190182685852,0.012592960149049759,0.009873416274785995,0.0049695903435349464,0.0018890633946284652,0.0012804552679881454,0.0011687822407111526,
ip2p_steps_10,511000000001,dwtdct,0.59375,19,0.18854279373772442,False,26,False,0.09247840562727737,103.4707260131836,1.7119053602218628,0.4202451705932617,0.49340686202049255,1.37723970413208,0.5938020944595337,0.22583794593811035,0.06277932971715927,-0.06134185940027237,0.6948694586753845,0.07378111034631729,0.02437588945031166,0.019357725977897644,0.015016867779195309,0.021846391260623932,0.04623793810606003,0.10451462864875793,
ip2p_steps_10,511000000002,wam,0.5,16,0.5699749670457095,False,26,False,0.008919973910046093,205.78196716308594,-0.25340938568115234,0.23050791025161743,0.24109306931495667,0.200217142701149,0.01556180790066719,0.10357371717691422,0.04646383598446846,-0.12970954179763794,0.4941858947277069,0.2771359384059906,0.09040826559066772,0.050061605870723724,0.03197772800922394,0.023215951398015022,0.017421822994947433,0.01559287030249834,0.0
ip2p_steps_10,511000000002,trustmark,0.74,74,8.336813247250504e-07,True,66,False,0.10843081462055434,94.29917907714844,0.58326655626297,1.3023641109466553,0.7985851168632507,0.1005646288394928,0.5551091432571411,-0.003524324158206582,0.47198227047920227,-0.000421900738729164,0.8882787823677063,0.09086959064006805,0.006933166179805994,0.006270387209951878,0.003632890759035945,0.001638110727071762,0.001238974160514772,0.0011380392825230956,
ip2p_steps_10,511000000002,dwtdct,0.40625,13,0.8923364251386374,False,26,False,0.0023752993784233534,188.808837890625,-0.6021693348884583,-0.08432283252477646,-0.08762618154287338,0.39223045110702515,0.08248619735240936,-0.15713362395763397,-0.02091686986386776,0.07746996730566025,0.5185473561286926,0.16141822934150696,0.03871995583176613,0.0296517014503479,0.017808562144637108,0.024524547159671783,0.05834519863128662,0.15098439157009125,
ip2p_steps_10,611000000000,wam,0.65625,21,0.055092082591727376,False,26,False,0.09906575860473048,12.218499183654785,0.589333713054657,0.5221491456031799,0.23527517914772034,0.29972079396247864,0.5674318075180054,0.413713663816452,0.16392268240451813,-0.03295550495386124,0.54770827293396,0.31799569725990295,0.06586451083421707,0.025914808735251427,0.015413223765790462,0.010984133929014206,0.0085916081443429,0.007527679670602083,0.3158416748046875
ip2p_steps_10,611000000000,trustmark,0.93,93,1.363071866403019e-20,True,66,False,0.2847652550036381,5.417020320892334,0.9137910008430481,0.6219078898429871,0.6643339395523071,0.8540084362030029,0.13728412985801697,0.11921310424804688,0.14596149325370789,0.04904621094465256,0.9064416885375977,0.06306816637516022,0.00965792778879404,0.009756896644830704,0.005231423303484917,0.0024850505869835615,0.0017407701816409826,0.0016180527163669467,
ip2p_steps_10,611000000000,dwtdct,0.34375,11,0.9749487701337785,False,26,False,0.07817498175321264,7.692418575286865,0.3181745707988739,0.5683325529098511,0.40921202301979065,0.3049360513687134,0.031126735731959343,-0.0350123792886734,-0.007082754746079445,0.006658860016614199,0.4257042109966278,0.11757387965917587,0.04579642787575722,0.028200481086969376,0.01634133979678154,0.04684906080365181,0.12841439247131348,0.19112026691436768,
ip2p_steps_10,611000000001,wam,0.59375,19,0.18854279373772442,False,26,False,0.00496256406921898,28.53301429748535,1.61925208568573,0.2586778998374939,0.18104994297027588,0.17413564026355743,-0.18109512329101562,-0.0355164036154747,-0.2128535509109497,0.08417891710996628,0.6792927980422974,0.1840447187423706,0.05449170246720314,0.024190379306674004,0.016903210431337357,0.0154549740254879,0.013735178858041763,0.01188707072287798,0.0042724609375
ip2p_steps_10,611000000001,trustmark,0.69,69,9.157161244117683e-05,True,66,False,0.24440697637255482,4.4683403968811035,0.7277611494064331,0.2781177759170532,0.2305881530046463,0.4539450705051422,0.3399442732334137,0.30452197790145874,0.11589346081018448,-0.09682925790548325,0.838160514831543,0.1440764218568802,0.006350793410092592,0.005232968833297491,0.0030776432249695063,0.0013482262147590518,0.0009088219376280904,0.0008446232532151043,
ip2p_steps_10,611000000001,dwtdct,0.5625,18,0.29830744792707264,False,26,False,0.0675980860943245,14.70262336730957,0.5817957520484924,0.12155266106128693,-0.00471833860501647,0.035162098705768585,-0.09293043613433838,-0.14676550030708313,0.028088944032788277,0.02262362651526928,0.6101182699203491,0.15533025562763214,0.03890229016542435,0.031986549496650696,0.021588919684290886,0.023745084181427956,0.031631555408239365,0.0866970643401146,
ip2p_steps_10,611000000002,wam,1.0,32,2.3283064365386963e-10,True,26,True,0.03968452130401417,66.09465789794922,0.3462218940258026,0.3601553440093994,0.029502753168344498,0.23784826695919037,0.3319650888442993,0.3323562443256378,0.05230206996202469,-0.02067779190838337,0.4780780076980591,0.33543509244918823,0.06771109998226166,0.03302605077624321,0.0296626053750515,0.019084131345152855,0.017070405185222626,0.019932564347982407,0.64208984375
ip2p_steps_10,611000000002,trustmark,0.95,95,6.26162256269268e-23,True,66,False,0.22210948712522016,11.088398933410645,0.8492870330810547,0.36898273229599,0.1659414917230606,0.07082583010196686,0.08725740015506744,0.09060418605804443,0.1651194840669632,-0.06957654654979706,0.8525089025497437,0.0849963128566742,0.011161403730511665,0.01581421121954918,0.027437057346105576,0.00420338986441493,0.00207640347070992,0.0018023692537099123,
ip2p_steps_10,611000000002,dwtdct,0.71875,23,0.010030803503468633,False,26,False,0.03502553687582722,43.08811950683594,0.21575786173343658,0.40552768111228943,0.36833831667900085,-0.06398691236972809,0.3865576684474945,-0.0032272052485495806,0.0037431539967656136,-0.004965874366462231,0.5407037138938904,0.12422426789999008,0.03183234855532646,0.02577151171863079,0.018581978976726532,0.026496119797229767,0.06108209118247032,0.1713080257177353,
ip2p_steps_10,711000000000,wam,0.3125,10,0.9899691964965314,False,26,False,-0.012896882401623311,114.72157287597656,-1.467384934425354,0.03226982802152634,-0.028366688638925552,-0.118899866938591,0.06008097156882286,0.19815313816070557,0.01858396828174591,-0.00951431319117546,0.5905660390853882,0.21745118498802185,0.07492592930793762,0.040054548531770706,0.02746708318591118,0.01998230628669262,0.0157623328268528,0.013790571130812168,0.0
ip2p_steps_10,711000000000,trustmark,0.47,47,0.7579407931963542,False,66,False,0.004987203413012799,41.02783966064453,0.018120858818292618,0.0359756238758564,-0.3543083369731903,-0.6672490239143372,-0.07106460630893707,-0.23840905725955963,0.2412654608488083,-0.12042251974344254,0.9090657234191895,0.0675719603896141,0.007403472438454628,0.007119175046682358,0.004260844551026821,0.001993828220292926,0.0013624384300783277,0.0012225256068632007,
ip2p_steps_10,711000000000,dwtdct,0.46875,15,0.7016925520729274,False,26,False,0.044284958721465054,101.91172790527344,1.417765498161316,-0.06106846407055855,-0.21751900017261505,-0.10107190907001495,0.11772355437278748,-0.12037667632102966,0.055476490408182144,-0.06514408439397812,0.6355594992637634,0.1436235010623932,0.0356755405664444,0.028299478814005852,0.01788020320236683,0.019601069390773773,0.029077088460326195,0.09028361737728119,
ip2p_steps_10,711000000001,wam,0.78125,25,0.0010512007866054773,False,26,False,0.04013243079042362,14.41662883758545,0.3032173216342926,0.12953564524650574,0.009840673767030239,0.05106949061155319,0.04986058175563812,0.1235397532582283,0.02208653837442398,0.12602528929710388,0.5486519932746887,0.30858951807022095,0.07082604616880417,0.02710711769759655,0.015559445135295391,0.011253349483013153,0.009287227876484394,0.008725335821509361,0.015716552734375
ip2p_steps_10,711000000001,trustmark,0.87,87,6.564907761017925e-15,True,66,False,0.1015076592965619,20.855375289916992,0.776736319065094,0.31766706705093384,0.09313950687646866,0.086769700050354,-0.0335417278110981,0.03417816013097763,0.04343067854642868,0.03355804458260536,0.903200626373291,0.07123569399118423,0.009910930879414082,0.007324244827032089,0.003872083965688944,0.0017568967305123806,0.0013828141381964087,0.0013166841818019748,
ip2p_steps_10,711000000001,dwtdct,0.5625,18,0.29830744792707264,False,26,False,0.062221762942336244,7.002314567565918,0.35908475518226624,0.05714965611696243,-0.05330589413642883,0.0006795597146265209,0.021716739982366562,-0.02989155799150467,-0.008857375010848045,0.003708646632730961,0.40573328733444214,0.10513664036989212,0.028170796111226082,0.021796628832817078,0.01415701862424612,0.019002115353941917,0.061004556715488434,0.3449989855289459,
ip2p_steps_10,711000000002,wam,1.0,32,2.3283064365386963e-10,True,26,True,-0.0010706597622299364,48.81324768066406,-0.5067431330680847,0.5020697116851807,-0.0188211128115654,-0.047660551965236664,0.02029293030500412,0.3379853367805481,0.4616686999797821,0.20055170357227325,0.433043509721756,0.33420684933662415,0.08950919657945633,0.04512253403663635,0.031886760145425797,0.025526029989123344,0.021093035116791725,0.019612077623605728,0.47003173828125
ip2p_steps_10,711000000002,trustmark,0.97,97,1.3154334480650894e-25,True,66,False,0.1538128777385937,16.74722671508789,0.5332615971565247,0.345709890127182,0.19359244406223297,1.045757532119751,0.965949535369873,0.05280875787138939,-0.18783770501613617,-0.09683605283498764,0.8646496534347534,0.10051214694976807,0.011463797651231289,0.012890579178929329,0.006149499211460352,0.0021585458889603615,0.0011595820542424917,0.0010162335820496082,
ip2p_steps_10,711000000002,dwtdct,0.40625,13,0.8923364251386374,False,26,False,0.08776588024194341,47.22482681274414,1.7627140283584595,0.8453769683837891,-0.05735838785767555,-0.2187533974647522,-0.32024163007736206,-0.02442389540374279,0.014108037576079369,-0.003954061772674322,0.4431658089160919,0.11370819061994553,0.03564988821744919,0.030305176973342896,0.025356050580739975,0.04171987250447273,0.09528813511133194,0.21480683982372284,
ip2p_steps_10,811000000000,wam,0.9375,30,1.2316741049289703e-07,True,26,False,-0.017566867074450494,47.608436584472656,-3.910060167312622,0.5679041147232056,0.10869070887565613,0.005090649705380201,0.016590865328907967,0.014094165526330471,-0.10939604043960571,-0.14044372737407684,0.5654860138893127,0.24684154987335205,0.07752440869808197,0.03948312625288963,0.02542213350534439,0.01791241392493248,0.014189241454005241,0.013141152448952198,0.23126220703125
ip2p_steps_10,811000000000,trustmark,0.8,80,5.579544528625976e-10,True,66,False,0.33227333507163553,21.345460891723633,1.4986276626586914,0.7592820525169373,0.4968101680278778,0.114261195063591,0.09683400392532349,0.048228975385427475,0.2244539111852646,0.31857815384864807,0.88388592004776,0.08504621684551239,0.01000254601240158,0.011020492762327194,0.005350329913198948,0.002122177043929696,0.0013493343722075224,0.0012229382991790771,
ip2p_steps_10,811000000000,dwtdct,0.375,12,0.9449079174082726,False,26,False,0.03689795382969123,70.35017395019531,-4.043200969696045,0.4782038927078247,0.13739489018917084,0.001427406445145607,0.04923126474022865,-0.14452138543128967,-0.11912095546722412,-0.003425281262025237,0.7501429915428162,0.1372448205947876,0.02963218092918396,0.024940377101302147,0.013801183551549911,0.014024610631167889,0.011513612233102322,0.018700135871767998,
ip2p_steps_10,811000000001,wam,0.4375,14,0.8114572062622756,False,26,False,0.048574930469650154,5.268394947052002,0.44661378860473633,0.028009651228785515,0.001119837281294167,0.027120471000671387,0.02444804646074772,0.029520515352487564,0.03726932033896446,0.04286037012934685,0.5417382121086121,0.2857060134410858,0.06923376768827438,0.03447338193655014,0.023066192865371704,0.017640195786952972,0.014601320959627628,0.013540874235332012,0.0018157958984375
ip2p_steps_10,811000000001,trustmark,0.55,55,0.18410080866334808,False,66,False,0.1236551795370893,3.192401647567749,0.249416783452034,0.11389254778623581,0.03327351063489914,-0.01392257958650589,-0.03972380980849266,0.044207945466041565,0.10257454216480255,0.037497036159038544,0.8466647267341614,0.13479271531105042,0.007252131123095751,0.00600419519469142,0.0030840234830975533,0.0010702115250751376,0.000595113611780107,0.0005369628197513521,
ip2p_steps_10,811000000001,dwtdct,0.40625,13,0.8923364251386374,False,26,False,0.013119714852039832,2.417771816253662,0.0316641740500927,0.10243000835180283,0.003945523407310247,-0.001971083926036954,0.00946058426052332,0.00771267618983984,0.0021495542023330927,-0.0016265895683318377,0.2167290598154068,0.09348902851343155,0.030332989990711212,0.01770738698542118,0.01203361339867115,0.030067795887589455,0.1475314348936081,0.4521086513996124,
ip2p_steps_10,811000000002,wam,0.875,28,9.650597348809242e-06,True,26,False,0.13025460405728306,58.08061599731445,1.850117564201355,1.2052922248840332,-0.04445930942893028,0.1694428026676178,0.22645387053489685,0.2867942750453949,0.38213852047920227,0.2545417845249176,0.47387897968292236,0.32623153924942017,0.08054465055465698,0.041072946041822433,0.0276059377938509,0.020237917080521584,0.01604987494647503,0.01437816210091114,0.359588623046875
ip2p_steps_10,811000000002,trustmark,0.8,80,5.579544528625976e-10,True,66,False,0.20454757668173718,16.35922622680664,1.2240583896636963,0.5509012937545776,0.9125420451164246,0.1321239322423935,0.006383013445883989,-0.05518801137804985,-0.19611121714115143,0.39697709679603577,0.8431917428970337,0.1329747438430786,0.008181746117770672,0.008183483965694904,0.004017195198684931,0.0015599168837070465,0.0009870572248473763,0.0009040848235599697,
ip2p_steps_10,811000000002,dwtdct,0.4375,14,0.8114572062622756,False,26,False,0.14700470665176055,53.13580322265625,1.373579740524292,1.5504229068756104,0.5425284504890442,0.28108128905296326,-0.06416541337966919,-0.06481240689754486,0.07108569145202637,0.027613000944256783,0.5660524964332581,0.14142240583896637,0.03640883415937424,0.02865803800523281,0.01918468438088894,0.022469952702522278,0.04750021919608116,0.13830336928367615,
ip2p_steps_10,911000000000,wam,0.65625,21,0.055092082591727376,False,26,False,0.12591631220099084,42.64982986450195,1.0361816883087158,0.6103718876838684,0.1516796350479126,-0.03416791185736656,0.23122668266296387,0.013735605403780937,0.0898716002702713,0.08252418041229248,0.49030932784080505,0.351094126701355,0.07895099371671677,0.03158894181251526,0.018132278695702553,0.012650015763938427,0.009366901591420174,0.007907487452030182,0.027801513671875
ip2p_steps_10,911000000000,trustmark,0.85,85,2.4127107519685975e-13,True,66,False,0.40133518048489814,5.750779151916504,1.0880719423294067,0.8414433002471924,0.4146879315376282,0.12505269050598145,0.0170118510723114,0.09179098904132843,0.06976232677698135,-0.03891676291823387,0.8115922212600708,0.17752999067306519,0.004777936730533838,0.0028944204095751047,0.0014754598960280418,0.0006486388156190515,0.000552479934412986,0.0005288522806949914,
ip2p_steps_10,911000000000,dwtdct,0.34375,11,0.9749487701337785,False,26,False,0.19204266643464699,36.13013458251953,1.8970367908477783,0.7242720127105713,0.24286328256130219,0.28307515382766724,0.07020950317382812,-0.008730202913284302,-0.016620822250843048,0.017335446551442146,0.5602592825889587,0.15910615026950836,0.03624279052019119,0.030317774042487144,0.01820567436516285,0.02003495581448078,0.02951996959745884,0.1463133692741394,
ip2p_steps_10,911000000001,wam,0.90625,29,1.2780074030160904e-06,True,26,False,0.16312973237503878,6.481534481048584,1.104703664779663,0.48768851161003113,0.5477821826934814,0.5211347937583923,0.5106212496757507,0.4362640380859375,0.29582396149635315,0.1359454095363617,0.6615187525749207,0.16151487827301025,0.06755076348781586,0.041334666311740875,0.02724909968674183,0.01783059351146221,0.012406592257320881,0.010594664141535759,0.2234039306640625
ip2p_steps_10,911000000001,trustmark,0.92,92,1.6042818341220015e-19,True,66,False,0.04413149090016839,5.773340225219727,-0.27510499954223633,0.1265481561422348,0.5161414742469788,0.663508951663971,0.8649472594261169,0.9569970369338989,0.4991701543331146,0.49564558267593384,0.9164144992828369,0.056635480374097824,0.011570434086024761,0.0070986938662827015,0.004161899909377098,0.0018520164303481579,0.0011962250573560596,0.0010707288747653365,
ip2p_steps_10,911000000001,dwtdct,0.59375,19,0.18854279373772442,False,26,False,0.276858122106182,7.926239013671875,1.4995065927505493,0.0256403349339962,0.06958350539207458,0.04590583220124245,0.012005421333014965,-0.0062553854659199715,-0.08440820872783661,-0.044673871248960495,0.7811867594718933,0.12794850766658783,0.025776317343115807,0.022385986521840096,0.011778871528804302,0.012101322412490845,0.008711086586117744,0.010111158713698387,
ip2p_steps_10,911000000002,wam,0.625,20,0.10766357486136258,False,26,False,0.09358493607862939,8.580750465393066,0.40361762046813965,0.25504055619239807,0.00903820339590311,-0.007436070125550032,0.021742068231105804,0.0485280342400074,0.03049999102950096,0.05794677883386612,0.5113195180892944,0.32524871826171875,0.07398275285959244,0.03192908689379692,0.020006118342280388,0.014876727014780045,0.011939045041799545,0.010697988793253899,0.0
ip2p_steps_10,911000000002,trustmark,0.75,75,2.818141017102701e-07,True,66,False,0.18612074514478713,2.527817487716675,0.41147592663764954,0.27929753065109253,0.05775441974401474,0.05842820554971695,-0.047690264880657196,0.1107306182384491,0.0154202776029706,-0.01074863038957119,0.9025200009346008,0.07857324928045273,0.008521463721990585,0.00538736442103982,0.002545042196288705,0.0010834344429895282,0.0006994819268584251,0.0006699418881908059,
ip2p_steps_10,911000000002,dwtdct,0.53125,17,0.4300250329542905,False,26,False,0.05566255983355422,2.787616729736328,0.7999613881111145,0.22870633006095886,0.14728082716464996,0.05472873896360397,0.02645803801715374,0.012510408647358418,0.011247499845921993,0.0008098945254459977,0.14097397029399872,0.06433212012052536,0.031929902732372284,0.014734234660863876,0.009460242465138435,0.037400536239147186,0.1761150062084198,0.5250539779663086,
ip2p_steps_25,111000000000,wam,0.5,16,0.5699749670457095,False,26,False,0.021285010326025974,63.9593620300293,0.3372619152069092,-0.013370460830628872,0.25562140345573425,0.08029526472091675,0.11759363859891891,0.06599899381399155,0.15234693884849548,-0.003428559983149171,0.4909657835960388,0.2869327664375305,0.07971099764108658,0.044517118483781815,0.03187786415219307,0.02576402947306633,0.021479779854416847,0.018751632422208786,0.0
ip2p_steps_25,111000000000,trustmark,0.68,68,0.00020438858371340761,True,66,False,0.14828844558838386,19.222143173217773,0.7927834391593933,0.4429081380367279,0.14135870337486267,0.28060880303382874,0.250405490398407,0.2970520555973053,0.00033769445144571364,-0.11348561942577362,0.868170440196991,0.09537896513938904,0.01680462621152401,0.010729683563113213,0.004394536837935448,0.0020179080311208963,0.001313544693402946,0.001190363778732717,
ip2p_steps_25,111000000000,dwtdct,0.6875,22,0.025051229866221547,False,26,False,0.00882578419658314,40.40648651123047,-0.046445414423942566,0.15241990983486176,-0.09756777435541153,0.1837158203125,0.16806958615779877,0.006862646900117397,-0.00453196931630373,-0.0028334709350019693,0.15216408669948578,0.05609704554080963,0.022938840091228485,0.023844877257943153,0.023795556277036667,0.04578998684883118,0.16393698751926422,0.5114325881004333,
ip2p_steps_25,111000000001,wam,0.5625,18,0.29830744792707264,False,26,False,0.006123801962393088,408.25885009765625,0.2572837173938751,-0.017027780413627625,0.24995708465576172,0.48365843296051025,0.2954123318195343,0.19377046823501587,0.18596522510051727,-0.04430617019534111,0.49373912811279297,0.3253045678138733,0.07619427144527435,0.03407123684883118,0.02306503802537918,0.018162855878472328,0.015563399530947208,0.013899528421461582,0.0
ip2p_steps_25,111000000001,trustmark,0.57,57,0.09667395224782122,False,66,False,0.057644746868954155,77.38853454589844,0.727617084980011,0.5163572430610657,-0.045564305037260056,-0.0719144344329834,0.6429204344749451,-0.02272041141986847,0.13135379552841187,-0.13481755554676056,0.8998017907142639,0.07487267255783081,0.007707301527261734,0.008353587239980698,0.004547053016722202,0.002061080653220415,0.0013862864580005407,0.0012702278327196836,
ip2p_steps_25,111000000001,dwtdct,0.5,16,0.5699749670457095,False,26,False,0.01788938823843339,352.0982666015625,-0.6648402810096741,0.17642749845981598,0.05660790577530861,0.27314040064811707,-0.0917438268661499,0.13552679121494293,0.09098140895366669,0.11111726611852646,0.7009140849113464,0.15673001110553741,0.03451429307460785,0.028185013681650162,0.015798481181263924,0.016497313976287842,0.01658867672085762,0.030772166326642036,
ip2p_steps_25,111000000002,wam,0.9375,30,1.2316741049289703e-07,True,26,False,0.021974738409532204,160.08505249023438,0.6468778252601624,0.3367915451526642,0.13553375005722046,0.10556565970182419,0.04293496161699295,-0.300296813249588,0.0018901062430813909,0.21199283003807068,0.5545620322227478,0.3076818585395813,0.06731348484754562,0.026065479964017868,0.014794515445828438,0.01069843489676714,0.00951814278960228,0.009366023354232311,0.4278564453125
ip2p_steps_25,111000000002,trustmark,0.74,74,8.336813247250504e-07,True,66,False,0.15629601749510194,69.09688568115234,1.2263100147247314,0.8183599710464478,-0.006436980329453945,0.10567468404769897,-0.3223571181297302,-0.5068007707595825,0.12599028646945953,-0.33143407106399536,0.9044100642204285,0.073255255818367,0.006430597510188818,0.005962289869785309,0.004389445763081312,0.0022506434470415115,0.0017025248380377889,0.001599277020432055,
ip2p_steps_25,111000000002,dwtdct,0.5,16,0.5699749670457095,False,26,False,0.05018461097650226,167.38360595703125,1.216569185256958,0.8811850547790527,0.0928964614868164,0.04526163265109062,0.08635744452476501,-0.08343905210494995,-0.05410716310143471,-0.002166437916457653,0.5893624424934387,0.11926187574863434,0.027844836935400963,0.02286319062113762,0.014301889576017857,0.021169332787394524,0.05247074365615845,0.1527257263660431,
ip2p_steps_25,211000000000,wam,1.0,32,2.3283064365386963e-10,True,26,True,0.021412656651658344,272.1698913574219,0.39341625571250916,0.39624956250190735,0.06267369538545609,0.2728368937969208,0.031036172062158585,0.16235555708408356,0.22543978691101074,0.10086295008659363,0.558303952217102,0.30142277479171753,0.06833090633153915,0.02719290927052498,0.014641983434557915,0.011155383661389351,0.009668014943599701,0.009284126572310925,0.3383331298828125
ip2p_steps_25,211000000000,trustmark,0.74,74,8.336813247250504e-07,True,66,False,0.12677472235711656,45.573490142822266,1.0304571390151978,0.6240860819816589,0.19608977437019348,-0.3148127496242523,0.16871850192546844,0.19427883625030518,-0.27216488122940063,-0.07956240326166153,0.8809391260147095,0.10271713137626648,0.00538376672193408,0.004268735181540251,0.0029885706026107073,0.0015160896582528949,0.0011383554665371776,0.0010482755023986101,
ip2p_steps_25,211000000000,dwtdct,0.375,12,0.9449079174082726,False,26,False,0.08626407290899653,340.97607421875,1.4533233642578125,0.24713017046451569,0.10154858976602554,0.12772297859191895,-0.13402315974235535,0.04217307269573212,0.017980895936489105,-0.04849707707762718,0.7556342482566833,0.10776413232088089,0.025341005995869637,0.020254014059901237,0.012144509702920914,0.012669485062360764,0.018530119210481644,0.04766251891851425,
ip2p_steps_25,211000000001,wam,0.53125,17,0.4300250329542905,False,26,False,-0.005639659159810453,505.3527526855469,-0.4902791380882263,0.3295576870441437,0.18492978811264038,0.07311747223138809,-0.10017533600330353,-0.0037846886552870274,0.059783387929201126,0.37684980034828186,0.47525903582572937,0.34629905223846436,0.07551712542772293,0.033810537308454514,0.022353610023856163,0.017284711822867393,0.015231774188578129,0.014244244433939457,0.0
ip2p_steps_25,211000000001,trustmark,0.41,41,0.9715560331795096,False,66,False,0.04223707888690125,84.4805908203125,0.4875938594341278,0.42060762643814087,0.4772602617740631,-0.1965494006872177,0.20838563144207,-0.82118159532547,0.2562694847583771,1.3788840770721436,0.8490867614746094,0.12125805020332336,0.009989102371037006,0.010051432065665722,0.005240860860794783,0.0020682746544480324,0.0012381096603348851,0.001067416276782751,
ip2p_steps_25,211000000001,dwtdct,0.53125,17,0.4300250329542905,False,26,False,0.0020821164188240264,765.3395385742188,0.3847602903842926,0.15717309713363647,-0.1803540736436844,-0.24095271527767181,0.24149319529533386,0.24614199995994568,0.1389872282743454,-0.019199876114726067,0.5012224912643433,0.16551938652992249,0.03814740478992462,0.03174716606736183,0.018690219148993492,0.028430817648768425,0.071953184902668,0.14428935945034027,
ip2p_steps_25,211000000002,wam,0.53125,17,0.4300250329542905,False,26,False,0.015478441332669018,148.59140014648438,0.03298467770218849,-0.048960812389850616,0.34399089217185974,0.14029821753501892,0.17326295375823975,0.18551690876483917,0.1036597490310669,0.09981098026037216,0.449785053730011,0.3622962534427643,0.07813761383295059,0.03450904041528702,0.023079857230186462,0.019167834892868996,0.01699977181851864,0.016024569049477577,0.0
ip2p_steps_25,211000000002,trustmark,0.53,53,0.3086497067946262,False,66,False,0.09671324439664943,37.645877838134766,0.9174906015396118,0.37077462673187256,0.1956646740436554,0.06973288953304291,-0.018996182829141617,-0.07734809815883636,0.3036968410015106,-0.26670733094215393,0.808323323726654,0.1540246456861496,0.013522728346288204,0.013589424081146717,0.006169362924993038,0.002166975289583206,0.0011780511122196913,0.0010255055967718363,
ip2p_steps_25,211000000002,dwtdct,0.34375,11,0.9749487701337785,False,26,False,0.018626877498349053,234.8778076171875,-0.19870229065418243,0.5102001428604126,-0.17896801233291626,0.28093424439430237,0.12362313270568848,0.11578041315078735,-0.05008707195520401,-0.027178294956684113,0.5337351560592651,0.1574651151895523,0.041402168571949005,0.034273598343133926,0.022370152175426483,0.027403652667999268,0.047844626009464264,0.13550548255443573,
ip2p_steps_25,311000000000,wam,0.53125,17,0.4300250329542905,False,26,False,0.03410561962129769,187.44473266601562,-0.36178064346313477,0.5736403465270996,0.4439057409763336,0.4847196936607361,0.45301347970962524,0.33245131373405457,0.2282221019268036,0.0092799486592412,0.5684478282928467,0.2363358736038208,0.07287164032459259,0.04319372400641441,0.029236620292067528,0.020988192409276962,0.015818526968359947,0.013107631355524063,0.0
ip2p_steps_25,311000000000,trustmark,0.45,45,0.8643734879630823,False,66,False,0.1089024258286319,7.1439642906188965,0.27813106775283813,-0.0116689782589674,-0.12896573543548584,0.41879701614379883,0.5123118162155151,0.3172999322414398,-0.08538660407066345,-0.0002085852320306003,0.8968952298164368,0.08030448108911514,0.009697727859020233,0.006924986839294434,0.002845690818503499,0.0013316725380718708,0.0010098558850586414,0.0009903011377900839,
ip2p_steps_25,311000000000,dwtdct,0.4375,14,0.8114572062622756,False,26,False,0.0016304848752105262,92.09119415283203,-0.6864156723022461,-0.40341106057167053,-0.4426496922969818,-0.02117867022752762,0.0019192685140296817,0.011788771487772465,0.034219179302453995,0.011118424125015736,0.1937435269355774,0.07983683049678802,0.02850784920156002,0.014881168492138386,0.00860829371958971,0.026826292276382446,0.1338888555765152,0.5137071013450623,
ip2p_steps_25,311000000001,wam,0.65625,21,0.055092082591727376,False,26,False,0.0049755254342730825,307.22711181640625,0.6733324527740479,0.08317377418279648,-0.15183590352535248,-0.20606106519699097,-0.1877857893705368,-0.13155865669250488,0.006702070590108633,-0.09363813698291779,0.4774402379989624,0.3001139461994171,0.08461408317089081,0.0426931194961071,0.028824452310800552,0.024147137999534607,0.021722421050071716,0.020444627851247787,0.5430908203125
ip2p_steps_25,311000000001,trustmark,0.5,50,0.5397946186935889,False,66,False,-0.01069727308018082,649.2763061523438,-9.239545822143555,-0.05555258318781853,-0.9236698150634766,0.4934031069278717,0.24912230670452118,0.36568084359169006,0.17972631752490997,0.23131898045539856,0.8466776013374329,0.11864253133535385,0.010575060732662678,0.011133533902466297,0.006377772893756628,0.0027205997612327337,0.0020553546492010355,0.0018176054581999779,
ip2p_steps_25,311000000001,dwtdct,0.75,24,0.0035001833457499743,False,26,False,0.015924225256453466,779.329833984375,2.8093483448028564,0.0834522545337677,0.03161885589361191,0.02335980162024498,-0.08728580921888351,-0.03903893753886223,0.043843530118465424,-0.02695576474070549,0.7028171420097351,0.17527322471141815,0.030985917896032333,0.029442498460412025,0.013290029019117355,0.015949629247188568,0.012805232778191566,0.019436273723840714,
ip2p_steps_25,311000000002,wam,0.59375,19,0.18854279373772442,False,26,False,0.01385538032234869,22.56755828857422,0.06788813322782516,0.10410343110561371,-0.011005203239619732,0.025624947622418404,-0.03314170986413956,-0.010293501429259777,0.015884706750512123,0.01517294067889452,0.529133677482605,0.3198453485965729,0.07579415291547775,0.03045782446861267,0.01658935472369194,0.011364305391907692,0.00891049113124609,0.007904822938144207,0.00201416015625
ip2p_steps_25,311000000002,trustmark,0.45,45,0.8643734879630823,False,66,False,0.1046703329067079,13.09993839263916,0.3914090096950531,0.16948619484901428,0.025679554790258408,0.04576994478702545,0.04015722498297691,0.09287377446889877,-0.010239044204354286,-0.01104428619146347,0.8706583976745605,0.11253654211759567,0.005740195978432894,0.004571909550577402,0.002858975436538458,0.0014658709987998009,0.0011152419028803706,0.0010528613347560167,
ip2p_steps_25,311000000002,dwtdct,0.65625,21,0.055092082591727376,False,26,False,0.031587531377520975,18.166528701782227,-0.1984015852212906,0.03777245432138443,0.04304729402065277,0.056034401059150696,0.07691405713558197,-0.02224579080939293,-0.0008651107200421393,-0.009145909920334816,0.5583849549293518,0.1632785052061081,0.03903079405426979,0.03142089396715164,0.019696295261383057,0.024195902049541473,0.048743754625320435,0.11524892598390579,
ip2p_steps_25,411000000000,wam,1.0,32,2.3283064365386963e-10,True,26,True,0.1696911446564281,11.391037940979004,0.7790011763572693,0.4329637587070465,0.27619385719299316,0.20006053149700165,0.31496599316596985,0.39623895287513733,0.28132039308547974,0.10979712009429932,0.4829418361186981,0.3043068051338196,0.07994569092988968,0.04641115665435791,0.029984381049871445,0.022076206281781197,0.018030881881713867,0.01630299724638462,0.5516357421875
ip2p_steps_25,411000000000,trustmark,0.99,99,7.967495142732219e-29,True,66,False,0.36458669969869434,4.045382976531982,0.895313024520874,0.4849073886871338,0.7533935308456421,0.45623132586479187,0.686473548412323,0.29368478059768677,0.9568625092506409,0.49812260270118713,0.8343733549118042,0.14074231684207916,0.010806996375322342,0.007128287106752396,0.003507101209834218,0.0014688122319057584,0.0010151780443266034,0.0009579291217960417,
ip2p_steps_25,411000000000,dwtdct,1.0,32,2.3283064365386963e-10,True,26,True,0.4596195163437705,4.815201759338379,0.7194011211395264,0.4774264693260193,0.1330181509256363,-0.008696794509887695,-0.004776423331350088,-0.02632395550608635,-0.015494831837713718,-0.0025986500550061464,0.6002619862556458,0.08334290236234665,0.021217139437794685,0.016457824036478996,0.010427949950098991,0.018179170787334442,0.06253836303949356,0.1875746250152588,
ip2p_steps_25,411000000001,wam,1.0,32,2.3283064365386963e-10,True,26,True,0.15993440133934103,26.855066299438477,0.8034851551055908,0.4768412709236145,0.038524847477674484,-0.04319910332560539,0.2675842046737671,0.4659869074821472,0.47156110405921936,-0.05351211130619049,0.5126067996025085,0.3274557590484619,0.0698053389787674,0.030140627175569534,0.019268082454800606,0.014986135996878147,0.013133136555552483,0.01260407269001007,0.5283203125
ip2p_steps_25,411000000001,trustmark,0.99,99,7.967495142732219e-29,True,66,False,0.2909385069092492,7.180456161499023,0.9494609832763672,0.6298729777336121,0.27211204171180725,0.45198526978492737,0.35481560230255127,-0.06959007680416107,0.06250769644975662,-0.04685838893055916,0.8399035930633545,0.1299179345369339,0.011746898293495178,0.00855184905230999,0.00469275051727891,0.0021742882672697306,0.0015739563386887312,0.0014387008268386126,
ip2p_steps_25,411000000001,dwtdct,0.875,28,9.650597348809242e-06,True,26,False,0.11337297185844147,7.446964740753174,0.837666928768158,0.282972514629364,0.14253854751586914,-0.1349433809518814,0.0323948860168457,-0.003559874603524804,0.02547750622034073,0.011110433377325535,0.19316896796226501,0.07302357256412506,0.03628731891512871,0.02837059646844864,0.02808956615626812,0.054290372878313065,0.14567594230175018,0.44109368324279785,
ip2p_steps_25,411000000002,wam,0.34375,11,0.9749487701337785,False,26,False,0.015468234161345702,197.93190002441406,0.8210110664367676,0.14069019258022308,-0.16753703355789185,0.2225368320941925,-0.10775303095579147,0.09171175211668015,0.019256070256233215,0.12533563375473022,0.5370052456855774,0.3128719925880432,0.07256174832582474,0.0302071925252676,0.016741197556257248,0.01185715664178133,0.00984106119722128,0.008914422243833542,0.0
ip2p_steps_25,411000000002,trustmark,0.51,51,0.46020538130641103,False,66,False,0.10267936808052847,376.7471008300781,2.029822587966919,0.8676437139511108,-0.6398794054985046,-0.40900567173957825,-0.34003227949142456,0.4023820757865906,-0.16783016920089722,-0.002437708666548133,0.9262720346450806,0.059805672615766525,0.00511689530685544,0.0038574698846787214,0.0020773843862116337,0.0010925736278295517,0.0008983335574157536,0.000879505299963057,
ip2p_steps_25,411000000002,dwtdct,0.5625,18,0.29830744792707264,False,26,False,0.021384302575495975,135.73153686523438,0.9465118050575256,0.602645754814148,0.13620638847351074,0.07634483277797699,-0.21498632431030273,-0.02024899050593376,0.04050813242793083,-0.012066909112036228,0.5936288833618164,0.12083037942647934,0.028727969154715538,0.022985270246863365,0.014362004585564137,0.016267158091068268,0.03010094165802002,0.1730974316596985,
ip2p_steps_25,511000000000,wam,0.96875,31,7.683411240577698e-09,True,26,False,0.06818338478288408,1141.447998046875,2.4074602127075195,2.23814058303833,0.2006322592496872,-0.029008302837610245,-0.16662262380123138,-0.10069755464792252,-0.22260256111621857,-0.217551589012146,0.4647049903869629,0.3469716012477875,0.06894045323133469,0.031234560534358025,0.023249737918376923,0.021726053208112717,0.021532753482460976,0.021639885380864143,0.8828125
ip2p_steps_25,511000000000,trustmark,0.88,88,9.556787680138532e-16,True,66,False,0.04071924065878175,719.8556518554688,-2.5760293006896973,0.9672812819480896,2.216778516769409,0.685948371887207,0.46725088357925415,0.11774230748414993,0.11890805512666702,0.5638459324836731,0.8670289516448975,0.08623895049095154,0.012792603112757206,0.016219928860664368,0.009904795326292515,0.0034869180526584387,0.0023464809637516737,0.0019813780672848225,
ip2p_steps_25,511000000000,dwtdct,0.59375,19,0.18854279373772442,False,26,False,0.28161146412456417,544.0272827148438,7.83846378326416,0.25987160205841064,0.02382718026638031,0.11703335493803024,0.2528570592403412,0.04034049063920975,-0.026648342609405518,0.03313213214278221,0.8296099901199341,0.04021575674414635,0.01137582678347826,0.0072195627726614475,0.00421938905492425,0.009499868378043175,0.026529554277658463,0.07133011519908905,
ip2p_steps_25,511000000001,wam,0.9375,30,1.2316741049289703e-07,True,26,False,0.05420852637787507,81.43778228759766,0.856339693069458,0.3120350241661072,-0.04525991901755333,-0.5686920881271362,0.3640618622303009,0.00503648491576314,0.36753517389297485,-0.19715958833694458,0.5178490281105042,0.26416218280792236,0.07328743487596512,0.04371395707130432,0.032267458736896515,0.026475900784134865,0.02234436385333538,0.019899606704711914,0.63873291015625
ip2p_steps_25,511000000001,trustmark,0.97,97,1.3154334480650894e-25,True,66,False,0.08629447132464853,53.34693908691406,0.8410468101501465,0.03969183191657066,-0.05935445427894592,-0.5604056715965271,0.27564698457717896,0.4160822331905365,0.9234061241149902,0.46089449524879456,0.7991837859153748,0.16904190182685852,0.012592960149049759,0.009873416274785995,0.0049695903435349464,0.0018890633946284652,0.0012804552679881454,0.0011687822407111526,
ip2p_steps_25,511000000001,dwtdct,0.6875,22,0.025051229866221547,False,26,False,0.14760131686840405,88.80227661132812,1.6590391397476196,0.4171718955039978,-0.23156194388866425,-0.4194781482219696,0.1769183874130249,0.13394857943058014,-0.07104048132896423,-0.022714005783200264,0.6948694586753845,0.07378111034631729,0.02437588945031166,0.019357725977897644,0.015016867779195309,0.021846391260623932,0.04623793810606003,0.10451462864875793,
ip2p_steps_25,511000000002,wam,0.5,16,0.5699749670457095,False,26,False,-0.0036938540685965858,322.3439025878906,-0.5720475912094116,-0.1311044692993164,0.25371143221855164,0.17424970865249634,-0.2926023006439209,0.22799791395664215,0.09525514394044876,-0.07693254947662354,0.4941858947277069,0.2771359384059906,0.09040826559066772,0.050061605870723724,0.03197772800922394,0.023215951398015022,0.017421822994947433,0.01559287030249834,0.0
ip2p_steps_25,511000000002,trustmark,0.85,85,2.4127107519685975e-13,True,66,False,0.09567612318554758,122.28914642333984,0.9005321860313416,1.0988560914993286,0.5713977217674255,-0.3247179090976715,0.2526795268058777,0.3795173764228821,0.27123138308525085,-0.34662091732025146,0.8882787823677063,0.09086959064006805,0.006933166179805994,0.006270387209951878,0.003632890759035945,0.001638110727071762,0.001238974160514772,0.0011380392825230956,
ip2p_steps_25,511000000002,dwtdct,0.46875,15,0.7016925520729274,False,26,False,0.00390177747576888,426.09259033203125,0.1358928382396698,0.06229844316840172,-0.4785245656967163,-0.2238582819700241,-0.4685444235801697,-0.23956835269927979,0.11003556847572327,0.07571855187416077,0.5185473561286926,0.16141822934150696,0.03871995583176613,0.0296517014503479,0.017808562144637108,0.024524547159671783,0.05834519863128662,0.15098439157009125,
ip2p_steps_25,611000000000,wam,1.0,32,2.3283064365386963e-10,True,26,True,0.16559578822074764,12.106348991394043,0.7278727293014526,0.542197048664093,0.275877982378006,0.3941635489463806,0.560469925403595,0.4020628333091736,0.09118431061506271,-0.01810269244015217,0.54770827293396,0.31799569725990295,0.06586451083421707,0.025914808735251427,0.015413223765790462,0.010984133929014206,0.0085916081443429,0.007527679670602083,0.53485107421875
ip2p_steps_25,611000000000,trustmark,0.98,98,3.9845364322713306e-27,True,66,False,0.316796799013891,4.253687858581543,0.8574320673942566,0.5855600833892822,0.6346529126167297,0.7298418283462524,0.46623337268829346,0.12449546158313751,0.1498938500881195,0.05092611908912659,0.9064416885375977,0.06306816637516022,0.00965792778879404,0.009756896644830704,0.005231423303484917,0.0024850505869835615,0.0017407701816409826,0.0016180527163669467,
ip2p_steps_25,611000000000,dwtdct,0.65625,21,0.055092082591727376,False,26,False,0.12372334365388667,7.9787163734436035,0.09491415321826935,0.6594871282577515,0.47090810537338257,0.2973882555961609,0.09264126420021057,0.009994986467063427,0.008292853832244873,-0.001636970671825111,0.4257042109966278,0.11757387965917587,0.04579642787575722,0.028200481086969376,0.01634133979678154,0.04684906080365181,0.12841439247131348,0.19112026691436768,
ip2p_steps_25,611000000001,wam,0.90625,29,1.2780074030160904e-06,True,26,False,0.06405796064564112,42.34514236450195,1.7347850799560547,0.5363943576812744,0.41869795322418213,0.3541708290576935,0.5430994629859924,0.9293835759162903,0.8639096021652222,0.6690436005592346,0.6792927980422974,0.1840447187423706,0.05449170246720314,0.024190379306674004,0.016903210431337357,0.0154549740254879,0.013735178858041763,0.01188707072287798,0.2418670654296875
ip2p_steps_25,611000000001,trustmark,0.86,86,4.1422259360400374e-14,True,66,False,0.23415485991567106,10.433226585388184,0.9248908758163452,0.49132055044174194,0.5121992230415344,0.5456528067588806,0.38547709584236145,0.3038344383239746,-0.008531211875379086,0.1281718611717224,0.838160514831543,0.1440764218568802,0.006350793410092592,0.005232968833297491,0.0030776432249695063,0.0013482262147590518,0.0009088219376280904,0.0008446232532151043,
ip2p_steps_25,611000000001,dwtdct,0.4375,14,0.8114572062622756,False,26,False,0.08347240312518688,36.496803283691406,1.0960699319839478,0.33995676040649414,0.0797661691904068,0.10234586894512177,0.1061231940984726,-0.0681394413113594,0.21487173438072205,0.11039547622203827,0.6101182699203491,0.15533025562763214,0.03890229016542435,0.031986549496650696,0.021588919684290886,0.023745084181427956,0.031631555408239365,0.0866970643401146,
ip2p_steps_25,611000000002,wam,1.0,32,2.3283064365386963e-10,True,26,True,0.053796962096226884,48.07890319824219,0.5152465105056763,0.35059383511543274,0.1833370476961136,0.20683223009109497,0.35730141401290894,0.3001757562160492,0.07915271073579788,-0.0026685374323278666,0.4780780076980591,0.33543509244918823,0.06771109998226166,0.03302605077624321,0.0296626053750515,0.019084131345152855,0.017070405185222626,0.019932564347982407,0.6458892822265625
ip2p_steps_25,611000000002,trustmark,0.95,95,6.26162256269268e-23,True,66,False,0.2027434948486061,9.377089500427246,0.7877216339111328,0.33032557368278503,0.3293299674987793,0.04228733852505684,0.13631868362426758,0.23330263793468475,-0.030538763850927353,-0.016878480091691017,0.8525089025497437,0.0849963128566742,0.011161403730511665,0.01581421121954918,0.027437057346105576,0.00420338986441493,0.00207640347070992,0.0018023692537099123,
ip2p_steps_25,611000000002,dwtdct,0.53125,17,0.4300250329542905,False,26,False,0.03451460254594363,40.26947784423828,0.13138295710086823,0.3779098689556122,0.2538478672504425,-0.06294913589954376,0.23882460594177246,-0.010506517253816128,0.07455270737409592,0.032841216772794724,0.5407037138938904,0.12422426789999008,0.03183234855532646,0.02577151171863079,0.018581978976726532,0.026496119797229767,0.06108209118247032,0.1713080257177353,
ip2p_steps_25,711000000000,wam,0.3125,10,0.9899691964965314,False,26,False,-0.00017105992373686704,122.93364715576172,-1.1068733930587769,0.11224233359098434,0.05547428876161575,0.23877930641174316,0.1541401594877243,0.06996268779039383,0.08739473670721054,0.1905539184808731,0.5905660390853882,0.21745118498802185,0.07492592930793762,0.040054548531770706,0.02746708318591118,0.01998230628669262,0.0157623328268528,0.013790571130812168,0.0
ip2p_steps_25,711000000000,trustmark,0.55,55,0.18410080866334808,False,66,False,-0.023461639821075665,42.26388168334961,-0.3772011995315552,0.04043055325746536,-0.1973787397146225,0.44734427332878113,-0.07178641855716705,0.004121826495975256,-0.008197147399187088,-0.1511683464050293,0.9090657234191895,0.0675719603896141,0.007403472438454628,0.007119175046682358,0.004260844551026821,0.001993828220292926,0.0013624384300783277,0.0012225256068632007,
ip2p_steps_25,711000000000,dwtdct,0.53125,17,0.4300250329542905,False,26,False,0.08748822119603057,185.3341522216797,2.9103167057037354,0.2622506618499756,0.1208130344748497,-0.3093697428703308,-0.06047111004590988,0.14823566377162933,0.12679557502269745,-0.035509999841451645,0.6355594992637634,0.1436235010623932,0.0356755405664444,0.028299478814005852,0.01788020320236683,0.019601069390773773,0.029077088460326195,0.09028361737728119,
ip2p_steps_25,711000000001,wam,0.59375,19,0.18854279373772442,False,26,False,0.011169767253059262,53.977291107177734,0.03778064623475075,0.08687745034694672,0.051213040947914124,0.03990611061453819,0.16671575605869293,0.29492896795272827,0.12440969794988632,0.06248227134346962,0.5486519932746887,0.30858951807022095,0.07082604616880417,0.02710711769759655,0.015559445135295391,0.011253349483013153,0.009287227876484394,0.008725335821509361,0.0
ip2p_steps_25,711000000001,trustmark,0.77,77,2.756790387925026e-08,True,66,False,0.09555315422837495,12.153088569641113,0.739961564540863,0.026835761964321136,-0.12598519027233124,0.072608582675457,-0.18071596324443817,0.0394677110016346,-0.0454942025244236,0.07548867911100388,0.903200626373291,0.07123569399118423,0.009910930879414082,0.007324244827032089,0.003872083965688944,0.0017568967305123806,0.0013828141381964087,0.0013166841818019748,
ip2p_steps_25,711000000001,dwtdct,0.53125,17,0.4300250329542905,False,26,False,0.022225098347203574,35.49923324584961,0.33018070459365845,0.0010833540000021458,-0.023206230252981186,-0.07419345527887344,-0.1159776896238327,0.001240908051840961,-0.001184714026749134,-0.0018325437558814883,0.40573328733444214,0.10513664036989212,0.028170796111226082,0.021796628832817078,0.01415701862424612,0.019002115353941917,0.061004556715488434,0.3449989855289459,
ip2p_steps_25,711000000002,wam,0.9375,30,1.2316741049289703e-07,True,26,False,0.09335702200816753,30.862234115600586,0.8731926083564758,0.5115064978599548,0.17737172544002533,0.23793132603168488,0.23220294713974,0.5174441933631897,0.5698786377906799,0.02662545256316662,0.433043509721756,0.33420684933662415,0.08950919657945633,0.04512253403663635,0.031886760145425797,0.025526029989123344,0.021093035116791725,0.019612077623605728,0.4672698974609375
ip2p_steps_25,711000000002,trustmark,0.97,97,1.3154334480650894e-25,True,66,False,0.30715713766726027,11.288330078125,1.3827039003372192,0.5015740990638733,0.4706350266933441,1.3559043407440186,1.3362230062484741,0.2864879369735718,-0.08206277340650558,-0.1239825040102005,0.8646496534347534,0.10051214694976807,0.011463797651231289,0.012890579178929329,0.006149499211460352,0.0021585458889603615,0.0011595820542424917,0.0010162335820496082,
ip2p_steps_25,711000000002,dwtdct,0.5,16,0.5699749670457095,False,26,False,0.1077324761962632,29.643938064575195,1.8675364255905151,0.6362045407295227,0.2003893107175827,0.12496078014373779,0.1633796989917755,0.10329053550958633,0.037420447915792465,-0.01207790244370699,0.4431658089160919,0.11370819061994553,0.03564988821744919,0.030305176973342896,0.025356050580739975,0.04171987250447273,0.09528813511133194,0.21480683982372284,
ip2p_steps_25,811000000000,wam,0.96875,31,7.683411240577698e-09,True,26,False,-0.012690912384171193,133.47735595703125,-6.9799113273620605,0.7729282975196838,0.41136059165000916,0.35385647416114807,0.5811941027641296,0.395801842212677,0.3041589856147766,0.3378813862800598,0.5654860138893127,0.24684154987335205,0.07752440869808197,0.03948312625288963,0.02542213350534439,0.01791241392493248,0.014189241454005241,0.013141152448952198,0.2788543701171875
ip2p_steps_25,811000000000,trustmark,0.85,85,2.4127107519685975e-13,True,66,False,0.32396544343821737,53.545066833496094,1.206154465675354,1.2600016593933105,0.8669105172157288,-0.15395791828632355,-0.04530385136604309,0.11363480240106583,0.2277296483516693,-0.028555547818541527,0.88388592004776,0.08504621684551239,0.01000254601240158,0.011020492762327194,0.005350329913198948,0.002122177043929696,0.0013493343722075224,0.0012229382991790771,
ip2p_steps_25,811000000000,dwtdct,0.4375,14,0.8114572062622756,False,26,False,0.14657755718432816,193.00936889648438,-2.9282147884368896,0.8607107400894165,0.3103731572628021,0.01355148758739233,-0.010636482387781143,-0.26257798075675964,0.09668952971696854,0.011918687261641026,0.7501429915428162,0.1372448205947876,0.02963218092918396,0.024940377101302147,0.013801183551549911,0.014024610631167889,0.011513612233102322,0.018700135871767998,
ip2p_steps_25,811000000001,wam,0.4375,14,0.8114572062622756,False,26,False,0.03911096868435348,4.035716533660889,0.38011887669563293,0.043255411088466644,-0.002796390326693654,0.037529356777668,0.04036916419863701,0.026595834642648697,0.008869314566254616,0.019134927541017532,0.5417382121086121,0.2857060134410858,0.06923376768827438,0.03447338193655014,0.023066192865371704,0.017640195786952972,0.014601320959627628,0.013540874235332012,0.0
ip2p_steps_25,811000000001,trustmark,0.49,49,0.6178232827986663,False,66,False,0.11659702667255716,5.772521495819092,0.42333078384399414,0.10602156072854996,0.14500942826271057,-0.02520924247801304,-0.04519319161772728,0.0006114538991823792,-0.02909865416586399,-0.06217852607369423,0.8466647267341614,0.13479271531105042,0.007252131123095751,0.00600419519469142,0.0030840234830975533,0.0010702115250751376,0.000595113611780107,0.0005369628197513521,
ip2p_steps_25,811000000001,dwtdct,0.40625,13,0.8923364251386374,False,26,False,0.010550235825827032,3.269374132156372,0.271903932094574,0.10940884798765182,0.02196076139807701,0.0032968574669212103,0.01941748522222042,0.024077754467725754,-0.003918575122952461,0.001038571004755795,0.2167290598154068,0.09348902851343155,0.030332989990711212,0.01770738698542118,0.01203361339867115,0.030067795887589455,0.1475314348936081,0.4521086513996124,
ip2p_steps_25,811000000002,wam,0.9375,30,1.2316741049289703e-07,True,26,False,0.11663552226260156,149.84266662597656,2.8264822959899902,1.5858826637268066,0.17942991852760315,0.3243570327758789,0.26797711849212646,0.4469352960586548,0.6148857474327087,0.5731216669082642,0.47387897968292236,0.32623153924942017,0.08054465055465698,0.041072946041822433,0.0276059377938509,0.020237917080521584,0.01604987494647503,0.01437816210091114,0.321380615234375
ip2p_steps_25,811000000002,trustmark,0.8,80,5.579544528625976e-10,True,66,False,0.1584077111155915,26.389785766601562,1.2203989028930664,0.6589252948760986,0.9524912238121033,-0.12176305055618286,-0.11371174454689026,0.10641177743673325,-0.03129541501402855,0.11429478228092194,0.8431917428970337,0.1329747438430786,0.008181746117770672,0.008183483965694904,0.004017195198684931,0.0015599168837070465,0.0009870572248473763,0.0009040848235599697,
ip2p_steps_25,811000000002,dwtdct,0.34375,11,0.9749487701337785,False,26,False,0.1331322697319195,79.4810562133789,1.558990478515625,1.9194344282150269,0.6989458799362183,0.565945565700531,-0.27839338779449463,-0.06514404714107513,-0.13656000792980194,-0.013732952997088432,0.5660524964332581,0.14142240583896637,0.03640883415937424,0.02865803800523281,0.01918468438088894,0.022469952702522278,0.04750021919608116,0.13830336928367615,
ip2p_steps_25,911000000000,wam,0.6875,22,0.025051229866221547,False,26,False,0.1171431067639404,41.94053268432617,0.9894676804542542,0.5602138042449951,0.18989917635917664,-0.10238543152809143,0.14541813731193542,0.037076279520988464,0.08584597706794739,0.0810636505484581,0.49030932784080505,0.351094126701355,0.07895099371671677,0.03158894181251526,0.018132278695702553,0.012650015763938427,0.009366901591420174,0.007907487452030182,0.0
ip2p_steps_25,911000000000,trustmark,0.82,82,3.0739033075239876e-11,True,66,False,0.3863191876856413,5.088535785675049,0.9636858701705933,0.7607928514480591,0.37491297721862793,0.33569929003715515,0.3045440912246704,0.002077703131362796,0.047828931361436844,-0.004695902578532696,0.8115922212600708,0.17752999067306519,0.004777936730533838,0.0028944204095751047,0.0014754598960280418,0.0006486388156190515,0.000552479934412986,0.0005288522806949914,
ip2p_steps_25,911000000000,dwtdct,0.5625,18,0.29830744792707264,False,26,False,0.1755963518161958,32.146690368652344,1.249603271484375,0.616934597492218,0.09270809590816498,0.1298510730266571,0.07477908581495285,-0.17555907368659973,-0.019633948802947998,0.007406776770949364,0.5602592825889587,0.15910615026950836,0.03624279052019119,0.030317774042487144,0.01820567436516285,0.02003495581448078,0.02951996959745884,0.1463133692741394,
ip2p_steps_25,911000000001,wam,0.96875,31,7.683411240577698e-09,True,26,False,0.20593843400206024,6.110663890838623,1.0970041751861572,0.48054444789886475,0.43731510639190674,0.415341317653656,0.45245593786239624,0.35633835196495056,0.2054128795862198,0.14474673569202423,0.6615187525749207,0.16151487827301025,0.06755076348781586,0.041334666311740875,0.02724909968674183,0.01783059351146221,0.012406592257320881,0.010594664141535759,0.0900726318359375
ip2p_steps_25,911000000001,trustmark,0.9,90,1.5316450877189923e-17,True,66,False,0.023869080019051633,4.3242058753967285,-0.29062744975090027,0.05111272260546684,0.4588516056537628,0.7068372368812561,0.8650670051574707,1.028544545173645,0.49327462911605835,0.3701302409172058,0.9164144992828369,0.056635480374097824,0.011570434086024761,0.0070986938662827015,0.004161899909377098,0.0018520164303481579,0.0011962250573560596,0.0010707288747653365,
ip2p_steps_25,911000000001,dwtdct,0.5,16,0.5699749670457095,False,26,False,0.3289687333267884,11.437423706054688,1.8673762083053589,0.02419944293797016,0.08973227441310883,0.04522908851504326,0.025913599878549576,-0.039030928164720535,-0.133114755153656,0.008570946753025055,0.7811867594718933,0.12794850766658783,0.025776317343115807,0.022385986521840096,0.011778871528804302,0.012101322412490845,0.008711086586117744,0.010111158713698387,
ip2p_steps_25,911000000002,wam,0.625,20,0.10766357486136258,False,26,False,0.07983136435637546,11.367647171020508,0.4119036793708801,0.28614652156829834,0.07535002380609512,0.001496233162470162,-0.11168055236339569,0.028572149574756622,-0.008479651063680649,-0.08260288834571838,0.5113195180892944,0.32524871826171875,0.07398275285959244,0.03192908689379692,0.020006118342280388,0.014876727014780045,0.011939045041799545,0.010697988793253899,0.0
ip2p_steps_25,911000000002,trustmark,0.57,57,0.09667395224782122,False,66,False,0.17396788227336032,2.98781681060791,0.4096202552318573,0.2874440848827362,0.037592269480228424,0.06867118924856186,-0.008700449019670486,0.2285187691450119,0.02132328972220421,-0.007290334440767765,0.9025200009346008,0.07857324928045273,0.008521463721990585,0.00538736442103982,0.002545042196288705,0.0010834344429895282,0.0006994819268584251,0.0006699418881908059,
ip2p_steps_25,911000000002,dwtdct,0.34375,11,0.9749487701337785,False,26,False,0.050753072907467035,3.3076000213623047,0.7672052979469299,0.23262110352516174,0.0760699138045311,-0.02026280201971531,0.030485594645142555,0.009302501566708088,0.005311139393597841,-0.0010145719861611724,0.14097397029399872,0.06433212012052536,0.031929902732372284,0.014734234660863876,0.009460242465138435,0.037400536239147186,0.1761150062084198,0.5250539779663086,
sdedit_0.1,111000000000,wam,0.59375,19,0.18854279373772442,False,26,False,0.0664525750969584,3.2266008853912354,0.1465301513671875,0.06452568620443344,0.021389534696936607,0.10554111003875732,0.09437859058380127,0.05304699391126633,0.024655409157276154,0.010131525807082653,0.4909657835960388,0.2869327664375305,0.07971099764108658,0.044517118483781815,0.03187786415219307,0.02576402947306633,0.021479779854416847,0.018751632422208786,0.0321807861328125
sdedit_0.1,111000000000,trustmark,0.73,73,2.346206306321115e-06,True,66,False,0.31707043219099934,1.440846562385559,0.46873563528060913,0.396712064743042,0.4141852557659149,0.40122169256210327,0.14842747151851654,-0.015527808107435703,0.040469709783792496,-0.01927902363240719,0.868170440196991,0.09537896513938904,0.01680462621152401,0.010729683563113213,0.004394536837935448,0.0020179080311208963,0.001313544693402946,0.001190363778732717,
sdedit_0.1,111000000000,dwtdct,0.5,16,0.5699749670457095,False,26,False,0.10065319767031305,0.8565225601196289,0.2817276120185852,0.138370543718338,0.040262166410684586,0.06829943507909775,0.0026333164423704147,-0.008608123287558556,0.005985993426293135,0.0010730363428592682,0.15216408669948578,0.05609704554080963,0.022938840091228485,0.023844877257943153,0.023795556277036667,0.04578998684883118,0.16393698751926422,0.5114325881004333,
sdedit_0.1,111000000001,wam,0.75,24,0.0035001833457499743,False,26,False,0.08083966218750649,16.961885452270508,0.42301905155181885,0.26502323150634766,-0.06768710911273956,0.1631532609462738,-0.020373590290546417,0.20144152641296387,0.06241167336702347,0.011341030709445477,0.49373912811279297,0.3253045678138733,0.07619427144527435,0.03407123684883118,0.02306503802537918,0.018162855878472328,0.015563399530947208,0.013899528421461582,0.1948394775390625
sdedit_0.1,111000000001,trustmark,0.64,64,0.003318560257963064,False,66,False,0.3242900618269622,2.801819086074829,0.6454021334648132,0.4663582742214203,0.4966036379337311,0.4008285403251648,0.42596936225891113,0.02835025079548359,0.0616644062101841,0.0019528171978890896,0.8998017907142639,0.07487267255783081,0.007707301527261734,0.008353587239980698,0.004547053016722202,0.002061080653220415,0.0013862864580005407,0.0012702278327196836,
sdedit_0.1,111000000001,dwtdct,0.59375,19,0.18854279373772442,False,26,False,0.2213282584125443,10.697855949401855,0.47819215059280396,0.354243665933609,0.06704452633857727,0.036346305161714554,0.05561470240354538,0.008039596490561962,0.04416925087571144,0.021906184032559395,0.7009140849113464,0.15673001110553741,0.03451429307460785,0.028185013681650162,0.015798481181263924,0.016497313976287842,0.01658867672085762,0.030772166326642036,
sdedit_0.1,111000000002,wam,1.0,32,2.3283064365386963e-10,True,26,True,0.16172392348673328,15.647359848022461,0.5876036882400513,0.38237977027893066,0.05999596044421196,-0.0009961319155991077,0.07710753381252289,0.24509398639202118,0.0905081108212471,0.20479051768779755,0.5545620322227478,0.3076818585395813,0.06731348484754562,0.026065479964017868,0.014794515445828438,0.01069843489676714,0.00951814278960228,0.009366023354232311,0.633087158203125
sdedit_0.1,111000000002,trustmark,0.51,51,0.46020538130641103,False,66,False,0.20411734193127612,4.074780464172363,0.5896452069282532,0.38736918568611145,0.06435613334178925,-0.04057978093624115,0.19991718232631683,0.12100224941968918,0.09472966939210892,-0.03217138722538948,0.9044100642204285,0.073255255818367,0.006430597510188818,0.005962289869785309,0.004389445763081312,0.0022506434470415115,0.0017025248380377889,0.001599277020432055,
sdedit_0.1,111000000002,dwtdct,0.875,28,9.650597348809242e-06,True,26,False,0.27526055815083694,8.498642921447754,0.6554911136627197,0.32557412981987,0.20041969418525696,-0.004150426480919123,0.09324820339679718,0.10769294202327728,0.01515671145170927,0.032049473375082016,0.5893624424934387,0.11926187574863434,0.027844836935400963,0.02286319062113762,0.014301889576017857,0.021169332787394524,0.05247074365615845,0.1527257263660431,
sdedit_0.1,211000000000,wam,0.96875,31,7.683411240577698e-09,True,26,False,0.09520732960480606,21.56962776184082,0.3786410689353943,0.31926900148391724,0.11259130388498306,-0.005887611769139767,0.007067049387842417,0.1319727748632431,0.14248347282409668,0.008151262067258358,0.558303952217102,0.30142277479171753,0.06833090633153915,0.02719290927052498,0.014641983434557915,0.011155383661389351,0.009668014943599701,0.009284126572310925,0.3741912841796875
sdedit_0.1,211000000000,trustmark,0.7,70,3.925069822796835e-05,True,66,False,0.27129438800665673,4.2306904792785645,0.6476207375526428,0.5621060729026794,0.18209007382392883,0.003858545795083046,0.09168878197669983,0.08904095739126205,0.1124889925122261,-0.004028111696243286,0.8809391260147095,0.10271713137626648,0.00538376672193408,0.004268735181540251,0.0029885706026107073,0.0015160896582528949,0.0011383554665371776,0.0010482755023986101,
sdedit_0.1,211000000000,dwtdct,0.5625,18,0.29830744792707264,False,26,False,0.2330026810604118,15.420005798339844,0.5730058550834656,0.13662181794643402,0.08148965239524841,0.01754266396164894,-0.07782068848609924,0.04169708117842674,-0.03139648586511612,-0.011572647839784622,0.7556342482566833,0.10776413232088089,0.025341005995869637,0.020254014059901237,0.012144509702920914,0.012669485062360764,0.018530119210481644,0.04766251891851425,
sdedit_0.1,211000000001,wam,0.75,24,0.0035001833457499743,False,26,False,0.05092527972615143,67.31182098388672,0.4675024449825287,0.2736750841140747,0.4000546336174011,0.1632031351327896,0.6650487780570984,0.3421536684036255,-0.006173372268676758,-0.10799567401409149,0.47525903582572937,0.34629905223846436,0.07551712542772293,0.033810537308454514,0.022353610023856163,0.017284711822867393,0.015231774188578129,0.014244244433939457,0.5328216552734375
sdedit_0.1,211000000001,trustmark,0.5,50,0.5397946186935889,False,66,False,0.1681647027509306,12.613614082336426,0.7780365943908691,0.3414236307144165,0.26084989309310913,-0.04305477440357208,0.3491100072860718,-0.1204279437661171,-0.2414495050907135,0.09573109447956085,0.8490867614746094,0.12125805020332336,0.009989102371037006,0.010051432065665722,0.005240860860794783,0.0020682746544480324,0.0012381096603348851,0.001067416276782751,
sdedit_0.1,211000000001,dwtdct,0.78125,25,0.0010512007866054773,False,26,False,0.07044998998656328,67.44384765625,0.5533849000930786,0.2982858419418335,0.3075382709503174,0.3505825102329254,0.28903937339782715,0.16966070234775543,0.065071702003479,-0.010218551382422447,0.5012224912643433,0.16551938652992249,0.03814740478992462,0.03174716606736183,0.018690219148993492,0.028430817648768425,0.071953184902668,0.14428935945034027,
sdedit_0.1,211000000002,wam,0.84375,27,5.653710104525089e-05,True,26,False,0.05762002517013697,43.712764739990234,0.5526813864707947,0.4859448969364166,0.27157074213027954,0.2251829355955124,0.10025334358215332,0.06751535087823868,-0.014061405323445797,0.006654891185462475,0.449785053730011,0.3622962534427643,0.07813761383295059,0.03450904041528702,0.023079857230186462,0.019167834892868996,0.01699977181851864,0.016024569049477577,0.01544189453125
sdedit_0.1,211000000002,trustmark,0.59,59,0.04431304005703379,False,66,False,0.1986366968751073,6.781994819641113,0.6046600341796875,0.45585912466049194,0.37066128849983215,0.3165457844734192,-0.07876932621002197,0.29951977729797363,-0.09456176310777664,0.10735432058572769,0.808323323726654,0.1540246456861496,0.013522728346288204,0.013589424081146717,0.006169362924993038,0.002166975289583206,0.0011780511122196913,0.0010255055967718363,
sdedit_0.1,211000000002,dwtdct,0.53125,17,0.4300250329542905,False,26,False,0.07154094136899691,37.57732009887695,0.41569340229034424,0.466471791267395,0.03705713152885437,-0.10430241376161575,0.04385612532496452,0.07691369205713272,0.008366750553250313,-0.007763112895190716,0.5337351560592651,0.1574651151895523,0.041402168571949005,0.034273598343133926,0.022370152175426483,0.027403652667999268,0.047844626009464264,0.13550548255443573,
sdedit_0.1,311000000000,wam,0.9375,30,1.2316741049289703e-07,True,26,False,0.19376875041719785,2.950610876083374,0.8047330379486084,0.24028736352920532,0.1624533087015152,0.2019071727991104,0.176274836063385,0.17301537096500397,0.12478514015674591,0.03893127664923668,0.5684478282928467,0.2363358736038208,0.07287164032459259,0.04319372400641441,0.029236620292067528,0.020988192409276962,0.015818526968359947,0.013107631355524063,0.6307373046875
sdedit_0.1,311000000000,trustmark,0.87,87,6.564907761017925e-15,True,66,False,0.3055460356646791,2.202821969985962,0.6287973523139954,0.42726930975914,0.5504655838012695,0.5093446373939514,0.19557033479213715,0.05105847865343094,0.013087566941976547,0.08476454764604568,0.8968952298164368,0.08030448108911514,0.009697727859020233,0.006924986839294434,0.002845690818503499,0.0013316725380718708,0.0010098558850586414,0.0009903011377900839,
sdedit_0.1,311000000000,dwtdct,0.46875,15,0.7016925520729274,False,26,False,0.09415160077743624,1.9865440130233765,0.5026823878288269,0.3209463953971863,0.3179473578929901,0.1399381309747696,0.011937201954424381,-0.034250035881996155,-0.0004020232008770108,3.2574251235928386e-05,0.1937435269355774,0.07983683049678802,0.02850784920156002,0.014881168492138386,0.00860829371958971,0.026826292276382446,0.1338888555765152,0.5137071013450623,
sdedit_0.1,311000000001,wam,0.9375,30,1.2316741049289703e-07,True,26,False,0.08966883914619542,12.746376991271973,0.380072683095932,0.22605293989181519,0.07966978847980499,-0.056049901992082596,-0.049273982644081116,0.3077419102191925,0.13451988995075226,-0.04848690330982208,0.4774402379989624,0.3001139461994171,0.08461408317089081,0.0426931194961071,0.028824452310800552,0.024147137999534607,0.021722421050071716,0.020444627851247787,0.8410797119140625
sdedit_0.1,311000000001,trustmark,0.65,65,0.0017588208614850794,False,66,False,0.19835783437915652,3.9415700435638428,0.477467805147171,0.3008068799972534,0.2810226380825043,0.034303486347198486,0.18210335075855255,0.11395284533500671,0.16538402438163757,0.0057251243852078915,0.8466776013374329,0.11864253133535385,0.010575060732662678,0.011133533902466297,0.006377772893756628,0.0027205997612327337,0.0020553546492010355,0.0018176054581999779,
sdedit_0.1,311000000001,dwtdct,0.4375,14,0.8114572062622756,False,26,False,0.15946810691290558,14.405346870422363,0.42342567443847656,0.3341585099697113,0.03782977908849716,0.02058464102447033,0.1407480239868164,0.09730619192123413,-0.11371362954378128,0.020303383469581604,0.7028171420097351,0.17527322471141815,0.030985917896032333,0.029442498460412025,0.013290029019117355,0.015949629247188568,0.012805232778191566,0.019436273723840714,
sdedit_0.1,311000000002,wam,0.84375,27,5.653710104525089e-05,True,26,False,0.07522045910894833,27.255643844604492,0.46342065930366516,0.2740097939968109,0.013674195855855942,0.08256726711988449,-0.04579886794090271,0.09664221107959747,-0.02581605315208435,-0.024632686749100685,0.529133677482605,0.3198453485965729,0.07579415291547775,0.03045782446861267,0.01658935472369194,0.011364305391907692,0.00891049113124609,0.007904822938144207,0.188507080078125
sdedit_0.1,311000000002,trustmark,0.52,52,0.3821767172013338,False,66,False,0.25668335694627464,4.630367279052734,0.6359538435935974,0.5619522929191589,0.2322717010974884,-0.11262920498847961,-0.00688795605674386,-0.027080900967121124,-0.1783784180879593,-0.0624295212328434,0.8706583976745605,0.11253654211759567,0.005740195978432894,0.004571909550577402,0.002858975436538458,0.0014658709987998009,0.0011152419028803706,0.0010528613347560167,
sdedit_0.1,311000000002,dwtdct,0.625,20,0.10766357486136258,False,26,False,0.1206078650320647,19.102399826049805,0.3817642033100128,0.2898288667201996,0.06066342443227768,0.017213864251971245,0.19748181104660034,0.07400267571210861,0.0936708077788353,-0.029079148545861244,0.5583849549293518,0.1632785052061081,0.03903079405426979,0.03142089396715164,0.019696295261383057,0.024195902049541473,0.048743754625320435,0.11524892598390579,
sdedit_0.1,411000000000,wam,0.9375,30,1.2316741049289703e-07,True,26,False,0.09308419133496691,9.596837043762207,0.3500641882419586,0.17708513140678406,0.027324914932250977,0.07808088511228561,0.4599730372428894,0.5614902377128601,0.28597480058670044,0.1788865178823471,0.4829418361186981,0.3043068051338196,0.07994569092988968,0.04641115665435791,0.029984381049871445,0.022076206281781197,0.018030881881713867,0.01630299724638462,0.558563232421875
sdedit_0.1,411000000000,trustmark,0.71,71,1.6080007647833168e-05,True,66,False,0.2188736084582141,4.04599666595459,0.5420944690704346,0.4151703715324402,0.7217676043510437,0.5547478199005127,0.7834938764572144,-0.059384021908044815,-0.14735345542430878,0.010097231715917587,0.8343733549118042,0.14074231684207916,0.010806996375322342,0.007128287106752396,0.003507101209834218,0.0014688122319057584,0.0010151780443266034,0.0009579291217960417,
sdedit_0.1,411000000000,dwtdct,0.875,28,9.650597348809242e-06,True,26,False,0.3838154053724269,5.488040447235107,0.5984857082366943,0.2365913838148117,0.0894956961274147,-0.049695082008838654,0.03855637088418007,-0.006005172152072191,0.012143198400735855,-0.0017602895386517048,0.6002619862556458,0.08334290236234665,0.021217139437794685,0.016457824036478996,0.010427949950098991,0.018179170787334442,0.06253836303949356,0.1875746250152588,
sdedit_0.1,411000000001,wam,0.96875,31,7.683411240577698e-09,True,26,False,0.11120927638307533,22.785890579223633,0.4738233685493469,0.22872398793697357,-0.036578577011823654,-0.24263998866081238,0.10528723150491714,0.5011093616485596,0.17833372950553894,0.2265099138021469,0.5126067996025085,0.3274557590484619,0.0698053389787674,0.030140627175569534,0.019268082454800606,0.014986135996878147,0.013133136555552483,0.01260407269001007,0.5344390869140625
sdedit_0.1,411000000001,trustmark,0.51,51,0.46020538130641103,False,66,False,0.160323383920909,6.04719877243042,0.5035535097122192,0.41357141733169556,0.061593666672706604,0.1674124002456665,0.5848613381385803,0.029162807390093803,0.02579941228032112,0.0018995393766090274,0.8399035930633545,0.1299179345369339,0.011746898293495178,0.00855184905230999,0.00469275051727891,0.0021742882672697306,0.0015739563386887312,0.0014387008268386126,
sdedit_0.1,411000000001,dwtdct,0.90625,29,1.2780074030160904e-06,True,26,False,0.09200973185477039,6.889693737030029,0.47010987997055054,0.10925696045160294,0.17522919178009033,0.06156756728887558,-0.10766381770372391,-0.011029316112399101,-0.031068967655301094,-0.01697682775557041,0.19316896796226501,0.07302357256412506,0.03628731891512871,0.02837059646844864,0.02808956615626812,0.054290372878313065,0.14567594230175018,0.44109368324279785,
sdedit_0.1,411000000002,wam,0.75,24,0.0035001833457499743,False,26,False,0.16083356010328376,4.6493659019470215,0.3496127724647522,0.22591237723827362,0.08011370152235031,0.03499998524785042,0.09192049503326416,0.14091697335243225,0.11829566955566406,0.06580019742250443,0.5370052456855774,0.3128719925880432,0.07256174832582474,0.0302071925252676,0.016741197556257248,0.01185715664178133,0.00984106119722128,0.008914422243833542,0.43597412109375
sdedit_0.1,411000000002,trustmark,0.68,68,0.00020438858371340761,True,66,False,0.41486687121440136,1.928652286529541,0.7261593341827393,0.5707840919494629,0.3907231390476227,-0.018883947283029556,-0.10103406012058258,0.09740406274795532,0.12586253881454468,-0.029867805540561676,0.9262720346450806,0.059805672615766525,0.00511689530685544,0.0038574698846787214,0.0020773843862116337,0.0010925736278295517,0.0008983335574157536,0.000879505299963057,
sdedit_0.1,411000000002,dwtdct,0.34375,11,0.9749487701337785,False,26,False,0.3274897896743012,3.1222898960113525,0.6087363958358765,0.29396456480026245,0.08206277340650558,-0.015477286651730537,-0.016540169715881348,-0.02499917522072792,0.00553131103515625,-0.004573642276227474,0.5936288833618164,0.12083037942647934,0.028727969154715538,0.022985270246863365,0.014362004585564137,0.016267158091068268,0.03010094165802002,0.1730974316596985,
sdedit_0.1,511000000000,wam,0.96875,31,7.683411240577698e-09,True,26,False,0.3015421548890757,10.661722183227539,0.8569334149360657,0.6515873074531555,0.004165740683674812,0.06383994221687317,0.061647966504096985,0.05657762289047241,0.30117541551589966,0.2664126455783844,0.4647049903869629,0.3469716012477875,0.06894045323133469,0.031234560534358025,0.023249737918376923,0.021726053208112717,0.021532753482460976,0.021639885380864143,0.9313201904296875
sdedit_0.1,511000000000,trustmark,0.74,74,8.336813247250504e-07,True,66,False,0.21103320161902117,6.155653476715088,0.964194118976593,0.5115840435028076,0.4001987874507904,-0.021521110087633133,0.0913810059428215,0.007635971065610647,-0.3799131512641907,-0.32872822880744934,0.8670289516448975,0.08623895049095154,0.012792603112757206,0.016219928860664368,0.009904795326292515,0.0034869180526584387,0.0023464809637516737,0.0019813780672848225,
sdedit_0.1,511000000000,dwtdct,0.75,24,0.0035001833457499743,False,26,False,0.5299877007009351,5.631519317626953,1.7217622995376587,0.8706828355789185,0.3272470235824585,0.42993295192718506,-0.08845695108175278,0.041734445840120316,0.053325336426496506,0.005207115318626165,0.8296099901199341,0.04021575674414635,0.01137582678347826,0.0072195627726614475,0.00421938905492425,0.009499868378043175,0.026529554277658463,0.07133011519908905,
sdedit_0.1,511000000001,wam,0.9375,30,1.2316741049289703e-07,True,26,False,0.03918916892995831,43.9688720703125,0.31024548411369324,0.3805563449859619,0.04100771248340607,-0.10914748162031174,0.08820614963769913,-0.073613740503788,-0.11815879493951797,-0.45130792260169983,0.5178490281105042,0.26416218280792236,0.07328743487596512,0.04371395707130432,0.032267458736896515,0.026475900784134865,0.02234436385333538,0.019899606704711914,0.643341064453125
sdedit_0.1,511000000001,trustmark,0.71,71,1.6080007647833168e-05,True,66,False,0.13637167089118016,9.86954402923584,0.5632524490356445,0.41101986169815063,-0.10857804119586945,0.5417499542236328,0.42874979972839355,-0.16235768795013428,0.0851842537522316,-0.009166228584945202,0.7991837859153748,0.16904190182685852,0.012592960149049759,0.009873416274785995,0.0049695903435349464,0.0018890633946284652,0.0012804552679881454,0.0011687822407111526,
sdedit_0.1,511000000001,dwtdct,0.78125,25,0.0010512007866054773,False,26,False,0.22176673432696142,25.23590850830078,1.086956262588501,0.20290426909923553,0.15598604083061218,0.023940032348036766,-0.08556699007749557,-0.0900341346859932,-0.036220770329236984,0.037323031574487686,0.6948694586753845,0.07378111034631729,0.02437588945031166,0.019357725977897644,0.015016867779195309,0.021846391260623932,0.04623793810606003,0.10451462864875793,
sdedit_0.1,511000000002,wam,0.96875,31,7.683411240577698e-09,True,26,False,0.1012402581085626,17.021663665771484,0.5688489675521851,0.2674517333507538,0.20825546979904175,0.1493440568447113,0.20232215523719788,0.15853483974933624,0.20053337514400482,0.07180570811033249,0.4941858947277069,0.2771359384059906,0.09040826559066772,0.050061605870723724,0.03197772800922394,0.023215951398015022,0.017421822994947433,0.01559287030249834,0.6147918701171875
sdedit_0.1,511000000002,trustmark,0.71,71,1.6080007647833168e-05,True,66,False,0.20692790586952065,4.56994104385376,0.5946663022041321,0.3131791353225708,0.0645507201552391,-0.13956114649772644,-0.18501931428909302,-0.23285551369190216,-0.05140150710940361,0.037368908524513245,0.8882787823677063,0.09086959064006805,0.006933166179805994,0.006270387209951878,0.003632890759035945,0.001638110727071762,0.001238974160514772,0.0011380392825230956,
sdedit_0.1,511000000002,dwtdct,0.625,20,0.10766357486136258,False,26,False,0.10344152933739688,16.716476440429688,0.4942469298839569,0.2868797481060028,0.21339593827724457,0.007413505110889673,-0.30168595910072327,-0.08024294674396515,-0.062171127647161484,-0.03430291637778282,0.5185473561286926,0.16141822934150696,0.03871995583176613,0.0296517014503479,0.017808562144637108,0.024524547159671783,0.05834519863128662,0.15098439157009125,
sdedit_0.1,611000000000,wam,0.96875,31,7.683411240577698e-09,True,26,False,0.1596531228927863,9.679370880126953,0.5522958636283875,0.39314621686935425,0.13501326739788055,0.08674067258834839,0.11866933852434158,-0.05104590579867363,-0.055580247193574905,0.0899432972073555,0.54770827293396,0.31799569725990295,0.06586451083421707,0.025914808735251427,0.015413223765790462,0.010984133929014206,0.0085916081443429,0.007527679670602083,0.517242431640625
sdedit_0.1,611000000000,trustmark,0.61,61,0.017600100108852428,False,66,False,0.24135037415458163,4.151546478271484,0.654861569404602,0.38455039262771606,0.5033206343650818,0.4360111355781555,-0.03420010954141617,0.1700049191713333,0.09474971145391464,-0.07569234073162079,0.9064416885375977,0.06306816637516022,0.00965792778879404,0.009756896644830704,0.005231423303484917,0.0024850505869835615,0.0017407701816409826,0.0016180527163669467,
sdedit_0.1,611000000000,dwtdct,0.53125,17,0.4300250329542905,False,26,False,0.18589781553396892,6.330352306365967,0.6202980875968933,0.4437507092952728,0.1992126852273941,0.11424975097179413,-0.05847759172320366,0.014283623546361923,-0.01412646658718586,-0.001126629300415516,0.4257042109966278,0.11757387965917587,0.04579642787575722,0.028200481086969376,0.01634133979678154,0.04684906080365181,0.12841439247131348,0.19112026691436768,
sdedit_0.1,611000000001,wam,1.0,32,2.3283064365386963e-10,True,26,True,0.06597897715476243,57.262351989746094,0.85212641954422,0.47635623812675476,0.3718092143535614,0.15999656915664673,0.508990466594696,0.4561519920825958,0.4830133318901062,-0.31969398260116577,0.6792927980422974,0.1840447187423706,0.05449170246720314,0.024190379306674004,0.016903210431337357,0.0154549740254879,0.013735178858041763,0.01188707072287798,0.27520751953125
sdedit_0.1,611000000001,trustmark,0.69,69,9.157161244117683e-05,True,66,False,0.1321067799076401,16.274517059326172,0.6345859169960022,0.4355188310146332,0.27530452609062195,0.4048877954483032,0.8312326669692993,0.8452385067939758,0.02013266272842884,-0.20501609146595,0.838160514831543,0.1440764218568802,0.006350793410092592,0.005232968833297491,0.0030776432249695063,0.0013482262147590518,0.0009088219376280904,0.0008446232532151043,
sdedit_0.1,611000000001,dwtdct,0.65625,21,0.055092082591727376,False,26,False,0.05388285385364299,67.49059295654297,0.3982807695865631,0.3139137923717499,0.10105372965335846,-0.04684683680534363,0.029788538813591003,-0.007712226826697588,0.30127155780792236,-0.08510332554578781,0.6101182699203491,0.15533025562763214,0.03890229016542435,0.031986549496650696,0.021588919684290886,0.023745084181427956,0.031631555408239365,0.0866970643401146,
sdedit_0.1,611000000002,wam,0.8125,26,0.0002675263676792383,True,26,False,0.054369523717287475,51.511234283447266,0.4455077052116394,0.26508909463882446,0.07379188388586044,-0.09268264472484589,0.09653811901807785,0.4692111015319824,0.01541182678192854,0.006614202633500099,0.4780780076980591,0.33543509244918823,0.06771109998226166,0.03302605077624321,0.0296626053750515,0.019084131345152855,0.017070405185222626,0.019932564347982407,0.084808349609375
sdedit_0.1,611000000002,trustmark,0.56,56,0.1356265120369177,False,66,False,0.11591042265100597,10.985257148742676,0.48235517740249634,0.32344913482666016,0.22380533814430237,0.16049256920814514,0.02494099922478199,0.008475673384964466,-0.0253226850181818,-0.004819085821509361,0.8525089025497437,0.0849963128566742,0.011161403730511665,0.01581421121954918,0.027437057346105576,0.00420338986441493,0.00207640347070992,0.0018023692537099123,
sdedit_0.1,611000000002,dwtdct,0.59375,19,0.18854279373772442,False,26,False,0.07745358321055036,39.35755920410156,0.5213750004768372,0.15930771827697754,-0.02420026622712612,0.15139633417129517,0.27441278100013733,0.05831461772322655,0.021716803312301636,0.005021654535084963,0.5407037138938904,0.12422426789999008,0.03183234855532646,0.02577151171863079,0.018581978976726532,0.026496119797229767,0.06108209118247032,0.1713080257177353,
sdedit_0.1,711000000000,wam,0.9375,30,1.2316741049289703e-07,True,26,False,0.048359283521951166,35.36873245239258,0.5292522311210632,0.21901585161685944,-0.04800090938806534,0.01725687086582184,0.20116691291332245,0.34359070658683777,0.3849872052669525,0.029230572283267975,0.5905660390853882,0.21745118498802185,0.07492592930793762,0.040054548531770706,0.02746708318591118,0.01998230628669262,0.0157623328268528,0.013790571130812168,0.595428466796875
sdedit_0.1,711000000000,trustmark,0.67,67,0.0004368599184561862,True,66,False,0.1254981619063801,9.52949333190918,0.5434882640838623,0.19148677587509155,0.069273941218853,0.24756091833114624,-0.4387933611869812,-0.1970372498035431,-0.5907795429229736,-0.6591761708259583,0.9090657234191895,0.0675719603896141,0.007403472438454628,0.007119175046682358,0.004260844551026821,0.001993828220292926,0.0013624384300783277,0.0012225256068632007,
sdedit_0.1,711000000000,dwtdct,0.5625,18,0.29830744792707264,False,26,False,0.0803614649685013,34.43501663208008,0.5640026330947876,0.18870820105075836,0.11358317732810974,-0.011020439676940441,0.4827374517917633,0.17633356153964996,0.03905694559216499,0.07153907418251038,0.6355594992637634,0.1436235010623932,0.0356755405664444,0.028299478814005852,0.01788020320236683,0.019601069390773773,0.029077088460326195,0.09028361737728119,
sdedit_0.1,711000000001,wam,0.96875,31,7.683411240577698e-09,True,26,False,0.29625396807428966,2.9199576377868652,0.5897555351257324,0.36123859882354736,0.05954457446932793,9.88775136647746e-05,-0.009900317527353764,0.0031708746682852507,0.052803102880716324,0.07005579769611359,0.5486519932746887,0.30858951807022095,0.07082604616880417,0.02710711769759655,0.015559445135295391,0.011253349483013153,0.009287227876484394,0.008725335821509361,0.4199066162109375
sdedit_0.1,711000000001,trustmark,0.68,68,0.00020438858371340761,True,66,False,0.3285037229138545,1.8174278736114502,0.6376531720161438,0.4842396080493927,0.20496511459350586,-0.009853259660303593,0.07561472803354263,0.032854143530130386,-0.010890210047364235,-0.0021259221248328686,0.903200626373291,0.07123569399118423,0.009910930879414082,0.007324244827032089,0.003872083965688944,0.0017568967305123806,0.0013828141381964087,0.0013166841818019748,
sdedit_0.1,711000000001,dwtdct,0.59375,19,0.18854279373772442,False,26,False,0.32018265732645623,1.6500285863876343,0.6089177131652832,0.3777468204498291,0.12424461543560028,0.015673385933041573,-0.04278101027011871,0.020724674686789513,0.01781405694782734,0.005588673986494541,0.40573328733444214,0.10513664036989212,0.028170796111226082,0.021796628832817078,0.01415701862424612,0.019002115353941917,0.061004556715488434,0.3449989855289459,
sdedit_0.1,711000000002,wam,0.875,28,9.650597348809242e-06,True,26,False,0.04853763595200665,28.5262451171875,0.3737208843231201,0.24561981856822968,0.06288781762123108,0.05690540745854378,0.10500920563936234,0.46755847334861755,0.2404775470495224,0.029586689546704292,0.433043509721756,0.33420684933662415,0.08950919657945633,0.04512253403663635,0.031886760145425797,0.025526029989123344,0.021093035116791725,0.019612077623605728,0.4419097900390625
sdedit_0.1,711000000002,trustmark,0.66,66,0.0008949651957434264,True,66,False,0.16647829200989506,9.042257308959961,0.6718364953994751,0.21640607714653015,0.23296356201171875,0.6392406225204468,0.37397682666778564,-0.0803254023194313,-0.24185043573379517,-0.14031921327114105,0.8646496534347534,0.10051214694976807,0.011463797651231289,0.012890579178929329,0.006149499211460352,0.0021585458889603615,0.0011595820542424917,0.0010162335820496082,
sdedit_0.1,711000000002,dwtdct,0.75,24,0.0035001833457499743,False,26,False,0.08770612747720728,21.623258590698242,0.505286693572998,0.29297003149986267,0.2021123617887497,0.18099068105220795,0.0280154999345541,-0.03165341913700104,0.06014165282249451,0.0050178710371255875,0.4431658089160919,0.11370819061994553,0.03564988821744919,0.030305176973342896,0.025356050580739975,0.04171987250447273,0.09528813511133194,0.21480683982372284,
sdedit_0.1,811000000000,wam,0.96875,31,7.683411240577698e-09,True,26,False,0.07286629824361475,16.138336181640625,0.8559634685516357,0.2340409904718399,0.09700258821249008,0.0066500455141067505,0.11514992266893387,0.13865746557712555,0.22554436326026917,0.17939583957195282,0.5654860138893127,0.24684154987335205,0.07752440869808197,0.03948312625288963,0.02542213350534439,0.01791241392493248,0.014189241454005241,0.013141152448952198,0.7322998046875
sdedit_0.1,811000000000,trustmark,0.81,81,1.3513812610243942e-10,True,66,False,0.20995070636358165,6.465002059936523,0.7174433469772339,0.2119598239660263,0.04189113527536392,0.5817404389381409,0.7191641926765442,0.6036661267280579,0.3292941153049469,-0.18349090218544006,0.88388592004776,0.08504621684551239,0.01000254601240158,0.011020492762327194,0.005350329913198948,0.002122177043929696,0.0013493343722075224,0.0012229382991790771,
sdedit_0.1,811000000000,dwtdct,0.53125,17,0.4300250329542905,False,26,False,0.20755692732761688,17.00967025756836,0.8073001503944397,0.3397569954395294,0.1167055293917656,0.13286498188972473,-0.17108964920043945,0.0836661085486412,0.16139981150627136,-0.0827493965625763,0.7501429915428162,0.1372448205947876,0.02963218092918396,0.024940377101302147,0.013801183551549911,0.014024610631167889,0.011513612233102322,0.018700135871767998,
sdedit_0.1,811000000001,wam,0.96875,31,7.683411240577698e-09,True,26,False,0.07006575186666952,46.878726959228516,0.6422420740127563,0.37763291597366333,0.31464773416519165,-0.14289134740829468,0.1096244603395462,0.05182887613773346,-0.004885560367256403,-0.03516395390033722,0.5417382121086121,0.2857060134410858,0.06923376768827438,0.03447338193655014,0.023066192865371704,0.017640195786952972,0.014601320959627628,0.013540874235332012,0.397369384765625
sdedit_0.1,811000000001,trustmark,0.65,65,0.0017588208614850794,False,66,False,0.23253747353124837,6.243628978729248,0.6760645508766174,0.5366843342781067,0.391003280878067,0.10876119881868362,0.05077175050973892,-0.023730246350169182,0.053955186158418655,0.02583259902894497,0.8466647267341614,0.13479271531105042,0.007252131123095751,0.00600419519469142,0.0030840234830975533,0.0010702115250751376,0.000595113611780107,0.0005369628197513521,
sdedit_0.1,811000000001,dwtdct,0.40625,13,0.8923364251386374,False,26,False,0.048162190228213546,21.327266693115234,0.6208442449569702,0.384005606174469,0.15802088379859924,0.14270873367786407,-0.08641241490840912,-0.023815756663680077,-0.007925732061266899,-0.0029355541337281466,0.2167290598154068,0.09348902851343155,0.030332989990711212,0.01770738698542118,0.01203361339867115,0.030067795887589455,0.1475314348936081,0.4521086513996124,
sdedit_0.1,811000000002,wam,0.96875,31,7.683411240577698e-09,True,26,False,0.06479570685558965,46.702980041503906,0.6504976749420166,0.21066291630268097,-0.08959570527076721,0.04345124587416649,-0.03207380697131157,-0.015474220737814903,-0.023415612056851387,0.051495831459760666,0.47387897968292236,0.32623153924942017,0.08054465055465698,0.041072946041822433,0.0276059377938509,0.020237917080521584,0.01604987494647503,0.01437816210091114,0.5690765380859375
sdedit_0.1,811000000002,trustmark,0.72,72,6.289575008339427e-06,True,66,False,0.19188392603620255,7.905233860015869,0.6733887195587158,0.34370294213294983,0.01604464277625084,0.23999562859535217,0.20133523643016815,0.1131666898727417,-0.1831735372543335,0.006965375039726496,0.8431917428970337,0.1329747438430786,0.008181746117770672,0.008183483965694904,0.004017195198684931,0.0015599168837070465,0.0009870572248473763,0.0009040848235599697,
sdedit_0.1,811000000002,dwtdct,0.6875,22,0.025051229866221547,False,26,False,0.1374695764078562,35.69392395019531,0.9108050465583801,0.2742636501789093,-0.014851284213364124,0.010374841280281544,-0.09690689295530319,0.18384389579296112,0.050048671662807465,0.047651734203100204,0.5660524964332581,0.14142240583896637,0.03640883415937424,0.02865803800523281,0.01918468438088894,0.022469952702522278,0.04750021919608116,0.13830336928367615,
sdedit_0.1,911000000000,wam,0.6875,22,0.025051229866221547,False,26,False,0.08455927456988989,30.920339584350586,0.5866841077804565,0.36217913031578064,0.325893759727478,-0.04504438862204552,0.11419910192489624,0.04931194335222244,0.043763816356658936,0.04146689176559448,0.49030932784080505,0.351094126701355,0.07895099371671677,0.03158894181251526,0.018132278695702553,0.012650015763938427,0.009366901591420174,0.007907487452030182,0.0
sdedit_0.1,911000000000,trustmark,0.56,56,0.1356265120369177,False,66,False,0.3259848978053837,3.8214542865753174,0.6934685111045837,0.5947996973991394,0.2788366973400116,0.2120835781097412,0.1511315554380417,0.20377708971500397,0.05562871694564819,0.002121338387951255,0.8115922212600708,0.17752999067306519,0.004777936730533838,0.0028944204095751047,0.0014754598960280418,0.0006486388156190515,0.000552479934412986,0.0005288522806949914,
sdedit_0.1,911000000000,dwtdct,0.4375,14,0.8114572062622756,False,26,False,0.11832978893858004,24.29391098022461,0.44270503520965576,0.4226251542568207,0.1982155293226242,0.06190476566553116,-0.02916293404996395,-0.09444189071655273,0.0019982419908046722,-0.014590595848858356,0.5602592825889587,0.15910615026950836,0.03624279052019119,0.030317774042487144,0.01820567436516285,0.02003495581448078,0.02951996959745884,0.1463133692741394,
sdedit_0.1,911000000001,wam,0.78125,25,0.0010512007866054773,False,26,False,0.24353791339709066,4.490854263305664,0.6715409159660339,0.3321174681186676,0.15820147097110748,0.0757405236363411,0.06281804293394089,-0.08043062686920166,-0.15187911689281464,-0.3113137483596802,0.6615187525749207,0.16151487827301025,0.06755076348781586,0.041334666311740875,0.02724909968674183,0.01783059351146221,0.012406592257320881,0.010594664141535759,0.9395904541015625
sdedit_0.1,911000000001,trustmark,0.97,97,1.3154334480650894e-25,True,66,False,0.47484697884832827,2.82657527923584,0.9326637387275696,0.5687544941902161,0.3097620904445648,0.14221535623073578,-0.05932094529271126,-0.1411629617214203,0.05286466330289841,0.10321836918592453,0.9164144992828369,0.056635480374097824,0.011570434086024761,0.0070986938662827015,0.004161899909377098,0.0018520164303481579,0.0011962250573560596,0.0010707288747653365,
sdedit_0.1,911000000001,dwtdct,0.4375,14,0.8114572062622756,False,26,False,0.20754474559308098,9.476058959960938,0.8700583577156067,0.4277792274951935,-0.023900972679257393,0.0791119858622551,0.06788238137960434,0.05812443792819977,0.01022354792803526,0.002829086733981967,0.7811867594718933,0.12794850766658783,0.025776317343115807,0.022385986521840096,0.011778871528804302,0.012101322412490845,0.008711086586117744,0.010111158713698387,
sdedit_0.1,911000000002,wam,0.5,16,0.5699749670457095,False,26,False,0.12304909310146307,4.904972076416016,0.2779436707496643,0.14853820204734802,0.03826793655753136,-0.0002529841149225831,-0.015160134993493557,-0.027930665761232376,0.03875735402107239,-0.00034716108348220587,0.5113195180892944,0.32524871826171875,0.07398275285959244,0.03192908689379692,0.020006118342280388,0.014876727014780045,0.011939045041799545,0.010697988793253899,0.0310516357421875
sdedit_0.1,911000000002,trustmark,0.7,70,3.925069822796835e-05,True,66,False,0.2867742663357143,2.1962661743164062,0.5548452138900757,0.34399867057800293,0.15694580972194672,0.3637100160121918,0.21354426443576813,-0.03678413853049278,-0.07113756984472275,0.08915804326534271,0.9025200009346008,0.07857324928045273,0.008521463721990585,0.00538736442103982,0.002545042196288705,0.0010834344429895282,0.0006994819268584251,0.0006699418881908059,
sdedit_0.1,911000000002,dwtdct,0.46875,15,0.7016925520729274,False,26,False,0.11132916091089418,1.3783949613571167,0.42255696654319763,0.19859375059604645,0.04319723695516586,0.04729617014527321,0.09693482518196106,0.013374458998441696,-0.006682447157800198,0.0020919479429721832,0.14097397029399872,0.06433212012052536,0.031929902732372284,0.014734234660863876,0.009460242465138435,0.037400536239147186,0.1761150062084198,0.5250539779663086,
sdedit_0.2,111000000000,wam,0.5625,18,0.29830744792707264,False,26,False,0.04038226901339128,4.269445896148682,0.0966690331697464,0.06154249981045723,-0.007138697896152735,-0.06350608915090561,-0.019566338509321213,-0.012514488771557808,-0.0005983658484183252,-0.003216442186385393,0.4909657835960388,0.2869327664375305,0.07971099764108658,0.044517118483781815,0.03187786415219307,0.02576402947306633,0.021479779854416847,0.018751632422208786,0.000396728515625
sdedit_0.2,111000000000,trustmark,0.65,65,0.0017588208614850794,False,66,False,0.20944247323946438,1.8330682516098022,0.3511861264705658,0.36560386419296265,0.3973870873451233,0.3236960172653198,0.028720228001475334,0.06927478313446045,-0.03328113257884979,0.006598249077796936,0.868170440196991,0.09537896513938904,0.01680462621152401,0.010729683563113213,0.004394536837935448,0.0020179080311208963,0.001313544693402946,0.001190363778732717,
sdedit_0.2,111000000000,dwtdct,0.53125,17,0.4300250329542905,False,26,False,0.07365945471165582,1.1469414234161377,0.18705274164676666,0.11270889639854431,0.043881017714738846,0.06695613265037537,-0.018557103350758553,-0.02192862704396248,0.0011495500802993774,0.0012248293496668339,0.15216408669948578,0.05609704554080963,0.022938840091228485,0.023844877257943153,0.023795556277036667,0.04578998684883118,0.16393698751926422,0.5114325881004333,
sdedit_0.2,111000000001,wam,0.65625,21,0.055092082591727376,False,26,False,0.04922154433826027,18.718481063842773,0.2332267463207245,0.2138853520154953,-0.07751715928316116,0.16053739190101624,-0.07556787878274918,-0.06097365915775299,-0.07521139830350876,-0.0019006585935130715,0.49373912811279297,0.3253045678138733,0.07619427144527435,0.03407123684883118,0.02306503802537918,0.018162855878472328,0.015563399530947208,0.013899528421461582,0.1406707763671875
sdedit_0.2,111000000001,trustmark,0.53,53,0.3086497067946262,False,66,False,0.24397836120036992,3.123168468475342,0.5280811190605164,0.3346315622329712,0.39159318804740906,0.48845434188842773,0.436163991689682,0.04248300567269325,0.0065756081603467464,-0.038494985550642014,0.8998017907142639,0.07487267255783081,0.007707301527261734,0.008353587239980698,0.004547053016722202,0.002061080653220415,0.0013862864580005407,0.0012702278327196836,
sdedit_0.2,111000000001,dwtdct,0.5625,18,0.29830744792707264,False,26,False,0.1714214544886325,11.478754043579102,0.27613508701324463,0.32127630710601807,0.007811781018972397,0.09969180822372437,0.10267779231071472,0.06717579811811447,0.09284958988428116,0.0016161806415766478,0.7009140849113464,0.15673001110553741,0.03451429307460785,0.028185013681650162,0.015798481181263924,0.016497313976287842,0.01658867672085762,0.030772166326642036,
sdedit_0.2,111000000002,wam,0.875,28,9.650597348809242e-06,True,26,False,0.11409923623539152,17.531389236450195,0.4464930593967438,0.27573704719543457,0.0623602531850338,-0.01662643440067768,0.057140905410051346,0.22811949253082275,0.1486731767654419,-0.05778109282255173,0.5545620322227478,0.3076818585395813,0.06731348484754562,0.026065479964017868,0.014794515445828438,0.01069843489676714,0.00951814278960228,0.009366023354232311,0.54986572265625
sdedit_0.2,111000000002,trustmark,0.56,56,0.1356265120369177,False,66,False,0.13226803531327283,4.696554660797119,0.4759223759174347,0.26204103231430054,-0.004949387162923813,0.09261558204889297,0.2160266786813736,-0.003224283456802368,0.2699151635169983,-0.08852312713861465,0.9044100642204285,0.073255255818367,0.006430597510188818,0.005962289869785309,0.004389445763081312,0.0022506434470415115,0.0017025248380377889,0.001599277020432055,
sdedit_0.2,111000000002,dwtdct,0.65625,21,0.055092082591727376,False,26,False,0.22732769351510468,10.460501670837402,0.5939437747001648,0.26275283098220825,0.17758874595165253,0.026955729350447655,0.02548210509121418,0.10483116656541824,0.02024001069366932,-0.011675480753183365,0.5893624424934387,0.11926187574863434,0.027844836935400963,0.02286319062113762,0.014301889576017857,0.021169332787394524,0.05247074365615845,0.1527257263660431,
sdedit_0.2,211000000000,wam,0.71875,23,0.010030803503468633,False,26,False,0.056536647466705565,27.259746551513672,0.18906304240226746,0.20748355984687805,-0.03139979764819145,-0.15302491188049316,-0.2768680155277252,0.14075911045074463,0.07660973817110062,0.005738148000091314,0.558303952217102,0.30142277479171753,0.06833090633153915,0.02719290927052498,0.014641983434557915,0.011155383661389351,0.009668014943599701,0.009284126572310925,0.0008392333984375
sdedit_0.2,211000000000,trustmark,0.5,50,0.5397946186935889,False,66,False,0.17162065432565266,5.321023464202881,0.4834457337856293,0.427120566368103,0.13697212934494019,0.014439059421420097,-0.18584628403186798,0.25296249985694885,0.05860632285475731,0.0411374606192112,0.8809391260147095,0.10271713137626648,0.00538376672193408,0.004268735181540251,0.0029885706026107073,0.0015160896582528949,0.0011383554665371776,0.0010482755023986101,
sdedit_0.2,211000000000,dwtdct,0.65625,21,0.055092082591727376,False,26,False,0.1961054517527005,19.353967666625977,0.45281174778938293,0.1127142459154129,-0.05932053178548813,0.10605289041996002,-0.06921631842851639,0.01006048358976841,0.025860801339149475,-0.04150326922535896,0.7556342482566833,0.10776413232088089,0.025341005995869637,0.020254014059901237,0.012144509702920914,0.012669485062360764,0.018530119210481644,0.04766251891851425,
sdedit_0.2,211000000001,wam,0.71875,23,0.010030803503468633,False,26,False,0.03469294489946285,70.8902359008789,0.31004810333251953,0.14030851423740387,0.22877247631549835,-0.0002820065419655293,0.06902480125427246,0.18645648658275604,-0.02075859159231186,0.07298443466424942,0.47525903582572937,0.34629905223846436,0.07551712542772293,0.033810537308454514,0.022353610023856163,0.017284711822867393,0.015231774188578129,0.014244244433939457,0.4950408935546875
sdedit_0.2,211000000001,trustmark,0.46,46,0.8158991913366519,False,66,False,0.11562067068360031,14.192166328430176,0.5908005237579346,0.2760477662086487,0.08048586547374725,-0.21108561754226685,0.18029306828975677,-0.04925036057829857,0.01641564629971981,-0.2949758470058441,0.8490867614746094,0.12125805020332336,0.009989102371037006,0.010051432065665722,0.005240860860794783,0.0020682746544480324,0.0012381096603348851,0.001067416276782751,
sdedit_0.2,211000000001,dwtdct,0.78125,25,0.0010512007866054773,False,26,False,0.05469553249817524,76.54645538330078,0.4209962785243988,0.18269428610801697,0.13350766897201538,0.20328055322170258,0.1539091318845749,0.13948404788970947,0.16793645918369293,-0.013723094947636127,0.5012224912643433,0.16551938652992249,0.03814740478992462,0.03174716606736183,0.018690219148993492,0.028430817648768425,0.071953184902668,0.14428935945034027,
sdedit_0.2,211000000002,wam,0.53125,17,0.4300250329542905,False,26,False,0.03797593689592195,51.52627944946289,0.3991873562335968,0.41090747714042664,0.26434874534606934,0.12599994242191315,-0.012935392558574677,-0.09400977939367294,-0.01142916176468134,-0.006330032367259264,0.449785053730011,0.3622962534427643,0.07813761383295059,0.03450904041528702,0.023079857230186462,0.019167834892868996,0.01699977181851864,0.016024569049477577,0.0
sdedit_0.2,211000000002,trustmark,0.54,54,0.24205920680364573,False,66,False,0.1418638559138862,8.102191925048828,0.4758470058441162,0.39182135462760925,0.04939964413642883,0.16987816989421844,0.03450409695506096,0.055577050894498825,-0.20097294449806213,0.0445101223886013,0.808323323726654,0.1540246456861496,0.013522728346288204,0.013589424081146717,0.006169362924993038,0.002166975289583206,0.0011780511122196913,0.0010255055967718363,
sdedit_0.2,211000000002,dwtdct,0.59375,19,0.18854279373772442,False,26,False,0.049053448737243946,48.40956115722656,0.31447580456733704,0.4230625629425049,0.09073808789253235,-0.12601454555988312,-0.06734056025743484,0.09209255129098892,0.05743112042546272,0.011733846738934517,0.5337351560592651,0.1574651151895523,0.041402168571949005,0.034273598343133926,0.022370152175426483,0.027403652667999268,0.047844626009464264,0.13550548255443573,
sdedit_0.2,311000000000,wam,0.6875,22,0.025051229866221547,False,26,False,0.1316955170911478,4.213770389556885,0.8400049805641174,0.16630525887012482,0.11242082715034485,0.2629539668560028,0.15796750783920288,0.12497171014547348,0.08886349946260452,0.08711504191160202,0.5684478282928467,0.2363358736038208,0.07287164032459259,0.04319372400641441,0.029236620292067528,0.020988192409276962,0.015818526968359947,0.013107631355524063,0.355560302734375
sdedit_0.2,311000000000,trustmark,0.64,64,0.003318560257963064,False,66,False,0.1818042364270805,2.439584255218506,0.41397830843925476,0.3045249879360199,0.4401214122772217,0.37469521164894104,0.15029355883598328,-0.09935326874256134,-0.033612679690122604,0.012392792850732803,0.8968952298164368,0.08030448108911514,0.009697727859020233,0.006924986839294434,0.002845690818503499,0.0013316725380718708,0.0010098558850586414,0.0009903011377900839,
sdedit_0.2,311000000000,dwtdct,0.46875,15,0.7016925520729274,False,26,False,0.06272236296753277,2.9412338733673096,0.397661417722702,0.29894933104515076,0.2907215654850006,0.08027176558971405,-0.011709485203027725,-0.037877943366765976,0.007903811521828175,0.0028836908750236034,0.1937435269355774,0.07983683049678802,0.02850784920156002,0.014881168492138386,0.00860829371958971,0.026826292276382446,0.1338888555765152,0.5137071013450623,
sdedit_0.2,311000000001,wam,0.71875,23,0.010030803503468633,False,26,False,0.04610901693608335,19.246322631835938,0.22767046093940735,0.16040407121181488,0.0091831274330616,-0.12605832517147064,0.05975206196308136,0.37305814027786255,0.08820686489343643,-0.06422525644302368,0.4774402379989624,0.3001139461994171,0.08461408317089081,0.0426931194961071,0.028824452310800552,0.024147137999534607,0.021722421050071716,0.020444627851247787,0.0611572265625
sdedit_0.2,311000000001,trustmark,0.53,53,0.3086497067946262,False,66,False,0.11087077323395804,5.197358131408691,0.35733968019485474,0.19376029074192047,0.142874613404274,0.07433713227510452,0.14377917349338531,0.2692451775074005,0.17623518407344818,0.04078683257102966,0.8466776013374329,0.11864253133535385,0.010575060732662678,0.011133533902466297,0.006377772893756628,0.0027205997612327337,0.0020553546492010355,0.0018176054581999779,
sdedit_0.2,311000000001,dwtdct,0.375,12,0.9449079174082726,False,26,False,0.09516476327575224,20.02878189086914,0.25308987498283386,0.22781617939472198,-0.12875966727733612,-0.014964836649596691,0.11510086059570312,0.0705394521355629,-0.29646578431129456,-0.14559172093868256,0.7028171420097351,0.17527322471141815,0.030985917896032333,0.029442498460412025,0.013290029019117355,0.015949629247188568,0.012805232778191566,0.019436273723840714,
sdedit_0.2,311000000002,wam,0.59375,19,0.18854279373772442,False,26,False,0.04800190564671478,32.69170379638672,0.3429822623729706,0.21829000115394592,-0.054163217544555664,0.07038062065839767,-0.2367243766784668,0.020650869235396385,-0.18318822979927063,0.058579977601766586,0.529133677482605,0.3198453485965729,0.07579415291547775,0.03045782446861267,0.01658935472369194,0.011364305391907692,0.00891049113124609,0.007904822938144207,0.0
sdedit_0.2,311000000002,trustmark,0.52,52,0.3821767172013338,False,66,False,0.17971814421333462,5.763171672821045,0.5019134283065796,0.5482752323150635,0.17270810902118683,-0.5402078628540039,-0.2990327477455139,-0.2276860475540161,-0.02521161176264286,-0.020357435569167137,0.8706583976745605,0.11253654211759567,0.005740195978432894,0.004571909550577402,0.002858975436538458,0.0014658709987998009,0.0011152419028803706,0.0010528613347560167,
sdedit_0.2,311000000002,dwtdct,0.59375,19,0.18854279373772442,False,26,False,0.07030751229289124,24.588918685913086,0.17550557851791382,0.1923283487558365,0.036169134080410004,0.013660561293363571,0.1113613024353981,0.018192924559116364,0.010356427170336246,-0.0028291246853768826,0.5583849549293518,0.1632785052061081,0.03903079405426979,0.03142089396715164,0.019696295261383057,0.024195902049541473,0.048743754625320435,0.11524892598390579,
sdedit_0.2,411000000000,wam,0.8125,26,0.0002675263676792383,True,26,False,0.05378810830411648,13.37649917602539,0.17838682234287262,0.14173269271850586,0.06730462610721588,0.0899893268942833,0.3939979076385498,0.324533611536026,0.310709685087204,0.13589175045490265,0.4829418361186981,0.3043068051338196,0.07994569092988968,0.04641115665435791,0.029984381049871445,0.022076206281781197,0.018030881881713867,0.01630299724638462,0.2251739501953125
sdedit_0.2,411000000000,trustmark,0.54,54,0.24205920680364573,False,66,False,0.13812943582956463,4.622165203094482,0.3679632246494293,0.30071118474006653,0.5419254899024963,0.5071997046470642,0.47172123193740845,-0.13134509325027466,-0.22888047993183136,0.03907627612352371,0.8343733549118042,0.14074231684207916,0.010806996375322342,0.007128287106752396,0.003507101209834218,0.0014688122319057584,0.0010151780443266034,0.0009579291217960417,
sdedit_0.2,411000000000,dwtdct,0.71875,23,0.010030803503468633,False,26,False,0.3215365659316785,5.59421443939209,0.3732983469963074,0.18442252278327942,0.046612873673439026,-0.08638836443424225,-0.062098484486341476,-0.008601275272667408,0.015837358310818672,0.007402411196380854,0.6002619862556458,0.08334290236234665,0.021217139437794685,0.016457824036478996,0.010427949950098991,0.018179170787334442,0.06253836303949356,0.1875746250152588,
sdedit_0.2,411000000001,wam,0.90625,29,1.2780074030160904e-06,True,26,False,0.07542171459874351,29.849376678466797,0.3506021499633789,0.19953282177448273,-0.08059027045965195,-0.046010177582502365,0.18489819765090942,0.48511821031570435,0.04677864909172058,0.03559628129005432,0.5126067996025085,0.3274557590484619,0.0698053389787674,0.030140627175569534,0.019268082454800606,0.014986135996878147,0.013133136555552483,0.01260407269001007,0.4678192138671875
sdedit_0.2,411000000001,trustmark,0.45,45,0.8643734879630823,False,66,False,0.09435176438846099,8.207682609558105,0.36125174164772034,0.2976573705673218,0.03614373132586479,0.07471839338541031,0.5866655111312866,-0.1953534483909607,0.05367334932088852,0.3160783350467682,0.8399035930633545,0.1299179345369339,0.011746898293495178,0.00855184905230999,0.00469275051727891,0.0021742882672697306,0.0015739563386887312,0.0014387008268386126,
sdedit_0.2,411000000001,dwtdct,0.625,20,0.10766357486136258,False,26,False,0.06704157690248445,9.799294471740723,0.3352428674697876,0.03630343824625015,0.08534836769104004,0.061680663377046585,-0.0380450002849102,0.024479303508996964,-0.04385419189929962,-0.01808055303990841,0.19316896796226501,0.07302357256412506,0.03628731891512871,0.02837059646844864,0.02808956615626812,0.054290372878313065,0.14567594230175018,0.44109368324279785,
sdedit_0.2,411000000002,wam,0.34375,11,0.9749487701337785,False,26,False,0.10073261077303276,5.190328598022461,0.19112908840179443,0.13494108617305756,0.00214787176810205,-0.0033474464435130358,0.10780803114175797,0.0668884664773941,0.0716276541352272,0.023138370364904404,0.5370052456855774,0.3128719925880432,0.07256174832582474,0.0302071925252676,0.016741197556257248,0.01185715664178133,0.00984106119722128,0.008914422243833542,0.0
sdedit_0.2,411000000002,trustmark,0.55,55,0.18410080866334808,False,66,False,0.3323438749248323,2.185991048812866,0.6284391283988953,0.4574490487575531,0.3419693112373352,-0.10440567880868912,-0.09697052836418152,0.08038794994354248,0.02420763112604618,-0.015743523836135864,0.9262720346450806,0.059805672615766525,0.00511689530685544,0.0038574698846787214,0.0020773843862116337,0.0010925736278295517,0.0008983335574157536,0.000879505299963057,
sdedit_0.2,411000000002,dwtdct,0.375,12,0.9449079174082726,False,26,False,0.26020325568115443,3.37817645072937,0.42065685987472534,0.2015865296125412,0.05565794184803963,-0.04177600145339966,-0.011856097728013992,0.009129557758569717,0.011995931155979633,-0.010517697781324387,0.5936288833618164,0.12083037942647934,0.028727969154715538,0.022985270246863365,0.014362004585564137,0.016267158091068268,0.03010094165802002,0.1730974316596985,
sdedit_0.2,511000000000,wam,0.9375,30,1.2316741049289703e-07,True,26,False,0.19367731667932933,15.962956428527832,0.7261513471603394,0.40990331768989563,0.010537466034293175,0.10867024213075638,-0.04126066341996193,-0.205455482006073,0.0677616223692894,0.1011950746178627,0.4647049903869629,0.3469716012477875,0.06894045323133469,0.031234560534358025,0.023249737918376923,0.021726053208112717,0.021532753482460976,0.021639885380864143,0.93475341796875
sdedit_0.2,511000000000,trustmark,0.55,55,0.18410080866334808,False,66,False,0.11073213306406893,9.471266746520996,0.7461794018745422,0.556606113910675,0.571692705154419,-0.09411454200744629,0.31965065002441406,0.21704110503196716,-0.28720805048942566,-0.06188846752047539,0.8670289516448975,0.08623895049095154,0.012792603112757206,0.016219928860664368,0.009904795326292515,0.0034869180526584387,0.0023464809637516737,0.0019813780672848225,
sdedit_0.2,511000000000,dwtdct,0.6875,22,0.025051229866221547,False,26,False,0.4284064593942451,7.8267669677734375,1.605380654335022,0.9350055456161499,0.3085247278213501,0.28617408871650696,0.29764026403427124,0.31994912028312683,0.052696824073791504,0.0357198640704155,0.8296099901199341,0.04021575674414635,0.01137582678347826,0.0072195627726614475,0.00421938905492425,0.009499868378043175,0.026529554277658463,0.07133011519908905,
sdedit_0.2,511000000001,wam,0.84375,27,5.653710104525089e-05,True,26,False,0.029201732808561236,61.94902038574219,0.2610362768173218,0.40136292576789856,0.04322304576635361,-0.037390366196632385,-0.11878224462270737,-0.15718767046928406,-0.297024130821228,-0.029125113040208817,0.5178490281105042,0.26416218280792236,0.07328743487596512,0.04371395707130432,0.032267458736896515,0.026475900784134865,0.02234436385333538,0.019899606704711914,0.636566162109375
sdedit_0.2,511000000001,trustmark,0.62,62,0.01048936783892586,False,66,False,0.08192886739389453,16.301366806030273,0.4414735734462738,0.3076801300048828,-0.207022026181221,0.5966678857803345,0.3659505248069763,-0.5929475426673889,-0.20805193483829498,-0.3351304829120636,0.7991837859153748,0.16904190182685852,0.012592960149049759,0.009873416274785995,0.0049695903435349464,0.0018890633946284652,0.0012804552679881454,0.0011687822407111526,
sdedit_0.2,511000000001,dwtdct,0.65625,21,0.055092082591727376,False,26,False,0.17516748614519626,36.448673248291016,1.0029224157333374,0.14008206129074097,0.2580440640449524,0.36464330554008484,-0.14201979339122772,0.07714717090129852,-0.01311494316905737,0.037995558232069016,0.6948694586753845,0.07378111034631729,0.02437588945031166,0.019357725977897644,0.015016867779195309,0.021846391260623932,0.04623793810606003,0.10451462864875793,
sdedit_0.2,511000000002,wam,0.78125,25,0.0010512007866054773,False,26,False,0.06366921117692408,25.408475875854492,0.545775294303894,0.1763535588979721,0.16504135727882385,0.13729558885097504,0.0858270674943924,0.09368576854467392,0.002443991368636489,0.0132932523265481,0.4941858947277069,0.2771359384059906,0.09040826559066772,0.050061605870723724,0.03197772800922394,0.023215951398015022,0.017421822994947433,0.01559287030249834,0.585662841796875
sdedit_0.2,511000000002,trustmark,0.54,54,0.24205920680364573,False,66,False,0.13463017572528324,6.163572788238525,0.5102171301841736,0.25883373618125916,0.09483571350574493,-0.1630149483680725,0.005843953229486942,-0.25806674361228943,0.027879748493433,-0.097491055727005,0.8882787823677063,0.09086959064006805,0.006933166179805994,0.006270387209951878,0.003632890759035945,0.001638110727071762,0.001238974160514772,0.0011380392825230956,
sdedit_0.2,511000000002,dwtdct,0.6875,22,0.025051229866221547,False,26,False,0.07312568097342323,26.046092987060547,0.4832778573036194,0.2645219564437866,0.16380181908607483,-0.04882755130529404,-0.03533194214105606,-0.06369747966527939,-0.0638166069984436,0.0954694077372551,0.5185473561286926,0.16141822934150696,0.03871995583176613,0.0296517014503479,0.017808562144637108,0.024524547159671783,0.05834519863128662,0.15098439157009125,
sdedit_0.2,611000000000,wam,0.9375,30,1.2316741049289703e-07,True,26,False,0.10403669614466858,12.679235458374023,0.4246385395526886,0.2740483582019806,0.062103331089019775,0.07849075645208359,0.15312330424785614,0.07412197440862656,-0.01006060466170311,0.041279349476099014,0.54770827293396,0.31799569725990295,0.06586451083421707,0.025914808735251427,0.015413223765790462,0.010984133929014206,0.0085916081443429,0.007527679670602083,0.3496551513671875
sdedit_0.2,611000000000,trustmark,0.46,46,0.8158991913366519,False,66,False,0.16269960710931713,5.424012184143066,0.5241489410400391,0.33458641171455383,0.5044068098068237,0.41072407364845276,0.08432315289974213,0.026414720341563225,0.28657108545303345,-0.02236942946910858,0.9064416885375977,0.06306816637516022,0.00965792778879404,0.009756896644830704,0.005231423303484917,0.0024850505869835615,0.0017407701816409826,0.0016180527163669467,
sdedit_0.2,611000000000,dwtdct,0.53125,17,0.4300250329542905,False,26,False,0.12239567815887727,9.495558738708496,0.46523547172546387,0.38838836550712585,0.30465829372406006,0.17753835022449493,-0.017609238624572754,0.03964076563715935,-0.007251400966197252,0.008027544245123863,0.4257042109966278,0.11757387965917587,0.04579642787575722,0.028200481086969376,0.01634133979678154,0.04684906080365181,0.12841439247131348,0.19112026691436768,
sdedit_0.2,611000000001,wam,0.84375,27,5.653710104525089e-05,True,26,False,0.05330821024622035,66.22909545898438,0.8114553689956665,0.36788031458854675,0.2725217640399933,0.015052842907607555,0.4676322937011719,0.40593090653419495,-0.08495644479990005,-0.40367013216018677,0.6792927980422974,0.1840447187423706,0.05449170246720314,0.024190379306674004,0.016903210431337357,0.0154549740254879,0.013735178858041763,0.01188707072287798,0.2235870361328125
sdedit_0.2,611000000001,trustmark,0.54,54,0.24205920680364573,False,66,False,0.09514442808052305,17.719924926757812,0.4858393371105194,0.3192242980003357,0.21166883409023285,0.363157719373703,0.9085760116577148,0.6255300045013428,0.04093964025378227,-0.09835311770439148,0.838160514831543,0.1440764218568802,0.006350793410092592,0.005232968833297491,0.0030776432249695063,0.0013482262147590518,0.0009088219376280904,0.0008446232532151043,
sdedit_0.2,611000000001,dwtdct,0.46875,15,0.7016925520729274,False,26,False,0.038370366873238256,72.35943603515625,0.24501653015613556,0.2943155765533447,-0.006133499089628458,-0.1743447631597519,-0.1509183794260025,-0.12728479504585266,0.1001652255654335,-0.006346250418573618,0.6101182699203491,0.15533025562763214,0.03890229016542435,0.031986549496650696,0.021588919684290886,0.023745084181427956,0.031631555408239365,0.0866970643401146,
sdedit_0.2,611000000002,wam,0.5625,18,0.29830744792707264,False,26,False,0.0365487196039456,54.88600158691406,0.31157630681991577,0.2085101157426834,-0.0007342688040807843,0.08943454176187515,0.13764739036560059,0.1930094212293625,0.04441477358341217,0.02686026319861412,0.4780780076980591,0.33543509244918823,0.06771109998226166,0.03302605077624321,0.0296626053750515,0.019084131345152855,0.017070405185222626,0.019932564347982407,0.0
sdedit_0.2,611000000002,trustmark,0.48,48,0.6913502932053738,False,66,False,0.08460351067756602,12.979050636291504,0.4144686460494995,0.22895532846450806,0.09021657705307007,0.11368769407272339,0.04708651080727577,0.16315262019634247,-0.05775607377290726,-0.17686344683170319,0.8525089025497437,0.0849963128566742,0.011161403730511665,0.01581421121954918,0.027437057346105576,0.00420338986441493,0.00207640347070992,0.0018023692537099123,
sdedit_0.2,611000000002,dwtdct,0.59375,19,0.18854279373772442,False,26,False,0.05837459325966585,45.20038604736328,0.4633357524871826,0.039549361914396286,-0.07069944590330124,0.06361348181962967,0.2915422022342682,0.04336331784725189,-0.025981497019529343,0.0030994403641670942,0.5407037138938904,0.12422426789999008,0.03183234855532646,0.02577151171863079,0.018581978976726532,0.026496119797229767,0.06108209118247032,0.1713080257177353,
sdedit_0.2,711000000000,wam,0.65625,21,0.055092082591727376,False,26,False,0.027597907005684846,44.844905853271484,0.34681424498558044,0.1949934959411621,0.013722185045480728,0.15103240311145782,-0.022567838430404663,0.11416825652122498,0.051011860370635986,-0.027323773130774498,0.5905660390853882,0.21745118498802185,0.07492592930793762,0.040054548531770706,0.02746708318591118,0.01998230628669262,0.0157623328268528,0.013790571130812168,0.596435546875
sdedit_0.2,711000000000,trustmark,0.58,58,0.06660530960360679,False,66,False,0.07019656130884305,12.941410064697266,0.38771554827690125,0.11519833654165268,0.09312126040458679,-0.2687036693096161,-0.5024713277816772,-0.6180554628372192,-0.46861428022384644,-0.31573954224586487,0.9090657234191895,0.0675719603896141,0.007403472438454628,0.007119175046682358,0.004260844551026821,0.001993828220292926,0.0013624384300783277,0.0012225256068632007,
sdedit_0.2,711000000000,dwtdct,0.5625,18,0.29830744792707264,False,26,False,0.05551129063997317,41.65620422363281,0.4345669746398926,0.11233264952898026,0.2235066294670105,0.3470650911331177,0.061882756650447845,-0.06819551438093185,0.21433503925800323,0.1505213975906372,0.6355594992637634,0.1436235010623932,0.0356755405664444,0.028299478814005852,0.01788020320236683,0.019601069390773773,0.029077088460326195,0.09028361737728119,
sdedit_0.2,711000000001,wam,0.8125,26,0.0002675263676792383,True,26,False,0.20526835923013434,3.0683295726776123,0.391302227973938,0.25239938497543335,-0.013880564831197262,-0.009232347831130028,-0.005676747299730778,0.0546160489320755,0.018146174028515816,0.10780985653400421,0.5486519932746887,0.30858951807022095,0.07082604616880417,0.02710711769759655,0.015559445135295391,0.011253349483013153,0.009287227876484394,0.008725335821509361,0.381805419921875
sdedit_0.2,711000000001,trustmark,0.55,55,0.18410080866334808,False,66,False,0.2638816810340585,1.746576189994812,0.5260327458381653,0.4472161531448364,0.13513249158859253,-0.05102424696087837,-0.08293911069631577,-0.10565159469842911,-0.021000422537326813,0.046778932213783264,0.903200626373291,0.07123569399118423,0.009910930879414082,0.007324244827032089,0.003872083965688944,0.0017568967305123806,0.0013828141381964087,0.0013166841818019748,
sdedit_0.2,711000000001,dwtdct,0.59375,19,0.18854279373772442,False,26,False,0.26998569599367583,1.5731204748153687,0.4496253728866577,0.26630908250808716,0.061150964349508286,-0.0012137325247749686,0.02138267271220684,0.006217222195118666,0.010384534485638142,0.0020717454608529806,0.40573328733444214,0.10513664036989212,0.028170796111226082,0.021796628832817078,0.01415701862424612,0.019002115353941917,0.061004556715488434,0.3449989855289459,
sdedit_0.2,711000000002,wam,0.65625,21,0.055092082591727376,False,26,False,0.03199847497816646,37.843563079833984,0.33834347128868103,0.19211281836032867,0.042367368936538696,0.10021746903657913,0.13120801746845245,0.439081072807312,0.18390780687332153,0.10245098173618317,0.433043509721756,0.33420684933662415,0.08950919657945633,0.04512253403663635,0.031886760145425797,0.025526029989123344,0.021093035116791725,0.019612077623605728,0.4180450439453125
sdedit_0.2,711000000002,trustmark,0.6,60,0.028443966820490444,False,66,False,0.11368359268384058,10.753951072692871,0.5032250285148621,0.25783514976501465,0.1772497594356537,0.24757631123065948,0.053359560668468475,-0.3445079028606415,-0.30203235149383545,-0.115836501121521,0.8646496534347534,0.10051214694976807,0.011463797651231289,0.012890579178929329,0.006149499211460352,0.0021585458889603615,0.0011595820542424917,0.0010162335820496082,
sdedit_0.2,711000000002,dwtdct,0.71875,23,0.010030803503468633,False,26,False,0.04983489295476386,35.46128463745117,0.2876574993133545,0.14369845390319824,0.2683171331882477,0.15067879855632782,0.1599281281232834,0.10295778512954712,-0.0339539498090744,-0.02300930954515934,0.4431658089160919,0.11370819061994553,0.03564988821744919,0.030305176973342896,0.025356050580739975,0.04171987250447273,0.09528813511133194,0.21480683982372284,
sdedit_0.2,811000000000,wam,0.71875,23,0.010030803503468633,False,26,False,0.046646595369593424,21.038597106933594,0.8437551856040955,0.12617439031600952,0.13657516241073608,-0.06344036757946014,-0.07642959803342819,0.02497408539056778,0.08789344131946564,0.0653517097234726,0.5654860138893127,0.24684154987335205,0.07752440869808197,0.03948312625288963,0.02542213350534439,0.01791241392493248,0.014189241454005241,0.013141152448952198,0.1837615966796875
sdedit_0.2,811000000000,trustmark,0.63,63,0.0060164878626817395,False,66,False,0.10636768242100353,9.830147743225098,0.529617965221405,0.08495496958494186,-0.14864276349544525,0.39784523844718933,0.29217997193336487,-0.1227586567401886,-0.00999554805457592,-0.17817118763923645,0.88388592004776,0.08504621684551239,0.01000254601240158,0.011020492762327194,0.005350329913198948,0.002122177043929696,0.0013493343722075224,0.0012229382991790771,
sdedit_0.2,811000000000,dwtdct,0.53125,17,0.4300250329542905,False,26,False,0.12186374371089156,29.40045166015625,0.7441674470901489,0.260221391916275,0.09077968448400497,0.013619192875921726,-0.14269600808620453,0.11168896406888962,0.07330551743507385,-0.09463098645210266,0.7501429915428162,0.1372448205947876,0.02963218092918396,0.024940377101302147,0.013801183551549911,0.014024610631167889,0.011513612233102322,0.018700135871767998,
sdedit_0.2,811000000001,wam,0.75,24,0.0035001833457499743,False,26,False,0.049200329219470096,54.1020622253418,0.5837644338607788,0.32053714990615845,0.2288084328174591,0.13057297468185425,0.05803154781460762,-0.005977348890155554,-0.1484866589307785,-0.11797559261322021,0.5417382121086121,0.2857060134410858,0.06923376768827438,0.03447338193655014,0.023066192865371704,0.017640195786952972,0.014601320959627628,0.013540874235332012,0.0660858154296875
sdedit_0.2,811000000001,trustmark,0.49,49,0.6178232827986663,False,66,False,0.17570016884006404,7.158938407897949,0.5548937320709229,0.4536094665527344,0.38755032420158386,-0.26204991340637207,-0.1959758996963501,0.0784468874335289,0.33792629837989807,0.02266008034348488,0.8466647267341614,0.13479271531105042,0.007252131123095751,0.00600419519469142,0.0030840234830975533,0.0010702115250751376,0.000595113611780107,0.0005369628197513521,
sdedit_0.2,811000000001,dwtdct,0.40625,13,0.8923364251386374,False,26,False,0.035672928898152136,25.049184799194336,0.5688784718513489,0.2770135998725891,0.015682680532336235,-0.1257016360759735,-0.1573227494955063,-0.14918531477451324,-0.003434973070397973,-0.0004704988677985966,0.2167290598154068,0.09348902851343155,0.030332989990711212,0.01770738698542118,0.01203361339867115,0.030067795887589455,0.1475314348936081,0.4521086513996124,
sdedit_0.2,811000000002,wam,0.84375,27,5.653710104525089e-05,True,26,False,0.042850846866724676,55.840736389160156,0.4953983724117279,0.1277787685394287,-0.18372206389904022,-0.0561453253030777,-0.00880957767367363,-0.10732188075780869,0.20646856725215912,-0.06256115436553955,0.47387897968292236,0.32623153924942017,0.08054465055465698,0.041072946041822433,0.0276059377938509,0.020237917080521584,0.01604987494647503,0.01437816210091114,0.565643310546875
sdedit_0.2,811000000002,trustmark,0.5,50,0.5397946186935889,False,66,False,0.12220318258136649,9.414531707763672,0.4736447334289551,0.2864730954170227,-0.18680903315544128,-0.04999065026640892,-0.2500572204589844,0.21563966572284698,-0.16749225556850433,0.04289158433675766,0.8431917428970337,0.1329747438430786,0.008181746117770672,0.008183483965694904,0.004017195198684931,0.0015599168837070465,0.0009870572248473763,0.0009040848235599697,
sdedit_0.2,811000000002,dwtdct,0.59375,19,0.18854279373772442,False,26,False,0.100873897489888,43.64194869995117,0.8100106716156006,0.18435810506343842,0.14200136065483093,0.03194066509604454,-0.40710821747779846,-0.15856501460075378,-0.038226418197155,0.025801807641983032,0.5660524964332581,0.14142240583896637,0.03640883415937424,0.02865803800523281,0.01918468438088894,0.022469952702522278,0.04750021919608116,0.13830336928367615,
sdedit_0.2,911000000000,wam,0.6875,22,0.025051229866221547,False,26,False,0.06480698624436552,31.084075927734375,0.461031436920166,0.29062139987945557,0.22689516842365265,-0.07865044474601746,-0.006053502671420574,-0.0740366131067276,0.09205600619316101,0.014085084199905396,0.49030932784080505,0.351094126701355,0.07895099371671677,0.03158894181251526,0.018132278695702553,0.012650015763938427,0.009366901591420174,0.007907487452030182,0.0
sdedit_0.2,911000000000,trustmark,0.55,55,0.18410080866334808,False,66,False,0.25139630219532955,3.8282158374786377,0.5471040606498718,0.4586266577243805,0.23723271489143372,0.16579699516296387,0.06827504187822342,0.01117868535220623,-0.08594129234552383,-0.025616809725761414,0.8115922212600708,0.17752999067306519,0.004777936730533838,0.0028944204095751047,0.0014754598960280418,0.0006486388156190515,0.000552479934412986,0.0005288522806949914,
sdedit_0.2,911000000000,dwtdct,0.4375,14,0.8114572062622756,False,26,False,0.09193000967556152,26.261695861816406,0.2677093744277954,0.33391067385673523,0.1974412053823471,0.1758185774087906,-0.05882594361901283,-0.04019349068403244,-0.011674291454255581,-0.022237880155444145,0.5602592825889587,0.15910615026950836,0.03624279052019119,0.030317774042487144,0.01820567436516285,0.02003495581448078,0.02951996959745884,0.1463133692741394,
sdedit_0.2,911000000001,wam,0.71875,23,0.010030803503468633,False,26,False,0.16737817919647996,7.164999008178711,0.6495296955108643,0.15677455067634583,0.11722145974636078,-0.052319981157779694,-0.08668901026248932,-0.18234869837760925,-0.10243667662143707,-0.08691781759262085,0.6615187525749207,0.16151487827301025,0.06755076348781586,0.041334666311740875,0.02724909968674183,0.01783059351146221,0.012406592257320881,0.010594664141535759,0.93048095703125
sdedit_0.2,911000000001,trustmark,0.8,80,5.579544528625976e-10,True,66,False,0.358171488650335,4.481888771057129,0.9120221734046936,0.49915337562561035,0.1835148185491562,-0.10780882835388184,-0.1887672245502472,-0.2457686811685562,-0.10102692991495132,0.1577017605304718,0.9164144992828369,0.056635480374097824,0.011570434086024761,0.0070986938662827015,0.004161899909377098,0.0018520164303481579,0.0011962250573560596,0.0010707288747653365,
sdedit_0.2,911000000001,dwtdct,0.4375,14,0.8114572062622756,False,26,False,0.1525396988414943,14.77114486694336,1.0627933740615845,0.40178242325782776,-0.09818112850189209,0.032201219350099564,-0.040473852306604385,-0.07382258772850037,-0.13031978905200958,0.1282666027545929,0.7811867594718933,0.12794850766658783,0.025776317343115807,0.022385986521840096,0.011778871528804302,0.012101322412490845,0.008711086586117744,0.010111158713698387,
sdedit_0.2,911000000002,wam,0.625,20,0.10766357486136258,False,26,False,0.0769048633651914,5.93039608001709,0.15503893792629242,0.08769459277391434,0.025766052305698395,0.013175534084439278,-0.01809200644493103,0.02375396527349949,0.04896597936749458,0.013390474021434784,0.5113195180892944,0.32524871826171875,0.07398275285959244,0.03192908689379692,0.020006118342280388,0.014876727014780045,0.011939045041799545,0.010697988793253899,0.0
sdedit_0.2,911000000002,trustmark,0.54,54,0.24205920680364573,False,66,False,0.22012347224620626,2.4652912616729736,0.458495169878006,0.2904852628707886,0.13313183188438416,0.2810143530368805,0.10874432325363159,-0.022996900603175163,0.07674138247966766,0.06124607101082802,0.9025200009346008,0.07857324928045273,0.008521463721990585,0.00538736442103982,0.002545042196288705,0.0010834344429895282,0.0006994819268584251,0.0006699418881908059,
sdedit_0.2,911000000002,dwtdct,0.5,16,0.5699749670457095,False,26,False,0.08844433104198152,1.7810616493225098,0.2977270185947418,0.19114167988300323,0.0549626350402832,-0.011470506899058819,0.04786825552582741,-0.010200516320765018,-0.007737555541098118,0.002861509332433343,0.14097397029399872,0.06433212012052536,0.031929902732372284,0.014734234660863876,0.009460242465138435,0.037400536239147186,0.1761150062084198,0.5250539779663086,
sdedit_0.3,111000000000,wam,0.625,20,0.10766357486136258,False,26,False,0.03059828332717833,8.624943733215332,0.07183226943016052,0.10678337514400482,0.008182923309504986,0.17357151210308075,0.1052204892039299,0.07347271591424942,0.07955636829137802,-0.015435486100614071,0.4909657835960388,0.2869327664375305,0.07971099764108658,0.044517118483781815,0.03187786415219307,0.02576402947306633,0.021479779854416847,0.018751632422208786,0.0057220458984375
sdedit_0.3,111000000000,trustmark,0.59,59,0.04431304005703379,False,66,False,0.12903812713822882,3.1729087829589844,0.2839692234992981,0.36484092473983765,0.2623361647129059,0.29767242074012756,-0.021840350702404976,0.15919402241706848,0.00015960705059114844,0.013578814454376698,0.868170440196991,0.09537896513938904,0.01680462621152401,0.010729683563113213,0.004394536837935448,0.0020179080311208963,0.001313544693402946,0.001190363778732717,
sdedit_0.3,111000000000,dwtdct,0.53125,17,0.4300250329542905,False,26,False,0.04016800231665899,3.2609052658081055,0.16471675038337708,0.0327925831079483,0.05492044612765312,0.06499437987804413,0.027976475656032562,-0.03284357115626335,0.0053373365662992,-0.0019186555873602629,0.15216408669948578,0.05609704554080963,0.022938840091228485,0.023844877257943153,0.023795556277036667,0.04578998684883118,0.16393698751926422,0.5114325881004333,
sdedit_0.3,111000000001,wam,0.5625,18,0.29830744792707264,False,26,False,0.025468516653459977,20.799928665161133,0.1080157607793808,0.17594479024410248,-0.06728506833314896,0.01418366190046072,-0.028338231146335602,-0.058198101818561554,-0.03455238416790962,-0.00046768179163336754,0.49373912811279297,0.3253045678138733,0.07619427144527435,0.03407123684883118,0.02306503802537918,0.018162855878472328,0.015563399530947208,0.013899528421461582,0.0
sdedit_0.3,111000000001,trustmark,0.53,53,0.3086497067946262,False,66,False,0.18993797312790947,3.5024189949035645,0.44968265295028687,0.2695760428905487,0.4031977951526642,0.34210675954818726,0.2287304401397705,0.09497478604316711,0.024635210633277893,0.01209983229637146,0.8998017907142639,0.07487267255783081,0.007707301527261734,0.008353587239980698,0.004547053016722202,0.002061080653220415,0.0013862864580005407,0.0012702278327196836,
sdedit_0.3,111000000001,dwtdct,0.46875,15,0.7016925520729274,False,26,False,0.12331797912683283,16.103759765625,0.23563767969608307,0.2326112985610962,-0.017310164868831635,0.13048335909843445,0.03653687238693237,0.04172419756650925,0.06542642414569855,0.006159188225865364,0.7009140849113464,0.15673001110553741,0.03451429307460785,0.028185013681650162,0.015798481181263924,0.016497313976287842,0.01658867672085762,0.030772166326642036,
sdedit_0.3,111000000002,wam,0.71875,23,0.010030803503468633,False,26,False,0.07327182517972214,22.476762771606445,0.3065747022628784,0.19072088599205017,0.030635802075266838,-0.06765338778495789,-0.12936975061893463,-0.11317884176969528,0.2007005661725998,0.03305680304765701,0.5545620322227478,0.3076818585395813,0.06731348484754562,0.026065479964017868,0.014794515445828438,0.01069843489676714,0.00951814278960228,0.009366023354232311,0.029052734375
sdedit_0.3,111000000002,trustmark,0.42,42,0.9556869599429663,False,66,False,0.10030062534233398,5.23524284362793,0.426628977060318,0.23001006245613098,0.0013373782858252525,0.1262100785970688,0.32739901542663574,-0.11817389726638794,0.07001011073589325,-0.1478361040353775,0.9044100642204285,0.073255255818367,0.006430597510188818,0.005962289869785309,0.004389445763081312,0.0022506434470415115,0.0017025248380377889,0.001599277020432055,
sdedit_0.3,111000000002,dwtdct,0.5625,18,0.29830744792707264,False,26,False,0.1958374481242441,12.470316886901855,0.5047929883003235,0.2085709422826767,0.14995092153549194,0.02811017818748951,0.0643390417098999,0.1163269430398941,-0.029598722234368324,-0.027408376336097717,0.5893624424934387,0.11926187574863434,0.027844836935400963,0.02286319062113762,0.014301889576017857,0.021169332787394524,0.05247074365615845,0.1527257263660431,
sdedit_0.3,211000000000,wam,0.59375,19,0.18854279373772442,False,26,False,0.030603670536412428,40.549461364746094,0.06547750532627106,0.11861828714609146,0.015566864982247353,0.026001809164881706,-0.2378467172384262,0.20819582045078278,0.12698496878147125,0.038016289472579956,0.558303952217102,0.30142277479171753,0.06833090633153915,0.02719290927052498,0.014641983434557915,0.011155383661389351,0.009668014943599701,0.009284126572310925,0.0
sdedit_0.3,211000000000,trustmark,0.52,52,0.3821767172013338,False,66,False,0.12007852859809198,6.302496910095215,0.40009036660194397,0.3704547584056854,-0.04356451705098152,0.09953530877828598,-0.22606733441352844,0.16533535718917847,0.14396166801452637,-0.02401849627494812,0.8809391260147095,0.10271713137626648,0.00538376672193408,0.004268735181540251,0.0029885706026107073,0.0015160896582528949,0.0011383554665371776,0.0010482755023986101,
sdedit_0.3,211000000000,dwtdct,0.59375,19,0.18854279373772442,False,26,False,0.13793310694832353,35.05331802368164,0.3404041528701782,0.05595012009143829,-0.06811923533678055,-0.05147375538945198,0.04075732082128525,-0.24096378684043884,0.03366367146372795,-0.022138934582471848,0.7556342482566833,0.10776413232088089,0.025341005995869637,0.020254014059901237,0.012144509702920914,0.012669485062360764,0.018530119210481644,0.04766251891851425,
sdedit_0.3,211000000001,wam,0.5625,18,0.29830744792707264,False,26,False,0.028122336572625552,79.80471801757812,0.3331620991230011,0.17289701104164124,0.23324795067310333,-0.22069165110588074,0.2826722264289856,0.19712664186954498,-0.197703018784523,0.061131659895181656,0.47525903582572937,0.34629905223846436,0.07551712542772293,0.033810537308454514,0.022353610023856163,0.017284711822867393,0.015231774188578129,0.014244244433939457,0.0105743408203125
sdedit_0.3,211000000001,trustmark,0.48,48,0.6913502932053738,False,66,False,0.09607405390912291,15.40722370147705,0.562516450881958,0.15556688606739044,-0.08271773904561996,-0.3521716892719269,0.15834413468837738,-0.32395175099372864,0.07496131211519241,-0.11976926028728485,0.8490867614746094,0.12125805020332336,0.009989102371037006,0.010051432065665722,0.005240860860794783,0.0020682746544480324,0.0012381096603348851,0.001067416276782751,
sdedit_0.3,211000000001,dwtdct,0.8125,26,0.0002675263676792383,True,26,False,0.04197491847911711,94.08712768554688,0.3178085386753082,0.12487632036209106,0.1783340871334076,0.13220453262329102,0.3947729766368866,-0.010638297535479069,-0.0064939893782138824,0.02095143496990204,0.5012224912643433,0.16551938652992249,0.03814740478992462,0.03174716606736183,0.018690219148993492,0.028430817648768425,0.071953184902668,0.14428935945034027,
sdedit_0.3,211000000002,wam,0.53125,17,0.4300250329542905,False,26,False,0.021969660347738805,57.058624267578125,0.19488625228405,0.3149247169494629,0.2395744025707245,0.17403893172740936,-0.24432925879955292,-0.09675826132297516,-0.06392160058021545,-0.03853712975978851,0.449785053730011,0.3622962534427643,0.07813761383295059,0.03450904041528702,0.023079857230186462,0.019167834892868996,0.01699977181851864,0.016024569049477577,0.0
sdedit_0.3,211000000002,trustmark,0.47,47,0.7579407931963542,False,66,False,0.09301197936021915,11.93980598449707,0.37275299429893494,0.3534485399723053,-0.08103920519351959,0.2177472561597824,0.02457650937139988,0.05261003226041794,-0.28606951236724854,-0.06975346058607101,0.808323323726654,0.1540246456861496,0.013522728346288204,0.013589424081146717,0.006169362924993038,0.002166975289583206,0.0011780511122196913,0.0010255055967718363,
sdedit_0.3,211000000002,dwtdct,0.59375,19,0.18854279373772442,False,26,False,0.03129384956068173,59.50644302368164,0.15949195623397827,0.4984801113605499,0.05192658305168152,-0.2648344933986664,-0.15815414488315582,-0.03971673175692558,0.06375482678413391,0.0023742285557091236,0.5337351560592651,0.1574651151895523,0.041402168571949005,0.034273598343133926,0.022370152175426483,0.027403652667999268,0.047844626009464264,0.13550548255443573,
sdedit_0.3,311000000000,wam,0.53125,17,0.4300250329542905,False,26,False,0.07821498017264038,7.532329559326172,0.7653762102127075,0.10966765880584717,0.08146646618843079,0.29018402099609375,0.14278538525104523,0.07018603384494781,0.05340532585978508,0.07764949649572372,0.5684478282928467,0.2363358736038208,0.07287164032459259,0.04319372400641441,0.029236620292067528,0.020988192409276962,0.015818526968359947,0.013107631355524063,0.0
sdedit_0.3,311000000000,trustmark,0.6,60,0.028443966820490444,False,66,False,0.10799402659305285,4.472299098968506,0.37027081847190857,0.3026535212993622,0.40841910243034363,0.3449278473854065,0.08913511782884598,-0.12996192276477814,0.1770796775817871,0.11229003965854645,0.8968952298164368,0.08030448108911514,0.009697727859020233,0.006924986839294434,0.002845690818503499,0.0013316725380718708,0.0010098558850586414,0.0009903011377900839,
sdedit_0.3,311000000000,dwtdct,0.5,16,0.5699749670457095,False,26,False,0.04576381755956607,3.4075868129730225,0.45128268003463745,0.1853177398443222,0.14354769885540009,0.05494086444377899,0.023380283266305923,-0.04663136601448059,0.006685475818812847,0.00026922544930130243,0.1937435269355774,0.07983683049678802,0.02850784920156002,0.014881168492138386,0.00860829371958971,0.026826292276382446,0.1338888555765152,0.5137071013450623,
sdedit_0.3,311000000001,wam,0.6875,22,0.025051229866221547,False,26,False,0.018472171993980716,23.104768753051758,0.07517533749341965,0.0781129002571106,-0.07129702717065811,-0.42782461643218994,-0.2448328286409378,0.3610905110836029,-0.030086029320955276,-0.16585387289524078,0.4774402379989624,0.3001139461994171,0.08461408317089081,0.0426931194961071,0.028824452310800552,0.024147137999534607,0.021722421050071716,0.020444627851247787,0.0235748291015625
sdedit_0.3,311000000001,trustmark,0.49,49,0.6178232827986663,False,66,False,0.04854043303694724,7.062623500823975,0.22861558198928833,0.1812690943479538,-0.009640016593039036,0.2551291286945343,0.10345650464296341,0.04600311815738678,-0.2621011435985565,-0.26882314682006836,0.8466776013374329,0.11864253133535385,0.010575060732662678,0.011133533902466297,0.006377772893756628,0.0027205997612327337,0.0020553546492010355,0.0018176054581999779,
sdedit_0.3,311000000001,dwtdct,0.46875,15,0.7016925520729274,False,26,False,0.06374261910413676,27.435243606567383,0.10506048053503036,0.2262846827507019,0.04533030837774277,-0.12890973687171936,0.3329058885574341,0.34426653385162354,-0.4662182629108429,0.08089953660964966,0.7028171420097351,0.17527322471141815,0.030985917896032333,0.029442498460412025,0.013290029019117355,0.015949629247188568,0.012805232778191566,0.019436273723840714,
sdedit_0.3,311000000002,wam,0.59375,19,0.18854279373772442,False,26,False,0.03404850005345717,39.59019088745117,0.324090838432312,0.22431781888008118,-0.03925582394003868,-0.015076793730258942,-0.12823152542114258,-0.1089802086353302,-0.02194404788315296,0.10680896043777466,0.529133677482605,0.3198453485965729,0.07579415291547775,0.03045782446861267,0.01658935472369194,0.011364305391907692,0.00891049113124609,0.007904822938144207,0.0
sdedit_0.3,311000000002,trustmark,0.47,47,0.7579407931963542,False,66,False,0.13866826566906565,7.480220794677734,0.42714694142341614,0.5965288281440735,0.3573967516422272,-0.46046921610832214,-0.2528891861438751,-0.13271291553974152,0.05993371456861496,-0.12746809422969818,0.8706583976745605,0.11253654211759567,0.005740195978432894,0.004571909550577402,0.002858975436538458,0.0014658709987998009,0.0011152419028803706,0.0010528613347560167,
sdedit_0.3,311000000002,dwtdct,0.5,16,0.5699749670457095,False,26,False,0.04090043232678826,34.839378356933594,0.047659680247306824,0.22980323433876038,-0.05186556652188301,0.11783473938703537,0.1618868112564087,0.011587079614400864,0.040048252791166306,3.4431715903338045e-05,0.5583849549293518,0.1632785052061081,0.03903079405426979,0.03142089396715164,0.019696295261383057,0.024195902049541473,0.048743754625320435,0.11524892598390579,
sdedit_0.3,411000000000,wam,0.84375,27,5.653710104525089e-05,True,26,False,0.026795848321959997,20.623716354370117,0.10258045047521591,0.07532991468906403,-0.055776987224817276,0.023417510092258453,0.34875521063804626,0.2515307068824768,0.10124649107456207,0.08458761125802994,0.4829418361186981,0.3043068051338196,0.07994569092988968,0.04641115665435791,0.029984381049871445,0.022076206281781197,0.018030881881713867,0.01630299724638462,0.118927001953125
sdedit_0.3,411000000000,trustmark,0.45,45,0.8643734879630823,False,66,False,0.08310135336246216,8.219001770019531,0.301299124956131,0.19208624958992004,0.4852049946784973,0.41066014766693115,0.6268231868743896,-0.009629679843783379,-0.26684263348579407,-0.031107928603887558,0.8343733549118042,0.14074231684207916,0.010806996375322342,0.007128287106752396,0.003507101209834218,0.0014688122319057584,0.0010151780443266034,0.0009579291217960417,
sdedit_0.3,411000000000,dwtdct,0.59375,19,0.18854279373772442,False,26,False,0.2157684824745891,10.232084274291992,0.2363288849592209,0.08762858808040619,0.023790858685970306,-0.14052678644657135,0.05042656138539314,-0.16315586864948273,-0.015785695984959602,0.000473160034744069,0.6002619862556458,0.08334290236234665,0.021217139437794685,0.016457824036478996,0.010427949950098991,0.018179170787334442,0.06253836303949356,0.1875746250152588,
sdedit_0.3,411000000001,wam,0.75,24,0.0035001833457499743,False,26,False,0.05218750666225139,44.80720138549805,0.358236700296402,0.11838506162166595,0.1327589899301529,0.11671806126832962,-0.041712865233421326,0.6128976345062256,-0.0773749127984047,-0.05156995356082916,0.5126067996025085,0.3274557590484619,0.0698053389787674,0.030140627175569534,0.019268082454800606,0.014986135996878147,0.013133136555552483,0.01260407269001007,0.087158203125
sdedit_0.3,411000000001,trustmark,0.47,47,0.7579407931963542,False,66,False,0.07038345416231712,11.018669128417969,0.3290562331676483,0.2928451895713806,-0.04612016677856445,0.17494632303714752,0.23291973769664764,-0.23973554372787476,0.1368795484304428,0.030938731506466866,0.8399035930633545,0.1299179345369339,0.011746898293495178,0.00855184905230999,0.00469275051727891,0.0021742882672697306,0.0015739563386887312,0.0014387008268386126,
sdedit_0.3,411000000001,dwtdct,0.65625,21,0.055092082591727376,False,26,False,0.048950847993346064,15.63101577758789,0.3439735174179077,0.061944764107465744,0.051080334931612015,-0.05523654818534851,-0.06734763085842133,0.08291247487068176,0.0048391567543148994,-0.013083365745842457,0.19316896796226501,0.07302357256412506,0.03628731891512871,0.02837059646844864,0.02808956615626812,0.054290372878313065,0.14567594230175018,0.44109368324279785,
sdedit_0.3,411000000002,wam,0.34375,11,0.9749487701337785,False,26,False,0.06456520030134198,5.339247226715088,0.08119095116853714,0.08236479014158249,8.76661142683588e-05,-0.04332467541098595,-0.02252446673810482,0.046261608600616455,-0.012501769699156284,0.0003893741231877357,0.5370052456855774,0.3128719925880432,0.07256174832582474,0.0302071925252676,0.016741197556257248,0.01185715664178133,0.00984106119722128,0.008914422243833542,0.0
sdedit_0.3,411000000002,trustmark,0.51,51,0.46020538130641103,False,66,False,0.28550795226909237,2.2191712856292725,0.5426957011222839,0.410212904214859,0.29002103209495544,-0.0061156670562922955,-0.01893354207277298,0.07638102769851685,-0.014011749066412449,-0.002034626668319106,0.9262720346450806,0.059805672615766525,0.00511689530685544,0.0038574698846787214,0.0020773843862116337,0.0010925736278295517,0.0008983335574157536,0.000879505299963057,
sdedit_0.3,411000000002,dwtdct,0.5,16,0.5699749670457095,False,26,False,0.2296689081883232,3.7830135822296143,0.4658811092376709,0.1295343041419983,0.02290373295545578,-0.05651026964187622,0.014972367323935032,0.009708608500659466,0.01049382146447897,-0.0007765787886455655,0.5936288833618164,0.12083037942647934,0.028727969154715538,0.022985270246863365,0.014362004585564137,0.016267158091068268,0.03010094165802002,0.1730974316596985,
sdedit_0.3,511000000000,wam,0.8125,26,0.0002675263676792383,True,26,False,0.0941526894841289,35.41200256347656,0.506365954875946,0.21467147767543793,-0.15160386264324188,0.18650974333286285,-0.3867943584918976,-0.46163901686668396,0.09999826550483704,0.14133566617965698,0.4647049903869629,0.3469716012477875,0.06894045323133469,0.031234560534358025,0.023249737918376923,0.021726053208112717,0.021532753482460976,0.021639885380864143,0.9395751953125
sdedit_0.3,511000000000,trustmark,0.48,48,0.6913502932053738,False,66,False,0.06027596775957502,19.837779998779297,0.6084032654762268,0.42314019799232483,1.0065521001815796,-0.01450840849429369,0.0273558609187603,0.002724255667999387,0.08340264111757278,-0.4901624917984009,0.8670289516448975,0.08623895049095154,0.012792603112757206,0.016219928860664368,0.009904795326292515,0.0034869180526584387,0.0023464809637516737,0.0019813780672848225,
sdedit_0.3,511000000000,dwtdct,0.59375,19,0.18854279373772442,False,26,False,0.2798428672184045,18.580659866333008,1.5402408838272095,0.9367037415504456,-0.21803174912929535,0.0030334927141666412,0.4681837558746338,0.6898351907730103,0.26426437497138977,-0.025459084659814835,0.8296099901199341,0.04021575674414635,0.01137582678347826,0.0072195627726614475,0.00421938905492425,0.009499868378043175,0.026529554277658463,0.07133011519908905,
sdedit_0.3,511000000001,wam,0.6875,22,0.025051229866221547,False,26,False,0.024689481044968646,109.75786590576172,0.38337042927742004,0.44458407163619995,0.13100776076316833,0.005468626972287893,0.4116578698158264,0.2840445339679718,-0.23213130235671997,0.2444545477628708,0.5178490281105042,0.26416218280792236,0.07328743487596512,0.04371395707130432,0.032267458736896515,0.026475900784134865,0.02234436385333538,0.019899606704711914,0.0465087890625
sdedit_0.3,511000000001,trustmark,0.6,60,0.028443966820490444,False,66,False,0.04442050547899783,23.97768211364746,0.28183677792549133,0.2503115236759186,0.14557400345802307,0.24189960956573486,0.747340738773346,-0.5581434965133667,-0.41534850001335144,-0.46525904536247253,0.7991837859153748,0.16904190182685852,0.012592960149049759,0.009873416274785995,0.0049695903435349464,0.0018890633946284652,0.0012804552679881454,0.0011687822407111526,
sdedit_0.3,511000000001,dwtdct,0.59375,19,0.18854279373772442,False,26,False,0.12812430178988318,70.3778076171875,0.9187650680541992,0.22199536859989166,1.063171148300171,0.8512073159217834,0.18480509519577026,0.007374309469014406,0.16991271078586578,0.11972402036190033,0.6948694586753845,0.07378111034631729,0.02437588945031166,0.019357725977897644,0.015016867779195309,0.021846391260623932,0.04623793810606003,0.10451462864875793,
sdedit_0.3,511000000002,wam,0.5,16,0.5699749670457095,False,26,False,0.043135923904345605,33.98054504394531,0.6642279624938965,0.24346588551998138,0.12311391532421112,0.1836330145597458,0.09956782311201096,-0.06245403364300728,0.013818558305501938,0.07689283043146133,0.4941858947277069,0.2771359384059906,0.09040826559066772,0.050061605870723724,0.03197772800922394,0.023215951398015022,0.017421822994947433,0.01559287030249834,0.535919189453125
sdedit_0.3,511000000002,trustmark,0.44,44,0.9033260477521787,False,66,False,0.08680678240420624,9.036116600036621,0.4315153956413269,0.26823726296424866,0.051481943577528,0.01648693159222603,0.051514413207769394,0.016961699351668358,0.13545571267604828,0.1162572056055069,0.8882787823677063,0.09086959064006805,0.006933166179805994,0.006270387209951878,0.003632890759035945,0.001638110727071762,0.001238974160514772,0.0011380392825230956,
sdedit_0.3,511000000002,dwtdct,0.71875,23,0.010030803503468633,False,26,False,0.0386647142781866,43.23772048950195,0.562680184841156,0.20011277496814728,0.04891210049390793,-0.13660398125648499,-0.0602668821811676,-0.11547663807868958,0.0031327311880886555,0.060280267149209976,0.5185473561286926,0.16141822934150696,0.03871995583176613,0.0296517014503479,0.017808562144637108,0.024524547159671783,0.05834519863128662,0.15098439157009125,
sdedit_0.3,611000000000,wam,0.6875,22,0.025051229866221547,False,26,False,0.0727323992481879,15.4673433303833,0.3924880027770996,0.22554445266723633,0.025157086551189423,-0.0545920766890049,0.04019900783896446,-0.07062377035617828,-0.08566334843635559,0.010372343473136425,0.54770827293396,0.31799569725990295,0.06586451083421707,0.025914808735251427,0.015413223765790462,0.010984133929014206,0.0085916081443429,0.007527679670602083,0.03143310546875
sdedit_0.3,611000000000,trustmark,0.51,51,0.46020538130641103,False,66,False,0.1398384377546257,5.900721073150635,0.48274368047714233,0.2852245271205902,0.3240104019641876,0.2005949169397354,-0.022724807262420654,0.2072499841451645,-0.0005169807118363678,-0.020820913836359978,0.9064416885375977,0.06306816637516022,0.00965792778879404,0.009756896644830704,0.005231423303484917,0.0024850505869835615,0.0017407701816409826,0.0016180527163669467,
sdedit_0.3,611000000000,dwtdct,0.375,12,0.9449079174082726,False,26,False,0.0963838293587215,8.943831443786621,0.37762436270713806,0.3304671347141266,0.1011444628238678,0.09619363397359848,-0.1051710695028305,-0.026659749448299408,-0.014380262233316898,0.0073683359660208225,0.4257042109966278,0.11757387965917587,0.04579642787575722,0.028200481086969376,0.01634133979678154,0.04684906080365181,0.12841439247131348,0.19112026691436768,
sdedit_0.3,611000000001,wam,0.75,24,0.0035001833457499743,False,26,False,0.04919639607190126,78.29158020019531,0.835248589515686,0.3433523178100586,0.379844605922699,0.13365155458450317,0.2956189811229706,0.7095535397529602,-0.1954466849565506,-0.33612972497940063,0.6792927980422974,0.1840447187423706,0.05449170246720314,0.024190379306674004,0.016903210431337357,0.0154549740254879,0.013735178858041763,0.01188707072287798,0.0211029052734375
sdedit_0.3,611000000001,trustmark,0.49,49,0.6178232827986663,False,66,False,0.059480520836451674,23.21312713623047,0.3481709659099579,0.24285253882408142,0.33007723093032837,0.48981407284736633,0.5734196305274963,0.34716540575027466,0.5307162404060364,-0.25923386216163635,0.838160514831543,0.1440764218568802,0.006350793410092592,0.005232968833297491,0.0030776432249695063,0.0013482262147590518,0.0009088219376280904,0.0008446232532151043,
sdedit_0.3,611000000001,dwtdct,0.4375,14,0.8114572062622756,False,26,False,0.022399467342910945,89.28775787353516,0.1189301460981369,0.1635446846485138,-0.024484578520059586,-0.030860893428325653,-0.07795961201190948,0.01865413784980774,-0.06804702430963516,-0.0404721237719059,0.6101182699203491,0.15533025562763214,0.03890229016542435,0.031986549496650696,0.021588919684290886,0.023745084181427956,0.031631555408239365,0.0866970643401146,
sdedit_0.3,611000000002,wam,0.5625,18,0.29830744792707264,False,26,False,0.020860303248467185,61.892601013183594,0.19217434525489807,0.16118058562278748,0.007896129973232746,0.17408134043216705,0.18067461252212524,0.08285952359437943,0.11213590949773788,0.03689965978264809,0.4780780076980591,0.33543509244918823,0.06771109998226166,0.03302605077624321,0.0296626053750515,0.019084131345152855,0.017070405185222626,0.019932564347982407,0.0
sdedit_0.3,611000000002,trustmark,0.5,50,0.5397946186935889,False,66,False,0.06188202659221536,16.722360610961914,0.3606923520565033,0.18914583325386047,0.06569553166627884,0.05275309830904007,0.09237245470285416,-0.20767590403556824,-0.18723565340042114,0.17502012848854065,0.8525089025497437,0.0849963128566742,0.011161403730511665,0.01581421121954918,0.027437057346105576,0.00420338986441493,0.00207640347070992,0.0018023692537099123,
sdedit_0.3,611000000002,dwtdct,0.46875,15,0.7016925520729274,False,26,False,0.042108772520337415,61.95569610595703,0.2877908945083618,0.11969861388206482,0.011629708111286163,0.13381856679916382,0.010468431748449802,-0.14064307510852814,-0.05724265053868294,-0.027122385799884796,0.5407037138938904,0.12422426789999008,0.03183234855532646,0.02577151171863079,0.018581978976726532,0.026496119797229767,0.06108209118247032,0.1713080257177353,
sdedit_0.3,711000000000,wam,0.3125,10,0.9899691964965314,False,26,False,0.021459400403757652,56.830345153808594,0.26879486441612244,0.22050020098686218,0.030484357848763466,-0.12528444826602936,-0.041431836783885956,0.41520270705223083,0.20710121095180511,0.05945539474487305,0.5905660390853882,0.21745118498802185,0.07492592930793762,0.040054548531770706,0.02746708318591118,0.01998230628669262,0.0157623328268528,0.013790571130812168,0.0
sdedit_0.3,711000000000,trustmark,0.51,51,0.46020538130641103,False,66,False,0.03933090607159891,15.51889419555664,0.2672274708747864,0.08812594413757324,-0.025361452251672745,-0.360083669424057,-0.3715040683746338,-0.31463783979415894,-0.3702780604362488,-0.058149952441453934,0.9090657234191895,0.0675719603896141,0.007403472438454628,0.007119175046682358,0.004260844551026821,0.001993828220292926,0.0013624384300783277,0.0012225256068632007,
sdedit_0.3,711000000000,dwtdct,0.5625,18,0.29830744792707264,False,26,False,0.047196426357205515,51.22985076904297,0.5973353385925293,0.22937096655368805,-0.043712664395570755,0.444679856300354,0.1560768485069275,0.10715672373771667,0.029538916423916817,0.10771379619836807,0.6355594992637634,0.1436235010623932,0.0356755405664444,0.028299478814005852,0.01788020320236683,0.019601069390773773,0.029077088460326195,0.09028361737728119,
sdedit_0.3,711000000001,wam,0.6875,22,0.025051229866221547,False,26,False,0.13883238426319633,3.667327880859375,0.2574155032634735,0.1760566085577011,-0.04184729978442192,-0.08238467574119568,0.0275566428899765,0.007030864711850882,0.0422360822558403,0.13200786709785461,0.5486519932746887,0.30858951807022095,0.07082604616880417,0.02710711769759655,0.015559445135295391,0.011253349483013153,0.009287227876484394,0.008725335821509361,0.0240478515625
sdedit_0.3,711000000001,trustmark,0.59,59,0.04431304005703379,False,66,False,0.2043338615480165,1.9623541831970215,0.4379223585128784,0.3945838212966919,0.1745452582836151,-0.07954518496990204,-0.0007771594100631773,0.07999452948570251,0.12313727289438248,0.016366207972168922,0.903200626373291,0.07123569399118423,0.009910930879414082,0.007324244827032089,0.003872083965688944,0.0017568967305123806,0.0013828141381964087,0.0013166841818019748,
sdedit_0.3,711000000001,dwtdct,0.625,20,0.10766357486136258,False,26,False,0.20300548050431058,2.1567704677581787,0.2984970211982727,0.17919299006462097,0.04077525436878204,0.0015992379048839211,0.036455217748880386,-0.002637306461110711,0.021788720041513443,0.003016202710568905,0.40573328733444214,0.10513664036989212,0.028170796111226082,0.021796628832817078,0.01415701862424612,0.019002115353941917,0.061004556715488434,0.3449989855289459,
sdedit_0.3,711000000002,wam,0.5625,18,0.29830744792707264,False,26,False,0.01722031942027434,52.36899948120117,0.27430853247642517,0.10328099876642227,-0.029883500188589096,0.0558074489235878,0.08024183660745621,0.10100846737623215,-0.16424621641635895,0.08779340982437134,0.433043509721756,0.33420684933662415,0.08950919657945633,0.04512253403663635,0.031886760145425797,0.025526029989123344,0.021093035116791725,0.019612077623605728,0.12799072265625
sdedit_0.3,711000000002,trustmark,0.55,55,0.18410080866334808,False,66,False,0.08012686687346705,14.120638847351074,0.41980859637260437,0.21868570148944855,0.0752170979976654,0.22334864735603333,0.08564427495002747,-0.08393705636262894,0.006787661463022232,-0.129100039601326,0.8646496534347534,0.10051214694976807,0.011463797651231289,0.012890579178929329,0.006149499211460352,0.0021585458889603615,0.0011595820542424917,0.0010162335820496082,
sdedit_0.3,711000000002,dwtdct,0.59375,19,0.18854279373772442,False,26,False,0.036184777939629716,42.93570327758789,0.2543729245662689,0.1613621860742569,0.13212144374847412,0.22913600504398346,0.038154348731040955,0.027660196647047997,0.08215923607349396,0.019254157319664955,0.4431658089160919,0.11370819061994553,0.03564988821744919,0.030305176973342896,0.025356050580739975,0.04171987250447273,0.09528813511133194,0.21480683982372284,
sdedit_0.3,811000000000,wam,0.5,16,0.5699749670457095,False,26,False,0.030520778089465902,33.369449615478516,0.6070564389228821,0.1808243840932846,0.2643171548843384,0.060103803873062134,-0.07137679308652878,-0.07994358986616135,0.2216338813304901,-0.025786569342017174,0.5654860138893127,0.24684154987335205,0.07752440869808197,0.03948312625288963,0.02542213350534439,0.01791241392493248,0.014189241454005241,0.013141152448952198,0.0
sdedit_0.3,811000000000,trustmark,0.55,55,0.18410080866334808,False,66,False,0.07494770017729954,13.431086540222168,0.45052722096443176,0.08844305574893951,0.14467813074588776,0.17064400017261505,0.10353763401508331,-0.18494616448879242,0.5182941555976868,0.05850813165307045,0.88388592004776,0.08504621684551239,0.01000254601240158,0.011020492762327194,0.005350329913198948,0.002122177043929696,0.0013493343722075224,0.0012229382991790771,
sdedit_0.3,811000000000,dwtdct,0.5,16,0.5699749670457095,False,26,False,0.06987017530147703,34.731815338134766,0.4979493021965027,0.2826957106590271,0.04609040915966034,0.12330299615859985,-0.31480664014816284,-0.17902302742004395,0.13134683668613434,-0.07948959618806839,0.7501429915428162,0.1372448205947876,0.02963218092918396,0.024940377101302147,0.013801183551549911,0.014024610631167889,0.011513612233102322,0.018700135871767998,
sdedit_0.3,811000000001,wam,0.4375,14,0.8114572062622756,False,26,False,0.03515397533875146,59.679054260253906,0.45464593172073364,0.28660500049591064,0.24807003140449524,0.08651049435138702,0.07983987778425217,-0.01335657387971878,-0.16055741906166077,-0.10903672128915787,0.5417382121086121,0.2857060134410858,0.06923376768827438,0.03447338193655014,0.023066192865371704,0.017640195786952972,0.014601320959627628,0.013540874235332012,0.0
sdedit_0.3,811000000001,trustmark,0.48,48,0.6913502932053738,False,66,False,0.1454064626700415,8.1111421585083,0.4952089190483093,0.4109843969345093,0.15796753764152527,-0.16250409185886383,-0.07159540057182312,0.22575391829013824,0.04929403215646744,0.06794837862253189,0.8466647267341614,0.13479271531105042,0.007252131123095751,0.00600419519469142,0.0030840234830975533,0.0010702115250751376,0.000595113611780107,0.0005369628197513521,
sdedit_0.3,811000000001,dwtdct,0.40625,13,0.8923364251386374,False,26,False,0.024694819315625602,29.467296600341797,0.4230543375015259,0.3106110990047455,0.19941042363643646,-5.232862531556748e-05,0.1795172095298767,-0.035539209842681885,0.012212274596095085,-0.011763977818191051,0.2167290598154068,0.09348902851343155,0.030332989990711212,0.01770738698542118,0.01203361339867115,0.030067795887589455,0.1475314348936081,0.4521086513996124,
sdedit_0.3,811000000002,wam,0.71875,23,0.010030803503468633,False,26,False,0.031021352245218643,66.32169342041016,0.4405801296234131,0.08194209635257721,-0.1689177304506302,-0.01901809498667717,0.061477161943912506,0.008120824582874775,0.12664753198623657,-0.23109671473503113,0.47387897968292236,0.32623153924942017,0.08054465055465698,0.041072946041822433,0.0276059377938509,0.020237917080521584,0.01604987494647503,0.01437816210091114,0.564697265625
sdedit_0.3,811000000002,trustmark,0.5,50,0.5397946186935889,False,66,False,0.08447575539901792,13.339463233947754,0.3818880319595337,0.2219480276107788,-0.21868349611759186,0.07056797295808792,0.09469500184059143,-0.17426042258739471,0.01681513898074627,-0.22921207547187805,0.8431917428970337,0.1329747438430786,0.008181746117770672,0.008183483965694904,0.004017195198684931,0.0015599168837070465,0.0009870572248473763,0.0009040848235599697,
sdedit_0.3,811000000002,dwtdct,0.5,16,0.5699749670457095,False,26,False,0.06683498929691353,52.32311248779297,0.5539696216583252,0.18490538001060486,0.26716557145118713,-0.11618836969137192,0.16018342971801758,-0.28722628951072693,-0.02795049175620079,-0.0040524983778595924,0.5660524964332581,0.14142240583896637,0.03640883415937424,0.02865803800523281,0.01918468438088894,0.022469952702522278,0.04750021919608116,0.13830336928367615,
sdedit_0.3,911000000000,wam,0.6875,22,0.025051229866221547,False,26,False,0.05117427899602373,33.118167877197266,0.361183226108551,0.3031485378742218,0.10126558691263199,0.033062759786844254,0.016378583386540413,-0.036372169852256775,0.050736311823129654,0.09055307507514954,0.49030932784080505,0.351094126701355,0.07895099371671677,0.03158894181251526,0.018132278695702553,0.012650015763938427,0.009366901591420174,0.007907487452030182,0.0
sdedit_0.3,911000000000,trustmark,0.54,54,0.24205920680364573,False,66,False,0.19386991420287483,4.3015522956848145,0.4568171203136444,0.37803930044174194,-0.095428965985775,0.18594448268413544,-0.03257855400443077,-0.13624607026576996,-0.031179102137684822,-0.04556262865662575,0.8115922212600708,0.17752999067306519,0.004777936730533838,0.0028944204095751047,0.0014754598960280418,0.0006486388156190515,0.000552479934412986,0.0005288522806949914,
sdedit_0.3,911000000000,dwtdct,0.5,16,0.5699749670457095,False,26,False,0.06883039292526634,31.22043228149414,0.08880874514579773,0.3103501498699188,0.09965095669031143,0.01951616071164608,-0.07830913364887238,0.028420085087418556,-0.033307865262031555,-0.00029659722349606454,0.5602592825889587,0.15910615026950836,0.03624279052019119,0.030317774042487144,0.01820567436516285,0.02003495581448078,0.02951996959745884,0.1463133692741394,
sdedit_0.3,911000000001,wam,0.71875,23,0.010030803503468633,False,26,False,0.119064979922369,10.658256530761719,0.5862323045730591,0.11390465497970581,0.001658187829889357,-0.19636330008506775,-0.30259472131729126,-0.2972530126571655,-0.13272398710250854,-0.03956799954175949,0.6615187525749207,0.16151487827301025,0.06755076348781586,0.041334666311740875,0.02724909968674183,0.01783059351146221,0.012406592257320881,0.010594664141535759,0.0967559814453125
sdedit_0.3,911000000001,trustmark,0.68,68,0.00020438858371340761,True,66,False,0.3472374708925102,5.8306803703308105,1.0785984992980957,0.35236647725105286,0.00549026345834136,-0.00952247716486454,0.00458032451570034,-0.04053511470556259,0.007876100949943066,0.14355117082595825,0.9164144992828369,0.056635480374097824,0.011570434086024761,0.0070986938662827015,0.004161899909377098,0.0018520164303481579,0.0011962250573560596,0.0010707288747653365,
sdedit_0.3,911000000001,dwtdct,0.4375,14,0.8114572062622756,False,26,False,0.10998723245817713,22.340539932250977,1.179280161857605,0.22115005552768707,-0.09873965382575989,-0.08302851021289825,-0.24722619354724884,-0.15998423099517822,0.034665122628211975,0.2201187163591385,0.7811867594718933,0.12794850766658783,0.025776317343115807,0.022385986521840096,0.011778871528804302,0.012101322412490845,0.008711086586117744,0.010111158713698387,
sdedit_0.3,911000000002,wam,0.625,20,0.10766357486136258,False,26,False,0.04649608580257326,7.903411388397217,0.06045113876461983,0.03739132732152939,-0.007778344210237265,0.01262714434415102,0.04658697545528412,-0.026390181854367256,-0.0064758844673633575,-0.06849640607833862,0.5113195180892944,0.32524871826171875,0.07398275285959244,0.03192908689379692,0.020006118342280388,0.014876727014780045,0.011939045041799545,0.010697988793253899,0.0
sdedit_0.3,911000000002,trustmark,0.55,55,0.18410080866334808,False,66,False,0.16911226944776994,3.4899239540100098,0.41813117265701294,0.21633370220661163,0.09181909263134003,0.22590799629688263,0.058802563697099686,0.011097058653831482,-0.003881351090967655,0.055225446820259094,0.9025200009346008,0.07857324928045273,0.008521463721990585,0.00538736442103982,0.002545042196288705,0.0010834344429895282,0.0006994819268584251,0.0006699418881908059,
sdedit_0.3,911000000002,dwtdct,0.34375,11,0.9749487701337785,False,26,False,0.06689169054294282,3.0100276470184326,0.25697532296180725,0.20976227521896362,0.09624352306127548,-0.01470857486128807,0.02363615296781063,0.02783767692744732,-0.005271350033581257,0.00028283934807404876,0.14097397029399872,0.06433212012052536,0.031929902732372284,0.014734234660863876,0.009460242465138435,0.037400536239147186,0.1761150062084198,0.5250539779663086,
sdedit_0.5,111000000000,wam,0.5,16,0.5699749670457095,False,26,False,0.005191448269704967,31.14533233642578,0.06381130963563919,-0.007815476506948471,0.05835259333252907,0.0620710514485836,-0.05460398271679878,-0.0476854033768177,0.002409686567261815,0.03486387059092522,0.4909657835960388,0.2869327664375305,0.07971099764108658,0.044517118483781815,0.03187786415219307,0.02576402947306633,0.021479779854416847,0.018751632422208786,0.0
sdedit_0.5,111000000000,trustmark,0.51,51,0.46020538130641103,False,66,False,0.03312362401542187,11.043057441711426,0.15202653408050537,0.1489834040403366,0.23198285698890686,-0.020731940865516663,-0.027388857677578926,-0.019020861014723778,0.014732901006937027,-0.04257938638329506,0.868170440196991,0.09537896513938904,0.01680462621152401,0.010729683563113213,0.004394536837935448,0.0020179080311208963,0.001313544693402946,0.001190363778732717,
sdedit_0.5,111000000000,dwtdct,0.5,16,0.5699749670457095,False,26,False,0.024370076929421825,8.014936447143555,0.24148425459861755,0.09452871233224869,-0.05027609318494797,0.02226768434047699,-0.042041461914777756,-0.0016603163676336408,-0.0015503158792853355,-0.0017737840535119176,0.15216408669948578,0.05609704554080963,0.022938840091228485,0.023844877257943153,0.023795556277036667,0.04578998684883118,0.16393698751926422,0.5114325881004333,
sdedit_0.5,111000000001,wam,0.5625,18,0.29830744792707264,False,26,False,0.00816473370830685,15.72701644897461,-0.07277680188417435,0.17600606381893158,-0.1308615654706955,0.022912951186299324,-0.11362653970718384,-0.11463666707277298,-0.16319075226783752,-0.133137509226799,0.49373912811279297,0.3253045678138733,0.07619427144527435,0.03407123684883118,0.02306503802537918,0.018162855878472328,0.015563399530947208,0.013899528421461582,0.0
sdedit_0.5,111000000001,trustmark,0.44,44,0.9033260477521787,False,66,False,0.12771792713662233,3.4313175678253174,0.31229981780052185,0.2124914973974228,0.17025233805179596,0.14976514875888824,0.016336742788553238,-0.09037815779447556,0.02780127339065075,-0.006385511718690395,0.8998017907142639,0.07487267255783081,0.007707301527261734,0.008353587239980698,0.004547053016722202,0.002061080653220415,0.0013862864580005407,0.0012702278327196836,
sdedit_0.5,111000000001,dwtdct,0.40625,13,0.8923364251386374,False,26,False,0.11917793691792258,12.558690071105957,0.2040710151195526,0.04304654896259308,0.09380863606929779,0.07979660481214523,0.04849027097225189,-0.01643320359289646,-0.0009817035170271993,-0.0029579615220427513,0.7009140849113464,0.15673001110553741,0.03451429307460785,0.028185013681650162,0.015798481181263924,0.016497313976287842,0.01658867672085762,0.030772166326642036,
sdedit_0.5,111000000002,wam,0.5625,18,0.29830744792707264,False,26,False,0.0328776482700147,42.75416564941406,0.20195606350898743,0.2483045607805252,-0.07098816335201263,-0.17351442575454712,0.15018215775489807,-0.11455003917217255,-0.02020328864455223,0.1600523740053177,0.5545620322227478,0.3076818585395813,0.06731348484754562,0.026065479964017868,0.014794515445828438,0.01069843489676714,0.00951814278960228,0.009366023354232311,0.0
sdedit_0.5,111000000002,trustmark,0.48,48,0.6913502932053738,False,66,False,0.06525628022489861,5.523495197296143,0.29034745693206787,0.17207589745521545,0.05825423821806908,0.00557449646294117,0.16381563246250153,0.11984235048294067,0.10491284728050232,-0.06712274998426437,0.9044100642204285,0.073255255818367,0.006430597510188818,0.005962289869785309,0.004389445763081312,0.0022506434470415115,0.0017025248380377889,0.001599277020432055,
sdedit_0.5,111000000002,dwtdct,0.5625,18,0.29830744792707264,False,26,False,0.1456264914606824,18.043420791625977,0.3589995205402374,0.2060544341802597,-0.012563343159854412,0.0033767058048397303,-0.0769849494099617,0.08684887737035751,0.0031231706961989403,0.03565194085240364,0.5893624424934387,0.11926187574863434,0.027844836935400963,0.02286319062113762,0.014301889576017857,0.021169332787394524,0.05247074365615845,0.1527257263660431,
sdedit_0.5,211000000000,wam,0.59375,19,0.18854279373772442,False,26,False,0.013977697886477932,82.01812744140625,0.03962961211800575,0.16221682727336884,0.21867699921131134,0.5788217186927795,0.289013147354126,0.10906040668487549,-0.026399359107017517,0.08709527552127838,0.558303952217102,0.30142277479171753,0.06833090633153915,0.02719290927052498,0.014641983434557915,0.011155383661389351,0.009668014943599701,0.009284126572310925,0.0
sdedit_0.5,211000000000,trustmark,0.45,45,0.8643734879630823,False,66,False,0.04926363942038408,20.18075180053711,0.28096747398376465,0.2534409463405609,0.23257406055927277,0.03704597055912018,0.20962312817573547,0.01736835390329361,0.007516610901802778,0.11542382836341858,0.8809391260147095,0.10271713137626648,0.00538376672193408,0.004268735181540251,0.0029885706026107073,0.0015160896582528949,0.0011383554665371776,0.0010482755023986101,
sdedit_0.5,211000000000,dwtdct,0.5625,18,0.29830744792707264,False,26,False,0.10861034044371001,66.25874328613281,0.24452370405197144,-0.019835181534290314,0.14641337096691132,0.2683235704898834,0.10184285044670105,0.031091125681996346,-0.05338611081242561,-0.03777175024151802,0.7556342482566833,0.10776413232088089,0.025341005995869637,0.020254014059901237,0.012144509702920914,0.012669485062360764,0.018530119210481644,0.04766251891851425,
sdedit_0.5,211000000001,wam,0.53125,17,0.4300250329542905,False,26,False,0.005534025146680138,117.04524993896484,0.08114583790302277,-0.09999082237482071,0.1637732982635498,-0.2784454822540283,-0.285089910030365,-0.6203778982162476,-0.28378066420555115,-0.3296188712120056,0.47525903582572937,0.34629905223846436,0.07551712542772293,0.033810537308454514,0.022353610023856163,0.017284711822867393,0.015231774188578129,0.014244244433939457,0.0
sdedit_0.5,211000000001,trustmark,0.53,53,0.3086497067946262,False,66,False,0.06299764764986318,23.64567756652832,0.48486706614494324,0.22013415396213531,0.09540263563394547,0.46685948967933655,0.6195584535598755,0.07232912629842758,0.16691532731056213,-0.1493222564458847,0.8490867614746094,0.12125805020332336,0.009989102371037006,0.010051432065665722,0.005240860860794783,0.0020682746544480324,0.0012381096603348851,0.001067416276782751,
sdedit_0.5,211000000001,dwtdct,0.75,24,0.0035001833457499743,False,26,False,0.013597290774118857,229.0757293701172,-0.12790365517139435,-0.09667681902647018,-0.32179397344589233,0.3691615164279938,0.1370193213224411,0.00947660207748413,0.21398741006851196,-0.008419559337198734,0.5012224912643433,0.16551938652992249,0.03814740478992462,0.03174716606736183,0.018690219148993492,0.028430817648768425,0.071953184902668,0.14428935945034027,
sdedit_0.5,211000000002,wam,0.53125,17,0.4300250329542905,False,26,False,0.005229303677683044,91.98320007324219,0.0497363843023777,0.04425140842795372,0.10691872984170914,0.3169630467891693,-0.12795761227607727,-0.17309889197349548,-0.01434878446161747,-0.001752392272464931,0.449785053730011,0.3622962534427643,0.07813761383295059,0.03450904041528702,0.023079857230186462,0.019167834892868996,0.01699977181851864,0.016024569049477577,0.0
sdedit_0.5,211000000002,trustmark,0.44,44,0.9033260477521787,False,66,False,0.04538875870578132,17.309982299804688,0.25444766879081726,0.06496748328208923,-0.24910621345043182,0.1278565376996994,0.09925844520330429,-0.3899948000907898,0.046600326895713806,0.44087278842926025,0.808323323726654,0.1540246456861496,0.013522728346288204,0.013589424081146717,0.006169362924993038,0.002166975289583206,0.0011780511122196913,0.0010255055967718363,
sdedit_0.5,211000000002,dwtdct,0.46875,15,0.7016925520729274,False,26,False,0.013549208066902773,110.38238525390625,-0.03369031473994255,0.048422034829854965,0.03856801986694336,0.21140451729297638,0.0034000249579548836,-0.0015045416075736284,0.1120973452925682,-0.012438993901014328,0.5337351560592651,0.1574651151895523,0.041402168571949005,0.034273598343133926,0.022370152175426483,0.027403652667999268,0.047844626009464264,0.13550548255443573,
sdedit_0.5,311000000000,wam,0.53125,17,0.4300250329542905,False,26,False,0.03186817397846999,85.29373168945312,1.9992071390151978,0.17371195554733276,-0.16231006383895874,0.1466534584760666,0.14439816772937775,0.04205401614308357,0.012420091778039932,0.029741650447249413,0.5684478282928467,0.2363358736038208,0.07287164032459259,0.04319372400641441,0.029236620292067528,0.020988192409276962,0.015818526968359947,0.013107631355524063,0.0
sdedit_0.5,311000000000,trustmark,0.54,54,0.24205920680364573,False,66,False,0.047097279807694035,36.32821273803711,0.42583492398262024,0.27984485030174255,0.1774393618106842,-0.005856584291905165,0.4091271460056305,0.38966068625450134,-0.4093685448169708,0.2711922228336334,0.8968952298164368,0.08030448108911514,0.009697727859020233,0.006924986839294434,0.002845690818503499,0.0013316725380718708,0.0010098558850586414,0.0009903011377900839,
sdedit_0.5,311000000000,dwtdct,0.40625,13,0.8923364251386374,False,26,False,0.006077709852390644,36.82795333862305,1.2643377780914307,0.14138439297676086,0.09664307534694672,-0.039213817566633224,-0.01458742469549179,-0.10141299664974213,-0.033128924667835236,-0.011695865541696548,0.1937435269355774,0.07983683049678802,0.02850784920156002,0.014881168492138386,0.00860829371958971,0.026826292276382446,0.1338888555765152,0.5137071013450623,
sdedit_0.5,311000000001,wam,0.5625,18,0.29830744792707264,False,26,False,0.009928010538621556,50.975929260253906,0.2003154754638672,0.10881446301937103,0.1200624480843544,0.05678759887814522,-0.17661774158477783,-0.14543797075748444,-0.1824941188097,-0.022733500227332115,0.4774402379989624,0.3001139461994171,0.08461408317089081,0.0426931194961071,0.028824452310800552,0.024147137999534607,0.021722421050071716,0.020444627851247787,0.0
sdedit_0.5,311000000001,trustmark,0.51,51,0.46020538130641103,False,66,False,0.016197914446429616,15.753253936767578,0.15841573476791382,0.00976809486746788,-0.122045136988163,-0.2686406970024109,0.38891565799713135,0.34302252531051636,0.16644878685474396,-0.43812936544418335,0.8466776013374329,0.11864253133535385,0.010575060732662678,0.011133533902466297,0.006377772893756628,0.0027205997612327337,0.0020553546492010355,0.0018176054581999779,
sdedit_0.5,311000000001,dwtdct,0.65625,21,0.055092082591727376,False,26,False,0.02397593737444591,108.76940155029297,-0.04604630172252655,0.24769389629364014,-0.22860561311244965,0.1533227115869522,-0.350547730922699,0.34863990545272827,0.3309831917285919,-0.07512790709733963,0.7028171420097351,0.17527322471141815,0.030985917896032333,0.029442498460412025,0.013290029019117355,0.015949629247188568,0.012805232778191566,0.019436273723840714,
sdedit_0.5,311000000002,wam,0.59375,19,0.18854279373772442,False,26,False,0.01345991145430007,79.48601531982422,0.1412438601255417,0.16234907507896423,0.1373339295387268,0.3866018056869507,0.18600621819496155,0.13359086215496063,-0.06928999722003937,0.0910627692937851,0.529133677482605,0.3198453485965729,0.07579415291547775,0.03045782446861267,0.01658935472369194,0.011364305391907692,0.00891049113124609,0.007904822938144207,0.0
sdedit_0.5,311000000002,trustmark,0.45,45,0.8643734879630823,False,66,False,0.05522323631113214,29.191505432128906,0.35088229179382324,0.5298418402671814,-0.09018906205892563,-0.213204488158226,0.057111456990242004,-0.1731330305337906,0.35450229048728943,-0.272161602973938,0.8706583976745605,0.11253654211759567,0.005740195978432894,0.004571909550577402,0.002858975436538458,0.0014658709987998009,0.0011152419028803706,0.0010528613347560167,
sdedit_0.5,311000000002,dwtdct,0.5,16,0.5699749670457095,False,26,False,0.013931806620386929,112.33279418945312,-0.04319620504975319,0.39365655183792114,-0.010467994026839733,0.08214008063077927,0.20361021161079407,-0.20397847890853882,0.054505135864019394,0.008142944425344467,0.5583849549293518,0.1632785052061081,0.03903079405426979,0.03142089396715164,0.019696295261383057,0.024195902049541473,0.048743754625320435,0.11524892598390579,
sdedit_0.5,411000000000,wam,0.53125,17,0.4300250329542905,False,26,False,0.003991227032834532,45.620208740234375,-0.02039319835603237,0.06492292135953903,0.16181057691574097,0.0029946095310151577,0.01630714349448681,0.10356784611940384,-0.08593514561653137,-0.12802466750144958,0.4829418361186981,0.3043068051338196,0.07994569092988968,0.04641115665435791,0.029984381049871445,0.022076206281781197,0.018030881881713867,0.01630299724638462,0.0
sdedit_0.5,411000000000,trustmark,0.47,47,0.7579407931963542,False,66,False,0.030969432441191318,29.88433837890625,0.25691452622413635,0.029520252719521523,0.3047925531864166,-0.0991341844201088,-0.38442462682724,0.04056501016020775,0.01648116111755371,0.12743066251277924,0.8343733549118042,0.14074231684207916,0.010806996375322342,0.007128287106752396,0.003507101209834218,0.0014688122319057584,0.0010151780443266034,0.0009579291217960417,
sdedit_0.5,411000000000,dwtdct,0.59375,19,0.18854279373772442,False,26,False,0.08407770183179691,37.884281158447266,-0.49489903450012207,-0.022335492074489594,0.09661772847175598,0.03639421984553337,-0.13031567633152008,-0.10428112745285034,0.022151410579681396,0.011360463686287403,0.6002619862556458,0.08334290236234665,0.021217139437794685,0.016457824036478996,0.010427949950098991,0.018179170787334442,0.06253836303949356,0.1875746250152588,
sdedit_0.5,411000000001,wam,0.59375,19,0.18854279373772442,False,26,False,0.0096588128277774,40.66966247558594,-0.06099551543593407,0.07469918578863144,-0.03531671687960625,-0.23215772211551666,-0.12567998468875885,0.2444344162940979,0.08251633495092392,-0.07588189840316772,0.5126067996025085,0.3274557590484619,0.0698053389787674,0.030140627175569534,0.019268082454800606,0.014986135996878147,0.013133136555552483,0.01260407269001007,0.0
sdedit_0.5,411000000001,trustmark,0.56,56,0.1356265120369177,False,66,False,0.04902615183144175,12.690587043762207,0.26702821254730225,0.16054610908031464,0.06858259439468384,0.39116233587265015,-0.22385400533676147,0.05128082260489464,0.13130253553390503,-0.138395294547081,0.8399035930633545,0.1299179345369339,0.011746898293495178,0.00855184905230999,0.00469275051727891,0.0021742882672697306,0.0015739563386887312,0.0014387008268386126,
sdedit_0.5,411000000001,dwtdct,0.65625,21,0.055092082591727376,False,26,False,0.03966448088223364,15.83886432647705,0.27127668261528015,0.028687916696071625,0.16055279970169067,0.004848938900977373,0.06902660429477692,0.09895060956478119,-0.02096620760858059,-0.027015330269932747,0.19316896796226501,0.07302357256412506,0.03628731891512871,0.02837059646844864,0.02808956615626812,0.054290372878313065,0.14567594230175018,0.44109368324279785,
sdedit_0.5,411000000002,wam,0.3125,10,0.9899691964965314,False,26,False,0.02905364518724372,5.2031636238098145,-0.003269084030762315,0.04731568694114685,0.049208179116249084,-0.00838486384600401,0.019382085651159286,-0.03478122875094414,0.015717418864369392,0.02802751399576664,0.5370052456855774,0.3128719925880432,0.07256174832582474,0.0302071925252676,0.016741197556257248,0.01185715664178133,0.00984106119722128,0.008914422243833542,0.003570556640625
sdedit_0.5,411000000002,trustmark,0.55,55,0.18410080866334808,False,66,False,0.21529590545524427,2.3930509090423584,0.44163501262664795,0.14553457498550415,0.09323607385158539,0.10433971881866455,-0.06524917483329773,-0.08053860813379288,0.06664235144853592,0.04210439324378967,0.9262720346450806,0.059805672615766525,0.00511689530685544,0.0038574698846787214,0.0020773843862116337,0.0010925736278295517,0.0008983335574157536,0.000879505299963057,
sdedit_0.5,411000000002,dwtdct,0.625,20,0.10766357486136258,False,26,False,0.19601539908110477,3.646022081375122,0.4032009541988373,0.05804464593529701,0.05857356637716293,0.007552914787083864,-0.007875332608819008,0.038831792771816254,0.004321584012359381,0.0010225959122180939,0.5936288833618164,0.12083037942647934,0.028727969154715538,0.022985270246863365,0.014362004585564137,0.016267158091068268,0.03010094165802002,0.1730974316596985,
sdedit_0.5,511000000000,wam,0.5625,18,0.29830744792707264,False,26,False,0.01517023204156886,92.27912139892578,0.11170540004968643,0.12923717498779297,-0.011701801791787148,0.38562339544296265,0.2459481954574585,0.7023729085922241,0.3428938686847687,0.06796052306890488,0.4647049903869629,0.3469716012477875,0.06894045323133469,0.031234560534358025,0.023249737918376923,0.021726053208112717,0.021532753482460976,0.021639885380864143,0.0
sdedit_0.5,511000000000,trustmark,0.49,49,0.6178232827986663,False,66,False,0.051209731525199045,44.103519439697266,0.23198255896568298,0.5465004444122314,0.25644877552986145,-0.059576522558927536,0.010173927992582321,-0.19337818026542664,0.37792298197746277,0.09007084369659424,0.8670289516448975,0.08623895049095154,0.012792603112757206,0.016219928860664368,0.009904795326292515,0.0034869180526584387,0.0023464809637516737,0.0019813780672848225,
sdedit_0.5,511000000000,dwtdct,0.4375,14,0.8114572062622756,False,26,False,0.26503868981539214,22.52444839477539,1.156063199043274,0.28127729892730713,-0.26967528462409973,0.05086920037865639,-0.03013719990849495,-0.3979684114456177,0.03284556418657303,-0.07808742672204971,0.8296099901199341,0.04021575674414635,0.01137582678347826,0.0072195627726614475,0.00421938905492425,0.009499868378043175,0.026529554277658463,0.07133011519908905,
sdedit_0.5,511000000001,wam,0.375,12,0.9449079174082726,False,26,False,0.000965247197955779,219.22988891601562,-0.1453595608472824,0.08518297225236893,0.13895335793495178,0.2676149606704712,-0.2465830296278,0.12286560237407684,0.03408576920628548,-0.041928328573703766,0.5178490281105042,0.26416218280792236,0.07328743487596512,0.04371395707130432,0.032267458736896515,0.026475900784134865,0.02234436385333538,0.019899606704711914,0.0
sdedit_0.5,511000000001,trustmark,0.45,45,0.8643734879630823,False,66,False,0.028589788866670608,96.60026550292969,0.2587411403656006,0.8462114334106445,0.7772000432014465,1.1519312858581543,0.3347999155521393,-0.5507944822311401,-0.113674096763134,-0.8860598206520081,0.7991837859153748,0.16904190182685852,0.012592960149049759,0.009873416274785995,0.0049695903435349464,0.0018890633946284652,0.0012804552679881454,0.0011687822407111526,
sdedit_0.5,511000000001,dwtdct,0.59375,19,0.18854279373772442,False,26,False,0.075846262080905,224.85983276367188,0.463063508272171,0.21618050336837769,-0.1984957605600357,-0.2473651021718979,1.1070306301116943,0.3346792161464691,0.10359561443328857,0.03937627747654915,0.6948694586753845,0.07378111034631729,0.02437588945031166,0.019357725977897644,0.015016867779195309,0.021846391260623932,0.04623793810606003,0.10451462864875793,
sdedit_0.5,511000000002,wam,0.5,16,0.5699749670457095,False,26,False,0.009284421734464428,83.59969329833984,0.5673944354057312,0.1748795360326767,0.008196950890123844,0.10447479784488678,0.23784670233726501,-0.024440882727503777,0.04002450406551361,-0.041340362280607224,0.4941858947277069,0.2771359384059906,0.09040826559066772,0.050061605870723724,0.03197772800922394,0.023215951398015022,0.017421822994947433,0.01559287030249834,0.0
sdedit_0.5,511000000002,trustmark,0.45,45,0.8643734879630823,False,66,False,0.04368547703244101,15.226885795593262,0.42833954095840454,0.3860154151916504,0.13505373895168304,-0.01835821568965912,0.160464346408844,0.3118719756603241,0.08483812212944031,0.00888778455555439,0.8882787823677063,0.09086959064006805,0.006933166179805994,0.006270387209951878,0.003632890759035945,0.001638110727071762,0.001238974160514772,0.0011380392825230956,
sdedit_0.5,511000000002,dwtdct,0.5,16,0.5699749670457095,False,26,False,0.016935628445317274,79.85731506347656,1.1868467330932617,0.3370029032230377,0.08425872772932053,0.13807494938373566,-0.04242999851703644,0.11991986632347107,0.04295049235224724,0.007452548481523991,0.5185473561286926,0.16141822934150696,0.03871995583176613,0.0296517014503479,0.017808562144637108,0.024524547159671783,0.05834519863128662,0.15098439157009125,
sdedit_0.5,611000000000,wam,0.59375,19,0.18854279373772442,False,26,False,0.047909651831245535,14.99082088470459,0.44851672649383545,0.13870185613632202,0.12003219127655029,0.033459339290857315,0.14944115281105042,-0.09272928535938263,-0.04180236905813217,0.1752595752477646,0.54770827293396,0.31799569725990295,0.06586451083421707,0.025914808735251427,0.015413223765790462,0.010984133929014206,0.0085916081443429,0.007527679670602083,0.0
sdedit_0.5,611000000000,trustmark,0.46,46,0.8158991913366519,False,66,False,0.11562296232284267,6.261796474456787,0.42560139298439026,0.17001387476921082,0.07703369110822678,0.006779283285140991,0.29866597056388855,-0.22800369560718536,-0.03490329533815384,-0.05101785808801651,0.9064416885375977,0.06306816637516022,0.00965792778879404,0.009756896644830704,0.005231423303484917,0.0024850505869835615,0.0017407701816409826,0.0016180527163669467,
sdedit_0.5,611000000000,dwtdct,0.5,16,0.5699749670457095,False,26,False,0.09748738780235953,8.217485427856445,0.32934004068374634,0.2623055875301361,0.04430077597498894,0.009299400262534618,0.00427154591307044,-0.04283233731985092,0.034346409142017365,0.012856826186180115,0.4257042109966278,0.11757387965917587,0.04579642787575722,0.028200481086969376,0.01634133979678154,0.04684906080365181,0.12841439247131348,0.19112026691436768,
sdedit_0.5,611000000001,wam,0.5625,18,0.29830744792707264,False,26,False,0.03602493330175327,150.9577178955078,1.1056848764419556,0.0022360526490956545,0.10190381854772568,0.018822912126779556,-0.17681340873241425,0.3022427260875702,-0.11791199445724487,-0.1055191308259964,0.6792927980422974,0.1840447187423706,0.05449170246720314,0.024190379306674004,0.016903210431337357,0.0154549740254879,0.013735178858041763,0.01188707072287798,0.0
sdedit_0.5,611000000001,trustmark,0.49,49,0.6178232827986663,False,66,False,0.037608972931655674,43.57859802246094,0.3037985861301422,0.14822284877300262,-0.2758227288722992,-0.08778568357229233,0.0885404497385025,0.5287905931472778,0.18706351518630981,0.14114810526371002,0.838160514831543,0.1440764218568802,0.006350793410092592,0.005232968833297491,0.0030776432249695063,0.0013482262147590518,0.0009088219376280904,0.0008446232532151043,
sdedit_0.5,611000000001,dwtdct,0.40625,13,0.8923364251386374,False,26,False,0.008953124097151552,319.68707275390625,-0.05052328109741211,0.13692785799503326,-0.15845368802547455,0.06506500393152237,-0.003303042147308588,0.24349239468574524,0.07549393177032471,0.04683203622698784,0.6101182699203491,0.15533025562763214,0.03890229016542435,0.031986549496650696,0.021588919684290886,0.023745084181427956,0.031631555408239365,0.0866970643401146,
sdedit_0.5,611000000002,wam,0.5625,18,0.29830744792707264,False,26,False,0.004583517686831808,96.95746612548828,0.03430713340640068,0.145183727145195,0.11542397737503052,-0.017372017726302147,0.05628469958901405,-0.12925288081169128,0.0073380377143621445,0.014087907038629055,0.4780780076980591,0.33543509244918823,0.06771109998226166,0.03302605077624321,0.0296626053750515,0.019084131345152855,0.017070405185222626,0.019932564347982407,0.0
sdedit_0.5,611000000002,trustmark,0.47,47,0.7579407931963542,False,66,False,0.028068512132893176,47.905494689941406,0.2924446165561676,0.15355704724788666,-0.015135977417230606,-0.019141100347042084,-0.08151882886886597,-0.23606647551059723,-0.036137260496616364,0.025546178221702576,0.8525089025497437,0.0849963128566742,0.011161403730511665,0.01581421121954918,0.027437057346105576,0.00420338986441493,0.00207640347070992,0.0018023692537099123,
sdedit_0.5,611000000002,dwtdct,0.5625,18,0.29830744792707264,False,26,False,0.01820490493088185,159.36302185058594,0.12851524353027344,0.09414743632078171,0.7734344601631165,0.17975179851055145,0.2823466658592224,0.2311873883008957,-0.03686344996094704,0.009701577015221119,0.5407037138938904,0.12422426789999008,0.03183234855532646,0.02577151171863079,0.018581978976726532,0.026496119797229767,0.06108209118247032,0.1713080257177353,
sdedit_0.5,711000000000,wam,0.3125,10,0.9899691964965314,False,26,False,0.044319338903936197,83.05168914794922,2.3186559677124023,-0.09834431856870651,0.10879809409379959,0.0015916586853563786,0.1285230815410614,-0.04262898489832878,-0.09068375825881958,0.046615712344646454,0.5905660390853882,0.21745118498802185,0.07492592930793762,0.040054548531770706,0.02746708318591118,0.01998230628669262,0.0157623328268528,0.013790571130812168,0.0
sdedit_0.5,711000000000,trustmark,0.49,49,0.6178232827986663,False,66,False,0.06603424777021859,18.812217712402344,0.596007764339447,-0.03453144431114197,0.28707414865493774,0.07241776585578918,0.38588088750839233,0.29661983251571655,0.1449529230594635,-0.7202712893486023,0.9090657234191895,0.0675719603896141,0.007403472438454628,0.007119175046682358,0.004260844551026821,0.001993828220292926,0.0013624384300783277,0.0012225256068632007,
sdedit_0.5,711000000000,dwtdct,0.5625,18,0.29830744792707264,False,26,False,0.02781359469599964,81.59452056884766,1.1641080379486084,0.04510371759533882,-0.11147718876600266,-0.14135532081127167,0.2791675627231598,-0.02959144301712513,-0.09195541590452194,-0.2047865241765976,0.6355594992637634,0.1436235010623932,0.0356755405664444,0.028299478814005852,0.01788020320236683,0.019601069390773773,0.029077088460326195,0.09028361737728119,
sdedit_0.5,711000000001,wam,0.6875,22,0.025051229866221547,False,26,False,0.06889001950380748,3.758291721343994,0.06756061315536499,0.08851448446512222,0.010144188068807125,-0.040757499635219574,0.08175693452358246,0.05928323417901993,0.06852547824382782,0.11025848984718323,0.5486519932746887,0.30858951807022095,0.07082604616880417,0.02710711769759655,0.015559445135295391,0.011253349483013153,0.009287227876484394,0.008725335821509361,0.0619659423828125
sdedit_0.5,711000000001,trustmark,0.48,48,0.6913502932053738,False,66,False,0.17344624020234467,2.6642842292785645,0.4430524706840515,0.1708192676305771,0.06601934134960175,0.12772805988788605,0.11891833692789078,0.16597916185855865,0.029747702181339264,-0.019128937274217606,0.903200626373291,0.07123569399118423,0.009910930879414082,0.007324244827032089,0.003872083965688944,0.0017568967305123806,0.0013828141381964087,0.0013166841818019748,
sdedit_0.5,711000000001,dwtdct,0.53125,17,0.4300250329542905,False,26,False,0.14026261384577032,2.558638572692871,0.18092451989650726,0.08251211792230606,-0.0651707574725151,0.053830888122320175,-0.036141037940979004,0.0182826928794384,0.010041204281151295,0.0004900762578472495,0.40573328733444214,0.10513664036989212,0.028170796111226082,0.021796628832817078,0.01415701862424612,0.019002115353941917,0.061004556715488434,0.3449989855289459,
sdedit_0.5,711000000002,wam,0.375,12,0.9449079174082726,False,26,False,0.01145404270776205,71.80406951904297,0.5389120578765869,0.20045465230941772,-0.11706438660621643,0.056979890912771225,-0.2904808521270752,-0.4652218222618103,-0.22866220772266388,0.2028927206993103,0.433043509721756,0.33420684933662415,0.08950919657945633,0.04512253403663635,0.031886760145425797,0.025526029989123344,0.021093035116791725,0.019612077623605728,0.0
sdedit_0.5,711000000002,trustmark,0.43,43,0.9333946903963932,False,66,False,0.026639243239503573,21.758056640625,0.04716634750366211,-0.04476553201675415,-0.12129111588001251,-0.06385226547718048,0.018607325851917267,-0.08942112326622009,-0.1262521892786026,-0.07670211046934128,0.8646496534347534,0.10051214694976807,0.011463797651231289,0.012890579178929329,0.006149499211460352,0.0021585458889603615,0.0011595820542424917,0.0010162335820496082,
sdedit_0.5,711000000002,dwtdct,0.53125,17,0.4300250329542905,False,26,False,0.016339462943563605,64.47171020507812,0.04099345579743385,0.1926475167274475,0.1160912960767746,-0.1615176796913147,-0.2545265555381775,0.10627042502164841,0.05692703649401665,0.045614421367645264,0.4431658089160919,0.11370819061994553,0.03564988821744919,0.030305176973342896,0.025356050580739975,0.04171987250447273,0.09528813511133194,0.21480683982372284,
sdedit_0.5,811000000000,wam,0.5,16,0.5699749670457095,False,26,False,0.002789176928584926,103.6803207397461,-0.09328947216272354,-0.1250651776790619,0.1441245824098587,-0.22259441018104553,-0.20556984841823578,-0.14713086187839508,0.12006914615631104,0.20029275119304657,0.5654860138893127,0.24684154987335205,0.07752440869808197,0.03948312625288963,0.02542213350534439,0.01791241392493248,0.014189241454005241,0.013141152448952198,0.0
sdedit_0.5,811000000000,trustmark,0.5,50,0.5397946186935889,False,66,False,0.012381755686295662,94.49820709228516,0.27871331572532654,-0.1427047699689865,-0.061603426933288574,-0.5730166435241699,0.6832618117332458,0.8076489567756653,-0.7854506373405457,-0.6612512469291687,0.88388592004776,0.08504621684551239,0.01000254601240158,0.011020492762327194,0.005350329913198948,0.002122177043929696,0.0013493343722075224,0.0012229382991790771,
sdedit_0.5,811000000000,dwtdct,0.5,16,0.5699749670457095,False,26,False,0.013261688104870873,113.71363830566406,0.3571092188358307,0.09118484705686569,-0.08720847964286804,0.13101013004779816,0.2399420291185379,-0.27269503474235535,-0.36543846130371094,-0.1489126831293106,0.7501429915428162,0.1372448205947876,0.02963218092918396,0.024940377101302147,0.013801183551549911,0.014024610631167889,0.011513612233102322,0.018700135871767998,
sdedit_0.5,811000000001,wam,0.4375,14,0.8114572062622756,False,26,False,0.01257675560541389,167.7102813720703,0.13408228754997253,0.23913711309432983,0.18912479281425476,0.005386944394558668,0.07780122011899948,0.0016445808578282595,0.024028684943914413,0.049223583191633224,0.5417382121086121,0.2857060134410858,0.06923376768827438,0.03447338193655014,0.023066192865371704,0.017640195786952972,0.014601320959627628,0.013540874235332012,0.0
sdedit_0.5,811000000001,trustmark,0.6,60,0.028443966820490444,False,66,False,0.04298442127602461,51.197425842285156,0.3470919132232666,0.06664901226758957,0.044428929686546326,-0.15543030202388763,-0.032865010201931,-0.08786728978157043,-0.18693797290325165,0.08201854676008224,0.8466647267341614,0.13479271531105042,0.007252131123095751,0.00600419519469142,0.0030840234830975533,0.0010702115250751376,0.000595113611780107,0.0005369628197513521,
sdedit_0.5,811000000001,dwtdct,0.40625,13,0.8923364251386374,False,26,False,0.007859303902895862,51.35971450805664,0.17811007797718048,0.11285043507814407,-0.13850928843021393,0.05717109143733978,-0.12419819831848145,-0.06017035245895386,0.01544126495718956,-0.017204413190484047,0.2167290598154068,0.09348902851343155,0.030332989990711212,0.01770738698542118,0.01203361339867115,0.030067795887589455,0.1475314348936081,0.4521086513996124,
sdedit_0.5,811000000002,wam,0.28125,9,0.99649981665425,False,26,False,0.010029524395657704,112.50605010986328,0.15424348413944244,-0.010348125360906124,-0.10559184104204178,-0.11625134199857712,0.03233473375439644,-0.0028090833220630884,0.04911215230822563,0.20984937250614166,0.47387897968292236,0.32623153924942017,0.08054465055465698,0.041072946041822433,0.0276059377938509,0.020237917080521584,0.01604987494647503,0.01437816210091114,0.0
sdedit_0.5,811000000002,trustmark,0.43,43,0.9333946903963932,False,66,False,0.023884734140775903,43.27433395385742,0.11829545348882675,0.07103331387042999,-0.27260467410087585,-0.16998781263828278,-0.1834636926651001,-0.1452428102493286,-0.018762854859232903,0.14821727573871613,0.8431917428970337,0.1329747438430786,0.008181746117770672,0.008183483965694904,0.004017195198684931,0.0015599168837070465,0.0009870572248473763,0.0009040848235599697,
sdedit_0.5,811000000002,dwtdct,0.5625,18,0.29830744792707264,False,26,False,0.042098322166929186,118.43653869628906,0.5316102504730225,0.030772941187024117,0.4552367031574249,0.2822689712047577,0.6723123788833618,0.06472324579954147,-0.15549488365650177,-0.00903234351426363,0.5660524964332581,0.14142240583896637,0.03640883415937424,0.02865803800523281,0.01918468438088894,0.022469952702522278,0.04750021919608116,0.13830336928367615,
sdedit_0.5,911000000000,wam,0.6875,22,0.025051229866221547,False,26,False,0.02852988619897578,32.2602424621582,0.21139280498027802,0.23992668092250824,-0.013821336440742016,0.19874267280101776,-0.004578547086566687,0.163117453455925,0.08394413441419601,0.09496601670980453,0.49030932784080505,0.351094126701355,0.07895099371671677,0.03158894181251526,0.018132278695702553,0.012650015763938427,0.009366901591420174,0.007907487452030182,0.0
sdedit_0.5,911000000000,trustmark,0.52,52,0.3821767172013338,False,66,False,0.12608449573571048,3.682769536972046,0.30032801628112793,0.17514783143997192,-0.023550907149910927,-0.11706779152154922,-0.10845942050218582,-0.04708287864923477,0.1071004867553711,0.0807499960064888,0.8115922212600708,0.17752999067306519,0.004777936730533838,0.0028944204095751047,0.0014754598960280418,0.0006486388156190515,0.000552479934412986,0.0005288522806949914,
sdedit_0.5,911000000000,dwtdct,0.5,16,0.5699749670457095,False,26,False,0.03166792356407682,34.05268859863281,-0.11157423257827759,0.26879382133483887,-0.1545710414648056,-0.007511581294238567,-0.06241088733077049,-0.0015242283698171377,-0.007964067161083221,-0.019550945609807968,0.5602592825889587,0.15910615026950836,0.03624279052019119,0.030317774042487144,0.01820567436516285,0.02003495581448078,0.02951996959745884,0.1463133692741394,
sdedit_0.5,911000000001,wam,0.40625,13,0.8923364251386374,False,26,False,0.07168053253809713,24.565509796142578,0.8411696553230286,0.18477863073349,-0.020702555775642395,-0.258457750082016,-0.03819580376148224,-0.21278847754001617,0.06899434328079224,-0.13765838742256165,0.6615187525749207,0.16151487827301025,0.06755076348781586,0.041334666311740875,0.02724909968674183,0.01783059351146221,0.012406592257320881,0.010594664141535759,0.0
sdedit_0.5,911000000001,trustmark,0.54,54,0.24205920680364573,False,66,False,0.07616924432857113,13.843452453613281,0.29870304465293884,0.3829582631587982,0.6155200600624084,0.33033931255340576,0.36029112339019775,0.5463482141494751,-0.3304583430290222,0.33179816603660583,0.9164144992828369,0.056635480374097824,0.011570434086024761,0.0070986938662827015,0.004161899909377098,0.0018520164303481579,0.0011962250573560596,0.0010707288747653365,
sdedit_0.5,911000000001,dwtdct,0.4375,14,0.8114572062622756,False,26,False,0.044791373004835905,49.06887435913086,0.9504476189613342,-0.13179565966129303,-0.1765754669904709,-0.27572259306907654,-0.08700922876596451,-0.0844377651810646,0.13564951717853546,-0.10095128417015076,0.7811867594718933,0.12794850766658783,0.025776317343115807,0.022385986521840096,0.011778871528804302,0.012101322412490845,0.008711086586117744,0.010111158713698387,
sdedit_0.5,911000000002,wam,0.59375,19,0.18854279373772442,False,26,False,0.01688161060567322,25.363767623901367,0.05742151290178299,-0.02292744815349579,0.027160711586475372,-0.05662288889288902,0.12294334173202515,0.07547007501125336,-0.05948185920715332,-0.040864214301109314,0.5113195180892944,0.32524871826171875,0.07398275285959244,0.03192908689379692,0.020006118342280388,0.014876727014780045,0.011939045041799545,0.010697988793253899,0.0233154296875
sdedit_0.5,911000000002,trustmark,0.52,52,0.3821767172013338,False,66,False,0.08671163513559846,8.846302032470703,0.35427266359329224,0.12316776812076569,-0.014140632934868336,-0.12696371972560883,0.15198828279972076,0.05403834581375122,-0.07525850087404251,0.08115197718143463,0.9025200009346008,0.07857324928045273,0.008521463721990585,0.00538736442103982,0.002545042196288705,0.0010834344429895282,0.0006994819268584251,0.0006699418881908059,
sdedit_0.5,911000000002,dwtdct,0.375,12,0.9449079174082726,False,26,False,0.04296291132476444,3.4611082077026367,0.21178574860095978,0.11108050495386124,0.05175485089421272,0.04866022989153862,0.0021912087686359882,-0.001013245084322989,-0.005853734910488129,0.001718686311505735,0.14097397029399872,0.06433212012052536,0.031929902732372284,0.014734234660863876,0.009460242465138435,0.037400536239147186,0.1761150062084198,0.5250539779663086,
sdedit_0.7,111000000000,wam,0.5,16,0.5699749670457095,False,26,False,0.002247682710308318,34.13517379760742,-0.033096738159656525,-0.008455920964479446,-0.12418349832296371,-0.07441073656082153,0.03820198401808739,-0.011995656415820122,0.018611222505569458,-0.028635114431381226,0.4909657835960388,0.2869327664375305,0.07971099764108658,0.044517118483781815,0.03187786415219307,0.02576402947306633,0.021479779854416847,0.018751632422208786,0.0
sdedit_0.7,111000000000,trustmark,0.48,48,0.6913502932053738,False,66,False,0.03802711119167348,6.185208797454834,0.16032522916793823,0.058851733803749084,-0.0038856889586895704,-0.16603730618953705,-0.09596290439367294,0.026550231501460075,-0.002577149076387286,-0.04861924424767494,0.868170440196991,0.09537896513938904,0.01680462621152401,0.010729683563113213,0.004394536837935448,0.0020179080311208963,0.001313544693402946,0.001190363778732717,
sdedit_0.7,111000000000,dwtdct,0.53125,17,0.4300250329542905,False,26,False,0.011698457560121254,22.130298614501953,0.2101612687110901,0.0736972913146019,0.1413484364748001,0.06239684671163559,-0.024035001173615456,0.014450510032474995,-0.0027347791474312544,0.0032388989347964525,0.15216408669948578,0.05609704554080963,0.022938840091228485,0.023844877257943153,0.023795556277036667,0.04578998684883118,0.16393698751926422,0.5114325881004333,
sdedit_0.7,111000000001,wam,0.5,16,0.5699749670457095,False,26,False,0.003970524846130951,11.499117851257324,-0.02571369707584381,0.0994889959692955,-0.03144625574350357,-0.057210423052310944,-0.09590397775173187,-0.06447391957044601,-0.08768852055072784,-0.05285680666565895,0.49373912811279297,0.3253045678138733,0.07619427144527435,0.03407123684883118,0.02306503802537918,0.018162855878472328,0.015563399530947208,0.013899528421461582,0.0037384033203125
sdedit_0.7,111000000001,trustmark,0.43,43,0.9333946903963932,False,66,False,0.06846218448022591,2.950678586959839,0.17545239627361298,0.12047272175550461,0.08709172904491425,-0.05007265880703926,-0.014494664035737514,0.006863200105726719,-0.023546231910586357,-0.05355309695005417,0.8998017907142639,0.07487267255783081,0.007707301527261734,0.008353587239980698,0.004547053016722202,0.002061080653220415,0.0013862864580005407,0.0012702278327196836,
sdedit_0.7,111000000001,dwtdct,0.59375,19,0.18854279373772442,False,26,False,0.08039330599351216,12.99386215209961,0.011836133897304535,-0.03371250256896019,-0.042278651148080826,0.049533430486917496,-0.03739871829748154,-0.01477708388119936,-0.001584735349752009,0.0018341984832659364,0.7009140849113464,0.15673001110553741,0.03451429307460785,0.028185013681650162,0.015798481181263924,0.016497313976287842,0.01658867672085762,0.030772166326642036,
sdedit_0.7,111000000002,wam,0.5625,18,0.29830744792707264,False,26,False,0.006797234273968474,86.37620544433594,0.16585387289524078,-0.1287851780653,-0.0006460667354986072,0.00832413136959076,0.004163549747318029,-0.15235522389411926,-0.07354719936847687,-0.06130889803171158,0.5545620322227478,0.3076818585395813,0.06731348484754562,0.026065479964017868,0.014794515445828438,0.01069843489676714,0.00951814278960228,0.009366023354232311,0.0
sdedit_0.7,111000000002,trustmark,0.51,51,0.46020538130641103,False,66,False,0.012376171753978555,25.398719787597656,0.3412269651889801,0.19979698956012726,0.4119209945201874,0.2108856737613678,-0.002990670967847109,0.16705387830734253,-0.04410843923687935,-0.007377800066024065,0.9044100642204285,0.073255255818367,0.006430597510188818,0.005962289869785309,0.004389445763081312,0.0022506434470415115,0.0017025248380377889,0.001599277020432055,
sdedit_0.7,111000000002,dwtdct,0.46875,15,0.7016925520729274,False,26,False,0.04062123478767504,53.581851959228516,-0.5000424981117249,0.19523511826992035,0.07955141365528107,0.06796851009130478,0.07614096254110336,-0.046078845858573914,0.0024466325994580984,-0.0159926638007164,0.5893624424934387,0.11926187574863434,0.027844836935400963,0.02286319062113762,0.014301889576017857,0.021169332787394524,0.05247074365615845,0.1527257263660431,
sdedit_0.7,211000000000,wam,0.59375,19,0.18854279373772442,False,26,False,0.00018667643360326767,147.72848510742188,0.11969263851642609,-0.10757314413785934,-0.3528881371021271,0.12725912034511566,0.24458666145801544,-0.1524602174758911,-0.0788206160068512,0.01832667924463749,0.558303952217102,0.30142277479171753,0.06833090633153915,0.02719290927052498,0.014641983434557915,0.011155383661389351,0.009668014943599701,0.009284126572310925,0.0
sdedit_0.7,211000000000,trustmark,0.52,52,0.3821767172013338,False,66,False,0.02616455208784633,83.2645492553711,0.3087092936038971,0.240494504570961,-0.8355441689491272,-0.05132189020514488,-0.021548636257648468,0.009649530053138733,-0.3406519889831543,-0.09868467599153519,0.8809391260147095,0.10271713137626648,0.00538376672193408,0.004268735181540251,0.0029885706026107073,0.0015160896582528949,0.0011383554665371776,0.0010482755023986101,
sdedit_0.7,211000000000,dwtdct,0.3125,10,0.9899691964965314,False,26,False,0.040011420851264606,583.7645874023438,-0.3367713391780853,-0.6847593188285828,-1.0630991458892822,-0.611261785030365,0.5859668254852295,-0.07895256578922272,0.05089409276843071,0.0029831882566213608,0.7556342482566833,0.10776413232088089,0.025341005995869637,0.020254014059901237,0.012144509702920914,0.012669485062360764,0.018530119210481644,0.04766251891851425,
sdedit_0.7,211000000001,wam,0.53125,17,0.4300250329542905,False,26,False,0.0123899545262304,107.11768341064453,0.4756573736667633,0.1574356108903885,-0.0032883291132748127,-0.06985210627317429,-0.06789569556713104,-0.4133109748363495,-0.062312379479408264,-0.11886585503816605,0.47525903582572937,0.34629905223846436,0.07551712542772293,0.033810537308454514,0.022353610023856163,0.017284711822867393,0.015231774188578129,0.014244244433939457,0.0
sdedit_0.7,211000000001,trustmark,0.54,54,0.24205920680364573,False,66,False,0.04984025593926618,17.067380905151367,0.23903445899486542,0.21014077961444855,0.003072385210543871,-0.23481690883636475,-0.17200346291065216,0.0026761519256979227,-0.22102110087871552,-0.1617111712694168,0.8490867614746094,0.12125805020332336,0.009989102371037006,0.010051432065665722,0.005240860860794783,0.0020682746544480324,0.0012381096603348851,0.001067416276782751,
sdedit_0.7,211000000001,dwtdct,0.5,16,0.5699749670457095,False,26,False,0.012527945832902709,166.60960388183594,0.2438381463289261,-0.08154696226119995,-0.1917617917060852,-0.2328021079301834,-0.215677410364151,0.08124881237745285,0.0916682705283165,0.1202622726559639,0.5012224912643433,0.16551938652992249,0.03814740478992462,0.03174716606736183,0.018690219148993492,0.028430817648768425,0.071953184902668,0.14428935945034027,
sdedit_0.7,211000000002,wam,0.53125,17,0.4300250329542905,False,26,False,0.0035175981704747825,81.5055160522461,0.14195431768894196,-0.006988919340074062,-0.017452387139201164,-0.4581368863582611,0.16476304829120636,0.2829582393169403,0.07212448865175247,0.0795489102602005,0.449785053730011,0.3622962534427643,0.07813761383295059,0.03450904041528702,0.023079857230186462,0.019167834892868996,0.01699977181851864,0.016024569049477577,0.0
sdedit_0.7,211000000002,trustmark,0.37,37,0.9966814397420369,False,66,False,0.034270769750719104,8.256596565246582,0.1639028936624527,0.0932898297905922,0.4683064818382263,-0.09359044581651688,-0.0754968598484993,0.3964086174964905,-0.038945816457271576,0.0745633915066719,0.808323323726654,0.1540246456861496,0.013522728346288204,0.013589424081146717,0.006169362924993038,0.002166975289583206,0.0011780511122196913,0.0010255055967718363,
sdedit_0.7,211000000002,dwtdct,0.5625,18,0.29830744792707264,False,26,False,0.005518025409690882,55.19127655029297,-0.049271222203969955,0.059559084475040436,-0.3795115351676941,0.1101657822728157,-0.02922213263809681,0.003469531424343586,0.04252312332391739,-0.010059374384582043,0.5337351560592651,0.1574651151895523,0.041402168571949005,0.034273598343133926,0.022370152175426483,0.027403652667999268,0.047844626009464264,0.13550548255443573,
sdedit_0.7,311000000000,wam,0.53125,17,0.4300250329542905,False,26,False,0.008892560084437201,338.8463134765625,2.3126094341278076,-0.4174686670303345,-0.27919405698776245,0.026011023670434952,-0.14444023370742798,-0.07543101161718369,-0.16912320256233215,-0.10319118201732635,0.5684478282928467,0.2363358736038208,0.07287164032459259,0.04319372400641441,0.029236620292067528,0.020988192409276962,0.015818526968359947,0.013107631355524063,0.0
sdedit_0.7,311000000000,trustmark,0.62,62,0.01048936783892586,False,66,False,0.03223452221582665,87.89495849609375,0.4084254503250122,0.22419777512550354,-0.928887665271759,0.510387659072876,-0.358646959066391,0.3259713649749756,0.2532344162464142,0.42143377661705017,0.8968952298164368,0.08030448108911514,0.009697727859020233,0.006924986839294434,0.002845690818503499,0.0013316725380718708,0.0010098558850586414,0.0009903011377900839,
sdedit_0.7,311000000000,dwtdct,0.4375,14,0.8114572062622756,False,26,False,-0.004061732969199993,238.17672729492188,-1.192543864250183,0.8006955981254578,0.09421300143003464,-0.5391824245452881,-0.25489485263824463,-0.16443981230258942,-0.06197255477309227,0.01748669147491455,0.1937435269355774,0.07983683049678802,0.02850784920156002,0.014881168492138386,0.00860829371958971,0.026826292276382446,0.1338888555765152,0.5137071013450623,
sdedit_0.7,311000000001,wam,0.5625,18,0.29830744792707264,False,26,False,0.009769097006761191,95.64359283447266,0.19501349329948425,0.16639645397663116,0.10423898696899414,0.09829965233802795,0.22236886620521545,-0.08276212215423584,0.08812050521373749,-0.0016079412307590246,0.4774402379989624,0.3001139461994171,0.08461408317089081,0.0426931194961071,0.028824452310800552,0.024147137999534607,0.021722421050071716,0.020444627851247787,0.0
sdedit_0.7,311000000001,trustmark,0.54,54,0.24205920680364573,False,66,False,0.00630718515276119,80.9076919555664,0.08638161420822144,0.07314489036798477,0.47930005192756653,0.14058350026607513,0.24206089973449707,0.2677077353000641,0.24160009622573853,0.09542790055274963,0.8466776013374329,0.11864253133535385,0.010575060732662678,0.011133533902466297,0.006377772893756628,0.0027205997612327337,0.0020553546492010355,0.0018176054581999779,
sdedit_0.7,311000000001,dwtdct,0.34375,11,0.9749487701337785,False,26,False,0.017933680193067788,146.62525939941406,0.08295980840921402,0.09462420642375946,-0.30910390615463257,0.19473300874233246,0.2476237416267395,-0.02765064872801304,0.07448939979076385,0.03494463860988617,0.7028171420097351,0.17527322471141815,0.030985917896032333,0.029442498460412025,0.013290029019117355,0.015949629247188568,0.012805232778191566,0.019436273723840714,
sdedit_0.7,311000000002,wam,0.59375,19,0.18854279373772442,False,26,False,0.0007990654943212566,30.682600021362305,-0.12627600133419037,0.04732241854071617,-0.1462089717388153,-0.000965093495324254,-0.00012719004007522017,-0.2016768604516983,-0.1376175880432129,-0.04277467355132103,0.529133677482605,0.3198453485965729,0.07579415291547775,0.03045782446861267,0.01658935472369194,0.011364305391907692,0.00891049113124609,0.007904822938144207,0.0
sdedit_0.7,311000000002,trustmark,0.47,47,0.7579407931963542,False,66,False,0.04920735511432347,8.841582298278809,0.21803726255893707,0.13758637011051178,0.046736158430576324,-0.14760582149028778,0.1502404361963272,0.21526171267032623,0.025571120902895927,0.07110874354839325,0.8706583976745605,0.11253654211759567,0.005740195978432894,0.004571909550577402,0.002858975436538458,0.0014658709987998009,0.0011152419028803706,0.0010528613347560167,
sdedit_0.7,311000000002,dwtdct,0.5,16,0.5699749670457095,False,26,False,0.012978627187161303,50.715660095214844,-0.18020865321159363,0.16712453961372375,-0.25391802191734314,0.14904865622520447,-0.061219800263643265,0.011730577796697617,0.0037913243286311626,0.009851026348769665,0.5583849549293518,0.1632785052061081,0.03903079405426979,0.03142089396715164,0.019696295261383057,0.024195902049541473,0.048743754625320435,0.11524892598390579,
sdedit_0.7,411000000000,wam,0.53125,17,0.4300250329542905,False,26,False,0.005684413550676663,202.5433349609375,0.355440229177475,0.10443136841058731,0.4061583876609802,0.04372355714440346,0.223957359790802,-0.12168259173631668,-0.12474098056554794,-0.06716259568929672,0.4829418361186981,0.3043068051338196,0.07994569092988968,0.04641115665435791,0.029984381049871445,0.022076206281781197,0.018030881881713867,0.01630299724638462,0.0
sdedit_0.7,411000000000,trustmark,0.41,41,0.9715560331795096,False,66,False,0.04002595978403285,115.796875,0.5117228031158447,-0.08823880553245544,-0.34386128187179565,0.029665755107998848,0.10241497308015823,-0.22572165727615356,-0.5123433470726013,0.0694325864315033,0.8343733549118042,0.14074231684207916,0.010806996375322342,0.007128287106752396,0.003507101209834218,0.0014688122319057584,0.0010151780443266034,0.0009579291217960417,
sdedit_0.7,411000000000,dwtdct,0.4375,14,0.8114572062622756,False,26,False,0.03766098455344218,419.7080078125,0.2362709790468216,0.28278848528862,-0.03761127591133118,0.21410934627056122,0.19449380040168762,-0.24674583971500397,-0.05125811696052551,0.013936865143477917,0.6002619862556458,0.08334290236234665,0.021217139437794685,0.016457824036478996,0.010427949950098991,0.018179170787334442,0.06253836303949356,0.1875746250152588,
sdedit_0.7,411000000001,wam,0.5625,18,0.29830744792707264,False,26,False,0.006286633369029709,23.956300735473633,-0.044909488409757614,0.007556871976703405,-0.07940599322319031,0.012012695893645287,-0.2397153526544571,-0.07293975353240967,0.1076897531747818,0.055973924696445465,0.5126067996025085,0.3274557590484619,0.0698053389787674,0.030140627175569534,0.019268082454800606,0.014986135996878147,0.013133136555552483,0.01260407269001007,0.0307769775390625
sdedit_0.7,411000000001,trustmark,0.44,44,0.9033260477521787,False,66,False,0.022509740992731064,16.965118408203125,0.2092064619064331,0.11806091666221619,0.635755181312561,0.14375603199005127,-0.26808255910873413,-0.07679838687181473,-0.1920308768749237,-0.009982287883758545,0.8399035930633545,0.1299179345369339,0.011746898293495178,0.00855184905230999,0.00469275051727891,0.0021742882672697306,0.0015739563386887312,0.0014387008268386126,
sdedit_0.7,411000000001,dwtdct,0.65625,21,0.055092082591727376,False,26,False,0.03264763856536051,18.824323654174805,0.09853963553905487,0.17601843178272247,0.0160723514854908,0.07357960939407349,-0.04252759739756584,0.03493266552686691,-0.04258245974779129,-0.010392805561423302,0.19316896796226501,0.07302357256412506,0.03628731891512871,0.02837059646844864,0.02808956615626812,0.054290372878313065,0.14567594230175018,0.44109368324279785,
sdedit_0.7,411000000002,wam,0.34375,11,0.9749487701337785,False,26,False,0.0034709469543624696,17.12096405029297,-0.08345593512058258,-0.022755276411771774,-0.045052669942379,0.10454429686069489,0.12707875669002533,0.18246635794639587,0.2407807558774948,0.1527388095855713,0.5370052456855774,0.3128719925880432,0.07256174832582474,0.0302071925252676,0.016741197556257248,0.01185715664178133,0.00984106119722128,0.008914422243833542,0.0
sdedit_0.7,411000000002,trustmark,0.43,43,0.9333946903963932,False,66,False,0.1414395163186988,2.6051201820373535,0.3296472430229187,0.18116086721420288,0.047856517136096954,0.013756604865193367,0.034116219729185104,-0.0970318466424942,0.0132651561871171,-0.00899241678416729,0.9262720346450806,0.059805672615766525,0.00511689530685544,0.0038574698846787214,0.0020773843862116337,0.0010925736278295517,0.0008983335574157536,0.000879505299963057,
sdedit_0.7,411000000002,dwtdct,0.625,20,0.10766357486136258,False,26,False,0.10299337861724417,13.11001205444336,0.35727566480636597,0.15784738957881927,0.030022628605365753,-0.010254728607833385,0.0037489761598408222,0.038397498428821564,-0.0068304454907774925,0.014068148098886013,0.5936288833618164,0.12083037942647934,0.028727969154715538,0.022985270246863365,0.014362004585564137,0.016267158091068268,0.03010094165802002,0.1730974316596985,
sdedit_0.7,511000000000,wam,0.5625,18,0.29830744792707264,False,26,False,0.010841829271837609,455.8279724121094,1.0850516557693481,0.4257853627204895,-0.2239489108324051,0.20200037956237793,0.08443741500377655,0.055139459669589996,-0.01191430538892746,-0.16939078271389008,0.4647049903869629,0.3469716012477875,0.06894045323133469,0.031234560534358025,0.023249737918376923,0.021726053208112717,0.021532753482460976,0.021639885380864143,0.0
sdedit_0.7,511000000000,trustmark,0.51,51,0.46020538130641103,False,66,False,0.013499572322992353,308.2691955566406,0.9425970315933228,0.28354892134666443,-1.0667964220046997,0.32544010877609253,0.3857645094394684,-0.2809346318244934,0.46587085723876953,0.05549575015902519,0.8670289516448975,0.08623895049095154,0.012792603112757206,0.016219928860664368,0.009904795326292515,0.0034869180526584387,0.0023464809637516737,0.0019813780672848225,
sdedit_0.7,511000000000,dwtdct,0.40625,13,0.8923364251386374,False,26,False,0.06002749475405577,156.98623657226562,-1.8592984676361084,-0.5545808672904968,-1.4312900304794312,-0.026111287996172905,0.1925356090068817,-1.0678614377975464,-0.07175767421722412,0.0452025942504406,0.8296099901199341,0.04021575674414635,0.01137582678347826,0.0072195627726614475,0.00421938905492425,0.009499868378043175,0.026529554277658463,0.07133011519908905,
sdedit_0.7,511000000001,wam,0.375,12,0.9449079174082726,False,26,False,0.0034440838542538032,888.40234375,0.8208250403404236,-0.4139421284198761,-0.0790175199508667,-0.3661765158176422,-0.25317874550819397,0.6254240274429321,-0.2300063669681549,0.2060030996799469,0.5178490281105042,0.26416218280792236,0.07328743487596512,0.04371395707130432,0.032267458736896515,0.026475900784134865,0.02234436385333538,0.019899606704711914,0.0
sdedit_0.7,511000000001,trustmark,0.48,48,0.6913502932053738,False,66,False,0.022652073412232986,306.1593322753906,0.5282567739486694,0.4908895492553711,0.7225298285484314,0.7192403674125671,0.9206352233886719,0.01700938493013382,-1.8244425058364868,-0.46631765365600586,0.7991837859153748,0.16904190182685852,0.012592960149049759,0.009873416274785995,0.0049695903435349464,0.0018890633946284652,0.0012804552679881454,0.0011687822407111526,
sdedit_0.7,511000000001,dwtdct,0.59375,19,0.18854279373772442,False,26,False,0.03905609096655974,635.0877075195312,1.4738701581954956,0.3666364848613739,-1.04209303855896,1.3837629556655884,0.6862432360649109,-0.7013639807701111,-0.25343459844589233,-0.2815789580345154,0.6948694586753845,0.07378111034631729,0.02437588945031166,0.019357725977897644,0.015016867779195309,0.021846391260623932,0.04623793810606003,0.10451462864875793,
sdedit_0.7,511000000002,wam,0.5,16,0.5699749670457095,False,26,False,0.031337052388361174,106.3943862915039,1.4656440019607544,0.12759491801261902,0.05826509743928909,-0.07839588820934296,0.07470758259296417,0.1485469490289688,0.1678057461977005,0.12250018864870071,0.4941858947277069,0.2771359384059906,0.09040826559066772,0.050061605870723724,0.03197772800922394,0.023215951398015022,0.017421822994947433,0.01559287030249834,0.0
sdedit_0.7,511000000002,trustmark,0.46,46,0.8158991913366519,False,66,False,0.03024437191812418,10.713473320007324,0.14303666353225708,0.1972070187330246,0.3027966022491455,0.20162107050418854,0.22315752506256104,-0.09246152639389038,-0.14039118587970734,0.04430251941084862,0.8882787823677063,0.09086959064006805,0.006933166179805994,0.006270387209951878,0.003632890759035945,0.001638110727071762,0.001238974160514772,0.0011380392825230956,
sdedit_0.7,511000000002,dwtdct,0.46875,15,0.7016925520729274,False,26,False,0.007476366257359963,147.63632202148438,0.24468925595283508,-0.19822955131530762,0.44317659735679626,-0.5645111203193665,-0.01464717835187912,0.07585298269987106,0.06869904696941376,0.03137953579425812,0.5185473561286926,0.16141822934150696,0.03871995583176613,0.0296517014503479,0.017808562144637108,0.024524547159671783,0.05834519863128662,0.15098439157009125,
sdedit_0.7,611000000000,wam,0.59375,19,0.18854279373772442,False,26,False,0.04105693227736547,6.461606979370117,0.342874139547348,0.045723360031843185,0.06905900686979294,-0.006614526268094778,0.05381616950035095,0.09802322834730148,-0.08213142305612564,0.015761205926537514,0.54770827293396,0.31799569725990295,0.06586451083421707,0.025914808735251427,0.015413223765790462,0.010984133929014206,0.0085916081443429,0.007527679670602083,0.0
sdedit_0.7,611000000000,trustmark,0.57,57,0.09667395224782122,False,66,False,0.10685938918365209,3.7086989879608154,0.3108772039413452,0.06738794595003128,0.022121237590909004,0.001301280572079122,-0.15340650081634521,0.024079201743006706,-0.09186508506536484,0.029092639684677124,0.9064416885375977,0.06306816637516022,0.00965792778879404,0.009756896644830704,0.005231423303484917,0.0024850505869835615,0.0017407701816409826,0.0016180527163669467,
sdedit_0.7,611000000000,dwtdct,0.375,12,0.9449079174082726,False,26,False,0.09294984952206357,6.352058410644531,0.24685892462730408,0.08887218683958054,-0.023346759378910065,-0.018852775916457176,-0.08961073309183121,0.015176604501903057,0.01661262847483158,-0.007886091247200966,0.4257042109966278,0.11757387965917587,0.04579642787575722,0.028200481086969376,0.01634133979678154,0.04684906080365181,0.12841439247131348,0.19112026691436768,
sdedit_0.7,611000000001,wam,0.5625,18,0.29830744792707264,False,26,False,0.020348225751188873,244.06634521484375,0.7510984539985657,0.5194979310035706,-0.10527003556489944,-0.08177166432142258,0.11659100651741028,-0.11844870448112488,0.2779473066329956,-0.16931135952472687,0.6792927980422974,0.1840447187423706,0.05449170246720314,0.024190379306674004,0.016903210431337357,0.0154549740254879,0.013735178858041763,0.01188707072287798,0.0
sdedit_0.7,611000000001,trustmark,0.35,35,0.9991050348042566,False,66,False,0.02914129365169666,80.91810607910156,0.2883855998516083,0.2244444191455841,-0.5532974600791931,0.08527876436710358,-0.09697949886322021,-0.027553755789995193,-0.90695720911026,0.05081050097942352,0.838160514831543,0.1440764218568802,0.006350793410092592,0.005232968833297491,0.0030776432249695063,0.0013482262147590518,0.0009088219376280904,0.0008446232532151043,
sdedit_0.7,611000000001,dwtdct,0.46875,15,0.7016925520729274,False,26,False,-0.003093806684235142,372.5428161621094,-0.40718400478363037,-0.42646053433418274,-0.1871776282787323,-0.298182874917984,-0.013155177235603333,-0.060712315142154694,0.07918469607830048,0.002243706723675132,0.6101182699203491,0.15533025562763214,0.03890229016542435,0.031986549496650696,0.021588919684290886,0.023745084181427956,0.031631555408239365,0.0866970643401146,
sdedit_0.7,611000000002,wam,0.5625,18,0.29830744792707264,False,26,False,-0.007450940361112584,263.16766357421875,-0.596144437789917,0.19553950428962708,-0.10134123265743256,-0.21492719650268555,0.04987729713320732,0.09100698679685593,-0.06693446636199951,-0.16885338723659515,0.4780780076980591,0.33543509244918823,0.06771109998226166,0.03302605077624321,0.0296626053750515,0.019084131345152855,0.017070405185222626,0.019932564347982407,0.0
sdedit_0.7,611000000002,trustmark,0.5,50,0.5397946186935889,False,66,False,0.014996850538496339,38.09356689453125,0.1916712373495102,0.26264163851737976,-0.011988110840320587,-0.13962887227535248,0.030492428690195084,-0.14719174802303314,-0.06703163683414459,-0.24883250892162323,0.8525089025497437,0.0849963128566742,0.011161403730511665,0.01581421121954918,0.027437057346105576,0.00420338986441493,0.00207640347070992,0.0018023692537099123,
sdedit_0.7,611000000002,dwtdct,0.6875,22,0.025051229866221547,False,26,False,0.014469793678421026,323.643798828125,0.1356910765171051,0.1409166157245636,0.05000890791416168,-0.4373190104961395,-0.07313722372055054,-0.1380789428949356,-0.1827610731124878,-0.04553185775876045,0.5407037138938904,0.12422426789999008,0.03183234855532646,0.02577151171863079,0.018581978976726532,0.026496119797229767,0.06108209118247032,0.1713080257177353,
sdedit_0.7,711000000000,wam,0.3125,10,0.9899691964965314,False,26,False,0.05646082554094753,137.6916046142578,4.15848445892334,0.03012191317975521,0.06551151722669601,0.0985971987247467,-0.06499156355857849,-0.17764469981193542,0.12238552421331406,-0.12066370248794556,0.5905660390853882,0.21745118498802185,0.07492592930793762,0.040054548531770706,0.02746708318591118,0.01998230628669262,0.0157623328268528,0.013790571130812168,0.0
sdedit_0.7,711000000000,trustmark,0.47,47,0.7579407931963542,False,66,False,0.005519423038475507,51.92192459106445,0.22445547580718994,-0.2230120152235031,-0.029243072494864464,-0.4162273705005646,-0.04570773243904114,-0.32008421421051025,0.4192562997341156,0.1827857941389084,0.9090657234191895,0.0675719603896141,0.007403472438454628,0.007119175046682358,0.004260844551026821,0.001993828220292926,0.0013624384300783277,0.0012225256068632007,
sdedit_0.7,711000000000,dwtdct,0.5625,18,0.29830744792707264,False,26,False,0.0016869987612696212,217.24354553222656,0.8863654732704163,0.2810072600841522,0.03773881494998932,-0.39419299364089966,-0.03279818594455719,-0.24603523313999176,0.007562065962702036,0.027526196092367172,0.6355594992637634,0.1436235010623932,0.0356755405664444,0.028299478814005852,0.01788020320236683,0.019601069390773773,0.029077088460326195,0.09028361737728119,
sdedit_0.7,711000000001,wam,0.40625,13,0.8923364251386374,False,26,False,0.01958723879477871,4.147819519042969,0.0071975551545619965,0.025000976398587227,-0.03319435566663742,0.009236298501491547,-0.02826126478612423,-0.07807048410177231,-0.08470544219017029,-0.06835449486970901,0.5486519932746887,0.30858951807022095,0.07082604616880417,0.02710711769759655,0.015559445135295391,0.011253349483013153,0.009287227876484394,0.008725335821509361,0.0287933349609375
sdedit_0.7,711000000001,trustmark,0.38,38,0.9939835121373183,False,66,False,0.10666831958355479,2.591409921646118,0.2781893014907837,-0.00742760905995965,0.056194618344306946,-0.042106665670871735,-0.0879041776061058,-0.04762404039502144,-0.0552678257226944,-0.014618550427258015,0.903200626373291,0.07123569399118423,0.009910930879414082,0.007324244827032089,0.003872083965688944,0.0017568967305123806,0.0013828141381964087,0.0013166841818019748,
sdedit_0.7,711000000001,dwtdct,0.5,16,0.5699749670457095,False,26,False,0.09981574611119125,1.8082667589187622,-0.0061920094303786755,0.050165001302957535,-0.014613226987421513,-0.03310446813702583,-0.00801172573119402,-0.018337059766054153,0.003337567439302802,0.0003239288635086268,0.40573328733444214,0.10513664036989212,0.028170796111226082,0.021796628832817078,0.01415701862424612,0.019002115353941917,0.061004556715488434,0.3449989855289459,
sdedit_0.7,711000000002,wam,0.375,12,0.9449079174082726,False,26,False,0.01775795991615097,296.7066345214844,2.5404481887817383,0.08363695442676544,-0.003271904308348894,-0.09815868735313416,-0.06353781372308731,-0.1123667061328888,-0.1599523425102234,0.13201141357421875,0.433043509721756,0.33420684933662415,0.08950919657945633,0.04512253403663635,0.031886760145425797,0.025526029989123344,0.021093035116791725,0.019612077623605728,0.0
sdedit_0.7,711000000002,trustmark,0.43,43,0.9333946903963932,False,66,False,0.027547871802041254,67.3180160522461,0.4537368714809418,-0.14441955089569092,0.36329221725463867,0.28250551223754883,0.08653415739536285,-0.12488577514886856,0.30164870619773865,-0.06767215579748154,0.8646496534347534,0.10051214694976807,0.011463797651231289,0.012890579178929329,0.006149499211460352,0.0021585458889603615,0.0011595820542424917,0.0010162335820496082,
sdedit_0.7,711000000002,dwtdct,0.5,16,0.5699749670457095,False,26,False,0.028877260939672963,176.15232849121094,0.6667604446411133,-0.17713163793087006,0.47888192534446716,0.3540657162666321,-0.09108942002058029,0.12067387998104095,-0.0013345001498237252,0.008819223381578922,0.4431658089160919,0.11370819061994553,0.03564988821744919,0.030305176973342896,0.025356050580739975,0.04171987250447273,0.09528813511133194,0.21480683982372284,
sdedit_0.7,811000000000,wam,0.5,16,0.5699749670457095,False,26,False,-0.00156708205501813,552.7871704101562,0.9193169474601746,0.32698768377304077,-0.12270795553922653,0.40213483572006226,-0.09196047484874725,0.17105981707572937,0.39106690883636475,0.2590068280696869,0.5654860138893127,0.24684154987335205,0.07752440869808197,0.03948312625288963,0.02542213350534439,0.01791241392493248,0.014189241454005241,0.013141152448952198,0.0
sdedit_0.7,811000000000,trustmark,0.51,51,0.46020538130641103,False,66,False,0.009957214047155993,351.8037414550781,0.23728567361831665,0.06261179596185684,1.5455780029296875,0.05200091004371643,-1.2354013919830322,-0.2562161982059479,-0.3461815416812897,-0.6669236421585083,0.88388592004776,0.08504621684551239,0.01000254601240158,0.011020492762327194,0.005350329913198948,0.002122177043929696,0.0013493343722075224,0.0012229382991790771,
sdedit_0.7,811000000000,dwtdct,0.53125,17,0.4300250329542905,False,26,False,0.0010441393034301535,1356.0693359375,-0.2107263058423996,-0.07494744658470154,-1.1924554109573364,1.806695580482483,-0.034368593245744705,0.28782662749290466,-0.683932363986969,-0.5214602947235107,0.7501429915428162,0.1372448205947876,0.02963218092918396,0.024940377101302147,0.013801183551549911,0.014024610631167889,0.011513612233102322,0.018700135871767998,
sdedit_0.7,811000000001,wam,0.4375,14,0.8114572062622756,False,26,False,0.0019369478671458272,66.51134490966797,0.13363568484783173,-0.06910555064678192,-0.2118787169456482,-0.03811739757657051,-0.032447826117277145,-0.06245757266879082,-0.19919493794441223,-0.0770190879702568,0.5417382121086121,0.2857060134410858,0.06923376768827438,0.03447338193655014,0.023066192865371704,0.017640195786952972,0.014601320959627628,0.013540874235332012,0.0
sdedit_0.7,811000000001,trustmark,0.55,55,0.18410080866334808,False,66,False,0.051682264570062524,10.7083158493042,0.22234196960926056,0.04455859959125519,0.2279452532529831,-0.1972924917936325,0.21608184278011322,0.04357786476612091,0.09386202692985535,0.038166843354701996,0.8466647267341614,0.13479271531105042,0.007252131123095751,0.00600419519469142,0.0030840234830975533,0.0010702115250751376,0.000595113611780107,0.0005369628197513521,
sdedit_0.7,811000000001,dwtdct,0.40625,13,0.8923364251386374,False,26,False,0.0096855808389355,86.9991683959961,0.593655526638031,0.29595470428466797,0.18594253063201904,-0.6553978323936462,-0.10630421340465546,0.13107755780220032,0.006234124302864075,0.014985460788011551,0.2167290598154068,0.09348902851343155,0.030332989990711212,0.01770738698542118,0.01203361339867115,0.030067795887589455,0.1475314348936081,0.4521086513996124,
sdedit_0.7,811000000002,wam,0.28125,9,0.99649981665425,False,26,False,-0.003900202626287758,303.968505859375,-0.054582253098487854,-0.24957537651062012,-0.15046222507953644,0.20882828533649445,0.16645203530788422,-0.1630786508321762,-0.02023942582309246,-0.02516314387321472,0.47387897968292236,0.32623153924942017,0.08054465055465698,0.041072946041822433,0.0276059377938509,0.020237917080521584,0.01604987494647503,0.01437816210091114,0.0
sdedit_0.7,811000000002,trustmark,0.44,44,0.9033260477521787,False,66,False,0.005820246970778328,259.99932861328125,0.1340256780385971,0.06833845376968384,0.2590511441230774,-0.08489717543125153,-0.2566550076007843,-0.7330339550971985,0.05939263105392456,-0.4742238521575928,0.8431917428970337,0.1329747438430786,0.008181746117770672,0.008183483965694904,0.004017195198684931,0.0015599168837070465,0.0009870572248473763,0.0009040848235599697,
sdedit_0.7,811000000002,dwtdct,0.59375,19,0.18854279373772442,False,26,False,0.016778918443373602,380.7002258300781,0.26206088066101074,0.06647627055644989,0.5004810094833374,1.3496333360671997,0.08843028545379639,-0.2782590985298157,-0.04541695490479469,0.0656914934515953,0.5660524964332581,0.14142240583896637,0.03640883415937424,0.02865803800523281,0.01918468438088894,0.022469952702522278,0.04750021919608116,0.13830336928367615,
sdedit_0.7,911000000000,wam,0.6875,22,0.025051229866221547,False,26,False,0.004511384277737083,63.20780944824219,-0.12675143778324127,0.10319159179925919,0.21185967326164246,0.1627340018749237,0.03185470402240753,0.20416106283664703,0.2648320496082306,0.2912808358669281,0.49030932784080505,0.351094126701355,0.07895099371671677,0.03158894181251526,0.018132278695702553,0.012650015763938427,0.009366901591420174,0.007907487452030182,0.0
sdedit_0.7,911000000000,trustmark,0.5,50,0.5397946186935889,False,66,False,0.0360087196721586,4.014777183532715,0.12023754417896271,0.00802980549633503,0.15769486129283905,0.15554244816303253,-0.169035866856575,-0.008882122114300728,-0.11855249851942062,-0.024088844656944275,0.8115922212600708,0.17752999067306519,0.004777936730533838,0.0028944204095751047,0.0014754598960280418,0.0006486388156190515,0.000552479934412986,0.0005288522806949914,
sdedit_0.7,911000000000,dwtdct,0.46875,15,0.7016925520729274,False,26,False,0.029676636176356633,23.281692504882812,-0.05226539447903633,0.12002973258495331,0.07802578061819077,-0.025631694123148918,-0.09528285264968872,-0.01206379383802414,-0.013090098276734352,0.0001548510044813156,0.5602592825889587,0.15910615026950836,0.03624279052019119,0.030317774042487144,0.01820567436516285,0.02003495581448078,0.02951996959745884,0.1463133692741394,
sdedit_0.7,911000000001,wam,0.40625,13,0.8923364251386374,False,26,False,0.0030683252595976812,137.79029846191406,0.274489164352417,-0.25188180804252625,0.1503414511680603,-0.11678997427225113,-0.3567061126232147,-0.4663790166378021,-0.08695254474878311,-0.16083985567092896,0.6615187525749207,0.16151487827301025,0.06755076348781586,0.041334666311740875,0.02724909968674183,0.01783059351146221,0.012406592257320881,0.010594664141535759,0.0
sdedit_0.7,911000000001,trustmark,0.61,61,0.017600100108852428,False,66,False,0.015061288671535967,67.79391479492188,0.12319499999284744,0.6021873354911804,0.7234247922897339,0.48491767048835754,0.6618025898933411,-0.6642447710037231,-0.1709316223859787,-0.2293521612882614,0.9164144992828369,0.056635480374097824,0.011570434086024761,0.0070986938662827015,0.004161899909377098,0.0018520164303481579,0.0011962250573560596,0.0010707288747653365,
sdedit_0.7,911000000001,dwtdct,0.4375,14,0.8114572062622756,False,26,False,-0.023884617073046354,68.62438201904297,-0.39192289113998413,0.10310624539852142,0.08185787498950958,-0.6835718750953674,0.2536020576953888,0.3165900409221649,-0.4476807713508606,0.07965429127216339,0.7811867594718933,0.12794850766658783,0.025776317343115807,0.022385986521840096,0.011778871528804302,0.012101322412490845,0.008711086586117744,0.010111158713698387,
sdedit_0.7,911000000002,wam,0.625,20,0.10766357486136258,False,26,False,0.0019376500215562095,87.00004577636719,-0.13031725585460663,0.12192513048648834,-0.08159305155277252,-0.10349687933921814,-0.03595498204231262,0.03598826751112938,-0.011195234023034573,0.05433579906821251,0.5113195180892944,0.32524871826171875,0.07398275285959244,0.03192908689379692,0.020006118342280388,0.014876727014780045,0.011939045041799545,0.010697988793253899,0.0
sdedit_0.7,911000000002,trustmark,0.49,49,0.6178232827986663,False,66,False,0.05832674949829988,16.52475929260254,0.3230413794517517,0.15221691131591797,0.15177859365940094,-0.16024278104305267,-0.12023500353097916,0.01692339964210987,-0.005807152017951012,0.047727230936288834,0.9025200009346008,0.07857324928045273,0.008521463721990585,0.00538736442103982,0.002545042196288705,0.0010834344429895282,0.0006994819268584251,0.0006699418881908059,
sdedit_0.7,911000000002,dwtdct,0.5,16,0.5699749670457095,False,26,False,0.005707221545244031,20.70965003967285,-0.04197131097316742,-0.053897675126791,-0.08539845794439316,0.14088240265846252,-0.060219891369342804,-0.009622734040021896,0.009106452576816082,0.000216827800613828,0.14097397029399872,0.06433212012052536,0.031929902732372284,0.014734234660863876,0.009460242465138435,0.037400536239147186,0.1761150062084198,0.5250539779663086,
vae_roundtrip,111000000000,wam,0.5,16,0.5699749670457095,False,26,False,0.11689382864401386,2.662724256515503,0.2915859520435333,0.10517634451389313,0.002555153565481305,0.16063176095485687,0.13392634689807892,0.13107377290725708,0.0487600713968277,0.039367496967315674,0.4909657835960388,0.2869327664375305,0.07971099764108658,0.044517118483781815,0.03187786415219307,0.02576402947306633,0.021479779854416847,0.018751632422208786,0.0
vae_roundtrip,111000000000,trustmark,0.88,88,9.556787680138532e-16,True,66,False,0.49447740571681414,1.3931865692138672,0.7100855112075806,0.3614259362220764,0.609869658946991,0.5731528401374817,0.3472443222999573,0.3382048010826111,0.21740013360977173,0.11224956065416336,0.868170440196991,0.09537896513938904,0.01680462621152401,0.010729683563113213,0.004394536837935448,0.0020179080311208963,0.001313544693402946,0.001190363778732717,
vae_roundtrip,111000000000,dwtdct,0.5625,18,0.29830744792707264,False,26,False,0.15097172652039192,0.6974659562110901,0.5615584254264832,0.19135995209217072,0.1255003958940506,0.16307197511196136,0.06691267341375351,0.0004731093067675829,0.003506953362375498,0.0026089472230523825,0.15216408669948578,0.05609704554080963,0.022938840091228485,0.023844877257943153,0.023795556277036667,0.04578998684883118,0.16393698751926422,0.5114325881004333,
vae_roundtrip,111000000001,wam,0.96875,31,7.683411240577698e-09,True,26,False,0.12961877591009643,14.079012870788574,0.7425827383995056,0.3422548770904541,0.029709044843912125,0.2832055985927582,0.2555491626262665,0.08377696573734283,0.12589791417121887,0.01352842990309,0.49373912811279297,0.3253045678138733,0.07619427144527435,0.03407123684883118,0.02306503802537918,0.018162855878472328,0.015563399530947208,0.013899528421461582,0.481597900390625
vae_roundtrip,111000000001,trustmark,1.0,100,7.888609052210118e-31,True,66,True,0.4872433294949944,2.8473856449127197,0.9492549300193787,0.650553286075592,0.6094756126403809,0.3337577283382416,0.3009268343448639,0.031393010169267654,0.013355400413274765,-0.017325568944215775,0.8998017907142639,0.07487267255783081,0.007707301527261734,0.008353587239980698,0.004547053016722202,0.002061080653220415,0.0013862864580005407,0.0012702278327196836,
vae_roundtrip,111000000001,dwtdct,0.84375,27,5.653710104525089e-05,True,26,False,0.3308389733715407,9.494771003723145,0.8826630711555481,0.5320377945899963,0.07660317420959473,0.18188178539276123,0.1232396811246872,0.036570336669683456,0.08950811624526978,0.01814999245107174,0.7009140849113464,0.15673001110553741,0.03451429307460785,0.028185013681650162,0.015798481181263924,0.016497313976287842,0.01658867672085762,0.030772166326642036,
vae_roundtrip,111000000002,wam,1.0,32,2.3283064365386963e-10,True,26,True,0.2470818169463302,13.13453483581543,0.7872306704521179,0.5610448718070984,0.1053546667098999,0.09186504781246185,-0.13573813438415527,-0.22486478090286255,-0.10472261160612106,0.1381521075963974,0.5545620322227478,0.3076818585395813,0.06731348484754562,0.026065479964017868,0.014794515445828438,0.01069843489676714,0.00951814278960228,0.009366023354232311,0.6954803466796875
vae_roundtrip,111000000002,trustmark,1.0,100,7.888609052210118e-31,True,66,True,0.36527990426237367,4.094833850860596,0.921578586101532,0.560072124004364,0.2659858763217926,0.04800671339035034,-0.11539353430271149,0.04813387617468834,-0.07941578328609467,0.0043372525833547115,0.9044100642204285,0.073255255818367,0.006430597510188818,0.005962289869785309,0.004389445763081312,0.0022506434470415115,0.0017025248380377889,0.001599277020432055,
vae_roundtrip,111000000002,dwtdct,0.96875,31,7.683411240577698e-09,True,26,False,0.34719640057499984,6.99931001663208,0.7318518161773682,0.5227651000022888,0.19963818788528442,-0.03598929941654205,-0.008765773847699165,0.03738350048661232,0.06932010501623154,-0.009006166830658913,0.5893624424934387,0.11926187574863434,0.027844836935400963,0.02286319062113762,0.014301889576017857,0.021169332787394524,0.05247074365615845,0.1527257263660431,
vae_roundtrip,211000000000,wam,1.0,32,2.3283064365386963e-10,True,26,True,0.159488961513909,16.632734298706055,0.650298535823822,0.4126996099948883,0.1574387103319168,0.035221707075834274,0.10998537391424179,0.015573322772979736,0.029455922544002533,0.0496712252497673,0.558303952217102,0.30142277479171753,0.06833090633153915,0.02719290927052498,0.014641983434557915,0.011155383661389351,0.009668014943599701,0.009284126572310925,0.6560211181640625
vae_roundtrip,211000000000,trustmark,0.98,98,3.9845364322713306e-27,True,66,False,0.4064490325142004,3.9576973915100098,0.912243127822876,0.6916227340698242,0.4185154438018799,0.25150084495544434,0.08229857683181763,-0.10686322301626205,-0.12472885847091675,0.07367897778749466,0.8809391260147095,0.10271713137626648,0.00538376672193408,0.004268735181540251,0.0029885706026107073,0.0015160896582528949,0.0011383554665371776,0.0010482755023986101,
vae_roundtrip,211000000000,dwtdct,0.6875,22,0.025051229866221547,False,26,False,0.31154331238429694,12.349691390991211,0.8088635206222534,0.319124311208725,0.1752660870552063,0.11203531920909882,0.09655562043190002,-0.07599985599517822,-0.042886704206466675,0.027447886765003204,0.7556342482566833,0.10776413232088089,0.025341005995869637,0.020254014059901237,0.012144509702920914,0.012669485062360764,0.018530119210481644,0.04766251891851425,
vae_roundtrip,211000000001,wam,1.0,32,2.3283064365386963e-10,True,26,True,0.0738002023899525,64.15454864501953,0.6866631507873535,0.3865848481655121,0.40446656942367554,0.4853426516056061,0.403016060590744,0.5869975686073303,0.6175535321235657,-0.01580175571143627,0.47525903582572937,0.34629905223846436,0.07551712542772293,0.033810537308454514,0.022353610023856163,0.017284711822867393,0.015231774188578129,0.014244244433939457,0.5413055419921875
vae_roundtrip,211000000001,trustmark,0.94,94,1.0029797609618065e-21,True,66,False,0.24255895760806503,10.635581970214844,0.9802510738372803,0.5138278603553772,0.4418421983718872,0.6208057999610901,0.7050364017486572,0.44345492124557495,-0.027649518102407455,0.034802574664354324,0.8490867614746094,0.12125805020332336,0.009989102371037006,0.010051432065665722,0.005240860860794783,0.0020682746544480324,0.0012381096603348851,0.001067416276782751,
vae_roundtrip,211000000001,dwtdct,0.65625,21,0.055092082591727376,False,26,False,0.08611200721088089,59.791259765625,0.7357670664787292,0.3701479434967041,0.19456595182418823,0.21458666026592255,-0.20858730375766754,0.0189446322619915,0.07392874360084534,0.022687548771500587,0.5012224912643433,0.16551938652992249,0.03814740478992462,0.03174716606736183,0.018690219148993492,0.028430817648768425,0.071953184902668,0.14428935945034027,
vae_roundtrip,211000000002,wam,0.96875,31,7.683411240577698e-09,True,26,False,0.09153714898661726,37.5720329284668,0.8294723033905029,0.5376186966896057,0.46868425607681274,0.7502511739730835,0.38487446308135986,0.25969308614730835,-0.07635343819856644,0.0051208920776844025,0.449785053730011,0.3622962534427643,0.07813761383295059,0.03450904041528702,0.023079857230186462,0.019167834892868996,0.01699977181851864,0.016024569049477577,0.241485595703125
vae_roundtrip,211000000002,trustmark,0.97,97,1.3154334480650894e-25,True,66,False,0.3244406789238283,5.65272331237793,0.8916091918945312,0.5966367125511169,0.4838491976261139,0.3222564160823822,0.04560931771993637,0.029708903282880783,0.1837158352136612,-0.07831165939569473,0.808323323726654,0.1540246456861496,0.013522728346288204,0.013589424081146717,0.006169362924993038,0.002166975289583206,0.0011780511122196913,0.0010255055967718363,
vae_roundtrip,211000000002,dwtdct,0.71875,23,0.010030803503468633,False,26,False,0.1203791669163573,31.08080291748047,0.7967193126678467,0.5589037537574768,0.08400442451238632,0.23313076794147491,0.16753433644771576,-0.01168951764702797,0.019235076382756233,0.03258075192570686,0.5337351560592651,0.1574651151895523,0.041402168571949005,0.034273598343133926,0.022370152175426483,0.027403652667999268,0.047844626009464264,0.13550548255443573,
vae_roundtrip,311000000000,wam,0.9375,30,1.2316741049289703e-07,True,26,False,0.31096547818436077,2.5651068687438965,0.9610464572906494,0.429670125246048,0.31160420179367065,0.3105701208114624,0.28741729259490967,0.18796990811824799,0.1192169338464737,0.09142105281352997,0.5684478282928467,0.2363358736038208,0.07287164032459259,0.04319372400641441,0.029236620292067528,0.020988192409276962,0.015818526968359947,0.013107631355524063,0.6505279541015625
vae_roundtrip,311000000000,trustmark,0.99,99,7.967495142732219e-29,True,66,False,0.545764716772597,1.9562621116638184,0.9932369589805603,0.5634204149246216,0.561424970626831,0.6224439144134521,0.4129719138145447,0.08994803577661514,0.034946128726005554,-0.061032529920339584,0.8968952298164368,0.08030448108911514,0.009697727859020233,0.006924986839294434,0.002845690818503499,0.0013316725380718708,0.0010098558850586414,0.0009903011377900839,
vae_roundtrip,311000000000,dwtdct,0.4375,14,0.8114572062622756,False,26,False,0.14434565297880078,1.4094364643096924,0.7285690903663635,0.43224307894706726,0.3780629336833954,0.19354337453842163,0.04408471658825874,-0.0329308845102787,-0.006223081611096859,-0.002933829789981246,0.1937435269355774,0.07983683049678802,0.02850784920156002,0.014881168492138386,0.00860829371958971,0.026826292276382446,0.1338888555765152,0.5137071013450623,
vae_roundtrip,311000000001,wam,1.0,32,2.3283064365386963e-10,True,26,True,0.16403299627449464,9.462895393371582,0.7172785997390747,0.41307681798934937,0.2947830855846405,0.2768747806549072,0.3470657765865326,0.2848919630050659,0.4132540822029114,0.1660483032464981,0.4774402379989624,0.3001139461994171,0.08461408317089081,0.0426931194961071,0.028824452310800552,0.024147137999534607,0.021722421050071716,0.020444627851247787,0.871368408203125
vae_roundtrip,311000000001,trustmark,1.0,100,7.888609052210118e-31,True,66,True,0.4588865453065904,2.506056070327759,0.9086177349090576,0.5247073769569397,0.3212375044822693,0.248683363199234,-0.012027173303067684,0.06976164132356644,0.15774300694465637,0.12245036661624908,0.8466776013374329,0.11864253133535385,0.010575060732662678,0.011133533902466297,0.006377772893756628,0.0027205997612327337,0.0020553546492010355,0.0018176054581999779,
vae_roundtrip,311000000001,dwtdct,0.34375,11,0.9749487701337785,False,26,False,0.24355417242953012,10.920223236083984,0.7053637504577637,0.42188560962677,0.13917085528373718,-0.08601590991020203,0.005245388951152563,0.07939805090427399,0.12310897558927536,0.19285371899604797,0.7028171420097351,0.17527322471141815,0.030985917896032333,0.029442498460412025,0.013290029019117355,0.015949629247188568,0.012805232778191566,0.019436273723840714,
vae_roundtrip,311000000002,wam,1.0,32,2.3283064365386963e-10,True,26,True,0.1292576999877476,22.238218307495117,0.7444669008255005,0.4002092182636261,0.18808382749557495,0.25294461846351624,0.5131292939186096,0.2352781593799591,-0.08272724598646164,-0.128238245844841,0.529133677482605,0.3198453485965729,0.07579415291547775,0.03045782446861267,0.01658935472369194,0.011364305391907692,0.00891049113124609,0.007904822938144207,0.5558319091796875
vae_roundtrip,311000000002,trustmark,0.97,97,1.3154334480650894e-25,True,66,False,0.39802316680005473,4.090668678283691,0.9140528440475464,0.641993522644043,0.27776357531547546,0.5685374736785889,0.5851534008979797,-0.1946924924850464,0.14338459074497223,-0.04100705683231354,0.8706583976745605,0.11253654211759567,0.005740195978432894,0.004571909550577402,0.002858975436538458,0.0014658709987998009,0.0011152419028803706,0.0010528613347560167,
vae_roundtrip,311000000002,dwtdct,0.875,28,9.650597348809242e-06,True,26,False,0.20963425384553097,15.068498611450195,0.8326573371887207,0.51938396692276,0.17125621438026428,0.08040275424718857,0.15554063022136688,0.10595817118883133,0.03175583854317665,0.015334563329815865,0.5583849549293518,0.1632785052061081,0.03903079405426979,0.03142089396715164,0.019696295261383057,0.024195902049541473,0.048743754625320435,0.11524892598390579,
vae_roundtrip,411000000000,wam,1.0,32,2.3283064365386963e-10,True,26,True,0.18550015286282084,8.006270408630371,0.6836650371551514,0.4075247347354889,0.23096002638339996,0.2736892104148865,0.35773134231567383,0.37958770990371704,0.2730731964111328,0.149922177195549,0.4829418361186981,0.3043068051338196,0.07994569092988968,0.04641115665435791,0.029984381049871445,0.022076206281781197,0.018030881881713867,0.01630299724638462,0.5480804443359375
vae_roundtrip,411000000000,trustmark,0.98,98,3.9845364322713306e-27,True,66,False,0.3931732230363996,3.3349153995513916,0.8845948576927185,0.5018616318702698,0.8459384441375732,0.6631036996841431,0.7175577878952026,0.4054062068462372,0.88157719373703,0.5692841410636902,0.8343733549118042,0.14074231684207916,0.010806996375322342,0.007128287106752396,0.003507101209834218,0.0014688122319057584,0.0010151780443266034,0.0009579291217960417,
vae_roundtrip,411000000000,dwtdct,0.96875,31,7.683411240577698e-09,True,26,False,0.49467695384574994,3.8048198223114014,0.7594767212867737,0.3774470388889313,0.11054150760173798,0.04283355176448822,0.11814124137163162,0.01813255436718464,-0.020739631727337837,0.001413283171132207,0.6002619862556458,0.08334290236234665,0.021217139437794685,0.016457824036478996,0.010427949950098991,0.018179170787334442,0.06253836303949356,0.1875746250152588,
vae_roundtrip,411000000001,wam,1.0,32,2.3283064365386963e-10,True,26,True,0.1629909607283,19.430898666381836,0.6885120272636414,0.38382935523986816,0.05803358182311058,0.037760403007268906,0.23661799728870392,0.30970051884651184,0.2609264552593231,0.06349842995405197,0.5126067996025085,0.3274557590484619,0.0698053389787674,0.030140627175569534,0.019268082454800606,0.014986135996878147,0.013133136555552483,0.01260407269001007,0.53271484375
vae_roundtrip,411000000001,trustmark,0.98,98,3.9845364322713306e-27,True,66,False,0.2922902148654092,5.221535682678223,0.8240898847579956,0.5348209738731384,0.24959781765937805,0.46274614334106445,0.34858232736587524,0.02402666211128235,0.03186959773302078,-0.09084218740463257,0.8399035930633545,0.1299179345369339,0.011746898293495178,0.00855184905230999,0.00469275051727891,0.0021742882672697306,0.0015739563386887312,0.0014387008268386126,
vae_roundtrip,411000000001,dwtdct,0.90625,29,1.2780074030160904e-06,True,26,False,0.12965515799627136,4.98582649230957,0.7072603106498718,0.26255834102630615,0.13032852113246918,-0.00965664628893137,0.0039013121277093887,0.025977779179811478,0.0280174370855093,0.009192068129777908,0.19316896796226501,0.07302357256412506,0.03628731891512871,0.02837059646844864,0.02808956615626812,0.054290372878313065,0.14567594230175018,0.44109368324279785,
vae_roundtrip,411000000002,wam,1.0,32,2.3283064365386963e-10,True,26,True,0.28473723526083133,3.9822258949279785,0.6718229055404663,0.35713720321655273,0.08602346479892731,0.12508219480514526,0.12841813266277313,0.10218532383441925,-0.016311878338456154,0.11442521214485168,0.5370052456855774,0.3128719925880432,0.07256174832582474,0.0302071925252676,0.016741197556257248,0.01185715664178133,0.00984106119722128,0.008914422243833542,0.56329345703125
vae_roundtrip,411000000002,trustmark,1.0,100,7.888609052210118e-31,True,66,True,0.5791962450384791,1.8086249828338623,0.9351562261581421,0.6934614777565002,0.5344269871711731,0.13217774033546448,-0.033888883888721466,0.0625438243150711,0.031161140650510788,0.01093513797968626,0.9262720346450806,0.059805672615766525,0.00511689530685544,0.0038574698846787214,0.0020773843862116337,0.0010925736278295517,0.0008983335574157536,0.000879505299963057,
vae_roundtrip,411000000002,dwtdct,0.75,24,0.0035001833457499743,False,26,False,0.45136024484250636,2.7904324531555176,0.885219395160675,0.5023560523986816,0.22243492305278778,0.18119074404239655,0.03694605454802513,0.034412629902362823,0.0269120205193758,0.007384132593870163,0.5936288833618164,0.12083037942647934,0.028727969154715538,0.022985270246863365,0.014362004585564137,0.016267158091068268,0.03010094165802002,0.1730974316596985,
vae_roundtrip,511000000000,wam,1.0,32,2.3283064365386963e-10,True,26,True,0.40923449166250275,8.356939315795898,0.9988043308258057,0.8380085825920105,0.2614206075668335,0.07523264735937119,0.3388898968696594,0.2903653383255005,0.5721926689147949,0.5026992559432983,0.4647049903869629,0.3469716012477875,0.06894045323133469,0.031234560534358025,0.023249737918376923,0.021726053208112717,0.021532753482460976,0.021639885380864143,0.93133544921875
vae_roundtrip,511000000000,trustmark,1.0,100,7.888609052210118e-31,True,66,True,0.286776185741057,5.089225769042969,1.1161084175109863,0.46991094946861267,0.5771278142929077,0.4864571690559387,0.4736751317977905,0.25553569197654724,0.11619771271944046,-0.09402842819690704,0.8670289516448975,0.08623895049095154,0.012792603112757206,0.016219928860664368,0.009904795326292515,0.0034869180526584387,0.0023464809637516737,0.0019813780672848225,
vae_roundtrip,511000000000,dwtdct,0.4375,14,0.8114572062622756,False,26,False,0.638992945988787,3.083019971847534,1.3932185173034668,0.6981676816940308,0.3353663682937622,0.381565123796463,0.22912918031215668,-0.017184609547257423,-0.23114308714866638,-0.11251992732286453,0.8296099901199341,0.04021575674414635,0.01137582678347826,0.0072195627726614475,0.00421938905492425,0.009499868378043175,0.026529554277658463,0.07133011519908905,
vae_roundtrip,511000000001,wam,0.9375,30,1.2316741049289703e-07,True,26,False,0.07985553779549655,32.31971740722656,0.6439752578735352,0.39495164155960083,0.45343920588493347,0.20187808573246002,0.41840311884880066,0.12396008521318436,0.30021610856056213,-0.07245762646198273,0.5178490281105042,0.26416218280792236,0.07328743487596512,0.04371395707130432,0.032267458736896515,0.026475900784134865,0.02234436385333538,0.019899606704711914,0.6394805908203125
vae_roundtrip,511000000001,trustmark,0.99,99,7.967495142732219e-29,True,66,False,0.2574962851229136,6.930180072784424,0.8449626564979553,0.5453526377677917,0.5808712840080261,0.630984365940094,0.15958324074745178,0.14476746320724487,0.7486204504966736,0.47525686025619507,0.7991837859153748,0.16904190182685852,0.012592960149049759,0.009873416274785995,0.0049695903435349464,0.0018890633946284652,0.0012804552679881454,0.0011687822407111526,
vae_roundtrip,511000000001,dwtdct,0.8125,26,0.0002675263676792383,True,26,False,0.2957379928939449,16.00446319580078,1.0500785112380981,0.45329123735427856,0.42684924602508545,0.07903318107128143,0.1661314219236374,0.16570839285850525,0.05136935040354729,0.03238885477185249,0.6948694586753845,0.07378111034631729,0.02437588945031166,0.019357725977897644,0.015016867779195309,0.021846391260623932,0.04623793810606003,0.10451462864875793,
vae_roundtrip,511000000002,wam,1.0,32,2.3283064365386963e-10,True,26,True,0.15650938740243064,13.241720199584961,0.7814982533454895,0.4354877173900604,0.21285440027713776,0.09211891144514084,-0.025339681655168533,0.14991861581802368,0.19685594737529755,0.1546265184879303,0.4941858947277069,0.2771359384059906,0.09040826559066772,0.050061605870723724,0.03197772800922394,0.023215951398015022,0.017421822994947433,0.01559287030249834,0.60028076171875
vae_roundtrip,511000000002,trustmark,0.99,99,7.967495142732219e-29,True,66,False,0.3918153665657112,3.3222949504852295,0.8874194025993347,0.42148637771606445,0.5228505730628967,0.5838732719421387,0.38967564702033997,0.04622506722807884,0.08693906664848328,0.051003288477659225,0.8882787823677063,0.09086959064006805,0.006933166179805994,0.006270387209951878,0.003632890759035945,0.001638110727071762,0.001238974160514772,0.0011380392825230956,
vae_roundtrip,511000000002,dwtdct,0.5,16,0.5699749670457095,False,26,False,0.15314835503697505,11.129312515258789,0.8429027795791626,0.3148806095123291,0.11803090572357178,0.20330651104450226,-0.022786978632211685,-0.17821474373340607,0.05434929579496384,0.009361861273646355,0.5185473561286926,0.16141822934150696,0.03871995583176613,0.0296517014503479,0.017808562144637108,0.024524547159671783,0.05834519863128662,0.15098439157009125,
vae_roundtrip,611000000000,wam,1.0,32,2.3283064365386963e-10,True,26,True,0.23989012252777756,8.302450180053711,0.7319052815437317,0.5546436905860901,0.204705610871315,0.29183992743492126,0.24411384761333466,0.19175316393375397,0.02211781218647957,0.10972494632005692,0.54770827293396,0.31799569725990295,0.06586451083421707,0.025914808735251427,0.015413223765790462,0.010984133929014206,0.0085916081443429,0.007527679670602083,0.5988616943359375
vae_roundtrip,611000000000,trustmark,1.0,100,7.888609052210118e-31,True,66,True,0.3824390494252105,3.4323956966400146,0.8836144804954529,0.5936075448989868,0.5373843908309937,0.47550496459007263,0.226054847240448,0.20764116942882538,0.07223956286907196,0.14492620527744293,0.9064416885375977,0.06306816637516022,0.00965792778879404,0.009756896644830704,0.005231423303484917,0.0024850505869835615,0.0017407701816409826,0.0016180527163669467,
vae_roundtrip,611000000000,dwtdct,0.90625,29,1.2780074030160904e-06,True,26,False,0.26995199433309014,5.367456912994385,0.8426647782325745,0.6137207746505737,0.3664223253726959,0.22150819003582,0.040869638323783875,-0.009829132817685604,0.02062985859811306,0.0009518233709968626,0.4257042109966278,0.11757387965917587,0.04579642787575722,0.028200481086969376,0.01634133979678154,0.04684906080365181,0.12841439247131348,0.19112026691436768,
vae_roundtrip,611000000001,wam,1.0,32,2.3283064365386963e-10,True,26,True,0.07811289541069924,57.08523178100586,0.9161412119865417,0.6892069578170776,0.3658681809902191,0.3447084128856659,0.4939064085483551,0.629393994808197,0.5900705456733704,0.16859391331672668,0.6792927980422974,0.1840447187423706,0.05449170246720314,0.024190379306674004,0.016903210431337357,0.0154549740254879,0.013735178858041763,0.01188707072287798,0.331695556640625
vae_roundtrip,611000000001,trustmark,0.89,89,1.2704266677461526e-16,True,66,False,0.18880687905365487,15.394352912902832,0.8699501156806946,0.6149386167526245,0.45181116461753845,0.4455798864364624,0.42820310592651367,0.13784773647785187,0.22212891280651093,-0.9597792029380798,0.838160514831543,0.1440764218568802,0.006350793410092592,0.005232968833297491,0.0030776432249695063,0.0013482262147590518,0.0009088219376280904,0.0008446232532151043,
vae_roundtrip,611000000001,dwtdct,0.625,20,0.10766357486136258,False,26,False,0.0797985684580182,62.7408332824707,0.7737540602684021,0.37954020500183105,0.272661954164505,-0.06200915575027466,0.06365346163511276,-0.09408146142959595,0.312327116727829,0.07571858167648315,0.6101182699203491,0.15533025562763214,0.03890229016542435,0.031986549496650696,0.021588919684290886,0.023745084181427956,0.031631555408239365,0.0866970643401146,
vae_roundtrip,611000000002,wam,1.0,32,2.3283064365386963e-10,True,26,True,0.07902126045088266,47.35362243652344,0.6158786416053772,0.3786076307296753,0.11889240145683289,0.11512763053178787,0.3411582410335541,0.42126715183258057,-0.01841188408434391,-0.06537076830863953,0.4780780076980591,0.33543509244918823,0.06771109998226166,0.03302605077624321,0.0296626053750515,0.019084131345152855,0.017070405185222626,0.019932564347982407,0.69873046875
vae_roundtrip,611000000002,trustmark,0.99,99,7.967495142732219e-29,True,66,False,0.19341655090911336,11.114316940307617,0.7825085520744324,0.379072368144989,0.3815770149230957,0.10457078367471695,0.09730247408151627,0.03540794178843498,0.21714207530021667,-0.2319280505180359,0.8525089025497437,0.0849963128566742,0.011161403730511665,0.01581421121954918,0.027437057346105576,0.00420338986441493,0.00207640347070992,0.0018023692537099123,
vae_roundtrip,611000000002,dwtdct,0.59375,19,0.18854279373772442,False,26,False,0.10262249573649974,38.292293548583984,0.6718565821647644,0.36297720670700073,0.2678975760936737,-0.026846684515476227,0.2807548940181732,0.14760872721672058,-0.04482828453183174,-0.030253326520323753,0.5407037138938904,0.12422426789999008,0.03183234855532646,0.02577151171863079,0.018581978976726532,0.026496119797229767,0.06108209118247032,0.1713080257177353,
vae_roundtrip,711000000000,wam,1.0,32,2.3283064365386963e-10,True,26,True,0.08655856739773553,27.43470573425293,0.9757981300354004,0.3181685209274292,0.08767926692962646,0.2905573546886444,0.5237453579902649,0.5054459571838379,0.20525811612606049,0.21014073491096497,0.5905660390853882,0.21745118498802185,0.07492592930793762,0.040054548531770706,0.02746708318591118,0.01998230628669262,0.0157623328268528,0.013790571130812168,0.620635986328125
vae_roundtrip,711000000000,trustmark,0.99,99,7.967495142732219e-29,True,66,False,0.24293165737014707,7.648186206817627,0.8638518452644348,0.2631101906299591,0.38966241478919983,0.4165467619895935,-0.06720128655433655,-0.24928298592567444,-0.14224451780319214,-0.05668659880757332,0.9090657234191895,0.0675719603896141,0.007403472438454628,0.007119175046682358,0.004260844551026821,0.001993828220292926,0.0013624384300783277,0.0012225256068632007,
vae_roundtrip,711000000000,dwtdct,0.5625,18,0.29830744792707264,False,26,False,0.10233466650186712,27.649398803710938,0.8414826393127441,0.36781635880470276,0.16621923446655273,-0.14210982620716095,-0.1589396446943283,-0.15732066333293915,0.03404200077056885,0.06675147265195847,0.6355594992637634,0.1436235010623932,0.0356755405664444,0.028299478814005852,0.01788020320236683,0.019601069390773773,0.029077088460326195,0.09028361737728119,
vae_roundtrip,711000000001,wam,1.0,32,2.3283064365386963e-10,True,26,True,0.42752160098818515,2.5575509071350098,0.8299212455749512,0.49163636565208435,0.1626160889863968,0.05712520703673363,-0.056692056357860565,0.03129543364048004,0.10963401943445206,0.1101786196231842,0.5486519932746887,0.30858951807022095,0.07082604616880417,0.02710711769759655,0.015559445135295391,0.011253349483013153,0.009287227876484394,0.008725335821509361,0.5608367919921875
vae_roundtrip,711000000001,trustmark,1.0,100,7.888609052210118e-31,True,66,True,0.47886969132192037,1.8538552522659302,0.8842728734016418,0.6265124082565308,0.1381961703300476,0.09663207083940506,0.05969199165701866,0.041313402354717255,-0.0230129174888134,0.02101927623152733,0.903200626373291,0.07123569399118423,0.009910930879414082,0.007324244827032089,0.003872083965688944,0.0017568967305123806,0.0013828141381964087,0.0013166841818019748,
vae_roundtrip,711000000001,dwtdct,0.96875,31,7.683411240577698e-09,True,26,False,0.42087956931574805,1.5562134981155396,0.9320180416107178,0.5191627740859985,0.20444905757904053,0.04681888595223427,0.0589401051402092,0.0040745921432971954,0.024809235706925392,0.005235880613327026,0.40573328733444214,0.10513664036989212,0.028170796111226082,0.021796628832817078,0.01415701862424612,0.019002115353941917,0.061004556715488434,0.3449989855289459,
vae_roundtrip,711000000002,wam,0.9375,30,1.2316741049289703e-07,True,26,False,0.10244275953455681,16.96628761291504,0.6943085789680481,0.3817022740840912,0.2603248357772827,0.36020341515541077,0.19733518362045288,0.3576183617115021,0.6375090479850769,0.09186621010303497,0.433043509721756,0.33420684933662415,0.08950919657945633,0.04512253403663635,0.031886760145425797,0.025526029989123344,0.021093035116791725,0.019612077623605728,0.4577178955078125
vae_roundtrip,711000000002,trustmark,1.0,100,7.888609052210118e-31,True,66,True,0.31696436305122555,5.804821491241455,0.992047905921936,0.4155533015727997,0.4756045639514923,0.8810138702392578,0.7638664841651917,0.4940214455127716,0.14456547796726227,0.040636058896780014,0.8646496534347534,0.10051214694976807,0.011463797651231289,0.012890579178929329,0.006149499211460352,0.0021585458889603615,0.0011595820542424917,0.0010162335820496082,
vae_roundtrip,711000000002,dwtdct,0.5,16,0.5699749670457095,False,26,False,0.17506327332696794,9.178155899047852,0.876801609992981,0.30488121509552,0.12690381705760956,0.13310794532299042,0.027696583420038223,0.12367480993270874,0.07138507813215256,0.008610117249190807,0.4431658089160919,0.11370819061994553,0.03564988821744919,0.030305176973342896,0.025356050580739975,0.04171987250447273,0.09528813511133194,0.21480683982372284,
vae_roundtrip,811000000000,wam,1.0,32,2.3283064365386963e-10,True,26,True,0.14502221832002615,11.08115291595459,1.0810991525650024,0.4485052824020386,0.19715312123298645,0.30922168493270874,0.10374712944030762,0.15632452070713043,0.44850966334342957,0.3637649714946747,0.5654860138893127,0.24684154987335205,0.07752440869808197,0.03948312625288963,0.02542213350534439,0.01791241392493248,0.014189241454005241,0.013141152448952198,0.75299072265625
vae_roundtrip,811000000000,trustmark,1.0,100,7.888609052210118e-31,True,66,True,0.35351153542363833,4.479228973388672,0.9571129083633423,0.3698905408382416,0.3617956042289734,0.6036950349807739,0.5457874536514282,0.18589599430561066,0.108380027115345,-0.02471933700144291,0.88388592004776,0.08504621684551239,0.01000254601240158,0.011020492762327194,0.005350329913198948,0.002122177043929696,0.0013493343722075224,0.0012229382991790771,
vae_roundtrip,811000000000,dwtdct,0.53125,17,0.4300250329542905,False,26,False,0.2989657323690219,10.975469589233398,0.924441397190094,0.330852210521698,0.13665254414081573,0.06233254075050354,0.1543627828359604,0.18308933079242706,0.28513938188552856,-0.05903461575508118,0.7501429915428162,0.1372448205947876,0.02963218092918396,0.024940377101302147,0.013801183551549911,0.014024610631167889,0.011513612233102322,0.018700135871767998,
vae_roundtrip,811000000001,wam,1.0,32,2.3283064365386963e-10,True,26,True,0.09389885364135377,41.47262191772461,0.7924635410308838,0.3928905427455902,0.3515523076057434,0.12343837320804596,0.15717822313308716,-0.21483300626277924,0.2530624568462372,0.060619279742240906,0.5417382121086121,0.2857060134410858,0.06923376768827438,0.03447338193655014,0.023066192865371704,0.017640195786952972,0.014601320959627628,0.013540874235332012,0.489410400390625
vae_roundtrip,811000000001,trustmark,1.0,100,7.888609052210118e-31,True,66,True,0.30679072343248476,6.280471324920654,0.8938237428665161,0.5560857057571411,0.646673321723938,0.5269449949264526,0.2880185544490814,-0.23313023149967194,0.12768597900867462,0.07080648094415665,0.8466647267341614,0.13479271531105042,0.007252131123095751,0.00600419519469142,0.0030840234830975533,0.0010702115250751376,0.000595113611780107,0.0005369628197513521,
vae_roundtrip,811000000001,dwtdct,0.40625,13,0.8923364251386374,False,26,False,0.06830241233401149,18.138530731201172,0.8389561772346497,0.4669003486633301,0.30492135882377625,0.14706814289093018,0.11866612732410431,0.022470034658908844,-0.007102923933416605,-0.0033645338844507933,0.2167290598154068,0.09348902851343155,0.030332989990711212,0.01770738698542118,0.01203361339867115,0.030067795887589455,0.1475314348936081,0.4521086513996124,
vae_roundtrip,811000000002,wam,1.0,32,2.3283064365386963e-10,True,26,True,0.09662507812331882,39.2711181640625,0.7724074125289917,0.3721982538700104,0.06460060179233551,0.04434017091989517,0.5526936650276184,0.753055989742279,0.3788851201534271,-0.04234941303730011,0.47387897968292236,0.32623153924942017,0.08054465055465698,0.041072946041822433,0.0276059377938509,0.020237917080521584,0.01604987494647503,0.01437816210091114,0.5547943115234375
vae_roundtrip,811000000002,trustmark,1.0,100,7.888609052210118e-31,True,66,True,0.2838867897103557,7.2871904373168945,0.945469319820404,0.4359091818332672,0.34187647700309753,0.3342544436454773,-0.03763287886977196,0.17532776296138763,0.3843546211719513,0.06002189964056015,0.8431917428970337,0.1329747438430786,0.008181746117770672,0.008183483965694904,0.004017195198684931,0.0015599168837070465,0.0009870572248473763,0.0009040848235599697,
vae_roundtrip,811000000002,dwtdct,0.65625,21,0.055092082591727376,False,26,False,0.16516898093850327,31.238859176635742,0.9689853191375732,0.5218468904495239,0.25109297037124634,0.17527718842029572,0.259368360042572,0.22146670520305634,0.055885929614305496,-0.005956381093710661,0.5660524964332581,0.14142240583896637,0.03640883415937424,0.02865803800523281,0.01918468438088894,0.022469952702522278,0.04750021919608116,0.13830336928367615,
vae_roundtrip,911000000000,wam,0.84375,27,5.653710104525089e-05,True,26,False,0.11459338025589691,29.72148895263672,0.7677367925643921,0.5232224464416504,0.18301908671855927,0.06411094218492508,0.2951644957065582,0.09085612744092941,0.09395715594291687,0.10077739506959915,0.49030932784080505,0.351094126701355,0.07895099371671677,0.03158894181251526,0.018132278695702553,0.012650015763938427,0.009366901591420174,0.007907487452030182,0.0392303466796875
vae_roundtrip,911000000000,trustmark,0.82,82,3.0739033075239876e-11,True,66,False,0.43745460213008536,3.7091238498687744,0.9218238592147827,0.7145536541938782,0.34416308999061584,0.20454509556293488,0.11037049442529678,0.017970772460103035,0.18324264883995056,0.0604582242667675,0.8115922212600708,0.17752999067306519,0.004777936730533838,0.0028944204095751047,0.0014754598960280418,0.0006486388156190515,0.000552479934412986,0.0005288522806949914,
vae_roundtrip,911000000000,dwtdct,0.59375,19,0.18854279373772442,False,26,False,0.1602652521208705,22.296939849853516,0.7656471133232117,0.5604519844055176,0.11730598658323288,0.17009903490543365,0.09344377368688583,-0.04291270300745964,-0.007606028113514185,0.008619152940809727,0.5602592825889587,0.15910615026950836,0.03624279052019119,0.030317774042487144,0.01820567436516285,0.02003495581448078,0.02951996959745884,0.1463133692741394,
vae_roundtrip,911000000001,wam,0.90625,29,1.2780074030160904e-06,True,26,False,0.3932314292110995,2.7738380432128906,0.7648137211799622,0.6964676976203918,0.4918465316295624,0.4166008234024048,0.37635964155197144,0.24200120568275452,-0.01535731926560402,-0.32671383023262024,0.6615187525749207,0.16151487827301025,0.06755076348781586,0.041334666311740875,0.02724909968674183,0.01783059351146221,0.012406592257320881,0.010594664141535759,0.9558868408203125
vae_roundtrip,911000000001,trustmark,1.0,100,7.888609052210118e-31,True,66,True,0.687392548669064,1.7597007751464844,1.0189988613128662,0.7860130071640015,0.45351994037628174,0.4395708441734314,0.48041588068008423,0.3359821140766144,0.22245702147483826,0.005808406043797731,0.9164144992828369,0.056635480374097824,0.011570434086024761,0.0070986938662827015,0.004161899909377098,0.0018520164303481579,0.0011962250573560596,0.0010707288747653365,
vae_roundtrip,911000000001,dwtdct,0.4375,14,0.8114572062622756,False,26,False,0.27902129668862913,3.425919771194458,0.5637187957763672,0.4480037987232208,0.23080316185951233,0.18951451778411865,0.18705075979232788,0.32079803943634033,-0.16019700467586517,-0.18327602744102478,0.7811867594718933,0.12794850766658783,0.025776317343115807,0.022385986521840096,0.011778871528804302,0.012101322412490845,0.008711086586117744,0.010111158713698387,
vae_roundtrip,911000000002,wam,0.96875,31,7.683411240577698e-09,True,26,False,0.24698973334510713,3.5483665466308594,0.6319248080253601,0.28795695304870605,0.045791447162628174,-0.043257299810647964,0.07308971136808395,0.10781975090503693,0.07447236776351929,0.08582507073879242,0.5113195180892944,0.32524871826171875,0.07398275285959244,0.03192908689379692,0.020006118342280388,0.014876727014780045,0.011939045041799545,0.010697988793253899,0.14501953125
vae_roundtrip,911000000002,trustmark,0.96,96,3.224844447881771e-24,True,66,False,0.4699076448303299,1.8828887939453125,0.8485649824142456,0.44694164395332336,0.27228453755378723,0.39856165647506714,0.20292364060878754,0.015501366928219795,-0.031958237290382385,-0.1264234334230423,0.9025200009346008,0.07857324928045273,0.008521463721990585,0.00538736442103982,0.002545042196288705,0.0010834344429895282,0.0006994819268584251,0.0006699418881908059,
vae_roundtrip,911000000002,dwtdct,0.53125,17,0.4300250329542905,False,26,False,0.1700835444745727,1.0272090435028076,0.7305813431739807,0.256756991147995,0.07237592339515686,-0.005075725261121988,0.04531989246606827,-0.03203192353248596,0.0110984668135643,0.009906302206218243,0.14097397029399872,0.06433212012052536,0.031929902732372284,0.014734234660863876,0.009460242465138435,0.037400536239147186,0.1761150062084198,0.5250539779663086,
