method,editor,watermark,id,category,level,round_category,instruction,bit_acc,matches,p_value,detected,threshold_matches,exact_payload,wm_psnr,wm_ssim,clip_t,clip_t_in,clip_t_gain,clip_dir,clip_i,dino,lpips,ssim,psnr,psnr_vs_orig,edit_seconds,edit_peak_mem_gb,bg_psnr,bg_lpips,wam_bit_acc,wam_matches,wam_p_value,wam_detected,wam_threshold_matches,wam_exact_payload,wam_wam_mask_frac,trustmark_bit_acc,trustmark_matches,trustmark_p_value,trustmark_detected,trustmark_threshold_matches,trustmark_exact_payload,dwtdct_bit_acc,dwtdct_matches,dwtdct_p_value,dwtdct_detected,dwtdct_threshold_matches,dwtdct_exact_payload,wam_mask_frac,edit_success,detected_at_l0,joint_success
baseline,ip2p,dwtdct,111000000000,change_object,0,none,,1.0,32.0,2.3283064365386963e-10,True,26.0,True,34.70276705335292,0.9742709027239512,,,,,,,,,,,,,,,,,,,,,,,,,,,,,,,,,,,,True,
baseline,ip2p,dwtdct,111000000000,change_object,1,change_object,change the fishes to sharks and change the kelp to flowers,0.375,12.0,0.9449079174082726,False,26.0,False,,,0.2697848081588745,0.2001804709434509,0.0696043372154235,0.2227560728788375,0.8966969847679138,0.6180306077003479,0.4096622467041015,0.4385009426622261,11.1984197507258,11.175493395071614,8.340081214904785,3.1037206649780273,,,,,,,,,,,,,,,,,,,,,,,1.0,True,0.0
baseline,ip2p,dwtdct,111000000000,change_object,2,global_attribute,make it nighttime,0.5625,18.0,0.2983074479270726,False,26.0,False,,,0.2673193514347076,0.265699177980423,0.0016201734542846,0.0615976937115192,0.9947134256362916,0.9924353957176208,0.0613822937011718,0.8772553204191889,19.56370296772559,11.345209194411236,8.340347051620483,3.1037206649780273,,,,,,,,,,,,,,,,,,,,,,,1.0,True,0.0
baseline,ip2p,dwtdct,111000000000,change_object,3,background,make the background a desert,0.53125,17.0,0.4300250329542905,False,26.0,False,,,0.2627929747104645,0.2549787163734436,0.0078142583370208,0.1263489425182342,0.978348970413208,0.9500678181648254,0.1966646909713745,0.7820659081764298,15.465405599171593,10.973719373399362,8.33959436416626,3.1037206649780273,,,,,,,,,,,,,,,,,,,,,,,1.0,True,0.0
baseline,ip2p,dwtdct,111000000000,change_object,4,style,turn it into a watercolor painting,0.5625,18.0,0.2983074479270726,False,26.0,False,,,0.2724441885948181,0.2690489888191223,0.0033951997756958,0.074014239013195,0.9735921621322632,0.9571354389190674,0.1540420353412628,0.7527456525986439,13.885328928800677,9.213314790346946,8.341476917266846,3.1037206649780273,,,,,,,,,,,,,,,,,,,,,,,1.0,True,0.0
baseline,ip2p,dwtdct,111000000001,change_object,0,none,,1.0,32.0,2.3283064365386963e-10,True,26.0,True,41.69673472013483,0.991522099538042,,,,,,,,,,,,,,,,,,,,,,,,,,,,,,,,,,,,True,
baseline,ip2p,dwtdct,111000000001,change_object,1,change_object,change the cat to tiger and change the hat to scarf,0.6875,22.0,0.0250512298662215,False,26.0,False,,,0.3209057152271271,0.2154983282089233,0.1054073870182037,0.3266626000404358,0.7880185842514038,0.3435289859771728,0.6579378843307495,0.3239709374184611,8.367945892645114,8.348258172632848,8.34562349319458,3.1037206649780273,,,,,,,,,,,,,,,,,,,,,,,1.0,True,0.0
baseline,ip2p,dwtdct,111000000001,change_object,2,global_attribute,make it rainy,0.53125,17.0,0.4300250329542905,False,26.0,False,,,0.305495023727417,0.3037353754043579,0.001759648323059,-0.0620021633803844,0.9920721650123596,0.9933661818504332,0.0508093386888504,0.9564063270193658,23.29387704268531,8.329134442679116,8.34635305404663,3.1037206649780273,,,,,,,,,,,,,,,,,,,,,,,0.0,True,0.0
baseline,ip2p,dwtdct,111000000001,change_object,3,background,make the background a desert,0.5625,18.0,0.2983074479270726,False,26.0,False,,,0.2994017004966736,0.2900313138961792,0.0093703866004943,0.0612164139747619,0.9616147875785828,0.9311811923980712,0.1568230092525482,0.9132579666630511,16.887983430890145,8.036138115169658,8.348679304122925,3.1037206649780273,,,,,,,,,,,,,,,,,,,,,,,1.0,True,0.0
baseline,ip2p,dwtdct,111000000001,change_object,4,style,make it look cinematic,0.6875,22.0,0.0250512298662215,False,26.0,False,,,0.282028317451477,0.2866737246513366,-0.0046454071998596,0.0039507905021309,0.9968297481536864,0.9910587668418884,0.0250890832394361,0.9516621924046716,23.60119535272848,7.8346601512296,8.34691333770752,3.1037206649780273,,,,,,,,,,,,,,,,,,,,,,,0.0,True,0.0
baseline,ip2p,dwtdct,211000000000,add_object,0,none,,1.0,32.0,2.3283064365386963e-10,True,26.0,True,40.584121544969605,0.988954600340363,,,,,,,,,,,,,,,,,,,,,,,,,,,,,,,,,,,,True,
baseline,ip2p,dwtdct,211000000000,add_object,1,add_object,add and scarf and add with flowers in mouth,0.59375,19.0,0.1885427937377244,False,26.0,False,,,0.2959355115890503,0.2495307624340057,0.0464047491550445,0.2236619889736175,0.8129901885986328,0.5813178420066833,0.421149343252182,0.5872661547967105,16.87886279797941,16.917411520020742,8.340812921524048,3.1037206649780273,,,,,,,,,,,,,,,,,,,,,,,1.0,True,0.0
baseline,ip2p,dwtdct,211000000000,add_object,2,global_attribute,make it rainy,0.59375,19.0,0.1885427937377244,False,26.0,False,,,0.2926751375198364,0.2914980053901672,0.0011771321296691,0.1131756529211998,0.98623925447464,0.9903725385665894,0.0601409822702407,0.926798496276617,30.31982916610812,16.73291626144062,8.34067964553833,3.1037206649780273,,,,,,,,,,,,,,,,,,,,,,,1.0,True,0.0
baseline,ip2p,dwtdct,211000000000,add_object,3,background,make the background a desert,0.40625,13.0,0.8923364251386374,False,26.0,False,,,0.2673802971839905,0.2895612120628357,-0.0221809148788452,0.0296591632068157,0.96433824300766,0.9705729484558104,0.2037489712238311,0.8221001615886947,16.21498696975731,12.896920877632246,8.339498281478882,3.1037206649780273,,,,,,,,,,,,,,,,,,,,,,,0.0,True,0.0
baseline,ip2p,dwtdct,211000000000,add_object,4,style,make it anime style,0.375,12.0,0.9449079174082726,False,26.0,False,,,0.2740709781646728,0.2691058218479156,0.0049651563167572,0.1428486704826355,0.9678157567977904,0.9704853892326356,0.1212224885821342,0.7917178426177168,16.015010696143904,9.638064201019164,8.339557886123657,3.1037206649780273,,,,,,,,,,,,,,,,,,,,,,,1.0,True,0.0
baseline,ip2p,dwtdct,311000000000,delete_object,0,none,,0.4375,14.0,0.8114572062622756,False,26.0,False,39.34648708658547,0.9871976539545728,,,,,,,,,,,,,,,,,,,,,,,,,,,,,,,,,,,,False,
baseline,ip2p,dwtdct,311000000000,delete_object,1,delete_object,remove of yellow flowers,0.4375,14.0,0.8114572062622756,False,26.0,False,,,0.2139245420694351,0.1943725049495697,0.0195520371198654,0.1533878594636917,0.877219021320343,0.7134531736373901,0.3952431678771972,0.8210939889306125,15.795746409392024,15.805150693523943,8.340117454528809,3.1037206649780273,18.45611635900137,0.2695450782775879,,,,,,,,,,,,,,,,,,,,,1.0,False,0.0
baseline,ip2p,dwtdct,311000000000,delete_object,2,global_attribute,change the season to winter,0.5,16.0,0.5699749670457095,False,26.0,False,,,0.1748639643192291,0.2076895982027053,-0.0328256338834762,0.1414442956447601,0.6681125164031982,0.1716467440128326,0.3362680375576019,0.9074276288260688,15.011055780990858,15.115167855658775,8.340017318725586,3.1037206649780273,,,,,,,,,,,,,,,,,,,,,,,0.0,False,0.0
baseline,ip2p,dwtdct,311000000000,delete_object,3,background,replace the background with a beach,0.53125,17.0,0.4300250329542905,False,26.0,False,,,0.1948201358318328,0.1671951115131378,0.027625024318695,0.2559754252433777,0.7905091047286987,0.4539851546287536,0.3339801430702209,0.8908578651800935,16.30455292228659,11.952724576062751,8.339432954788208,3.1037206649780273,,,,,,,,,,,,,,,,,,,,,,,1.0,False,0.0
baseline,ip2p,dwtdct,311000000000,delete_object,4,style,make it look cinematic,0.5625,18.0,0.2983074479270726,False,26.0,False,,,0.1747647076845169,0.1876139640808105,-0.0128492563962936,0.1019091457128524,0.9615795612335204,0.7988316416740417,0.1989214718341827,0.8056539401848558,16.596312468332666,9.767871200832325,8.345515489578247,3.1037206649780273,,,,,,,,,,,,,,,,,,,,,,,0.0,False,0.0
baseline,ip2p,dwtdct,411000000000,change_content,0,none,,1.0,32.0,2.3283064365386963e-10,True,26.0,True,38.17179160217899,0.9884851387526288,,,,,,,,,,,,,,,,,,,,,,,,,,,,,,,,,,,,True,
baseline,ip2p,dwtdct,411000000000,change_content,1,change_content,change the big to small and make it big,1.0,32.0,2.3283064365386963e-10,True,26.0,True,,,0.3206274211406708,0.3136280179023742,0.0069994032382965,-0.0244602188467979,0.9479565620422364,0.992964208126068,0.022532382979989,0.9211459716732568,25.951243191617287,25.96928894117636,8.343910932540894,3.1037206649780273,,,,,,,,,,,,,,,,,,,,,,,0.0,True,0.0
baseline,ip2p,dwtdct,411000000000,change_content,2,global_attribute,make it nighttime,0.625,20.0,0.1076635748613625,False,26.0,False,,,0.2539075314998626,0.308653175830841,-0.0547456443309783,0.0982269868254661,0.5977676510810852,0.3560255169868469,0.7688320875167847,0.5599307188452126,8.718218193719506,8.648396189011086,8.342740535736084,3.1037206649780273,,,,,,,,,,,,,,,,,,,,,,,0.0,True,0.0
baseline,ip2p,dwtdct,411000000000,change_content,3,background,replace the background with a beach,0.53125,17.0,0.4300250329542905,False,26.0,False,,,0.1996581703424453,0.2553831040859222,-0.0557249337434768,0.0335060693323612,0.90278959274292,0.8966940641403198,0.2491617500782013,0.8943043788276585,15.520977472768507,8.306525051805682,8.345030784606934,3.1037206649780273,,,,,,,,,,,,,,,,,,,,,,,0.0,True,0.0
baseline,ip2p,dwtdct,411000000000,change_content,4,style,turn it into a watercolor painting,0.4375,14.0,0.8114572062622756,False,26.0,False,,,0.2109703719615936,0.2162618935108184,-0.0052915215492248,-0.0163559969514608,0.9440323114395142,0.8845746517181396,0.2554336786270141,0.8009565536178297,18.657517082851133,9.071375039090606,8.344876289367676,3.1037206649780273,,,,,,,,,,,,,,,,,,,,,,,0.0,True,0.0
baseline,ip2p,dwtdct,511000000000,change_pose,0,none,,1.0,32.0,2.3283064365386963e-10,True,26.0,True,38.66740923667961,0.9920395373667524,,,,,,,,,,,,,,,,,,,,,,,,,,,,,,,,,,,,True,
baseline,ip2p,dwtdct,511000000000,change_pose,1,change_pose,change the laying down on to with tail down and make it jumping,0.40625,13.0,0.8923364251386374,False,26.0,False,,,0.2207946181297302,0.2628109157085418,-0.0420162975788116,0.0879747867584228,0.7465035915374756,0.6702007055282593,0.1791434288024902,0.9228163095292444,17.44379165233283,17.532988715582665,8.348974227905273,3.1037206649780273,19.43070184712399,0.1495323479175567,,,,,,,,,,,,,,,,,,,,,0.0,True,0.0
baseline,ip2p,dwtdct,511000000000,change_pose,2,global_attribute,make it nighttime,0.40625,13.0,0.8923364251386374,False,26.0,False,,,0.2195682227611541,0.2181068956851959,0.0014613270759582,0.1595667749643325,0.8491075038909912,0.7790490388870239,0.4217817485332489,0.6531661559881184,5.2365966454182,4.560231559541391,8.347944736480713,3.1037206649780273,,,,,,,,,,,,,,,,,,,,,,,1.0,True,0.0
baseline,ip2p,dwtdct,511000000000,change_pose,3,background,make the background a city street,0.40625,13.0,0.8923364251386374,False,26.0,False,,,0.2560479044914245,0.1950210779905319,0.0610268265008926,0.2914868593215942,0.8645027875900269,0.689934492111206,0.3807199597358703,0.818159985035999,18.315379124083385,3.856977212140427,8.346333265304565,3.1037206649780273,,,,,,,,,,,,,,,,,,,,,,,1.0,True,0.0
baseline,ip2p,dwtdct,511000000000,change_pose,4,style,convert it to an oil painting,0.59375,19.0,0.1885427937377244,False,26.0,False,,,0.2383883595466613,0.2180129736661911,0.0203753858804702,0.0478797107934951,0.96907639503479,0.9830780029296876,0.1171057745814323,0.8853270368841778,21.55566560754309,4.226156699576091,8.344777345657349,3.1037206649780273,,,,,,,,,,,,,,,,,,,,,,,1.0,True,0.0
baseline,ip2p,dwtdct,611000000000,change_color,0,none,,1.0,32.0,2.3283064365386963e-10,True,26.0,True,38.902713724863794,0.9788001327826058,,,,,,,,,,,,,,,,,,,,,,,,,,,,,,,,,,,,True,
baseline,ip2p,dwtdct,611000000000,change_color,1,change_color,change the black to white and change the red to green,0.8125,26.0,0.0002675263676792,True,26.0,False,,,0.2134318351745605,0.203995019197464,0.0094368159770965,0.1727844923734665,0.9493259191513062,0.9598979353904724,0.2744832932949066,0.5377047113106815,18.962823167903498,18.778640218195864,8.343059539794922,3.1037206649780273,,,,,,,,,,,,,,,,,,,,,,,1.0,True,1.0
baseline,ip2p,dwtdct,611000000000,change_color,2,global_attribute,change the season to winter,0.1875,6.0,0.9999434628989547,False,26.0,False,,,0.2380184680223465,0.2108351290225982,0.0271833389997482,0.0245598256587982,0.9643340706825256,0.9637184739112854,0.2285199165344238,0.5140181576607411,13.032941831067324,14.255350792906125,8.343058586120605,3.1037206649780273,,,,,,,,,,,,,,,,,,,,,,,1.0,True,0.0
baseline,ip2p,dwtdct,611000000000,change_color,3,background,make the background a desert,0.53125,17.0,0.4300250329542905,False,26.0,False,,,0.1772992610931396,0.236954316496849,-0.0596550554037094,0.2231083512306213,0.8876073360443115,0.8741337060928345,0.4844147562980652,0.5421260940984393,10.759395021885991,10.851750937931248,8.344768524169922,3.1037206649780273,,,,,,,,,,,,,,,,,,,,,,,0.0,True,0.0
baseline,ip2p,dwtdct,611000000000,change_color,4,style,convert it to an oil painting,0.5,16.0,0.5699749670457095,False,26.0,False,,,0.1877580732107162,0.1870899498462677,0.0006681233644485,0.1075135469436645,0.9724621772766112,0.9865251183509828,0.0995636507868766,0.7830224050189593,17.10393663954816,10.271926932100309,8.342903137207031,3.1037206649780273,,,,,,,,,,,,,,,,,,,,,,,1.0,True,0.0
baseline,ip2p,dwtdct,711000000000,change_material,0,none,,0.53125,17.0,0.4300250329542905,False,26.0,False,43.689934462385274,0.9942413188682536,,,,,,,,,,,,,,,,,,,,,,,,,,,,,,,,,,,,False,
baseline,ip2p,dwtdct,711000000000,change_material,1,change_material,make it knitted and make it toy,0.53125,17.0,0.4300250329542905,False,26.0,False,,,0.2442892789840698,0.2097046077251434,0.0345846712589263,0.1546220183372497,0.6244031190872192,0.1935020387172699,0.3805577754974365,0.6255645516296574,14.19519292117874,14.176889201727016,8.34362506866455,3.1037206649780273,22.075388912850563,0.149125337600708,,,,,,,,,,,,,,,,,,,,,1.0,False,0.0
baseline,ip2p,dwtdct,711000000000,change_material,2,global_attribute,change the season to winter,0.40625,13.0,0.8923364251386374,False,26.0,False,,,0.2592241466045379,0.2200665473937988,0.0391575992107391,0.2377475202083587,0.9364110231399536,0.9453697204589844,0.0898964777588844,0.8414541976614777,19.780383211582247,13.903169482414498,8.342952966690063,3.1037206649780273,,,,,,,,,,,,,,,,,,,,,,,1.0,False,0.0
baseline,ip2p,dwtdct,711000000000,change_material,3,background,make the background a desert,0.46875,15.0,0.7016925520729274,False,26.0,False,,,0.2547405958175659,0.248140811920166,0.0065997838973999,0.2036422342061996,0.941100776195526,0.9429851770401,0.2140449583530426,0.8517531623645759,14.52757827908995,11.147735394389835,8.343200445175171,3.1037206649780273,,,,,,,,,,,,,,,,,,,,,,,1.0,False,0.0
baseline,ip2p,dwtdct,711000000000,change_material,4,style,convert it to an oil painting,0.34375,11.0,0.9749487701337785,False,26.0,False,,,0.2541778683662414,0.2521352171897888,0.0020426511764526,0.1204341948032379,0.9652814865112304,0.9548046588897704,0.1040444374084472,0.8329607508382573,15.860104669222672,8.439462107529444,8.346189498901367,3.1037206649780273,,,,,,,,,,,,,,,,,,,,,,,1.0,False,0.0
baseline,ip2p,dwtdct,811000000000,change_background,0,none,,0.53125,17.0,0.4300250329542905,False,26.0,False,43.55890142215483,0.9932369026354442,,,,,,,,,,,,,,,,,,,,,,,,,,,,,,,,,,,,False,
baseline,ip2p,dwtdct,811000000000,change_background,1,change_background,change the white background to forest,0.5625,18.0,0.2983074479270726,False,26.0,False,,,0.2019436806440353,0.204248696565628,-0.0023050159215927,0.1880468279123306,0.5524365901947021,0.0706163868308067,0.909307062625885,0.4647284506505012,6.6342497653779535,6.618613654048074,8.343905925750732,3.1037206649780273,6.9490095642966345,0.882135808467865,,,,,,,,,,,,,,,,,,,,,0.0,False,0.0
baseline,ip2p,dwtdct,811000000000,change_background,2,global_attribute,make it nighttime,0.4375,14.0,0.8114572062622756,False,26.0,False,,,0.2295998185873031,0.1917093992233276,0.0378904193639755,0.184883639216423,0.9454062581062316,0.8120718002319336,0.4479874968528747,0.20562693955357,5.4771292807075795,1.331927450466056,8.343372106552124,3.1037206649780273,,,,,,,,,,,,,,,,,,,,,,,1.0,False,0.0
baseline,ip2p,dwtdct,811000000000,change_background,3,background,replace the background with a beach,0.5625,18.0,0.2983074479270726,False,26.0,False,,,0.1921776980161667,0.2065876126289367,-0.01440991461277,0.3019737601280212,0.8224299550056458,0.422422707080841,0.7154413461685181,0.2913493214104889,7.520004370717741,5.587777164360598,8.344180822372437,3.1037206649780273,,,,,,,,,,,,,,,,,,,,,,,0.0,False,0.0
baseline,ip2p,dwtdct,811000000000,change_background,4,style,make it anime style,0.59375,19.0,0.1885427937377244,False,26.0,False,,,0.2233947515487671,0.1983343511819839,0.0250604003667831,0.2906245589256286,0.8707902431488037,0.4241548180580139,0.6180770993232727,0.5688969236756378,11.109775455166396,7.119015995003428,8.344751358032227,3.1037206649780273,,,,,,,,,,,,,,,,,,,,,,,1.0,False,0.0
baseline,ip2p,dwtdct,911000000000,change_style,0,none,,1.0,32.0,2.3283064365386963e-10,True,26.0,True,40.25488393489556,0.9939228369907096,,,,,,,,,,,,,,,,,,,,,,,,,,,,,,,,,,,,True,
baseline,ip2p,dwtdct,911000000000,change_style,1,change_style,make it realism style and make it expressionism style,0.46875,15.0,0.7016925520729274,False,26.0,False,,,0.3076128959655761,0.2835132181644439,0.0240996778011322,0.2006871402263641,0.9664757251739502,0.9728128910064696,0.1248102039098739,0.658379353961574,20.211199396882837,20.21342998397817,8.346248149871826,3.1037206649780273,,,,,,,,,,,,,,,,,,,,,,,1.0,True,0.0
baseline,ip2p,dwtdct,911000000000,change_style,2,global_attribute,make it nighttime,0.5625,18.0,0.2983074479270726,False,26.0,False,,,0.3045279681682586,0.2956346869468689,0.0088932812213897,0.0754072815179824,0.9864250421524048,0.9622824788093568,0.1520927548408508,0.5462995040142921,12.689373133671554,12.538650231881345,8.347756624221802,3.1037206649780273,,,,,,,,,,,,,,,,,,,,,,,1.0,True,0.0
baseline,ip2p,dwtdct,911000000000,change_style,3,background,replace the background with a beach,0.46875,15.0,0.7016925520729274,False,26.0,False,,,0.2726980447769165,0.2907924354076385,-0.018094390630722,0.0219942778348922,0.9233301281929016,0.9112262725830078,0.2669062614440918,0.5940326317905923,10.204702744608989,10.884865678759905,8.346915245056152,3.1037206649780273,,,,,,,,,,,,,,,,,,,,,,,0.0,True,0.0
baseline,ip2p,dwtdct,911000000000,change_style,4,style,make it look cinematic,0.375,12.0,0.9449079174082726,False,26.0,False,,,0.2733168303966522,0.2736467123031616,-0.0003298819065093,0.021193291991949,0.9949942827224731,0.993047833442688,0.0385049991309642,0.915666395471768,26.18210917190105,10.630723995081368,8.346000909805298,3.1037206649780273,,,,,,,,,,,,,,,,,,,,,,,0.0,True,0.0
baseline,ip2p,none,111000000000,change_object,0,none,,,,,,,,inf,1.0,,,,,,,,,,,,,,,0.5,16.0,0.5699749670457095,False,26.0,False,0.0,0.56,56.0,0.1356265120369177,False,66.0,False,0.46875,15.0,0.7016925520729274,False,26.0,False,,,,
baseline,ip2p,none,111000000000,change_object,1,change_object,change the fishes to sharks and change the kelp to flowers,,,,,,,,,0.2712084650993347,0.1981705129146576,0.0730379521846771,0.2341241091489792,0.8935067653656006,0.6455035209655762,0.4022504985332489,0.4500335700530465,11.311867618705165,11.311867618705165,8.635104179382324,3.1037206649780273,,,0.5,16.0,0.5699749670457095,False,26.0,False,0.00067138671875,0.59,59.0,0.0443130400570337,False,66.0,False,0.625,20.0,0.1076635748613625,False,26.0,False,,1.0,,
baseline,ip2p,none,111000000000,change_object,2,global_attribute,make it nighttime,,,,,,,,,0.2691863477230072,0.2672539949417114,0.0019323527812957,0.0136347822844982,0.9922441244125366,0.9925949573516846,0.0595939569175243,0.8774429093059974,19.64504958455856,11.475636318595006,8.241536378860474,3.1037206649780273,,,0.5,16.0,0.5699749670457095,False,26.0,False,0.0,0.56,56.0,0.1356265120369177,False,66.0,False,0.4375,14.0,0.8114572062622756,False,26.0,False,,1.0,,
baseline,ip2p,none,111000000000,change_object,3,background,make the background a desert,,,,,,,,,0.2625401020050049,0.2569182515144348,0.00562185049057,0.0935909822583198,0.9705549478530884,0.9523138999938964,0.199963092803955,0.773544875655879,15.265174497852977,11.011180436415218,8.19219708442688,3.1037206649780273,,,0.5,16.0,0.5699749670457095,False,26.0,False,0.0,0.56,56.0,0.1356265120369177,False,66.0,False,0.34375,11.0,0.9749487701337785,False,26.0,False,,1.0,,
baseline,ip2p,none,111000000000,change_object,4,style,turn it into a watercolor painting,,,,,,,,,0.2713866531848907,0.2672991752624511,0.0040874779224395,0.088010661303997,0.9677011966705322,0.9582384824752808,0.1568469107151031,0.7464479449212881,13.74604800513218,9.27231522424247,8.208877801895142,3.1037206649780273,,,0.5,16.0,0.5699749670457095,False,26.0,False,0.0,0.55,55.0,0.184100808663348,False,66.0,False,0.4375,14.0,0.8114572062622756,False,26.0,False,,1.0,,
baseline,ip2p,none,111000000001,change_object,0,none,,,,,,,,inf,1.0,,,,,,,,,,,,,,,0.5625,18.0,0.2983074479270726,False,26.0,False,0.0,0.51,51.0,0.460205381306411,False,66.0,False,0.5,16.0,0.5699749670457095,False,26.0,False,,,,
baseline,ip2p,none,111000000001,change_object,1,change_object,change the cat to tiger and change the hat to scarf,,,,,,,,,0.3112764060497284,0.2263623476028442,0.0849140584468841,0.3129355907440185,0.7978429794311523,0.3486490845680237,0.6546831727027893,0.325285049003374,8.391003911128692,8.391003911128692,8.344444513320923,3.1037206649780273,,,0.5625,18.0,0.2983074479270726,False,26.0,False,0.0,0.53,53.0,0.3086497067946262,False,66.0,False,0.5,16.0,0.5699749670457095,False,26.0,False,,1.0,,
baseline,ip2p,none,111000000001,change_object,2,global_attribute,make it rainy,,,,,,,,,0.2906348705291748,0.2932100892066955,-0.0025752186775207,0.0052538779564201,0.9928609728813172,0.9937740564346312,0.0542632900178432,0.956790761595395,23.22208776810145,8.396875284365265,8.34460711479187,3.1037206649780273,,,0.5625,18.0,0.2983074479270726,False,26.0,False,0.0,0.53,53.0,0.3086497067946262,False,66.0,False,0.4375,14.0,0.8114572062622756,False,26.0,False,,0.0,,
baseline,ip2p,none,111000000001,change_object,3,background,make the background a desert,,,,,,,,,0.2874434888362884,0.2770969867706299,0.0103465020656585,0.0430363304913044,0.974480390548706,0.9492183923721312,0.1563053876161575,0.9197094820052382,17.213788924783586,8.143065374962205,8.344468832015991,3.1037206649780273,,,0.5625,18.0,0.2983074479270726,False,26.0,False,0.0,0.56,56.0,0.1356265120369177,False,66.0,False,0.5,16.0,0.5699749670457095,False,26.0,False,,1.0,,
baseline,ip2p,none,111000000001,change_object,4,style,make it look cinematic,,,,,,,,,0.2674250602722168,0.2759509682655334,-0.0085259079933166,-0.0270515941083431,0.9964872598648072,0.991026759147644,0.0224381610751152,0.9557198241368762,24.559349373049443,7.962204547469897,8.34577465057373,3.1037206649780273,,,0.5625,18.0,0.2983074479270726,False,26.0,False,0.0,0.51,51.0,0.460205381306411,False,66.0,False,0.34375,11.0,0.9749487701337785,False,26.0,False,,0.0,,
baseline,ip2p,none,211000000000,add_object,0,none,,,,,,,,inf,1.0,,,,,,,,,,,,,,,0.59375,19.0,0.1885427937377244,False,26.0,False,0.0,0.53,53.0,0.3086497067946262,False,66.0,False,0.53125,17.0,0.4300250329542905,False,26.0,False,,,,
baseline,ip2p,none,211000000000,add_object,1,add_object,add and scarf and add with flowers in mouth,,,,,,,,,0.2263513207435608,0.2516151666641235,-0.0252638459205627,0.1740331798791885,0.7212464809417725,0.4174221158027649,0.5418274998664856,0.5140892403200549,15.020847061695305,15.020847061695305,8.253517627716064,3.1037206649780273,,,0.59375,19.0,0.1885427937377244,False,26.0,False,0.0,0.51,51.0,0.460205381306411,False,66.0,False,0.5,16.0,0.5699749670457095,False,26.0,False,,0.0,,
baseline,ip2p,none,211000000000,add_object,2,global_attribute,make it rainy,,,,,,,,,0.235841765999794,0.231775090098381,0.0040666759014129,0.2283183485269546,0.9915693998336792,0.9900611639022828,0.0508099198341369,0.9438249782196404,29.334831089798055,14.833659487611994,8.260931491851807,3.1037206649780273,,,0.59375,19.0,0.1885427937377244,False,26.0,False,0.0,0.45,45.0,0.8643734879630823,False,66.0,False,0.59375,19.0,0.1885427937377244,False,26.0,False,,1.0,,
baseline,ip2p,none,211000000000,add_object,3,background,make the background a desert,,,,,,,,,0.2227480858564376,0.2340211868286132,-0.0112731009721755,-0.0165350586175918,0.9748676419258118,0.985758900642395,0.1450099200010299,0.8953830631947083,20.197491919091735,12.941744109228468,8.269447326660156,3.1037206649780273,,,0.59375,19.0,0.1885427937377244,False,26.0,False,0.0,0.42,42.0,0.9556869599429664,False,66.0,False,0.5625,18.0,0.2983074479270726,False,26.0,False,,0.0,,
baseline,ip2p,none,211000000000,add_object,4,style,make it anime style,,,,,,,,,0.2445080429315567,0.2107147574424743,0.0337932854890823,0.1114119440317154,0.9209688901901244,0.9528515338897704,0.1785092651844024,0.7044333584075254,13.2280099444246,8.84466906944867,8.284693002700806,3.1037206649780273,,,0.59375,19.0,0.1885427937377244,False,26.0,False,0.0,0.48,48.0,0.6913502932053738,False,66.0,False,0.5625,18.0,0.2983074479270726,False,26.0,False,,1.0,,
baseline,ip2p,none,311000000000,delete_object,0,none,,,,,,,,inf,1.0,,,,,,,,,,,,,,,0.53125,17.0,0.4300250329542905,False,26.0,False,0.0,0.51,51.0,0.460205381306411,False,66.0,False,0.4375,14.0,0.8114572062622756,False,26.0,False,,,,
baseline,ip2p,none,311000000000,delete_object,1,delete_object,remove of yellow flowers,,,,,,,,,0.2079019844532013,0.1973478645086288,0.0105541199445724,0.1591299325227737,0.8802242279052734,0.7244560718536377,0.3941012918949127,0.8259994383361922,15.802251084850331,15.802251084850331,8.287497520446777,3.1037206649780273,18.496152464809526,0.2682881951332092,0.53125,17.0,0.4300250329542905,False,26.0,False,0.0,0.48,48.0,0.6913502932053738,False,66.0,False,0.4375,14.0,0.8114572062622756,False,26.0,False,,1.0,,
baseline,ip2p,none,311000000000,delete_object,2,global_attribute,change the season to winter,,,,,,,,,0.2611553072929382,0.2113309055566787,0.0498244017362594,0.1521762758493423,0.8973084688186646,0.6546911001205444,0.1584238111972808,0.9455698492053188,17.555151567992567,15.43653173100718,8.301913261413574,3.1037206649780273,,,0.53125,17.0,0.4300250329542905,False,26.0,False,0.0,0.55,55.0,0.184100808663348,False,66.0,False,0.53125,17.0,0.4300250329542905,False,26.0,False,,1.0,,
baseline,ip2p,none,311000000000,delete_object,3,background,replace the background with a beach,,,,,,,,,0.2352352738380432,0.2540394961833954,-0.0188042223453521,0.3420004844665527,0.8761191964149475,0.7993712425231934,0.4321056604385376,0.8171144144334432,16.64772995890391,13.650467993547847,8.315265417098999,3.1037206649780273,,,0.53125,17.0,0.4300250329542905,False,26.0,False,0.00360107421875,0.58,58.0,0.0666053096036067,False,66.0,False,0.5,16.0,0.5699749670457095,False,26.0,False,,0.0,,
baseline,ip2p,none,311000000000,delete_object,4,style,make it look cinematic,,,,,,,,,0.2224985659122467,0.2311467975378036,-0.0086482316255569,-0.0022453973069787,0.9851725697517396,0.9464088678359984,0.104520745575428,0.8178630598690306,15.333980142888494,9.776256349852993,8.315497398376465,3.1037206649780273,,,0.59375,19.0,0.1885427937377244,False,26.0,False,0.021270751953125,0.54,54.0,0.2420592068036457,False,66.0,False,0.4375,14.0,0.8114572062622756,False,26.0,False,,0.0,,
baseline,ip2p,none,411000000000,change_content,0,none,,,,,,,,inf,1.0,,,,,,,,,,,,,,,0.53125,17.0,0.4300250329542905,False,26.0,False,0.0,0.5,50.0,0.5397946186935889,False,66.0,False,0.5,16.0,0.5699749670457095,False,26.0,False,,,,
baseline,ip2p,none,411000000000,change_content,1,change_content,change the big to small and make it big,,,,,,,,,0.3202037811279297,0.3043458759784698,0.0158579051494598,0.0085084214806556,0.973883867263794,0.9836892485618592,0.0207859445363283,0.9280352228463132,25.94668727981071,25.94668727981071,8.31660008430481,3.1037206649780273,,,0.53125,17.0,0.4300250329542905,False,26.0,False,0.0,0.45,45.0,0.8643734879630823,False,66.0,False,0.5,16.0,0.5699749670457095,False,26.0,False,,1.0,,
baseline,ip2p,none,411000000000,change_content,2,global_attribute,make it nighttime,,,,,,,,,0.3158927857875824,0.3043156266212463,0.011577159166336,0.0983164310455322,0.9302876591682434,0.9471442699432372,0.2858624160289764,0.7794177306077789,9.655207096981274,9.474631497434686,8.317896127700806,3.1037206649780273,,,0.53125,17.0,0.4300250329542905,False,26.0,False,0.0,0.5,50.0,0.5397946186935889,False,66.0,False,0.5,16.0,0.5699749670457095,False,26.0,False,,1.0,,
baseline,ip2p,none,411000000000,change_content,3,background,replace the background with a beach,,,,,,,,,0.2986485362052917,0.302212119102478,-0.0035635828971862,0.0958391353487968,0.967140793800354,0.9856076240539552,0.2473839521408081,0.828546229128848,14.631204132866149,9.5171774386997,8.321271181106567,3.1037206649780273,,,0.53125,17.0,0.4300250329542905,False,26.0,False,0.0,0.48,48.0,0.6913502932053738,False,66.0,False,0.5,16.0,0.5699749670457095,False,26.0,False,,0.0,,
baseline,ip2p,none,411000000000,change_content,4,style,turn it into a watercolor painting,,,,,,,,,0.2668689489364624,0.2712666392326355,-0.004397690296173,0.1002231985330581,0.9410475492477416,0.9718153476715088,0.2022726237773895,0.7636916864572063,14.2843122049847,11.302952658109897,8.320365905761719,3.1037206649780273,,,0.53125,17.0,0.4300250329542905,False,26.0,False,0.0,0.57,57.0,0.0966739522478212,False,66.0,False,0.4375,14.0,0.8114572062622756,False,26.0,False,,0.0,,
baseline,ip2p,none,511000000000,change_pose,0,none,,,,,,,,inf,1.0,,,,,,,,,,,,,,,0.5625,18.0,0.2983074479270726,False,26.0,False,0.0,0.49,49.0,0.6178232827986663,False,66.0,False,0.40625,13.0,0.8923364251386374,False,26.0,False,,,,
baseline,ip2p,none,511000000000,change_pose,1,change_pose,change the laying down on to with tail down and make it jumping,,,,,,,,,0.1598590016365051,0.2584767341613769,-0.0986177325248718,0.0799334123730659,0.6466642618179321,0.3479022085666656,0.4693504571914673,0.8622698095025094,13.22992904276795,13.22992904276795,8.32022213935852,3.1037206649780273,13.80858059872034,0.4544203579425812,0.5625,18.0,0.2983074479270726,False,26.0,False,0.0,0.51,51.0,0.460205381306411,False,66.0,False,0.59375,19.0,0.1885427937377244,False,26.0,False,,0.0,,
baseline,ip2p,none,511000000000,change_pose,2,global_attribute,make it nighttime,,,,,,,,,0.1703613102436065,0.1431231349706649,0.0272381752729415,0.1904090940952301,0.8678915500640869,0.6709753274917603,0.4903753399848938,0.5429526553686487,4.527767031158193,3.617919484925723,8.319165706634521,3.1037206649780273,,,0.5625,18.0,0.2983074479270726,False,26.0,False,0.0,0.56,56.0,0.1356265120369177,False,66.0,False,0.59375,19.0,0.1885427937377244,False,26.0,False,,1.0,,
baseline,ip2p,none,511000000000,change_pose,3,background,make the background a city street,,,,,,,,,0.1727528572082519,0.1447921246290207,0.0279607325792312,0.0953554809093475,0.897794246673584,0.7584394812583923,0.2959586381912231,0.8233370505512987,18.292011565674,3.966444043924246,8.320716857910156,3.1037206649780273,,,0.5625,18.0,0.2983074479270726,False,26.0,False,0.0,0.53,53.0,0.3086497067946262,False,66.0,False,0.5,16.0,0.5699749670457095,False,26.0,False,,1.0,,
baseline,ip2p,none,511000000000,change_pose,4,style,convert it to an oil painting,,,,,,,,,0.1751699745655059,0.1750470995903015,0.0001228749752044,0.0596986599266529,0.972340166568756,0.9494023323059082,0.1054659187793731,0.8657406844834094,21.35575040373879,4.772869033058404,8.319007873535156,3.1037206649780273,,,0.5625,18.0,0.2983074479270726,False,26.0,False,0.0,0.45,45.0,0.8643734879630823,False,66.0,False,0.46875,15.0,0.7016925520729274,False,26.0,False,,1.0,,
baseline,ip2p,none,611000000000,change_color,0,none,,,,,,,,inf,1.0,,,,,,,,,,,,,,,0.59375,19.0,0.1885427937377244,False,26.0,False,0.0,0.49,49.0,0.6178232827986663,False,66.0,False,0.625,20.0,0.1076635748613625,False,26.0,False,,,,
baseline,ip2p,none,611000000000,change_color,1,change_color,change the black to white and change the red to green,,,,,,,,,0.2107084393501281,0.2021697163581848,0.0085387229919433,0.1576212644577026,0.9379297494888306,0.956185817718506,0.2736439704895019,0.5150048383763527,18.467152970615057,18.467152970615057,8.31945276260376,3.1037206649780273,,,0.5625,18.0,0.2983074479270726,False,26.0,False,0.003509521484375,0.47,47.0,0.7579407931963542,False,66.0,False,0.6875,22.0,0.0250512298662215,False,26.0,False,,1.0,,
baseline,ip2p,none,611000000000,change_color,2,global_attribute,change the season to winter,,,,,,,,,0.2282256186008453,0.210105299949646,0.0181203186511993,0.0042118923738598,0.9361609816551208,0.9594978094100952,0.2237049788236618,0.4873377593223885,13.327003844668637,14.57330645677824,8.334740400314331,3.1037206649780273,,,0.59375,19.0,0.1885427937377244,False,26.0,False,0.0,0.5,50.0,0.5397946186935889,False,66.0,False,0.5,16.0,0.5699749670457095,False,26.0,False,,1.0,,
baseline,ip2p,none,611000000000,change_color,3,background,make the background a desert,,,,,,,,,0.1842322498559951,0.2277213037014007,-0.0434890538454055,0.1968406438827514,0.9080802202224731,0.8908578157424927,0.4948250353336334,0.5460967973677423,10.79390092322054,11.033959808326957,8.34751009941101,3.1037206649780273,,,0.59375,19.0,0.1885427937377244,False,26.0,False,0.0,0.52,52.0,0.3821767172013338,False,66.0,False,0.375,12.0,0.9449079174082726,False,26.0,False,,0.0,,
baseline,ip2p,none,611000000000,change_color,4,style,convert it to an oil painting,,,,,,,,,0.1950342953205108,0.1965153217315673,-0.0014810264110565,-0.0150429736822843,0.9817550778388976,0.9863231778144836,0.0959810838103294,0.7607315422066181,16.73403810684419,10.105991857299204,8.347763299942017,3.1037206649780273,,,0.59375,19.0,0.1885427937377244,False,26.0,False,0.0,0.5,50.0,0.5397946186935889,False,66.0,False,0.5625,18.0,0.2983074479270726,False,26.0,False,,0.0,,
baseline,ip2p,none,711000000000,change_material,0,none,,,,,,,,inf,1.0,,,,,,,,,,,,,,,0.3125,10.0,0.9899691964965314,False,26.0,False,0.0,0.44,44.0,0.9033260477521788,False,66.0,False,0.53125,17.0,0.4300250329542905,False,26.0,False,,,,
baseline,ip2p,none,711000000000,change_material,1,change_material,make it knitted and make it toy,,,,,,,,,0.248932659626007,0.2110220789909362,0.0379105806350708,0.1753536760807037,0.6160575151443481,0.198692575097084,0.3752947151660919,0.6262073335867555,14.146497649402024,14.146497649402024,8.343316793441772,3.1037206649780273,22.19040943591367,0.1481294780969619,0.3125,10.0,0.9899691964965314,False,26.0,False,0.0,0.53,53.0,0.3086497067946262,False,66.0,False,0.53125,17.0,0.4300250329542905,False,26.0,False,,1.0,,
baseline,ip2p,none,711000000000,change_material,2,global_attribute,change the season to winter,,,,,,,,,0.2560403645038605,0.2252465486526489,0.0307938158512115,0.1782793998718261,0.9526198506355286,0.967170000076294,0.0834795534610748,0.8480650417982085,20.111386938689023,13.907173006531108,8.343812942504883,3.1037206649780273,,,0.3125,10.0,0.9899691964965314,False,26.0,False,0.0,0.58,58.0,0.0666053096036067,False,66.0,False,0.4375,14.0,0.8114572062622756,False,26.0,False,,1.0,,
baseline,ip2p,none,711000000000,change_material,3,background,make the background a desert,,,,,,,,,0.2433688044548034,0.2433427274227142,2.60770320892334e-05,0.0808083415031433,0.948061466217041,0.9641371965408324,0.1931643337011337,0.8690703480590493,15.004550830793974,11.32173885684351,8.346021890640259,3.1037206649780273,,,0.3125,10.0,0.9899691964965314,False,26.0,False,0.0,0.51,51.0,0.460205381306411,False,66.0,False,0.4375,14.0,0.8114572062622756,False,26.0,False,,1.0,,
baseline,ip2p,none,711000000000,change_material,4,style,convert it to an oil painting,,,,,,,,,0.2531933486461639,0.2418065071105957,0.0113868415355682,0.0603433661162853,0.9499320387840272,0.9636184573173524,0.1098828315734863,0.8389067896590077,15.600751947861824,8.463313277905225,8.345905065536499,3.1037206649780273,,,0.3125,10.0,0.9899691964965314,False,26.0,False,0.0,0.49,49.0,0.6178232827986663,False,66.0,False,0.6875,22.0,0.0250512298662215,False,26.0,False,,1.0,,
baseline,ip2p,none,811000000000,change_background,0,none,,,,,,,,inf,1.0,,,,,,,,,,,,,,,0.5,16.0,0.5699749670457095,False,26.0,False,0.0,0.56,56.0,0.1356265120369177,False,66.0,False,0.53125,17.0,0.4300250329542905,False,26.0,False,,,,
baseline,ip2p,none,811000000000,change_background,1,change_background,change the white background to forest,,,,,,,,,0.2006502747535705,0.1845144927501678,0.0161357820034027,0.1907664537429809,0.5060031414031982,0.0320075824856758,0.9298316240310668,0.4356514995189476,6.034675959570506,6.034675959570506,8.342605829238892,3.1037206649780273,6.671616143237625,0.8946099281311035,0.46875,15.0,0.7016925520729274,False,26.0,False,0.027435302734375,0.48,48.0,0.6913502932053738,False,66.0,False,0.53125,17.0,0.4300250329542905,False,26.0,False,,1.0,,
baseline,ip2p,none,811000000000,change_background,2,global_attribute,make it nighttime,,,,,,,,,0.2261202931404113,0.1911808848381042,0.0349394083023071,0.1427515149116516,0.944212794303894,0.8822813630104065,0.4521446228027344,0.2041220466995616,5.8683952813199225,1.3203677530602655,8.344234704971313,3.1037206649780273,,,0.5,16.0,0.5699749670457095,False,26.0,False,0.0,0.52,52.0,0.3821767172013338,False,66.0,False,0.40625,13.0,0.8923364251386374,False,26.0,False,,1.0,,
baseline,ip2p,none,811000000000,change_background,3,background,replace the background with a beach,,,,,,,,,0.2192904204130172,0.2022350430488586,0.0170553773641586,0.2368661165237426,0.8630832433700562,0.3965498208999634,0.6943601369857788,0.2783670947062589,7.294078686329143,5.51165796539828,8.343171834945679,3.1037206649780273,,,0.5,16.0,0.5699749670457095,False,26.0,False,0.0,0.49,49.0,0.6178232827986663,False,66.0,False,0.5,16.0,0.5699749670457095,False,26.0,False,,1.0,,
baseline,ip2p,none,811000000000,change_background,4,style,make it anime style,,,,,,,,,0.229207381606102,0.2286160290241241,0.0005913525819778,0.19363534450531,0.9001661539077759,0.6077428460121155,0.5963714122772217,0.5693187822735005,11.213629776203732,7.186375729730207,8.343017578125,3.1037206649780273,,,0.5,16.0,0.5699749670457095,False,26.0,False,0.0,0.56,56.0,0.1356265120369177,False,66.0,False,0.4375,14.0,0.8114572062622756,False,26.0,False,,1.0,,
baseline,ip2p,none,911000000000,change_style,0,none,,,,,,,,inf,1.0,,,,,,,,,,,,,,,0.6875,22.0,0.0250512298662215,False,26.0,False,0.0,0.49,49.0,0.6178232827986663,False,66.0,False,0.4375,14.0,0.8114572062622756,False,26.0,False,,,,
baseline,ip2p,none,911000000000,change_style,1,change_style,make it realism style and make it expressionism style,,,,,,,,,0.2998039722442627,0.2845470905303955,0.0152568817138671,0.1905401647090912,0.975837767124176,0.9649868011474608,0.1299754828214645,0.6643613340362889,19.960110932608657,19.960110932608657,8.343977928161621,3.1037206649780273,,,0.65625,21.0,0.0550920825917273,False,26.0,False,0.008148193359375,0.52,52.0,0.3821767172013338,False,66.0,False,0.625,20.0,0.1076635748613625,False,26.0,False,,1.0,,
baseline,ip2p,none,911000000000,change_style,2,global_attribute,make it nighttime,,,,,,,,,0.3014020919799804,0.2890767455101013,0.0123253464698791,0.0801601558923721,0.9846317768096924,0.9598361849784852,0.1604776829481125,0.5327366330649193,12.391632281006784,12.304032269608957,8.343457698822021,3.1037206649780273,,,0.625,20.0,0.1076635748613625,False,26.0,False,4.57763671875e-05,0.48,48.0,0.6913502932053738,False,66.0,False,0.5625,18.0,0.2983074479270726,False,26.0,False,,1.0,,
baseline,ip2p,none,911000000000,change_style,3,background,replace the background with a beach,,,,,,,,,0.2520957887172699,0.2875273823738098,-0.0354315936565399,0.0065825413912534,0.9078326225280762,0.9174522161483764,0.2723999619483948,0.5904422323248576,10.32836409455732,10.708276446756646,8.34574270248413,3.1037206649780273,,,0.65625,21.0,0.0550920825917273,False,26.0,False,0.033721923828125,0.52,52.0,0.3821767172013338,False,66.0,False,0.625,20.0,0.1076635748613625,False,26.0,False,,0.0,,
baseline,ip2p,none,911000000000,change_style,4,style,make it look cinematic,,,,,,,,,0.2618882656097412,0.2578214406967163,0.0040668249130249,-0.0197504069656133,0.9952263236045836,0.9929036498069764,0.0393837764859199,0.915087690075687,26.27883410526018,10.464865211353125,8.345978498458862,3.1037206649780273,,,0.65625,21.0,0.0550920825917273,False,26.0,False,0.00958251953125,0.48,48.0,0.6913502932053738,False,66.0,False,0.4375,14.0,0.8114572062622756,False,26.0,False,,0.0,,
baseline,ip2p,trustmark,111000000000,change_object,0,none,,1.0,100.0,7.888609052210118e-31,True,66.0,True,38.631498612644734,0.9794490155548148,,,,,,,,,,,,,,,,,,,,,,,,,,,,,,,,,,,,True,
baseline,ip2p,trustmark,111000000000,change_object,1,change_object,change the fishes to sharks and change the kelp to flowers,0.81,81.0,1.3513812610243942e-10,True,66.0,False,,,0.2672635316848755,0.1984978765249252,0.0687656551599502,0.2284214943647384,0.9068975448608398,0.6529766321182251,0.3941899538040161,0.4518847184198655,11.413190407263755,11.426422704945807,8.344788789749146,3.1037206649780273,,,,,,,,,,,,,,,,,,,,,,,1.0,True,1.0
baseline,ip2p,trustmark,111000000000,change_object,2,global_attribute,make it nighttime,0.78,78.0,7.952664236893068e-09,True,66.0,False,,,0.2641823887825012,0.2635568976402282,0.0006254911422729,0.0451791957020759,0.9926713705062866,0.9933390617370604,0.0615300461649894,0.8735640643377843,19.473855431039144,11.553652329440771,8.344383001327515,3.1037206649780273,,,,,,,,,,,,,,,,,,,,,,,1.0,True,1.0
baseline,ip2p,trustmark,111000000000,change_object,3,background,make the background a desert,0.75,75.0,2.818141017102701e-07,True,66.0,False,,,0.2648148536682129,0.2514227032661438,0.013392150402069,0.1066922843456268,0.9749446511268616,0.9539313912391664,0.2024968862533569,0.7700560106142186,15.048207131609423,11.067872868802413,8.344029903411865,3.1037206649780273,,,,,,,,,,,,,,,,,,,,,,,1.0,True,1.0
baseline,ip2p,trustmark,111000000000,change_object,4,style,turn it into a watercolor painting,0.7,70.0,3.925069822796835e-05,True,66.0,False,,,0.2790502905845642,0.2738068103790283,0.0052434802055358,0.0730322524905204,0.9771023988723756,0.9539157152175904,0.1501339972019195,0.7496427027575484,14.064044441252229,9.466301855127362,8.342968463897705,3.1037206649780273,,,,,,,,,,,,,,,,,,,,,,,1.0,True,1.0
baseline,ip2p,trustmark,111000000001,change_object,0,none,,1.0,100.0,7.888609052210118e-31,True,66.0,True,43.146674016614554,0.9948480500215128,,,,,,,,,,,,,,,,,,,,,,,,,,,,,,,,,,,,True,
baseline,ip2p,trustmark,111000000001,change_object,1,change_object,change the cat to tiger and change the hat to scarf,0.46,46.0,0.8158991913366519,False,66.0,False,,,0.3188799619674682,0.226621925830841,0.0922580361366272,0.3254098892211914,0.8041369318962097,0.3453376591205597,0.666045069694519,0.3172677064223868,8.365055960250594,8.33980361849856,8.340353965759277,3.1037206649780273,,,,,,,,,,,,,,,,,,,,,,,1.0,True,0.0
baseline,ip2p,trustmark,111000000001,change_object,2,global_attribute,make it rainy,0.54,54.0,0.2420592068036457,False,66.0,False,,,0.2895213663578033,0.2967936396598816,-0.0072722733020782,0.0257170237600803,0.983728051185608,0.9931119084358216,0.0665067136287689,0.9498318078909058,23.07567533509235,8.299332857570436,8.339876890182495,3.1037206649780273,,,,,,,,,,,,,,,,,,,,,,,0.0,True,0.0
baseline,ip2p,trustmark,111000000001,change_object,3,background,make the background a desert,0.48,48.0,0.6913502932053738,False,66.0,False,,,0.2879399359226227,0.274391770362854,0.0135481655597686,0.0260714665055274,0.9501141905784608,0.9234958291053772,0.1986882090568542,0.9100123984927764,16.59451103076822,8.04690547043033,8.340432405471802,3.1037206649780273,,,,,,,,,,,,,,,,,,,,,,,1.0,True,0.0
baseline,ip2p,trustmark,111000000001,change_object,4,style,make it look cinematic,0.48,48.0,0.6913502932053738,False,66.0,False,,,0.274669349193573,0.279904842376709,-0.0052354931831359,0.0045697391033172,0.9937444925308228,0.9914183616638184,0.0409324653446674,0.9305494140534736,20.344806584247145,7.842748435955203,8.339627981185913,3.1037206649780273,,,,,,,,,,,,,,,,,,,,,,,0.0,True,0.0
baseline,ip2p,trustmark,211000000000,add_object,0,none,,1.0,100.0,7.888609052210118e-31,True,66.0,True,42.30235212491837,0.9915421004737184,,,,,,,,,,,,,,,,,,,,,,,,,,,,,,,,,,,,True,
baseline,ip2p,trustmark,211000000000,add_object,1,add_object,add and scarf and add with flowers in mouth,0.66,66.0,0.0008949651957434,True,66.0,False,,,0.141867458820343,0.254887580871582,-0.113020122051239,0.1944675743579864,0.6832950115203857,0.0665223821997642,0.5665295124053955,0.4986669087705005,14.8149020902875,14.825033159127983,8.343550205230713,3.1037206649780273,,,,,,,,,,,,,,,,,,,,,,,0.0,True,0.0
baseline,ip2p,trustmark,211000000000,add_object,2,global_attribute,make it rainy,0.68,68.0,0.0002043885837134,True,66.0,False,,,0.1581795066595077,0.1471916884183883,0.0109878182411193,0.2683784961700439,0.9810549020767212,0.9852244853973388,0.0812112838029861,0.915452846602471,28.217670860398417,14.49052781167752,8.343928575515747,3.1037206649780273,,,,,,,,,,,,,,,,,,,,,,,1.0,True,1.0
baseline,ip2p,trustmark,211000000000,add_object,3,background,make the background a desert,0.55,55.0,0.184100808663348,False,66.0,False,,,0.1597336381673813,0.1723375916481018,-0.0126039534807205,-0.0937102958559989,0.9812759757041932,0.9731107354164124,0.1703618019819259,0.8717233419061531,18.97358316362699,12.264524262648212,8.345131158828735,3.1037206649780273,,,,,,,,,,,,,,,,,,,,,,,0.0,True,0.0
baseline,ip2p,trustmark,211000000000,add_object,4,style,make it anime style,0.52,52.0,0.3821767172013338,False,66.0,False,,,0.2062090933322906,0.1497874855995178,0.0564216077327728,0.2239343822002411,0.9384000897407532,0.9439262747764589,0.1848136186599731,0.7148879095771429,13.008748830259494,8.410066132980214,8.34274435043335,3.1037206649780273,,,,,,,,,,,,,,,,,,,,,,,1.0,True,0.0
baseline,ip2p,trustmark,311000000000,delete_object,0,none,,1.0,100.0,7.888609052210118e-31,True,66.0,True,43.410873046272926,0.9934109017052852,,,,,,,,,,,,,,,,,,,,,,,,,,,,,,,,,,,,True,
baseline,ip2p,trustmark,311000000000,delete_object,1,delete_object,remove of yellow flowers,0.55,55.0,0.184100808663348,False,66.0,False,,,0.2176353484392166,0.1901391297578811,0.0274962186813354,0.1848851591348648,0.8689904808998108,0.7504154443740845,0.382927656173706,0.8332552332853763,15.940405636054338,15.991161909240606,8.342740535736084,3.1037206649780273,18.914487239973287,0.2585845589637756,,,,,,,,,,,,,,,,,,,,,1.0,True,0.0
baseline,ip2p,trustmark,311000000000,delete_object,2,global_attribute,change the season to winter,0.56,56.0,0.1356265120369177,False,66.0,False,,,0.2812612652778625,0.2157873511314392,0.0654739141464233,0.1663286983966827,0.8209068775177002,0.3862588107585907,0.2350211888551712,0.9257770421255516,16.192305792064523,15.580105370314332,8.342788457870483,3.1037206649780273,,,,,,,,,,,,,,,,,,,,,,,1.0,True,0.0
baseline,ip2p,trustmark,311000000000,delete_object,3,background,replace the background with a beach,0.56,56.0,0.1356265120369177,False,66.0,False,,,0.2667557001113891,0.2763562798500061,-0.0096005797386169,0.3535875082015991,0.858832061290741,0.9051443338394164,0.3859188556671142,0.8671183562055186,16.797387812897025,13.744838838497447,8.343514442443848,3.1037206649780273,,,,,,,,,,,,,,,,,,,,,,,0.0,True,0.0
baseline,ip2p,trustmark,311000000000,delete_object,4,style,make it look cinematic,0.55,55.0,0.184100808663348,False,66.0,False,,,0.2474702596664428,0.2556359767913818,-0.0081657171249389,0.0837111175060272,0.8810513019561768,0.7388156056404114,0.2936058044433594,0.8249479833724176,13.911033796860238,9.524864079594334,8.34664249420166,3.1037206649780273,,,,,,,,,,,,,,,,,,,,,,,0.0,True,0.0
baseline,ip2p,trustmark,411000000000,change_content,0,none,,1.0,100.0,7.888609052210118e-31,True,66.0,True,40.39757340480904,0.9903162660534416,,,,,,,,,,,,,,,,,,,,,,,,,,,,,,,,,,,,True,
baseline,ip2p,trustmark,411000000000,change_content,1,change_content,change the big to small and make it big,0.99,99.0,7.967495142732218e-29,True,66.0,False,,,0.3149113953113556,0.3094693422317505,0.0054420530796051,0.0318018458783626,0.974207043647766,0.9928107261657716,0.0214132033288478,0.9257019050826244,25.851394296083527,25.73163124798962,8.343772411346436,3.1037206649780273,,,,,,,,,,,,,,,,,,,,,,,1.0,True,1.0
baseline,ip2p,trustmark,411000000000,change_content,2,global_attribute,make it nighttime,0.54,54.0,0.2420592068036457,False,66.0,False,,,0.182632029056549,0.3003767132759094,-0.1177446842193603,0.060189064592123,0.5639076232910156,0.1347023397684097,0.7658551931381226,0.5577805387454299,8.894311249008071,8.751365802435041,8.343567371368408,3.1037206649780273,,,,,,,,,,,,,,,,,,,,,,,0.0,True,0.0
baseline,ip2p,trustmark,411000000000,change_content,3,background,replace the background with a beach,0.65,65.0,0.001758820861485,False,66.0,False,,,0.2001895606517791,0.1911212801933288,0.0090682804584503,0.0828582197427749,0.92491614818573,0.876495361328125,0.2967874109745025,0.858671044210192,15.420516914397751,8.302068415005582,8.341737747192383,3.1037206649780273,,,,,,,,,,,,,,,,,,,,,,,1.0,True,0.0
baseline,ip2p,trustmark,411000000000,change_content,4,style,turn it into a watercolor painting,0.58,58.0,0.0666053096036067,False,66.0,False,,,0.2158921062946319,0.2098075151443481,0.0060845911502838,0.1156767159700393,0.9346121549606324,0.9220430254936218,0.2442502081394195,0.7873277956085459,18.088325383051153,9.35348987666195,8.342424392700195,3.1037206649780273,,,,,,,,,,,,,,,,,,,,,,,1.0,True,0.0
baseline,ip2p,trustmark,511000000000,change_pose,0,none,,1.0,100.0,7.888609052210118e-31,True,66.0,True,47.274036827476,0.9971012438864868,,,,,,,,,,,,,,,,,,,,,,,,,,,,,,,,,,,,True,
baseline,ip2p,trustmark,511000000000,change_pose,1,change_pose,change the laying down on to with tail down and make it jumping,0.51,51.0,0.460205381306411,False,66.0,False,,,0.2053545117378235,0.2589403390884399,-0.0535858273506164,0.1593797355890274,0.7551155090332031,0.5248450040817261,0.3965639472007751,0.871862578129239,14.37050865037885,14.33895814887268,8.348151683807373,3.1037206649780273,15.090933828669211,0.3818096816539764,,,,,,,,,,,,,,,,,,,,,0.0,True,0.0
baseline,ip2p,trustmark,511000000000,change_pose,2,global_attribute,make it nighttime,0.57,57.0,0.0966739522478212,False,66.0,False,,,0.2000673711299896,0.1916625797748565,0.008404791355133,0.1567804217338562,0.8084222078323364,0.7721470594406128,0.4927506744861603,0.5249944827104347,4.270580914658072,3.5561310107013666,8.34693956375122,3.1037206649780273,,,,,,,,,,,,,,,,,,,,,,,1.0,True,0.0
baseline,ip2p,trustmark,511000000000,change_pose,3,background,make the background a city street,0.56,56.0,0.1356265120369177,False,66.0,False,,,0.2824833989143371,0.1736252903938293,0.1088581085205078,0.2737639546394348,0.8618698120117188,0.7596161365509033,0.3903205692768097,0.7425974492489983,15.90138363347837,4.293956777875583,8.349112033843994,3.1037206649780273,,,,,,,,,,,,,,,,,,,,,,,1.0,True,0.0
baseline,ip2p,trustmark,511000000000,change_pose,4,style,convert it to an oil painting,0.53,53.0,0.3086497067946262,False,66.0,False,,,0.2586402893066406,0.2687835395336151,-0.0101432502269744,0.0882514417171478,0.9655080437660216,0.979486346244812,0.0936134606599807,0.890918295363588,24.46251484086234,4.840617978777225,8.340776443481445,3.1037206649780273,,,,,,,,,,,,,,,,,,,,,,,0.0,True,0.0
baseline,ip2p,trustmark,611000000000,change_color,0,none,,1.0,100.0,7.888609052210118e-31,True,66.0,True,43.6886415992153,0.9854123707139631,,,,,,,,,,,,,,,,,,,,,,,,,,,,,,,,,,,,True,
baseline,ip2p,trustmark,611000000000,change_color,1,change_color,change the black to white and change the red to green,0.98,98.0,3.9845364322713306e-27,True,66.0,False,,,0.2117613852024078,0.2106473743915558,0.001114010810852,0.1813241690397262,0.9452048540115356,0.9493300914764404,0.2745084166526794,0.5035882770284965,18.50918638313249,18.418150465929394,8.339812278747559,3.1037206649780273,,,,,,,,,,,,,,,,,,,,,,,1.0,True,1.0
baseline,ip2p,trustmark,611000000000,change_color,2,global_attribute,change the season to winter,0.98,98.0,3.9845364322713306e-27,True,66.0,False,,,0.2404099851846695,0.2111304104328155,0.0292795747518539,0.0090925581753253,0.9414595365524292,0.9571983218193054,0.2231327891349792,0.4948270913188958,13.459865906040886,14.833631081944787,8.340850591659546,3.1037206649780273,,,,,,,,,,,,,,,,,,,,,,,1.0,True,1.0
baseline,ip2p,trustmark,611000000000,change_color,3,background,make the background a desert,0.61,61.0,0.0176001001088524,False,66.0,False,,,0.1807363927364349,0.238023042678833,-0.057286649942398,0.1792294234037399,0.9023880958557128,0.8850698471069336,0.501373827457428,0.5265359420870449,10.725192218357586,11.100346223486683,8.344877004623413,3.1037206649780273,,,,,,,,,,,,,,,,,,,,,,,0.0,True,0.0
baseline,ip2p,trustmark,611000000000,change_color,4,style,convert it to an oil painting,0.49,49.0,0.6178232827986663,False,66.0,False,,,0.1847747266292572,0.1927496492862701,-0.0079749226570129,0.0508140251040458,0.97112774848938,0.9803428649902344,0.0939731746912002,0.7476676195211795,16.390751711503253,10.101859408685211,8.34151816368103,3.1037206649780273,,,,,,,,,,,,,,,,,,,,,,,0.0,True,0.0
baseline,ip2p,trustmark,711000000000,change_material,0,none,,1.0,100.0,7.888609052210118e-31,True,66.0,True,43.48133736077784,0.9952483255560995,,,,,,,,,,,,,,,,,,,,,,,,,,,,,,,,,,,,True,
baseline,ip2p,trustmark,711000000000,change_material,1,change_material,make it knitted and make it toy,0.45,45.0,0.8643734879630823,False,66.0,False,,,0.1858809292316436,0.2162686884403228,-0.0303877592086792,0.1780426204204559,0.5743343830108643,0.1679451614618301,0.3789516389369964,0.6316644616252027,14.372005036023593,14.347495862605031,8.339382648468018,3.1037206649780273,23.378829024246492,0.1529060900211334,,,,,,,,,,,,,,,,,,,,,0.0,True,0.0
baseline,ip2p,trustmark,711000000000,change_material,2,global_attribute,change the season to winter,0.5,50.0,0.5397946186935889,False,66.0,False,,,0.2231750935316085,0.1613268107175827,0.0618482828140258,0.2932662665843963,0.938798487186432,0.9537639021873474,0.0785505473613739,0.8450615597319945,20.437590647983296,14.081920032624026,8.340304851531982,3.1037206649780273,,,,,,,,,,,,,,,,,,,,,,,1.0,True,0.0
baseline,ip2p,trustmark,711000000000,change_material,3,background,make the background a desert,0.47,47.0,0.7579407931963542,False,66.0,False,,,0.2124662101268768,0.2184304744005203,-0.0059642642736434,0.1983280777931213,0.9360642433166504,0.9390134811401368,0.2014584690332412,0.851946569434273,14.874227237642556,11.311311841381444,8.341063022613525,3.1037206649780273,,,,,,,,,,,,,,,,,,,,,,,0.0,True,0.0
baseline,ip2p,trustmark,711000000000,change_material,4,style,convert it to an oil painting,0.5,50.0,0.5397946186935889,False,66.0,False,,,0.2217584550380706,0.2084243595600128,0.0133340954780578,0.1789192259311676,0.964499294757843,0.9665416479110718,0.1095666140317916,0.8244279429163663,16.276890288226127,8.648355471298538,8.340234279632568,3.1037206649780273,,,,,,,,,,,,,,,,,,,,,,,1.0,True,0.0
baseline,ip2p,trustmark,811000000000,change_background,0,none,,1.0,100.0,7.888609052210118e-31,True,66.0,True,44.57531009636835,0.995145435640316,,,,,,,,,,,,,,,,,,,,,,,,,,,,,,,,,,,,True,
baseline,ip2p,trustmark,811000000000,change_background,1,change_background,change the white background to forest,0.8,80.0,5.579544528625976e-10,True,66.0,False,,,0.1846544742584228,0.1874955892562866,-0.0028411149978637,0.1819551289081573,0.5118763446807861,0.1451357156038284,0.92271888256073,0.4399137829938482,6.392596093362161,6.36319484784131,8.339698076248169,3.1037206649780273,6.797856307142696,0.900383710861206,,,,,,,,,,,,,,,,,,,,,0.0,True,0.0
baseline,ip2p,trustmark,811000000000,change_background,2,global_attribute,make it nighttime,0.68,68.0,0.0002043885837134,True,66.0,False,,,0.2269326746463775,0.1748808324337005,0.052051842212677,0.1200470700860023,0.924373745918274,0.8190547823905945,0.4678675830364227,0.2226304616115687,5.775532361453961,1.40499855229667,8.339796543121338,3.1037206649780273,,,,,,,,,,,,,,,,,,,,,,,1.0,True,1.0
baseline,ip2p,trustmark,811000000000,change_background,3,background,replace the background with a beach,0.73,73.0,2.346206306321115e-06,True,66.0,False,,,0.2154601812362671,0.2054467499256134,0.0100134313106536,0.2246840298175811,0.8825023770332336,0.4121294915676117,0.6836512088775635,0.2919139675722555,7.153236370805711,5.684187643181334,8.340307474136353,3.1037206649780273,,,,,,,,,,,,,,,,,,,,,,,1.0,True,1.0
baseline,ip2p,trustmark,811000000000,change_background,4,style,make it anime style,0.52,52.0,0.3821767172013338,False,66.0,False,,,0.2251395136117935,0.2187026143074035,0.0064368993043899,0.2739455103874206,0.8317683935165405,0.4975091218948364,0.5922181606292725,0.6026699599366251,12.224889452900651,7.548985227850492,8.339893817901611,3.1037206649780273,,,,,,,,,,,,,,,,,,,,,,,1.0,True,0.0
baseline,ip2p,trustmark,911000000000,change_style,0,none,,0.98,98.0,3.9845364322713306e-27,True,66.0,False,38.59798142763941,0.990085492902628,,,,,,,,,,,,,,,,,,,,,,,,,,,,,,,,,,,,True,
baseline,ip2p,trustmark,911000000000,change_style,1,change_style,make it realism style and make it expressionism style,0.83,83.0,6.548999325035109e-12,True,66.0,False,,,0.2991642355918884,0.2859901189804077,0.0131741166114807,0.1639593988656997,0.9760621786117554,0.9581031203269958,0.1380757242441177,0.6628466546204902,19.50842468832184,19.47185570780616,8.340435266494751,3.1037206649780273,,,,,,,,,,,,,,,,,,,,,,,1.0,True,1.0
baseline,ip2p,trustmark,911000000000,change_style,2,global_attribute,make it nighttime,0.81,81.0,1.3513812610243942e-10,True,66.0,False,,,0.2943988442420959,0.2879166901111603,0.0064821541309356,0.1083481758832931,0.9853893518447876,0.9534670114517212,0.1689116656780243,0.5266437662759282,12.177836918848444,12.04041469646699,8.341427564620972,3.1037206649780273,,,,,,,,,,,,,,,,,,,,,,,1.0,True,1.0
baseline,ip2p,trustmark,911000000000,change_style,3,background,replace the background with a beach,0.61,61.0,0.0176001001088524,False,66.0,False,,,0.2619076371192932,0.2818841636180877,-0.0199765264987945,0.0073223449289798,0.940762996673584,0.925195336341858,0.2514393329620361,0.5896572769560002,10.755723571889986,10.70277507736568,8.340658187866211,3.1037206649780273,,,,,,,,,,,,,,,,,,,,,,,0.0,True,0.0
baseline,ip2p,trustmark,911000000000,change_style,4,style,make it look cinematic,0.6,60.0,0.0284439668204904,False,66.0,False,,,0.2752710878849029,0.267356812953949,0.0079142749309539,-0.0239716488867998,0.9955790042877196,0.9934521913528442,0.0386982187628746,0.9112144206285084,26.35794375878188,10.390602552016466,8.339751958847046,3.1037206649780273,,,,,,,,,,,,,,,,,,,,,,,0.0,True,0.0
baseline,ip2p,wam,111000000000,change_object,0,none,,1.0,32.0,2.3283064365386963e-10,True,26.0,True,37.40846966059051,0.9837146181403482,,,,,,,,,,,,,,,,,,,,,,,,,,,,,,,,,,0.999114990234375,,True,
baseline,ip2p,wam,111000000000,change_object,1,change_object,change the fishes to sharks and change the kelp to flowers,0.5,16.0,0.5699749670457095,False,26.0,False,,,0.2708898186683655,0.200656309723854,0.0702335089445114,0.2281837463378906,0.8974916934967041,0.6429411172866821,0.401182472705841,0.4429804508990759,11.28811036176462,11.270792887605609,8.344584703445435,3.1037206649780273,,,,,,,,,,,,,,,,,,,,,,0.0005035400390625,1.0,True,0.0
baseline,ip2p,wam,111000000000,change_object,2,global_attribute,make it nighttime,0.5,16.0,0.5699749670457095,False,26.0,False,,,0.2687725722789764,0.2658035159111023,0.0029690563678741,0.0436693616211414,0.9901657700538636,0.9910502433776855,0.0598280169069767,0.8768276939841005,19.78628049206842,11.431740485740802,8.344869136810303,3.1037206649780273,,,,,,,,,,,,,,,,,,,,,,0.0,1.0,True,0.0
baseline,ip2p,wam,111000000000,change_object,3,background,make the background a desert,0.5,16.0,0.5699749670457095,False,26.0,False,,,0.2597475051879883,0.255900502204895,0.0038470029830932,0.0970140025019645,0.9714791178703308,0.9524005055427552,0.1980859190225601,0.7758407085440188,15.305833696246706,11.04611203350922,8.345755815505981,3.1037206649780273,,,,,,,,,,,,,,,,,,,,,,0.0,1.0,True,0.0
baseline,ip2p,wam,111000000000,change_object,4,style,turn it into a watercolor painting,0.5625,18.0,0.2983074479270726,False,26.0,False,,,0.2715532183647156,0.2618050873279571,0.0097481310367584,0.1066473573446273,0.9751778244972228,0.9567146301269532,0.1459377259016037,0.7629166756763701,14.608711782819254,9.374077222539263,8.34528374671936,3.1037206649780273,,,,,,,,,,,,,,,,,,,,,,0.009735107421875,1.0,True,0.0
baseline,ip2p,wam,111000000001,change_object,0,none,,1.0,32.0,2.3283064365386963e-10,True,26.0,True,39.665853668378055,0.9891270871343876,,,,,,,,,,,,,,,,,,,,,,,,,,,,,,,,,,1.0,,True,
baseline,ip2p,wam,111000000001,change_object,1,change_object,change the cat to tiger and change the hat to scarf,0.5625,18.0,0.2983074479270726,False,26.0,False,,,0.3192197978496551,0.2093647718429565,0.1098550260066986,0.3187195658683777,0.7903254628181458,0.328559398651123,0.6683456897735596,0.3255699249258347,8.353722235216892,8.35519807633984,8.342758655548096,3.1037206649780273,,,,,,,,,,,,,,,,,,,,,,0.0,1.0,True,0.0
baseline,ip2p,wam,111000000001,change_object,2,global_attribute,make it rainy,0.5625,18.0,0.2983074479270726,False,26.0,False,,,0.297966867685318,0.2982099652290344,-0.0002430975437164,-0.0271552614867687,0.9901161193847656,0.991367518901825,0.0669516175985336,0.9516025030559644,22.689190983803087,8.346916473333403,8.34455680847168,3.1037206649780273,,,,,,,,,,,,,,,,,,,,,,0.0,0.0,True,0.0
baseline,ip2p,wam,111000000001,change_object,3,background,make the background a desert,0.5625,18.0,0.2983074479270726,False,26.0,False,,,0.2900534868240356,0.2822480201721191,0.0078054666519165,0.0699023157358169,0.979442059993744,0.9583125114440918,0.1530541032552719,0.9205335376994268,17.061801111887554,8.100510201743008,8.344280004501343,3.1037206649780273,,,,,,,,,,,,,,,,,,,,,,0.0,1.0,True,0.0
baseline,ip2p,wam,111000000001,change_object,4,style,make it look cinematic,0.5625,18.0,0.2983074479270726,False,26.0,False,,,0.271456241607666,0.2791357040405273,-0.0076794624328613,-0.0081739062443375,0.9966081380844116,0.9936885833740234,0.0220721140503883,0.9605283693580808,24.88817707928661,7.959876944511391,8.344201564788818,3.1037206649780273,,,,,,,,,,,,,,,,,,,,,,0.0,0.0,True,0.0
baseline,ip2p,wam,211000000000,add_object,0,none,,1.0,32.0,2.3283064365386963e-10,True,26.0,True,38.11271040386504,0.971313697833561,,,,,,,,,,,,,,,,,,,,,,,,,,,,,,,,,,1.0,,True,
baseline,ip2p,wam,211000000000,add_object,1,add_object,add and scarf and add with flowers in mouth,1.0,32.0,2.3283064365386963e-10,True,26.0,True,,,0.1652070581912994,0.2524295151233673,-0.0872224569320678,0.1844345033168792,0.7094271779060364,0.1861783862113952,0.451870858669281,0.5440508088731224,16.607115902737423,16.596497093203517,8.347216367721558,3.1037206649780273,,,,,,,,,,,,,,,,,,,,,,0.3486480712890625,0.0,True,0.0
baseline,ip2p,wam,211000000000,add_object,2,global_attribute,make it rainy,0.96875,31.0,7.683411240577698e-09,True,26.0,False,,,0.1645541489124298,0.1693827509880066,-0.0048286020755767,0.0609071776270866,0.987000584602356,0.980339765548706,0.0701888874173164,0.9184035910341196,30.20428032802755,16.268260150664354,8.346020698547363,3.1037206649780273,,,,,,,,,,,,,,,,,,,,,,0.3306427001953125,0.0,True,0.0
baseline,ip2p,wam,211000000000,add_object,3,background,make the background a desert,1.0,32.0,2.3283064365386963e-10,True,26.0,True,,,0.1922576427459716,0.169039636850357,0.0232180058956146,-0.0080605018883943,0.9716271758079528,0.9727505445480348,0.1744745522737503,0.7867215259378307,16.765416469613573,12.72214525712723,8.360798597335815,3.1037206649780273,,,,,,,,,,,,,,,,,,,,,,0.3772735595703125,0.0,True,0.0
baseline,ip2p,wam,211000000000,add_object,4,style,make it anime style,1.0,32.0,2.3283064365386963e-10,True,26.0,True,,,0.2277980744838714,0.1977740824222564,0.0300239920616149,0.132974311709404,0.976787269115448,0.9780269861221312,0.1573648750782013,0.7156936788242123,14.728826425302914,9.580024312312824,8.346864223480225,3.1037206649780273,,,,,,,,,,,,,,,,,,,,,,0.4456329345703125,1.0,True,1.0
baseline,ip2p,wam,311000000000,delete_object,0,none,,1.0,32.0,2.3283064365386963e-10,True,26.0,True,42.44143802554333,0.9908210419368684,,,,,,,,,,,,,,,,,,,,,,,,,,,,,,,,,,1.0,,True,
baseline,ip2p,wam,311000000000,delete_object,1,delete_object,remove of yellow flowers,0.53125,17.0,0.4300250329542905,False,26.0,False,,,0.2190013527870178,0.1912651658058166,0.0277361869812011,0.1588128209114074,0.8832676410675049,0.6793593764305115,0.3974206149578094,0.8211117896433185,15.843959403426606,15.846020478869358,8.347251415252686,3.1037206649780273,18.506094850446978,0.2730182707309723,,,,,,,,,,,,,,,,,,,,0.0027618408203125,1.0,True,0.0
baseline,ip2p,wam,311000000000,delete_object,2,global_attribute,change the season to winter,0.53125,17.0,0.4300250329542905,False,26.0,False,,,0.1815082877874374,0.212924063205719,-0.0314157754182815,0.1581511348485946,0.7037087678909302,0.1528813540935516,0.3324487507343292,0.9060596047372206,15.363147195507034,15.383072783611697,8.346500158309937,3.1037206649780273,,,,,,,,,,,,,,,,,,,,,,0.0,0.0,True,0.0
baseline,ip2p,wam,311000000000,delete_object,3,background,replace the background with a beach,0.53125,17.0,0.4300250329542905,False,26.0,False,,,0.1933862119913101,0.1701608598232269,0.0232253521680831,0.3102926015853882,0.8386385440826416,0.4537070691585541,0.2779110670089721,0.910745355794083,17.848127185612313,12.83039815033705,8.344488859176636,3.1037206649780273,,,,,,,,,,,,,,,,,,,,,,0.0,1.0,True,0.0
baseline,ip2p,wam,311000000000,delete_object,4,style,make it look cinematic,0.5,16.0,0.5699749670457095,False,26.0,False,,,0.1908109337091446,0.1927281469106674,-0.0019172132015228,0.0949735715985298,0.9719656705856324,0.8179593086242676,0.1994737982749939,0.8293526490549503,16.306579449346117,10.21726718954788,8.342459678649902,3.1037206649780273,,,,,,,,,,,,,,,,,,,,,,0.0088653564453125,0.0,True,0.0
baseline,ip2p,wam,411000000000,change_content,0,none,,1.0,32.0,2.3283064365386963e-10,True,26.0,True,38.78799659980266,0.9841482721958212,,,,,,,,,,,,,,,,,,,,,,,,,,,,,,,,,,1.0,,True,
baseline,ip2p,wam,411000000000,change_content,1,change_content,change the big to small and make it big,1.0,32.0,2.3283064365386963e-10,True,26.0,True,,,0.3195502758026123,0.3105683326721191,0.0089819431304931,-0.0103450901806354,0.9852283000946044,0.9925496578216552,0.0236530974507331,0.9169221463326784,25.976464780266276,26.045591743145657,8.34229326248169,3.1037206649780273,,,,,,,,,,,,,,,,,,,,,,0.5495452880859375,0.0,True,0.0
baseline,ip2p,wam,411000000000,change_content,2,global_attribute,make it nighttime,0.53125,17.0,0.4300250329542905,False,26.0,False,,,0.2166275233030319,0.3069075047969818,-0.0902799814939498,0.0909245759248733,0.558448314666748,0.1038786992430687,0.8341390490531921,0.5031613797706087,9.12566731880034,9.018089930711044,8.34265685081482,3.1037206649780273,,,,,,,,,,,,,,,,,,,,,,0.0,0.0,True,0.0
baseline,ip2p,wam,411000000000,change_content,3,background,replace the background with a beach,0.53125,17.0,0.4300250329542905,False,26.0,False,,,0.241493284702301,0.2302948087453842,0.0111984759569168,0.1077572256326675,0.9694082736968994,0.926313817501068,0.2070717215538025,0.8578294826951772,17.93626858271813,8.507571082871955,8.342539310455322,3.1037206649780273,,,,,,,,,,,,,,,,,,,,,,0.0,1.0,True,0.0
baseline,ip2p,wam,411000000000,change_content,4,style,turn it into a watercolor painting,0.53125,17.0,0.4300250329542905,False,26.0,False,,,0.2284301519393921,0.2491543292999267,-0.0207241773605346,0.1013628095388412,0.9543783664703368,0.9130548238754272,0.2720321416854858,0.7751637887565188,16.966562794222305,10.0430518285051,8.348345279693604,3.1037206649780273,,,,,,,,,,,,,,,,,,,,,,0.0,0.0,True,0.0
baseline,ip2p,wam,511000000000,change_pose,0,none,,1.0,32.0,2.3283064365386963e-10,True,26.0,True,42.213464807691075,0.9785141140443526,,,,,,,,,,,,,,,,,,,,,,,,,,,,,,,,,,1.0,,True,
baseline,ip2p,wam,511000000000,change_pose,1,change_pose,change the laying down on to with tail down and make it jumping,0.5625,18.0,0.2983074479270726,False,26.0,False,,,0.2332235127687454,0.2801777422428131,-0.0469542294740676,0.0068496670573949,0.7895308136940002,0.5172652006149292,0.4438750147819519,0.8637871664199214,13.580440271638643,13.580429257019668,8.347822666168213,3.1037206649780273,14.149867423990663,0.4277929067611694,,,,,,,,,,,,,,,,,,,,0.0,0.0,True,0.0
baseline,ip2p,wam,511000000000,change_pose,2,global_attribute,make it nighttime,0.5625,18.0,0.2983074479270726,False,26.0,False,,,0.26886847615242,0.2270941436290741,0.0417743325233459,0.1006653904914856,0.8548506498336792,0.7129669785499573,0.4672117829322815,0.5906343588821935,5.583705867467851,3.837877386351824,8.348844528198242,3.1037206649780273,,,,,,,,,,,,,,,,,,,,,,0.0,1.0,True,0.0
baseline,ip2p,wam,511000000000,change_pose,3,background,make the background a city street,0.5625,18.0,0.2983074479270726,False,26.0,False,,,0.2773045599460602,0.2483460307121276,0.0289585292339324,0.2631818652153015,0.8479713201522827,0.4467991888523102,0.4577643871307373,0.7185002996651338,16.570774527760367,4.717292110702431,8.347651243209839,3.1037206649780273,,,,,,,,,,,,,,,,,,,,,,0.0,1.0,True,0.0
baseline,ip2p,wam,511000000000,change_pose,4,style,convert it to an oil painting,0.5625,18.0,0.2983074479270726,False,26.0,False,,,0.2670638561248779,0.2632628679275512,0.0038009881973266,0.1707534044981002,0.9441434144973756,0.92216295003891,0.1407006531953811,0.8854441063662164,24.14846941175795,5.219075521273016,8.346444606781006,3.1037206649780273,,,,,,,,,,,,,,,,,,,,,,0.0,1.0,True,0.0
baseline,ip2p,wam,611000000000,change_color,0,none,,1.0,32.0,2.3283064365386963e-10,True,26.0,True,37.589277394459224,0.9464888602556508,,,,,,,,,,,,,,,,,,,,,,,,,,,,,,,,,,1.0,,True,
baseline,ip2p,wam,611000000000,change_color,1,change_color,change the black to white and change the red to green,1.0,32.0,2.3283064365386963e-10,True,26.0,True,,,0.2200076729059219,0.2105950564146042,0.0094126164913177,0.2056548595428466,0.9563993215560912,0.9554493427276612,0.2951769232749939,0.5162130106182669,18.756081313092476,18.740070254731936,8.347289085388184,3.1037206649780273,,,,,,,,,,,,,,,,,,,,,,0.4927825927734375,1.0,True,1.0
baseline,ip2p,wam,611000000000,change_color,2,global_attribute,change the season to winter,1.0,32.0,2.3283064365386963e-10,True,26.0,True,,,0.2402908205986023,0.2173778712749481,0.0229129493236541,0.0834013223648071,0.9570935368537904,0.9598950147628784,0.2349297553300857,0.5161122958566892,13.97938378512628,15.22255285651396,9.052926778793337,3.1037206649780273,,,,,,,,,,,,,,,,,,,,,,0.5131683349609375,1.0,True,1.0
baseline,ip2p,wam,611000000000,change_color,3,background,make the background a desert,0.90625,29.0,1.2780074030160904e-06,True,26.0,False,,,0.1846391260623932,0.2413173615932464,-0.0566782355308532,0.1262298077344894,0.856273889541626,0.8719398975372314,0.5203577280044556,0.517446220926911,10.703632002801983,10.878304700806233,8.347390413284302,3.1037206649780273,,,,,,,,,,,,,,,,,,,,,,0.0566253662109375,0.0,True,0.0
baseline,ip2p,wam,611000000000,change_color,4,style,convert it to an oil painting,0.8125,26.0,0.0002675263676792,True,26.0,False,,,0.1878355592489242,0.1991361677646637,-0.0113006085157394,0.071358174085617,0.9733142852783204,0.9876906871795654,0.081627756357193,0.730727144229855,16.84716823241318,9.65956872704028,8.344129800796509,3.1037206649780273,,,,,,,,,,,,,,,,,,,,,,0.052947998046875,0.0,True,0.0
baseline,ip2p,wam,711000000000,change_material,0,none,,1.0,32.0,2.3283064365386963e-10,True,26.0,True,40.816037454216655,0.9905307661331328,,,,,,,,,,,,,,,,,,,,,,,,,,,,,,,,,,1.0,,True,
baseline,ip2p,wam,711000000000,change_material,1,change_material,make it knitted and make it toy,0.3125,10.0,0.9899691964965314,False,26.0,False,,,0.1945955008268356,0.213683620095253,-0.0190881192684173,0.1712376922369003,0.6064056158065796,0.1713062822818756,0.3818786144256592,0.6265941476980457,14.280067009399255,14.261481384338625,8.347430944442749,3.1037206649780273,23.35058784991756,0.1565281748771667,,,,,,,,,,,,,,,,,,,,0.0,0.0,True,0.0
baseline,ip2p,wam,711000000000,change_material,2,global_attribute,change the season to winter,0.3125,10.0,0.9899691964965314,False,26.0,False,,,0.199134886264801,0.176719382405281,0.0224155038595199,0.1520445793867111,0.9490806460380554,0.9576126337051392,0.0860300585627555,0.8428709181280502,20.290911329179465,13.96593389655422,8.344751358032227,3.1037206649780273,,,,,,,,,,,,,,,,,,,,,,0.0,1.0,True,0.0
baseline,ip2p,wam,711000000000,change_material,3,background,make the background a desert,0.3125,10.0,0.9899691964965314,False,26.0,False,,,0.2016165405511856,0.192860871553421,0.0087556689977645,0.2769180536270141,0.9359028339385986,0.8769344687461853,0.2405466437339782,0.8316612366863438,13.936456121225849,10.897108436881531,8.345759391784668,3.1037206649780273,,,,,,,,,,,,,,,,,,,,,,0.0,1.0,True,0.0
baseline,ip2p,wam,711000000000,change_material,4,style,convert it to an oil painting,0.3125,10.0,0.9899691964965314,False,26.0,False,,,0.2522904276847839,0.1993512362241745,0.0529391914606094,0.091938778758049,0.9471383690834044,0.9738634824752808,0.1086964681744575,0.8043164915352312,16.384809386833766,8.562607508277011,8.353094339370728,3.1037206649780273,,,,,,,,,,,,,,,,,,,,,,0.0,1.0,True,0.0
baseline,ip2p,wam,811000000000,change_background,0,none,,1.0,32.0,2.3283064365386963e-10,True,26.0,True,41.877624190077114,0.9891538180142944,,,,,,,,,,,,,,,,,,,,,,,,,,,,,,,,,,1.0,,True,
baseline,ip2p,wam,811000000000,change_background,1,change_background,change the white background to forest,0.96875,31.0,7.683411240577698e-09,True,26.0,False,,,0.1950282603502273,0.1859074980020523,0.009120762348175,0.1885683238506317,0.5235569477081299,0.0238735359162092,0.9321759939193726,0.4313823004112884,6.707172143501776,6.668248332735658,8.345370531082153,3.1037206649780273,6.976225272460716,0.912489116191864,,,,,,,,,,,,,,,,,,,,0.4580841064453125,1.0,True,1.0
baseline,ip2p,wam,811000000000,change_background,2,global_attribute,make it nighttime,0.5,16.0,0.5699749670457095,False,26.0,False,,,0.2150579690933227,0.183186650276184,0.0318713188171386,0.1205830574035644,0.9396119117736816,0.8715646862983704,0.4786857962608337,0.1993527884058323,5.489947405587786,1.3665566877979665,8.344200849533081,3.1037206649780273,,,,,,,,,,,,,,,,,,,,,,0.0092926025390625,1.0,True,0.0
baseline,ip2p,wam,811000000000,change_background,3,background,replace the background with a beach,0.5,16.0,0.5699749670457095,False,26.0,False,,,0.1751765459775924,0.191949725151062,-0.0167731791734695,0.2858107089996338,0.8339391946792603,0.370004653930664,0.680825412273407,0.2729606169605869,7.048407016216673,5.7112677460198675,8.343063354492188,3.1037206649780273,,,,,,,,,,,,,,,,,,,,,,0.0,0.0,True,0.0
baseline,ip2p,wam,811000000000,change_background,4,style,make it anime style,0.5,16.0,0.5699749670457095,False,26.0,False,,,0.213588997721672,0.1838958859443664,0.0296931117773056,0.2060187757015228,0.8421357870101929,0.5374338030815125,0.5788659453392029,0.6045022385254238,11.695235298529914,7.501256854204467,8.342188596725464,3.1037206649780273,,,,,,,,,,,,,,,,,,,,,,0.0,1.0,True,0.0
baseline,ip2p,wam,911000000000,change_style,0,none,,1.0,32.0,2.3283064365386963e-10,True,26.0,True,36.7561034573693,0.98863119122017,,,,,,,,,,,,,,,,,,,,,,,,,,,,,,,,,,1.0,,True,
baseline,ip2p,wam,911000000000,change_style,1,change_style,make it realism style and make it expressionism style,0.8125,26.0,0.0002675263676792,True,26.0,False,,,0.3078610301017761,0.2835188508033752,0.0243421792984008,0.1889578104019165,0.974254310131073,0.9527130126953124,0.1427210718393325,0.6402882283150834,19.474624084573428,19.492034794318776,8.34236454963684,3.1037206649780273,,,,,,,,,,,,,,,,,,,,,,0.056365966796875,1.0,True,1.0
baseline,ip2p,wam,911000000000,change_style,2,global_attribute,make it nighttime,0.625,20.0,0.1076635748613625,False,26.0,False,,,0.3074668645858764,0.2990663051605224,0.008400559425354,0.0668598189949989,0.9827612638473512,0.9719185829162598,0.1455494165420532,0.5862017805942198,13.197251040401753,12.792198617959734,8.342780113220215,3.1037206649780273,,,,,,,,,,,,,,,,,,,,,,0.05029296875,1.0,True,0.0
baseline,ip2p,wam,911000000000,change_style,3,background,replace the background with a beach,0.6875,22.0,0.0250512298662215,False,26.0,False,,,0.2727559506893158,0.2905149161815643,-0.0177589654922485,0.0302437637001276,0.923419713973999,0.9178674817085266,0.2725408673286438,0.5992930772025491,10.678552714428816,10.73251630723014,8.343068599700928,3.1037206649780273,,,,,,,,,,,,,,,,,,,,,,0.0385284423828125,0.0,True,0.0
baseline,ip2p,wam,911000000000,change_style,4,style,make it look cinematic,0.5625,18.0,0.2983074479270726,False,26.0,False,,,0.2785513699054718,0.2727829217910766,0.0057684481143951,-0.0026264982298016,0.9962788820266724,0.991584539413452,0.038921158760786,0.9160869399340856,26.32105425914249,10.504650964479298,8.342609167098999,3.1037206649780273,,,,,,,,,,,,,,,,,,,,,,0.04083251953125,0.0,True,0.0
baseline,sdedit,dwtdct,111000000000,change_object,0,none,,1.0,32.0,2.3283064365386963e-10,True,26.0,True,34.70276705335292,0.9742709027239512,,,,,,,,,,,,,,,,,,,,,,,,,,,,,,,,,,,,True,
baseline,sdedit,dwtdct,111000000000,change_object,1,change_object,change the fishes to sharks and change the kelp to flowers,0.65625,21.0,0.0550920825917273,False,26.0,False,,,0.2102516889572143,0.2001804709434509,0.0100712180137634,0.0192152149975299,0.9566420316696168,0.857581377029419,0.3889762461185455,0.2668804576470696,12.861461006428938,12.871926437086064,3.305095672607422,4.527586936950684,,,,,,,,,,,,,,,,,,,,,,,1.0,True,0.0
baseline,sdedit,dwtdct,111000000000,change_object,2,global_attribute,make it nighttime,0.5625,18.0,0.2983074479270726,False,26.0,False,,,0.2163009643554687,0.2123491913080215,0.0039517730474472,0.0257390663027763,0.955483078956604,0.925395667552948,0.3981289565563202,0.2650738616209051,12.804488186761851,12.222790100681316,3.308990955352783,4.527586936950684,,,,,,,,,,,,,,,,,,,,,,,1.0,True,0.0
baseline,sdedit,dwtdct,111000000000,change_object,3,background,make the background a desert,0.375,12.0,0.9449079174082726,False,26.0,False,,,0.2405019849538803,0.2061777114868164,0.0343242734670639,0.0070542357861995,0.9587042331695556,0.8726699948310852,0.3762487471103668,0.2581674676066383,12.868602237575956,11.037248944450226,3.308356523513794,4.527586936950684,,,,,,,,,,,,,,,,,,,,,,,1.0,True,0.0
baseline,sdedit,dwtdct,111000000000,change_object,4,style,turn it into a watercolor painting,0.5625,18.0,0.2983074479270726,False,26.0,False,,,0.266676127910614,0.2407969236373901,0.0258792042732238,0.1009673625230789,0.9710451364517212,0.8837853074073792,0.3753503561019897,0.2608338718031855,12.358261782398287,10.466230873849227,3.303474187850952,4.527586936950684,,,,,,,,,,,,,,,,,,,,,,,1.0,True,0.0
baseline,sdedit,dwtdct,111000000001,change_object,0,none,,1.0,32.0,2.3283064365386963e-10,True,26.0,True,41.69673472013483,0.991522099538042,,,,,,,,,,,,,,,,,,,,,,,,,,,,,,,,,,,,True,
baseline,sdedit,dwtdct,111000000001,change_object,1,change_object,change the cat to tiger and change the hat to scarf,0.375,12.0,0.9449079174082726,False,26.0,False,,,0.2942500710487366,0.2154983282089233,0.0787517428398132,0.2485311031341552,0.9025627374649048,0.6617062091827393,0.4026848971843719,0.5852042588690033,17.934317636543334,17.93749960525171,3.3025240898132324,4.527586936950684,,,,,,,,,,,,,,,,,,,,,,,1.0,True,0.0
baseline,sdedit,dwtdct,111000000001,change_object,2,global_attribute,make it rainy,0.375,12.0,0.9449079174082726,False,26.0,False,,,0.3202804923057556,0.2771016657352447,0.0431788265705108,0.3187603950500488,0.9274685382843018,0.7852380871772766,0.4469363987445831,0.5255046028135085,16.792662388918465,15.458227512580471,3.303203582763672,4.527586936950684,,,,,,,,,,,,,,,,,,,,,,,1.0,True,0.0
baseline,sdedit,dwtdct,111000000001,change_object,3,background,make the background a desert,0.53125,17.0,0.4300250329542905,False,26.0,False,,,0.3128122091293335,0.3106366395950317,0.0021755695343017,-0.0616213120520114,0.945575475692749,0.9379662275314332,0.3631171584129333,0.478691540118064,15.734387536862638,13.901052770622195,3.302828550338745,4.527586936950684,,,,,,,,,,,,,,,,,,,,,,,0.0,True,0.0
baseline,sdedit,dwtdct,111000000001,change_object,4,style,make it look cinematic,0.34375,11.0,0.9749487701337785,False,26.0,False,,,0.3134364187717438,0.2969512939453125,0.0164851248264312,-0.0311058666557073,0.9492006897926332,0.936510682106018,0.3613705039024353,0.440650425206966,15.3015272810205,12.960717579560637,3.301344871520996,4.527586936950684,,,,,,,,,,,,,,,,,,,,,,,0.0,True,0.0
baseline,sdedit,dwtdct,211000000000,add_object,0,none,,1.0,32.0,2.3283064365386963e-10,True,26.0,True,40.584121544969605,0.988954600340363,,,,,,,,,,,,,,,,,,,,,,,,,,,,,,,,,,,,True,
baseline,sdedit,dwtdct,211000000000,add_object,1,add_object,add and scarf and add with flowers in mouth,0.40625,13.0,0.8923364251386374,False,26.0,False,,,0.2942526936531067,0.2495307624340057,0.0447219312191009,0.1613451540470123,0.893764317035675,0.8404828310012817,0.3851289749145508,0.5127082123211995,17.94662172485043,17.982470701600832,3.301280975341797,4.527586936950684,,,,,,,,,,,,,,,,,,,,,,,1.0,True,0.0
baseline,sdedit,dwtdct,211000000000,add_object,2,global_attribute,make it rainy,0.5,16.0,0.5699749670457095,False,26.0,False,,,0.3229545354843139,0.2783607244491577,0.0445938110351562,0.2939440310001373,0.9477946758270264,0.8799072504043579,0.3696668744087219,0.4893266913756399,18.16690719507472,16.809134378206107,3.301823854446411,4.527586936950684,,,,,,,,,,,,,,,,,,,,,,,1.0,True,0.0
baseline,sdedit,dwtdct,211000000000,add_object,3,background,make the background a desert,0.625,20.0,0.1076635748613625,False,26.0,False,,,0.3086429834365845,0.323375791311264,-0.0147328078746795,0.0006180014461278,0.956303060054779,0.8597122430801392,0.3748601675033569,0.4398118606437509,17.572752903982554,15.551377208782805,3.3016443252563477,4.527586936950684,,,,,,,,,,,,,,,,,,,,,,,0.0,True,0.0
baseline,sdedit,dwtdct,211000000000,add_object,4,style,make it anime style,0.40625,13.0,0.8923364251386374,False,26.0,False,,,0.3057577610015869,0.2907967567443847,0.0149610042572021,0.0772717148065567,0.9602478742599488,0.8393250703811646,0.3609691262245178,0.3887758160137979,16.39171525310997,14.56362022338118,3.304835081100464,4.527586936950684,,,,,,,,,,,,,,,,,,,,,,,1.0,True,0.0
baseline,sdedit,dwtdct,311000000000,delete_object,0,none,,0.4375,14.0,0.8114572062622756,False,26.0,False,39.34648708658547,0.9871976539545728,,,,,,,,,,,,,,,,,,,,,,,,,,,,,,,,,,,,False,
baseline,sdedit,dwtdct,311000000000,delete_object,1,delete_object,remove of yellow flowers,0.40625,13.0,0.8923364251386374,False,26.0,False,,,0.1934550553560257,0.1943725049495697,-0.000917449593544,0.0070536667481064,0.8899595737457275,0.7691917419433594,0.244262084364891,0.7887213765124614,20.56481309007018,20.58538172073431,3.3082103729248047,4.527586936950684,23.778016599509556,0.1745651662349701,,,,,,,,,,,,,,,,,,,,,0.0,False,0.0
baseline,sdedit,dwtdct,311000000000,delete_object,2,global_attribute,change the season to winter,0.4375,14.0,0.8114572062622756,False,26.0,False,,,0.2446865737438202,0.1794546544551849,0.0652319192886352,0.1678149998188018,0.9016265869140624,0.7854727506637573,0.2403364330530166,0.7808660016751706,19.29909302548004,18.233439338627367,3.303210496902466,4.527586936950684,,,,,,,,,,,,,,,,,,,,,,,1.0,False,0.0
baseline,sdedit,dwtdct,311000000000,delete_object,3,background,replace the background with a beach,0.5625,18.0,0.2983074479270726,False,26.0,False,,,0.2462595254182815,0.2320786863565445,0.014180839061737,0.025231759995222,0.9523871541023254,0.8406651616096497,0.2493941783905029,0.768289842260144,18.805873181042088,17.215284647272306,3.3135015964508057,4.527586936950684,,,,,,,,,,,,,,,,,,,,,,,1.0,False,0.0
baseline,sdedit,dwtdct,311000000000,delete_object,4,style,make it look cinematic,0.5625,18.0,0.2983074479270726,False,26.0,False,,,0.2793896496295929,0.2618788778781891,0.0175107717514038,0.092949703335762,0.930451273918152,0.7662578225135803,0.3343625962734222,0.7265415466119153,18.91136095751112,16.316588345753974,3.369759321212769,4.527586936950684,,,,,,,,,,,,,,,,,,,,,,,1.0,False,0.0
baseline,sdedit,dwtdct,411000000000,change_content,0,none,,1.0,32.0,2.3283064365386963e-10,True,26.0,True,38.17179160217899,0.9884851387526288,,,,,,,,,,,,,,,,,,,,,,,,,,,,,,,,,,,,True,
baseline,sdedit,dwtdct,411000000000,change_content,1,change_content,change the big to small and make it big,0.5,16.0,0.5699749670457095,False,26.0,False,,,0.3119509518146515,0.3136280179023742,-0.0016770660877227,-0.0377411097288131,0.9052194356918336,0.9115535616874696,0.2224393486976623,0.7021346605765233,16.528399370934913,16.544512791186037,3.306962490081787,4.527586936950684,,,,,,,,,,,,,,,,,,,,,,,0.0,True,0.0
baseline,sdedit,dwtdct,411000000000,change_content,2,global_attribute,make it nighttime,0.5,16.0,0.5699749670457095,False,26.0,False,,,0.2992778420448303,0.2916023433208465,0.0076754987239837,0.0071397423744201,0.8842374086380005,0.8585010766983032,0.299753874540329,0.6528171437968476,16.31068572863221,14.68986621762194,3.3037912845611572,4.527586936950684,,,,,,,,,,,,,,,,,,,,,,,1.0,True,0.0
baseline,sdedit,dwtdct,411000000000,change_content,3,background,replace the background with a beach,0.5,16.0,0.5699749670457095,False,26.0,False,,,0.3152818083763122,0.2858438491821289,0.0294379591941833,0.0764433592557907,0.8745725154876709,0.9067971110343932,0.3574830889701843,0.6299438354647297,16.60417366420006,14.07835601045482,3.301856756210327,4.527586936950684,,,,,,,,,,,,,,,,,,,,,,,1.0,True,0.0
baseline,sdedit,dwtdct,411000000000,change_content,4,style,turn it into a watercolor painting,0.5,16.0,0.5699749670457095,False,26.0,False,,,0.3334532380104065,0.3044881522655487,0.0289650857448577,0.0492939315736293,0.8433055877685547,0.922930896282196,0.3620664477348327,0.6006074851564874,15.83327318743888,13.120524163243743,3.301807403564453,4.527586936950684,,,,,,,,,,,,,,,,,,,,,,,1.0,True,0.0
baseline,sdedit,dwtdct,511000000000,change_pose,0,none,,1.0,32.0,2.3283064365386963e-10,True,26.0,True,38.66740923667961,0.9920395373667524,,,,,,,,,,,,,,,,,,,,,,,,,,,,,,,,,,,,True,
baseline,sdedit,dwtdct,511000000000,change_pose,1,change_pose,change the laying down on to with tail down and make it jumping,0.4375,14.0,0.8114572062622756,False,26.0,False,,,0.2792392671108246,0.2628109157085418,0.0164283514022827,0.1050627678632736,0.8409672379493713,0.746418833732605,0.0810900405049324,0.9466407931484864,24.185697998572373,24.341919211910607,3.3007493019104004,4.527586936950684,30.30605503013874,0.0648512095212936,,,,,,,,,,,,,,,,,,,,,1.0,True,0.0
baseline,sdedit,dwtdct,511000000000,change_pose,2,global_attribute,make it nighttime,0.4375,14.0,0.8114572062622756,False,26.0,False,,,0.2562319934368133,0.2698054015636444,-0.013573408126831,-0.0177926439791917,0.8940821886062622,0.8310456871986389,0.1994489282369613,0.9299885970664368,23.58813805375619,21.47027347121987,3.301328659057617,4.527586936950684,,,,,,,,,,,,,,,,,,,,,,,0.0,True,0.0
baseline,sdedit,dwtdct,511000000000,change_pose,3,background,make the background a city street,0.40625,13.0,0.8923364251386374,False,26.0,False,,,0.2039753049612045,0.2336878329515457,-0.0297125279903411,0.0591452158987522,0.9050925970077516,0.8731989860534668,0.1941986232995987,0.9223145285237898,23.619788547978633,20.18823564137486,3.309687376022339,4.527586936950684,,,,,,,,,,,,,,,,,,,,,,,0.0,True,0.0
baseline,sdedit,dwtdct,511000000000,change_pose,4,style,convert it to an oil painting,0.59375,19.0,0.1885427937377244,False,26.0,False,,,0.203480452299118,0.1619748175144195,0.0415056347846984,0.202925756573677,0.8783851861953735,0.8720216155052185,0.1489379853010177,0.9131369219449844,23.20069278484123,19.022811873810255,3.3089599609375,4.527586936950684,,,,,,,,,,,,,,,,,,,,,,,1.0,True,0.0
baseline,sdedit,dwtdct,611000000000,change_color,0,none,,1.0,32.0,2.3283064365386963e-10,True,26.0,True,38.902713724863794,0.9788001327826058,,,,,,,,,,,,,,,,,,,,,,,,,,,,,,,,,,,,True,
baseline,sdedit,dwtdct,611000000000,change_color,1,change_color,change the black to white and change the red to green,0.625,20.0,0.1076635748613625,False,26.0,False,,,0.2276313602924347,0.203995019197464,0.0236363410949707,-0.0678034499287605,0.8755056858062744,0.7609764337539673,0.4074190855026245,0.5478676830446165,20.2034910098088,20.248644309535596,3.308666229248047,4.527586936950684,,,,,,,,,,,,,,,,,,,,,,,0.0,True,0.0
baseline,sdedit,dwtdct,611000000000,change_color,2,global_attribute,change the season to winter,0.375,12.0,0.9449079174082726,False,26.0,False,,,0.2304507493972778,0.2180942893028259,0.0123564600944519,0.0659419447183609,0.9578073024749756,0.819476842880249,0.3474754095077514,0.4754688717110639,20.301382198976423,19.097294009407413,3.309178352355957,4.527586936950684,,,,,,,,,,,,,,,,,,,,,,,1.0,True,0.0
baseline,sdedit,dwtdct,611000000000,change_color,3,background,make the background a desert,0.46875,15.0,0.7016925520729274,False,26.0,False,,,0.21974878013134,0.2231231927871704,-0.0033744126558303,0.0418843477964401,0.9568133354187012,0.806698739528656,0.3493483364582062,0.4391416290279228,20.13672829720269,18.394236629161576,3.301722764968872,4.527586936950684,,,,,,,,,,,,,,,,,,,,,,,0.0,True,0.0
baseline,sdedit,dwtdct,611000000000,change_color,4,style,convert it to an oil painting,0.53125,17.0,0.4300250329542905,False,26.0,False,,,0.2343761920928955,0.2122183144092559,0.0221578776836395,0.1412626802921295,0.9176009893417358,0.8372387886047363,0.3686823844909668,0.3920965656504293,18.627278062541823,16.777064999958018,3.309213399887085,4.527586936950684,,,,,,,,,,,,,,,,,,,,,,,1.0,True,0.0
baseline,sdedit,dwtdct,711000000000,change_material,0,none,,0.53125,17.0,0.4300250329542905,False,26.0,False,43.689934462385274,0.9942413188682536,,,,,,,,,,,,,,,,,,,,,,,,,,,,,,,,,,,,False,
baseline,sdedit,dwtdct,711000000000,change_material,1,change_material,make it knitted and make it toy,0.5625,18.0,0.2983074479270726,False,26.0,False,,,0.302308440208435,0.2097046077251434,0.0926038324832916,0.171890839934349,0.774194598197937,0.6670096516609192,0.2795735895633697,0.7269373146272105,18.124716018396775,18.11377075347556,3.3092076778411865,4.527586936950684,29.80798692928419,0.1142860800027847,,,,,,,,,,,,,,,,,,,,,1.0,False,0.0
baseline,sdedit,dwtdct,711000000000,change_material,2,global_attribute,change the season to winter,0.5625,18.0,0.2983074479270726,False,26.0,False,,,0.3061307668685913,0.2817268967628479,0.0244038701057434,0.1704375743865966,0.8949878215789795,0.8753021359443665,0.2992092967033386,0.7418369026944546,18.93523212994791,16.8960185150975,3.309181451797486,4.527586936950684,,,,,,,,,,,,,,,,,,,,,,,1.0,False,0.0
baseline,sdedit,dwtdct,711000000000,change_material,3,background,make the background a desert,0.40625,13.0,0.8923364251386374,False,26.0,False,,,0.3323562741279602,0.2963410019874573,0.0360152721405029,0.0564137622714042,0.9321407675743104,0.8921509385108948,0.4088583886623382,0.6465056115705788,19.265112054698623,16.175568166948892,3.3095791339874268,4.527586936950684,,,,,,,,,,,,,,,,,,,,,,,1.0,False,0.0
baseline,sdedit,dwtdct,711000000000,change_material,4,style,convert it to an oil painting,0.46875,15.0,0.7016925520729274,False,26.0,False,,,0.3031027019023895,0.3307936191558838,-0.0276909172534942,0.0841739028692245,0.8377014398574829,0.840583086013794,0.3562465310096741,0.5583784038492632,19.059555878845483,15.533432904787324,3.3096954822540283,4.527586936950684,,,,,,,,,,,,,,,,,,,,,,,0.0,False,0.0
baseline,sdedit,dwtdct,811000000000,change_background,0,none,,0.53125,17.0,0.4300250329542905,False,26.0,False,43.55890142215483,0.9932369026354442,,,,,,,,,,,,,,,,,,,,,,,,,,,,,,,,,,,,False,
baseline,sdedit,dwtdct,811000000000,change_background,1,change_background,change the white background to forest,0.53125,17.0,0.4300250329542905,False,26.0,False,,,0.2173869013786316,0.204248696565628,0.0131382048130035,-0.0086380559951066,0.7297327518463135,0.7351649403572083,0.2778894901275635,0.7913142393621051,20.38649253272224,20.40040169242737,3.307575225830078,4.527586936950684,16.559940995119227,0.4569673240184784,,,,,,,,,,,,,,,,,,,,,0.0,False,0.0
baseline,sdedit,dwtdct,811000000000,change_background,2,global_attribute,make it nighttime,0.53125,17.0,0.4300250329542905,False,26.0,False,,,0.2724936902523041,0.2154991328716278,0.0569945573806762,-0.0086981868371367,0.8760052919387817,0.6722762584686279,0.403287798166275,0.793902638635973,18.782768381683464,17.670156581244353,3.309140205383301,4.527586936950684,,,,,,,,,,,,,,,,,,,,,,,0.0,False,0.0
baseline,sdedit,dwtdct,811000000000,change_background,3,background,replace the background with a beach,0.5,16.0,0.5699749670457095,False,26.0,False,,,0.2266881614923477,0.260488748550415,-0.0338005870580673,0.0613984279334545,0.8874546885490417,0.8392999768257141,0.3705738484859466,0.761663077279512,16.76084526617447,16.261521342323256,3.311150550842285,4.527586936950684,,,,,,,,,,,,,,,,,,,,,,,0.0,False,0.0
baseline,sdedit,dwtdct,811000000000,change_background,4,style,make it anime style,0.53125,17.0,0.4300250329542905,False,26.0,False,,,0.2680563032627105,0.2234450280666351,0.0446112751960754,0.0876707285642623,0.8926326632499695,0.7852790355682373,0.4141547083854675,0.6928488971960509,15.519618464264813,15.554364905625636,3.308637857437134,4.527586936950684,,,,,,,,,,,,,,,,,,,,,,,1.0,False,0.0
baseline,sdedit,dwtdct,911000000000,change_style,0,none,,1.0,32.0,2.3283064365386963e-10,True,26.0,True,40.25488393489556,0.9939228369907096,,,,,,,,,,,,,,,,,,,,,,,,,,,,,,,,,,,,True,
baseline,sdedit,dwtdct,911000000000,change_style,1,change_style,make it realism style and make it expressionism style,0.53125,17.0,0.4300250329542905,False,26.0,False,,,0.3190418779850006,0.2835132181644439,0.0355286598205566,0.1919178366661071,0.9144734144210817,0.7747474908828735,0.4190877974033355,0.2240176614103391,14.713163143733333,14.72135072808973,3.302320957183838,4.527586936950684,,,,,,,,,,,,,,,,,,,,,,,1.0,True,0.0
baseline,sdedit,dwtdct,911000000000,change_style,2,global_attribute,make it nighttime,0.53125,17.0,0.4300250329542905,False,26.0,False,,,0.3159860670566559,0.3100326657295227,0.0059534013271331,0.0243242625147104,0.9633567333221436,0.8899623155593872,0.3900597095489502,0.2613488603458355,15.152843518937642,13.262602346164504,3.3081021308898926,4.527586936950684,,,,,,,,,,,,,,,,,,,,,,,1.0,True,0.0
baseline,sdedit,dwtdct,911000000000,change_style,3,background,replace the background with a beach,0.5,16.0,0.5699749670457095,False,26.0,False,,,0.3171416819095611,0.2915106415748596,0.0256310403347015,0.0625201314687728,0.9667232632637024,0.8566039204597473,0.3656835556030273,0.2520271424081791,14.952705197847443,12.77439739076992,3.3036084175109863,4.527586936950684,,,,,,,,,,,,,,,,,,,,,,,1.0,True,0.0
baseline,sdedit,dwtdct,911000000000,change_style,4,style,make it look cinematic,0.46875,15.0,0.7016925520729274,False,26.0,False,,,0.3039071559906006,0.3017341196537018,0.0021730363368988,0.0090645672753453,0.966765820980072,0.8644595146179199,0.3761400580406189,0.248280821289906,14.87777690474097,12.132046298220336,3.302365779876709,4.527586936950684,,,,,,,,,,,,,,,,,,,,,,,1.0,True,0.0
baseline,sdedit,none,111000000000,change_object,0,none,,,,,,,,inf,1.0,,,,,,,,,,,,,,,0.5,16.0,0.5699749670457095,False,26.0,False,0.0,0.56,56.0,0.1356265120369177,False,66.0,False,0.46875,15.0,0.7016925520729274,False,26.0,False,,,,
baseline,sdedit,none,111000000000,change_object,1,change_object,change the fishes to sharks and change the kelp to flowers,,,,,,,,,0.2045959383249282,0.1981705129146576,0.0064254254102706,-0.0084011489525437,0.959399163722992,0.8538873791694641,0.388433426618576,0.2718692998235402,12.843361702669204,12.843361702669204,3.380604982376098,4.527586936950684,,,0.5,16.0,0.5699749670457095,False,26.0,False,0.0,0.57,57.0,0.0966739522478212,False,66.0,False,0.625,20.0,0.1076635748613625,False,26.0,False,,0.0,,
baseline,sdedit,none,111000000000,change_object,2,global_attribute,make it nighttime,,,,,,,,,0.2155115306377411,0.2069609761238098,0.0085505545139312,-0.0151315908879041,0.9511306285858154,0.8994567394256592,0.4027259051799774,0.2628610407650595,12.799491726530269,12.232924928517104,3.310276746749878,4.527586936950684,,,0.5,16.0,0.5699749670457095,False,26.0,False,0.0,0.53,53.0,0.3086497067946262,False,66.0,False,0.4375,14.0,0.8114572062622756,False,26.0,False,,0.0,,
baseline,sdedit,none,111000000000,change_object,3,background,make the background a desert,,,,,,,,,0.2404866069555282,0.2079732716083526,0.0325133353471756,0.0247776452451944,0.9389662742614746,0.8348500728607178,0.3753277659416199,0.2712393226568017,13.035814240841376,11.024544459548,3.3100075721740723,4.527586936950684,,,0.5,16.0,0.5699749670457095,False,26.0,False,0.0012359619140625,0.54,54.0,0.2420592068036457,False,66.0,False,0.53125,17.0,0.4300250329542905,False,26.0,False,,1.0,,
baseline,sdedit,none,111000000000,change_object,4,style,turn it into a watercolor painting,,,,,,,,,0.2664861679077148,0.2396052628755569,0.0268809050321578,0.0929245352745056,0.9478529691696168,0.8947653770446777,0.3995646238327026,0.2520210651647742,12.613935418969174,10.47308100233945,3.3078722953796387,4.527586936950684,,,0.5,16.0,0.5699749670457095,False,26.0,False,0.0,0.5,50.0,0.5397946186935889,False,66.0,False,0.65625,21.0,0.0550920825917273,False,26.0,False,,1.0,,
baseline,sdedit,none,111000000001,change_object,0,none,,,,,,,,inf,1.0,,,,,,,,,,,,,,,0.5625,18.0,0.2983074479270726,False,26.0,False,0.0,0.51,51.0,0.460205381306411,False,66.0,False,0.5,16.0,0.5699749670457095,False,26.0,False,,,,
baseline,sdedit,none,111000000001,change_object,1,change_object,change the cat to tiger and change the hat to scarf,,,,,,,,,0.29936683177948,0.2263623476028442,0.0730044841766357,0.2512441277503967,0.9086468815803528,0.6471118927001953,0.4004940688610077,0.5867522533848143,17.928183525717593,17.928183525717593,3.3033909797668457,4.527586936950684,,,0.5625,18.0,0.2983074479270726,False,26.0,False,0.0,0.47,47.0,0.7579407931963542,False,66.0,False,0.40625,13.0,0.8923364251386374,False,26.0,False,,1.0,,
baseline,sdedit,none,111000000001,change_object,2,global_attribute,make it rainy,,,,,,,,,0.3093156516551971,0.2823708057403564,0.0269448459148406,0.2913651466369629,0.9374350309371948,0.8037542700767517,0.4442999064922333,0.5217974988962149,16.72838415881835,15.394360828584707,3.309964418411255,4.527586936950684,,,0.5625,18.0,0.2983074479270726,False,26.0,False,0.0,0.42,42.0,0.9556869599429664,False,66.0,False,0.59375,19.0,0.1885427937377244,False,26.0,False,,1.0,,
baseline,sdedit,none,111000000001,change_object,3,background,make the background a desert,,,,,,,,,0.30450439453125,0.3005169332027435,0.0039874613285064,-0.0645176693797111,0.9493464827537536,0.9417431354522704,0.3545401096343994,0.4766600430715089,15.638889679032784,13.864626079271556,3.304713010787964,4.527586936950684,,,0.5625,18.0,0.2983074479270726,False,26.0,False,0.0,0.45,45.0,0.8643734879630823,False,66.0,False,0.53125,17.0,0.4300250329542905,False,26.0,False,,0.0,,
baseline,sdedit,none,111000000001,change_object,4,style,make it look cinematic,,,,,,,,,0.3107241988182068,0.2835160493850708,0.0272081494331359,-0.0095848254859447,0.9464061260223388,0.9324769973754884,0.3561203479766845,0.4419724087708736,15.328153072835589,13.013317052106734,3.3033382892608643,4.527586936950684,,,0.5625,18.0,0.2983074479270726,False,26.0,False,0.0,0.49,49.0,0.6178232827986663,False,66.0,False,0.34375,11.0,0.9749487701337785,False,26.0,False,,0.0,,
baseline,sdedit,none,211000000000,add_object,0,none,,,,,,,,inf,1.0,,,,,,,,,,,,,,,0.59375,19.0,0.1885427937377244,False,26.0,False,0.0,0.53,53.0,0.3086497067946262,False,66.0,False,0.53125,17.0,0.4300250329542905,False,26.0,False,,,,
baseline,sdedit,none,211000000000,add_object,1,add_object,add and scarf and add with flowers in mouth,,,,,,,,,0.2988605797290802,0.2516151666641235,0.0472454130649566,0.1703436225652694,0.8978509902954102,0.8623518943786621,0.387286365032196,0.5137690482545557,17.97928596939878,17.97928596939878,3.3085777759552,4.527586936950684,,,0.59375,19.0,0.1885427937377244,False,26.0,False,0.0,0.51,51.0,0.460205381306411,False,66.0,False,0.5,16.0,0.5699749670457095,False,26.0,False,,1.0,,
baseline,sdedit,none,211000000000,add_object,2,global_attribute,make it rainy,,,,,,,,,0.3284551501274109,0.2814861238002777,0.0469690263271331,0.3477541804313659,0.9446794986724854,0.8927356004714966,0.3604074120521545,0.4818838508756202,17.99718748017646,16.54965524277657,3.3086342811584473,4.527586936950684,,,0.59375,19.0,0.1885427937377244,False,26.0,False,0.0,0.45,45.0,0.8643734879630823,False,66.0,False,0.5625,18.0,0.2983074479270726,False,26.0,False,,1.0,,
baseline,sdedit,none,211000000000,add_object,3,background,make the background a desert,,,,,,,,,0.314879447221756,0.3334689736366272,-0.0185895264148712,-0.0561366826295852,0.952231764793396,0.8586618900299072,0.3547985255718231,0.429258506599721,17.161349882106695,15.348588088338794,3.305664539337158,4.527586936950684,,,0.59375,19.0,0.1885427937377244,False,26.0,False,0.0,0.49,49.0,0.6178232827986663,False,66.0,False,0.4375,14.0,0.8114572062622756,False,26.0,False,,0.0,,
baseline,sdedit,none,211000000000,add_object,4,style,make it anime style,,,,,,,,,0.3024612069129944,0.30326908826828,-0.0008078813552856,0.0415880419313907,0.9665928483009338,0.8762891292572021,0.3555706143379211,0.3871443430743593,16.30532410463195,14.505364335806291,3.3141415119171143,4.527586936950684,,,0.59375,19.0,0.1885427937377244,False,26.0,False,0.0,0.49,49.0,0.6178232827986663,False,66.0,False,0.65625,21.0,0.0550920825917273,False,26.0,False,,0.0,,
baseline,sdedit,none,311000000000,delete_object,0,none,,,,,,,,inf,1.0,,,,,,,,,,,,,,,0.53125,17.0,0.4300250329542905,False,26.0,False,0.0,0.51,51.0,0.460205381306411,False,66.0,False,0.4375,14.0,0.8114572062622756,False,26.0,False,,,,
baseline,sdedit,none,311000000000,delete_object,1,delete_object,remove of yellow flowers,,,,,,,,,0.2094497680664062,0.1973478645086288,0.0121019035577774,0.0963102132081985,0.9100778698921204,0.8178054690361023,0.2123765796422958,0.7979665862131836,20.861866370412542,20.861866370412542,3.302428722381592,4.527586936950684,23.66587852360459,0.1586117893457412,0.53125,17.0,0.4300250329542905,False,26.0,False,0.0,0.52,52.0,0.3821767172013338,False,66.0,False,0.40625,13.0,0.8923364251386374,False,26.0,False,,1.0,,
baseline,sdedit,none,311000000000,delete_object,2,global_attribute,change the season to winter,,,,,,,,,0.2379207909107208,0.1882983446121215,0.0496224462985992,0.1699502021074295,0.9252556562423706,0.7261313199996948,0.2409990429878235,0.7841772757950228,18.773599062578597,17.748235070850832,3.3020801544189453,4.527586936950684,,,0.53125,17.0,0.4300250329542905,False,26.0,False,0.0,0.44,44.0,0.9033260477521788,False,66.0,False,0.40625,13.0,0.8923364251386374,False,26.0,False,,1.0,,
baseline,sdedit,none,311000000000,delete_object,3,background,replace the background with a beach,,,,,,,,,0.2387475073337555,0.2174592614173889,0.0212882459163665,0.0899121016263961,0.9489949941635132,0.8733633756637573,0.2290766388177871,0.7698376922586281,18.35202719497773,16.965389339301492,3.302772045135498,4.527586936950684,,,0.53125,17.0,0.4300250329542905,False,26.0,False,0.0,0.56,56.0,0.1356265120369177,False,66.0,False,0.5625,18.0,0.2983074479270726,False,26.0,False,,1.0,,
baseline,sdedit,none,311000000000,delete_object,4,style,make it look cinematic,,,,,,,,,0.2791980504989624,0.2544884383678436,0.0247096121311187,0.0847955271601677,0.9281305074691772,0.8194457292556763,0.2776874899864197,0.731149041041259,18.383086560689115,16.3027148131885,3.301578998565674,4.527586936950684,,,0.53125,17.0,0.4300250329542905,False,26.0,False,0.0,0.51,51.0,0.460205381306411,False,66.0,False,0.5625,18.0,0.2983074479270726,False,26.0,False,,1.0,,
baseline,sdedit,none,411000000000,change_content,0,none,,,,,,,,inf,1.0,,,,,,,,,,,,,,,0.53125,17.0,0.4300250329542905,False,26.0,False,0.0,0.5,50.0,0.5397946186935889,False,66.0,False,0.5,16.0,0.5699749670457095,False,26.0,False,,,,
baseline,sdedit,none,411000000000,change_content,1,change_content,change the big to small and make it big,,,,,,,,,0.3188003897666931,0.3043458759784698,0.0144545137882232,-0.007462553679943,0.89698326587677,0.9126002192497252,0.2086443603038787,0.7097064217726775,16.5267454241166,16.5267454241166,3.300715208053589,4.527586936950684,,,0.53125,17.0,0.4300250329542905,False,26.0,False,0.0,0.5,50.0,0.5397946186935889,False,66.0,False,0.5,16.0,0.5699749670457095,False,26.0,False,,0.0,,
baseline,sdedit,none,411000000000,change_content,2,global_attribute,make it nighttime,,,,,,,,,0.3011265099048614,0.2958950698375702,0.0052314400672912,0.0052145151421427,0.9015997648239136,0.8432355523109436,0.2851582169532776,0.650542210629172,16.424447325052785,14.738995537887234,3.304076910018921,4.527586936950684,,,0.53125,17.0,0.4300250329542905,False,26.0,False,0.0,0.51,51.0,0.460205381306411,False,66.0,False,0.40625,13.0,0.8923364251386374,False,26.0,False,,1.0,,
baseline,sdedit,none,411000000000,change_content,3,background,replace the background with a beach,,,,,,,,,0.3118284940719604,0.2845866978168487,0.0272417962551116,0.1370855569839477,0.8803401589393616,0.8816505074501038,0.3427771329879761,0.6209264272290177,16.563839905786534,14.053889464676828,3.302565336227417,4.527586936950684,,,0.53125,17.0,0.4300250329542905,False,26.0,False,0.0,0.37,37.0,0.9966814397420368,False,66.0,False,0.5,16.0,0.5699749670457095,False,26.0,False,,1.0,,
baseline,sdedit,none,411000000000,change_content,4,style,turn it into a watercolor painting,,,,,,,,,0.3305945098400116,0.2958952784538269,0.0346992313861846,0.078563742339611,0.9010369777679444,0.8914475440979004,0.3831469714641571,0.578556247758893,15.516169845332392,13.101401132680875,3.3014700412750244,4.527586936950684,,,0.53125,17.0,0.4300250329542905,False,26.0,False,0.0,0.44,44.0,0.9033260477521788,False,66.0,False,0.46875,15.0,0.7016925520729274,False,26.0,False,,1.0,,
baseline,sdedit,none,511000000000,change_pose,0,none,,,,,,,,inf,1.0,,,,,,,,,,,,,,,0.5625,18.0,0.2983074479270726,False,26.0,False,0.0,0.49,49.0,0.6178232827986663,False,66.0,False,0.40625,13.0,0.8923364251386374,False,26.0,False,,,,
baseline,sdedit,none,511000000000,change_pose,1,change_pose,change the laying down on to with tail down and make it jumping,,,,,,,,,0.284818023443222,0.2584767341613769,0.026341289281845,-0.0040618851780891,0.815360963344574,0.7811936140060425,0.0681010484695434,0.954924334107603,24.108720661070024,24.108720661070024,3.309314250946045,4.527586936950684,29.955846739409,0.0506085157394409,0.5625,18.0,0.2983074479270726,False,26.0,False,0.0,0.56,56.0,0.1356265120369177,False,66.0,False,0.40625,13.0,0.8923364251386374,False,26.0,False,,0.0,,
baseline,sdedit,none,511000000000,change_pose,2,global_attribute,make it nighttime,,,,,,,,,0.2506416738033294,0.278626948595047,-0.0279852747917175,-0.0417684018611907,0.8694234490394592,0.8216357231140137,0.1061825305223465,0.9448107747881198,22.96507890536075,21.007054376097617,3.302906036376953,4.527586936950684,,,0.5625,18.0,0.2983074479270726,False,26.0,False,0.0,0.49,49.0,0.6178232827986663,False,66.0,False,0.40625,13.0,0.8923364251386374,False,26.0,False,,0.0,,
baseline,sdedit,none,511000000000,change_pose,3,background,make the background a city street,,,,,,,,,0.1954522430896759,0.2209271341562271,-0.0254748910665512,0.0215044114738702,0.8842635154724121,0.8584463596343994,0.205189824104309,0.9345766516141896,23.238796674882277,20.61974209096818,3.3028290271759033,4.527586936950684,,,0.5625,18.0,0.2983074479270726,False,26.0,False,0.0,0.56,56.0,0.1356265120369177,False,66.0,False,0.40625,13.0,0.8923364251386374,False,26.0,False,,0.0,,
baseline,sdedit,none,511000000000,change_pose,4,style,convert it to an oil painting,,,,,,,,,0.2416027188301086,0.164298266172409,0.0773044526576995,0.0060577429831027,0.834059476852417,0.8145512342453003,0.2251089066267013,0.8966446376750467,22.742197154948727,19.115102780905904,3.303004264831543,4.527586936950684,,,0.5625,18.0,0.2983074479270726,False,26.0,False,0.0,0.46,46.0,0.8158991913366519,False,66.0,False,0.40625,13.0,0.8923364251386374,False,26.0,False,,1.0,,
baseline,sdedit,none,611000000000,change_color,0,none,,,,,,,,inf,1.0,,,,,,,,,,,,,,,0.59375,19.0,0.1885427937377244,False,26.0,False,0.0,0.49,49.0,0.6178232827986663,False,66.0,False,0.625,20.0,0.1076635748613625,False,26.0,False,,,,
baseline,sdedit,none,611000000000,change_color,1,change_color,change the black to white and change the red to green,,,,,,,,,0.2316716462373733,0.2021697163581848,0.0295019298791885,-0.0626183003187179,0.8879623413085938,0.780290961265564,0.3880329132080078,0.5614361018573439,20.18179983240934,20.18179983240934,3.3026061058044434,4.527586936950684,,,0.59375,19.0,0.1885427937377244,False,26.0,False,0.0356903076171875,0.44,44.0,0.9033260477521788,False,66.0,False,0.53125,17.0,0.4300250329542905,False,26.0,False,,0.0,,
baseline,sdedit,none,611000000000,change_color,2,global_attribute,change the season to winter,,,,,,,,,0.2214744687080383,0.2226463556289672,-0.0011718869209289,0.0278357937932014,0.9388643503189088,0.7673023343086243,0.3514128923416137,0.4889341921015058,19.602220392650217,18.583074993852374,3.3030521869659424,4.527586936950684,,,0.59375,19.0,0.1885427937377244,False,26.0,False,0.0,0.4,40.0,0.9823998998911476,False,66.0,False,0.5,16.0,0.5699749670457095,False,26.0,False,,0.0,,
baseline,sdedit,none,611000000000,change_color,3,background,make the background a desert,,,,,,,,,0.2214072346687317,0.2147690653800964,0.0066381692886352,0.0145900398492813,0.965143382549286,0.7600714564323425,0.3534660041332245,0.4544183136144411,19.223570490815597,18.287137493030965,3.3079943656921387,4.527586936950684,,,0.59375,19.0,0.1885427937377244,False,26.0,False,0.0,0.45,45.0,0.8643734879630823,False,66.0,False,0.46875,15.0,0.7016925520729274,False,26.0,False,,1.0,,
baseline,sdedit,none,611000000000,change_color,4,style,convert it to an oil painting,,,,,,,,,0.2288626134395599,0.2100926637649536,0.0187699496746063,0.1680235266685485,0.9241984486579896,0.7911303043365479,0.399798184633255,0.3989859269085645,18.29708110863147,16.66664330088631,3.3011038303375244,4.527586936950684,,,0.59375,19.0,0.1885427937377244,False,26.0,False,0.0,0.45,45.0,0.8643734879630823,False,66.0,False,0.5,16.0,0.5699749670457095,False,26.0,False,,1.0,,
baseline,sdedit,none,711000000000,change_material,0,none,,,,,,,,inf,1.0,,,,,,,,,,,,,,,0.3125,10.0,0.9899691964965314,False,26.0,False,0.0,0.44,44.0,0.9033260477521788,False,66.0,False,0.53125,17.0,0.4300250329542905,False,26.0,False,,,,
baseline,sdedit,none,711000000000,change_material,1,change_material,make it knitted and make it toy,,,,,,,,,0.3006452620029449,0.2110220789909362,0.0896231830120086,0.1565391570329666,0.766242265701294,0.6668182611465454,0.2730084657669067,0.7296492448582234,18.133736928427663,18.133736928427663,3.308324098587036,4.527586936950684,31.266995444156464,0.1135548427700996,0.3125,10.0,0.9899691964965314,False,26.0,False,0.0,0.41,41.0,0.9715560331795096,False,66.0,False,0.53125,17.0,0.4300250329542905,False,26.0,False,,1.0,,
baseline,sdedit,none,711000000000,change_material,2,global_attribute,change the season to winter,,,,,,,,,0.2478861808776855,0.2793128490447998,-0.0314266681671142,0.0813151001930236,0.8103160262107849,0.8636742830276489,0.2916936576366424,0.7451119297233443,18.77086803770005,16.819360099774556,3.313967227935791,4.527586936950684,,,0.3125,10.0,0.9899691964965314,False,26.0,False,0.0,0.54,54.0,0.2420592068036457,False,66.0,False,0.5625,18.0,0.2983074479270726,False,26.0,False,,0.0,,
baseline,sdedit,none,711000000000,change_material,3,background,make the background a desert,,,,,,,,,0.3028576970100403,0.2501235604286194,0.0527341365814209,0.0164866484701633,0.8214393258094788,0.8215126395225525,0.4207856357097626,0.6853674402545143,18.900546402289383,16.13805370650281,3.3110625743865967,4.527586936950684,,,0.3125,10.0,0.9899691964965314,False,26.0,False,0.0,0.53,53.0,0.3086497067946262,False,66.0,False,0.53125,17.0,0.4300250329542905,False,26.0,False,,1.0,,
baseline,sdedit,none,711000000000,change_material,4,style,convert it to an oil painting,,,,,,,,,0.3125931024551391,0.3032509088516235,0.0093421936035156,0.0735414624214172,0.916325569152832,0.8653008937835693,0.3482057154178619,0.601943710168854,18.806017938460144,15.460867345908952,3.3019933700561523,4.527586936950684,,,0.3125,10.0,0.9899691964965314,False,26.0,False,0.0,0.48,48.0,0.6913502932053738,False,66.0,False,0.46875,15.0,0.7016925520729274,False,26.0,False,,1.0,,
baseline,sdedit,none,811000000000,change_background,0,none,,,,,,,,inf,1.0,,,,,,,,,,,,,,,0.5,16.0,0.5699749670457095,False,26.0,False,0.0,0.56,56.0,0.1356265120369177,False,66.0,False,0.53125,17.0,0.4300250329542905,False,26.0,False,,,,
baseline,sdedit,none,811000000000,change_background,1,change_background,change the white background to forest,,,,,,,,,0.2109337300062179,0.1845144927501678,0.0264192372560501,-0.0130996406078338,0.7265901565551758,0.7576156854629517,0.3361769020557403,0.7911657462109147,20.186542938221027,20.186542938221027,3.3031790256500244,4.527586936950684,16.310598976006425,0.4601521790027618,0.5,16.0,0.5699749670457095,False,26.0,False,0.0,0.54,54.0,0.2420592068036457,False,66.0,False,0.5,16.0,0.5699749670457095,False,26.0,False,,0.0,,
baseline,sdedit,none,811000000000,change_background,2,global_attribute,make it nighttime,,,,,,,,,0.2251029908657074,0.2102107107639312,0.0148922801017761,-0.0142510803416371,0.8714855909347534,0.6689260005950928,0.4129239618778229,0.7847913765820214,18.21216648811331,17.35064231477552,3.302992105484009,4.527586936950684,,,0.5,16.0,0.5699749670457095,False,26.0,False,0.0,0.45,45.0,0.8643734879630823,False,66.0,False,0.53125,17.0,0.4300250329542905,False,26.0,False,,0.0,,
baseline,sdedit,none,811000000000,change_background,3,background,replace the background with a beach,,,,,,,,,0.2408188134431839,0.2198292464017868,0.020989567041397,0.0478307269513607,0.9002922177314758,0.8363679647445679,0.3860359787940979,0.737455877386514,15.248139942001256,14.97413556700586,3.302963972091675,4.527586936950684,,,0.5,16.0,0.5699749670457095,False,26.0,False,0.0,0.44,44.0,0.9033260477521788,False,66.0,False,0.5,16.0,0.5699749670457095,False,26.0,False,,1.0,,
baseline,sdedit,none,811000000000,change_background,4,style,make it anime style,,,,,,,,,0.2533040344715118,0.2546667456626892,-0.0013627111911773,-0.0077227903530001,0.8395582437515259,0.9005980491638184,0.3718510568141937,0.6928253759619395,14.012377551333762,14.64447078958926,3.3046905994415283,4.527586936950684,,,0.5,16.0,0.5699749670457095,False,26.0,False,0.0,0.55,55.0,0.184100808663348,False,66.0,False,0.53125,17.0,0.4300250329542905,False,26.0,False,,0.0,,
baseline,sdedit,none,911000000000,change_style,0,none,,,,,,,,inf,1.0,,,,,,,,,,,,,,,0.6875,22.0,0.0250512298662215,False,26.0,False,0.0,0.49,49.0,0.6178232827986663,False,66.0,False,0.4375,14.0,0.8114572062622756,False,26.0,False,,,,
baseline,sdedit,none,911000000000,change_style,1,change_style,make it realism style and make it expressionism style,,,,,,,,,0.3186002373695373,0.2845470905303955,0.0340531468391418,0.1884782612323761,0.9325034022331238,0.784174919128418,0.4141687154769897,0.2251150729590413,14.73722464172666,14.73722464172666,3.303769588470459,4.527586936950684,,,0.6875,22.0,0.0250512298662215,False,26.0,False,0.0,0.55,55.0,0.184100808663348,False,66.0,False,0.53125,17.0,0.4300250329542905,False,26.0,False,,1.0,,
baseline,sdedit,none,911000000000,change_style,2,global_attribute,make it nighttime,,,,,,,,,0.3151521682739258,0.311795711517334,0.0033564567565917,0.0162953175604343,0.966716468334198,0.883671224117279,0.3922318518161773,0.2656593230577456,15.227026922827427,13.305189568610007,3.302377462387085,4.527586936950684,,,0.59375,19.0,0.1885427937377244,False,26.0,False,0.0072479248046875,0.51,51.0,0.460205381306411,False,66.0,False,0.5,16.0,0.5699749670457095,False,26.0,False,,1.0,,
baseline,sdedit,none,911000000000,change_style,3,background,replace the background with a beach,,,,,,,,,0.3050032258033752,0.296021431684494,0.0089817941188812,-0.0064595788717269,0.9594532251358032,0.861446738243103,0.3669273555278778,0.2570937554038369,15.020715807110216,12.819599558888948,3.303147315979004,4.527586936950684,,,0.6875,22.0,0.0250512298662215,False,26.0,False,0.0,0.51,51.0,0.460205381306411,False,66.0,False,0.4375,14.0,0.8114572062622756,False,26.0,False,,0.0,,
baseline,sdedit,none,911000000000,change_style,4,style,make it look cinematic,,,,,,,,,0.2983837127685547,0.2971040308475494,0.0012796819210052,-0.0186310037970542,0.9659478664398192,0.8524250388145447,0.373517096042633,0.2749092454425315,15.193267347596224,12.25729356678338,3.302722930908203,4.527586936950684,,,0.6875,22.0,0.0250512298662215,False,26.0,False,0.0,0.5,50.0,0.5397946186935889,False,66.0,False,0.28125,9.0,0.99649981665425,False,26.0,False,,0.0,,
baseline,sdedit,trustmark,111000000000,change_object,0,none,,1.0,100.0,7.888609052210118e-31,True,66.0,True,38.631498612644734,0.9794490155548148,,,,,,,,,,,,,,,,,,,,,,,,,,,,,,,,,,,,True,
baseline,sdedit,trustmark,111000000000,change_object,1,change_object,change the fishes to sharks and change the kelp to flowers,0.65,65.0,0.001758820861485,False,66.0,False,,,0.1997851133346557,0.1984978765249252,0.0012872368097305,-0.0245970357209444,0.960574746131897,0.8474901914596558,0.3913254737854004,0.2735465455550257,12.971740660351308,12.954322177430576,3.353078842163086,4.527586936950684,,,,,,,,,,,,,,,,,,,,,,,0.0,True,0.0
baseline,sdedit,trustmark,111000000000,change_object,2,global_attribute,make it nighttime,0.57,57.0,0.0966739522478212,False,66.0,False,,,0.2236634939908981,0.2033880650997162,0.0202754288911819,-0.0291189048439264,0.9680455923080444,0.9042375087738036,0.412602037191391,0.2690337409113021,12.748725494279109,12.162154982418656,3.3347628116607666,4.527586936950684,,,,,,,,,,,,,,,,,,,,,,,0.0,True,0.0
baseline,sdedit,trustmark,111000000000,change_object,3,background,make the background a desert,0.52,52.0,0.3821767172013338,False,66.0,False,,,0.2387692034244537,0.2113909125328064,0.0273782908916473,0.0571283511817455,0.9573143124580384,0.8835321664810181,0.3740056157112121,0.2626677418370686,12.348726183783503,10.632539962765913,3.3030943870544434,4.527586936950684,,,,,,,,,,,,,,,,,,,,,,,1.0,True,0.0
baseline,sdedit,trustmark,111000000000,change_object,4,style,turn it into a watercolor painting,0.46,46.0,0.8158991913366519,False,66.0,False,,,0.2829776108264923,0.228478193283081,0.0544994175434112,0.1316648125648498,0.965461492538452,0.9155228137969972,0.3705821633338928,0.2527208468014602,11.86071284147764,10.4860544902842,3.3071305751800537,4.527586936950684,,,,,,,,,,,,,,,,,,,,,,,1.0,True,0.0
baseline,sdedit,trustmark,111000000001,change_object,0,none,,1.0,100.0,7.888609052210118e-31,True,66.0,True,43.146674016614554,0.9948480500215128,,,,,,,,,,,,,,,,,,,,,,,,,,,,,,,,,,,,True,
baseline,sdedit,trustmark,111000000001,change_object,1,change_object,change the cat to tiger and change the hat to scarf,0.4,40.0,0.9823998998911476,False,66.0,False,,,0.3024317920207977,0.226621925830841,0.0758098661899566,0.2464408874511718,0.9024516344070436,0.6237670183181763,0.4076073467731476,0.5789522052453037,17.81091709694133,17.785837730581417,3.3024604320526123,4.527586936950684,,,,,,,,,,,,,,,,,,,,,,,1.0,True,0.0
baseline,sdedit,trustmark,111000000001,change_object,2,global_attribute,make it rainy,0.43,43.0,0.9333946903963932,False,66.0,False,,,0.3265949189662933,0.2862765789031982,0.040318340063095,0.315296471118927,0.9334232807159424,0.7800246477127075,0.4477469325065613,0.5092126963281197,16.609426761021627,15.295797469756051,3.303178071975708,4.527586936950684,,,,,,,,,,,,,,,,,,,,,,,1.0,True,0.0
baseline,sdedit,trustmark,111000000001,change_object,3,background,make the background a desert,0.44,44.0,0.9033260477521788,False,66.0,False,,,0.2992802560329437,0.3159554302692413,-0.0166751742362976,-0.0547445192933082,0.9486365914344788,0.9277348518371582,0.3507443070411682,0.4733315577129288,15.662436924887505,13.820579279651229,3.303046941757202,4.527586936950684,,,,,,,,,,,,,,,,,,,,,,,0.0,True,0.0
baseline,sdedit,trustmark,111000000001,change_object,4,style,make it look cinematic,0.54,54.0,0.2420592068036457,False,66.0,False,,,0.2930158972740173,0.2805132567882538,0.0125026404857635,0.0153653118759393,0.9454699754714966,0.9301446676254272,0.3479883074760437,0.4418716327627783,15.214535128185949,12.908934154122903,3.307248592376709,4.527586936950684,,,,,,,,,,,,,,,,,,,,,,,1.0,True,0.0
baseline,sdedit,trustmark,211000000000,add_object,0,none,,1.0,100.0,7.888609052210118e-31,True,66.0,True,42.30235212491837,0.9915421004737184,,,,,,,,,,,,,,,,,,,,,,,,,,,,,,,,,,,,True,
baseline,sdedit,trustmark,211000000000,add_object,1,add_object,add and scarf and add with flowers in mouth,0.48,48.0,0.6913502932053738,False,66.0,False,,,0.3013556897640228,0.254887580871582,0.0464681088924407,0.2146272361278534,0.9158158898353576,0.8356339335441589,0.3875808417797088,0.5104717150917676,18.054449564075213,18.03832448222629,3.329734563827514,4.527586936950684,,,,,,,,,,,,,,,,,,,,,,,1.0,True,0.0
baseline,sdedit,trustmark,211000000000,add_object,2,global_attribute,make it rainy,0.52,52.0,0.3821767172013338,False,66.0,False,,,0.3247914314270019,0.2836596369743347,0.0411317944526672,0.3041396141052246,0.9528863430023192,0.8762527704238892,0.359714150428772,0.4790135522511146,18.07278709203321,16.641725310635735,3.3046000003814697,4.527586936950684,,,,,,,,,,,,,,,,,,,,,,,1.0,True,0.0
baseline,sdedit,trustmark,211000000000,add_object,3,background,make the background a desert,0.45,45.0,0.8643734879630823,False,66.0,False,,,0.3203427493572235,0.3244457244873047,-0.0041029751300811,0.0121519677340984,0.9552471041679382,0.512681245803833,0.3767816126346588,0.4244857528425469,17.089578904845037,15.195231183249335,3.3034961223602295,4.527586936950684,,,,,,,,,,,,,,,,,,,,,,,0.0,True,0.0
baseline,sdedit,trustmark,211000000000,add_object,4,style,make it anime style,0.5,50.0,0.5397946186935889,False,66.0,False,,,0.3115246295928955,0.3053821623325348,0.0061424672603607,0.0560786351561546,0.9550305604934692,0.6884028911590576,0.3664232492446899,0.3807641847283887,16.370567675281926,14.747504673707574,3.302426338195801,4.527586936950684,,,,,,,,,,,,,,,,,,,,,,,1.0,True,0.0
baseline,sdedit,trustmark,311000000000,delete_object,0,none,,1.0,100.0,7.888609052210118e-31,True,66.0,True,43.410873046272926,0.9934109017052852,,,,,,,,,,,,,,,,,,,,,,,,,,,,,,,,,,,,True,
baseline,sdedit,trustmark,311000000000,delete_object,1,delete_object,remove of yellow flowers,0.64,64.0,0.003318560257963,False,66.0,False,,,0.2027113735675811,0.1901391297578811,0.0125722438097,0.1082316190004348,0.9139912128448486,0.8134128451347351,0.2260212749242782,0.7986693649156491,20.60009397094031,20.581920903903608,3.304063081741333,4.527586936950684,23.72395567865896,0.1667824983596801,,,,,,,,,,,,,,,,,,,,,1.0,True,0.0
baseline,sdedit,trustmark,311000000000,delete_object,2,global_attribute,change the season to winter,0.51,51.0,0.460205381306411,False,66.0,False,,,0.2346363365650177,0.1844208091497421,0.0502155274152755,0.1766692101955413,0.939694046974182,0.8200932741165161,0.2488414049148559,0.7890815728554047,18.626517411482737,17.67493039976121,3.3070762157440186,4.527586936950684,,,,,,,,,,,,,,,,,,,,,,,1.0,True,0.0
baseline,sdedit,trustmark,311000000000,delete_object,3,background,replace the background with a beach,0.45,45.0,0.8643734879630823,False,66.0,False,,,0.2562302350997925,0.2152992039918899,0.0409310311079025,0.1241957247257232,0.930368721485138,0.8577384948730469,0.2632142305374145,0.7780707778074226,18.788100228963785,17.186020270319208,3.3122406005859375,4.527586936950684,,,,,,,,,,,,,,,,,,,,,,,1.0,True,0.0
baseline,sdedit,trustmark,311000000000,delete_object,4,style,make it look cinematic,0.41,41.0,0.9715560331795096,False,66.0,False,,,0.2725878953933716,0.2819467782974243,-0.0093588829040527,0.0353292226791381,0.9487115144729614,0.836694061756134,0.3043310046195984,0.7480794119444502,19.288666777225263,16.103030638403094,3.303016185760498,4.527586936950684,,,,,,,,,,,,,,,,,,,,,,,0.0,True,0.0
baseline,sdedit,trustmark,411000000000,change_content,0,none,,1.0,100.0,7.888609052210118e-31,True,66.0,True,40.39757340480904,0.9903162660534416,,,,,,,,,,,,,,,,,,,,,,,,,,,,,,,,,,,,True,
baseline,sdedit,trustmark,411000000000,change_content,1,change_content,change the big to small and make it big,0.57,57.0,0.0966739522478212,False,66.0,False,,,0.323418527841568,0.3094693422317505,0.0139491856098175,0.0107215959578752,0.9035320281982422,0.8944989442825317,0.221685528755188,0.7005460428818414,16.621311053641794,16.554488072304576,3.3027946949005127,4.527586936950684,,,,,,,,,,,,,,,,,,,,,,,1.0,True,0.0
baseline,sdedit,trustmark,411000000000,change_content,2,global_attribute,make it nighttime,0.49,49.0,0.6178232827986663,False,66.0,False,,,0.3055614531040191,0.304292768239975,0.0012686848640441,-0.0075090648606419,0.8773725628852844,0.8879444599151611,0.2936308681964874,0.6350078774219021,16.583774610225102,14.80679180401484,3.3022093772888184,4.527586936950684,,,,,,,,,,,,,,,,,,,,,,,0.0,True,0.0
baseline,sdedit,trustmark,411000000000,change_content,3,background,replace the background with a beach,0.5,50.0,0.5397946186935889,False,66.0,False,,,0.3068227767944336,0.2913562059402466,0.015466570854187,-0.0077684121206402,0.9175971150398254,0.8898959755897522,0.3069775104522705,0.6092408858825076,16.914752341843293,14.29742038504948,3.3061251640319824,4.527586936950684,,,,,,,,,,,,,,,,,,,,,,,0.0,True,0.0
baseline,sdedit,trustmark,411000000000,change_content,4,style,turn it into a watercolor painting,0.49,49.0,0.6178232827986663,False,66.0,False,,,0.3124008178710937,0.293736070394516,0.0186647474765777,0.0800289437174797,0.8584078550338745,0.8794059753417969,0.3267834186553955,0.5934298458796275,16.318512400190702,13.380657878438942,3.303678035736084,4.527586936950684,,,,,,,,,,,,,,,,,,,,,,,1.0,True,0.0
baseline,sdedit,trustmark,511000000000,change_pose,0,none,,1.0,100.0,7.888609052210118e-31,True,66.0,True,47.274036827476,0.9971012438864868,,,,,,,,,,,,,,,,,,,,,,,,,,,,,,,,,,,,True,
baseline,sdedit,trustmark,511000000000,change_pose,1,change_pose,change the laying down on to with tail down and make it jumping,0.5,50.0,0.5397946186935889,False,66.0,False,,,0.2799334526062011,0.2589403390884399,0.0209931135177612,0.0685729905962944,0.8882079124450684,0.8214077353477478,0.0809072330594062,0.9448561058622532,24.14305541089282,24.076856130972423,3.3015713691711426,4.527586936950684,30.89852972194116,0.0650941953063011,,,,,,,,,,,,,,,,,,,,,1.0,True,0.0
baseline,sdedit,trustmark,511000000000,change_pose,2,global_attribute,make it nighttime,0.52,52.0,0.3821767172013338,False,66.0,False,,,0.267682135105133,0.2728895246982574,-0.0052073895931243,0.0307622198015451,0.9010249376296996,0.8886737823486328,0.1244599074125289,0.93426074436728,23.28203158271447,21.355332948595898,3.3070576190948486,4.527586936950684,,,,,,,,,,,,,,,,,,,,,,,0.0,True,0.0
baseline,sdedit,trustmark,511000000000,change_pose,3,background,make the background a city street,0.57,57.0,0.0966739522478212,False,66.0,False,,,0.2318845242261886,0.2480100840330124,-0.0161255598068237,-0.0286244377493858,0.8908700346946716,0.8926920890808105,0.230541318655014,0.9093002783844883,24.069068409589143,20.358425284357015,3.307199239730835,4.527586936950684,,,,,,,,,,,,,,,,,,,,,,,0.0,True,0.0
baseline,sdedit,trustmark,511000000000,change_pose,4,style,convert it to an oil painting,0.48,48.0,0.6913502932053738,False,66.0,False,,,0.2163536250591278,0.2062605768442154,0.0100930482149124,0.0702035948634147,0.9029412269592284,0.7867215275764465,0.2913153171539306,0.8335525234147937,22.77144417277654,18.963206466096793,3.303117513656616,4.527586936950684,,,,,,,,,,,,,,,,,,,,,,,1.0,True,0.0
baseline,sdedit,trustmark,611000000000,change_color,0,none,,1.0,100.0,7.888609052210118e-31,True,66.0,True,43.6886415992153,0.9854123707139631,,,,,,,,,,,,,,,,,,,,,,,,,,,,,,,,,,,,True,
baseline,sdedit,trustmark,611000000000,change_color,1,change_color,change the black to white and change the red to green,0.45,45.0,0.8643734879630823,False,66.0,False,,,0.2343192398548126,0.2106473743915558,0.0236718654632568,-0.0648231953382492,0.9012369513511658,0.7917499542236328,0.392568826675415,0.555671817693081,20.058143945106515,20.048657353133827,3.3026063442230225,4.527586936950684,,,,,,,,,,,,,,,,,,,,,,,0.0,True,0.0
baseline,sdedit,trustmark,611000000000,change_color,2,global_attribute,change the season to winter,0.51,51.0,0.460205381306411,False,66.0,False,,,0.2308550179004669,0.2262781858444214,0.0045768320560455,0.0465110316872596,0.945318639278412,0.7615450024604797,0.3531315624713897,0.481078962860533,19.286539004212212,18.40087558287215,3.302354335784912,4.527586936950684,,,,,,,,,,,,,,,,,,,,,,,1.0,True,0.0
baseline,sdedit,trustmark,611000000000,change_color,3,background,make the background a desert,0.46,46.0,0.8158991913366519,False,66.0,False,,,0.2163752913475036,0.2232516705989837,-0.0068763792514801,-0.0014507127925753,0.9567378759384156,0.7795544862747192,0.3654109239578247,0.4444655172309462,18.95008751888974,18.216238111898665,3.302551746368408,4.527586936950684,,,,,,,,,,,,,,,,,,,,,,,0.0,True,0.0
baseline,sdedit,trustmark,611000000000,change_color,4,style,convert it to an oil painting,0.5,50.0,0.5397946186935889,False,66.0,False,,,0.2362561374902725,0.2076147198677063,0.0286414176225662,0.1890412271022796,0.9338234663009644,0.8000142574310303,0.399537056684494,0.3840037160657106,18.070527225300996,16.567439314013402,3.3027477264404297,4.527586936950684,,,,,,,,,,,,,,,,,,,,,,,1.0,True,0.0
baseline,sdedit,trustmark,711000000000,change_material,0,none,,1.0,100.0,7.888609052210118e-31,True,66.0,True,43.48133736077784,0.9952483255560995,,,,,,,,,,,,,,,,,,,,,,,,,,,,,,,,,,,,True,
baseline,sdedit,trustmark,711000000000,change_material,1,change_material,make it knitted and make it toy,0.42,42.0,0.9556869599429664,False,66.0,False,,,0.2976838946342468,0.2162686884403228,0.0814152061939239,0.148319661617279,0.7681100368499756,0.6009933352470398,0.2846490740776062,0.7279370084801164,18.20933256011448,18.17252595332812,3.3053715229034424,4.527586936950684,29.278643007557452,0.1161764785647392,,,,,,,,,,,,,,,,,,,,,1.0,True,0.0
baseline,sdedit,trustmark,711000000000,change_material,2,global_attribute,change the season to winter,0.52,52.0,0.3821767172013338,False,66.0,False,,,0.2919083833694458,0.2791772186756134,0.0127311646938323,0.1771457344293594,0.8729385137557983,0.861842691898346,0.2739041149616241,0.7520430871534948,19.1754261063289,16.754001566273324,3.3062496185302734,4.527586936950684,,,,,,,,,,,,,,,,,,,,,,,1.0,True,0.0
baseline,sdedit,trustmark,711000000000,change_material,3,background,make the background a desert,0.55,55.0,0.184100808663348,False,66.0,False,,,0.3087587058544159,0.288203090429306,0.0205556154251098,0.0116484640166163,0.8571869730949402,0.8310569524765015,0.3455549776554107,0.6748880409446595,20.03634417911077,16.11823267108118,3.30432653427124,4.527586936950684,,,,,,,,,,,,,,,,,,,,,,,1.0,True,0.0
baseline,sdedit,trustmark,711000000000,change_material,4,style,convert it to an oil painting,0.5,50.0,0.5397946186935889,False,66.0,False,,,0.3193421959877014,0.3067767918109894,0.012565404176712,0.0011615948751568,0.9004800319671631,0.8688050508499146,0.2933254837989807,0.5620792664792256,19.66728362275232,15.467104293449738,3.3034839630126953,4.527586936950684,,,,,,,,,,,,,,,,,,,,,,,1.0,True,0.0
baseline,sdedit,trustmark,811000000000,change_background,0,none,,1.0,100.0,7.888609052210118e-31,True,66.0,True,44.57531009636835,0.995145435640316,,,,,,,,,,,,,,,,,,,,,,,,,,,,,,,,,,,,True,
baseline,sdedit,trustmark,811000000000,change_background,1,change_background,change the white background to forest,0.49,49.0,0.6178232827986663,False,66.0,False,,,0.2514554858207702,0.1874955892562866,0.0639598965644836,0.0562445819377899,0.7286416888237,0.661557137966156,0.3483184576034546,0.7853556856078326,19.907048806726948,19.867554129990303,3.3064610958099365,4.527586936950684,16.054060450737786,0.4867967367172241,,,,,,,,,,,,,,,,,,,,,1.0,True,0.0
baseline,sdedit,trustmark,811000000000,change_background,2,global_attribute,make it nighttime,0.55,55.0,0.184100808663348,False,66.0,False,,,0.2451575845479965,0.2461013495922088,-0.0009437650442123,-0.0051659503951668,0.87549889087677,0.7441240549087524,0.3965291082859039,0.769291036907104,18.200517009268957,17.236296501352196,3.3026766777038574,4.527586936950684,,,,,,,,,,,,,,,,,,,,,,,0.0,True,0.0
baseline,sdedit,trustmark,811000000000,change_background,3,background,replace the background with a beach,0.46,46.0,0.8158991913366519,False,66.0,False,,,0.2368578612804412,0.2384239286184311,-0.0015660673379898,0.0928293392062187,0.9013034105300904,0.841975748538971,0.3738144934177398,0.7122236471391296,15.846223386649765,15.564647299447287,3.3032889366149902,4.527586936950684,,,,,,,,,,,,,,,,,,,,,,,0.0,True,0.0
baseline,sdedit,trustmark,811000000000,change_background,4,style,make it anime style,0.4,40.0,0.9823998998911476,False,66.0,False,,,0.2769745290279388,0.2436048090457916,0.0333697199821472,0.0915157422423362,0.8760221004486084,0.8810880184173584,0.4180508852005005,0.6812418251758793,15.180544259847062,15.592549193594149,3.3026318550109863,4.527586936950684,,,,,,,,,,,,,,,,,,,,,,,1.0,True,0.0
baseline,sdedit,trustmark,911000000000,change_style,0,none,,0.98,98.0,3.9845364322713306e-27,True,66.0,False,38.59798142763941,0.990085492902628,,,,,,,,,,,,,,,,,,,,,,,,,,,,,,,,,,,,True,
baseline,sdedit,trustmark,911000000000,change_style,1,change_style,make it realism style and make it expressionism style,0.45,45.0,0.8643734879630823,False,66.0,False,,,0.3165525197982788,0.2859901189804077,0.030562400817871,0.1776849627494812,0.93578040599823,0.7963150143623352,0.419464647769928,0.2261003968433958,14.812174950494342,14.79393102851188,3.3027305603027344,4.527586936950684,,,,,,,,,,,,,,,,,,,,,,,1.0,True,0.0
baseline,sdedit,trustmark,911000000000,change_style,2,global_attribute,make it nighttime,0.47,47.0,0.7579407931963542,False,66.0,False,,,0.315165102481842,0.3078149259090423,0.0073501765727996,0.0452602207660675,0.9686059951782228,0.8747273087501526,0.3960216641426086,0.2678705912495216,15.298031029449234,13.329126512126583,3.302243947982788,4.527586936950684,,,,,,,,,,,,,,,,,,,,,,,1.0,True,0.0
baseline,sdedit,trustmark,911000000000,change_style,3,background,replace the background with a beach,0.48,48.0,0.6913502932053738,False,66.0,False,,,0.3125702738761902,0.2955745160579681,0.016995757818222,0.0179780200123786,0.9635196328163148,0.8643044829368591,0.3724569380283355,0.2556793438608614,15.031830704249456,12.830595865143923,3.3035430908203125,4.527586936950684,,,,,,,,,,,,,,,,,,,,,,,1.0,True,0.0
baseline,sdedit,trustmark,911000000000,change_style,4,style,make it look cinematic,0.47,47.0,0.7579407931963542,False,66.0,False,,,0.3016441464424133,0.3007039427757263,0.000940203666687,-0.0121147306635975,0.9541394114494324,0.8482235670089722,0.3855341076850891,0.2567513465135446,14.952540371801543,12.173649661516034,3.3030073642730713,4.527586936950684,,,,,,,,,,,,,,,,,,,,,,,0.0,True,0.0
baseline,sdedit,wam,111000000000,change_object,0,none,,1.0,32.0,2.3283064365386963e-10,True,26.0,True,37.40846966059051,0.9837146181403482,,,,,,,,,,,,,,,,,,,,,,,,,,,,,,,,,,0.999114990234375,,True,
baseline,sdedit,wam,111000000000,change_object,1,change_object,change the fishes to sharks and change the kelp to flowers,0.5,16.0,0.5699749670457095,False,26.0,False,,,0.2053561955690384,0.200656309723854,0.0046998858451843,-0.006135856732726,0.9567402601242064,0.852009654045105,0.3955966830253601,0.2711177760352678,12.917266324387803,12.91783737270941,3.303483724594116,4.527586936950684,,,,,,,,,,,,,,,,,,,,,,0.0,0.0,True,0.0
baseline,sdedit,wam,111000000000,change_object,2,global_attribute,make it nighttime,0.5,16.0,0.5699749670457095,False,26.0,False,,,0.2090784907341003,0.2059369385242462,0.0031415522098541,-0.0157651156187057,0.9602875709533693,0.905834972858429,0.3963781595230102,0.2712179133092021,12.903905284804123,12.213430407144552,3.3080902099609375,4.527586936950684,,,,,,,,,,,,,,,,,,,,,,0.0,0.0,True,0.0
baseline,sdedit,wam,111000000000,change_object,3,background,make the background a desert,0.4375,14.0,0.8114572062622756,False,26.0,False,,,0.2283619046211242,0.1987439692020416,0.0296179354190826,0.0077756438404321,0.952545166015625,0.8725431561470032,0.3552763760089874,0.279526000063259,13.14970555812142,11.102524717409288,3.3040075302124023,4.527586936950684,,,,,,,,,,,,,,,,,,,,,,0.000518798828125,1.0,True,0.0
baseline,sdedit,wam,111000000000,change_object,4,style,turn it into a watercolor painting,0.5,16.0,0.5699749670457095,False,26.0,False,,,0.2695902585983276,0.224712997674942,0.0448772609233856,0.0909237414598465,0.9550139307975768,0.8714476227760315,0.4126214683055877,0.2432073376012618,12.221847157902078,10.478169866074907,3.309136867523194,4.527586936950684,,,,,,,,,,,,,,,,,,,,,,0.0,1.0,True,0.0
baseline,sdedit,wam,111000000001,change_object,0,none,,1.0,32.0,2.3283064365386963e-10,True,26.0,True,39.665853668378055,0.9891270871343876,,,,,,,,,,,,,,,,,,,,,,,,,,,,,,,,,,1.0,,True,
baseline,sdedit,wam,111000000001,change_object,1,change_object,change the cat to tiger and change the hat to scarf,0.5625,18.0,0.2983074479270726,False,26.0,False,,,0.3033389747142792,0.2093647718429565,0.0939742028713226,0.2558256387710571,0.892383873462677,0.6723918914794922,0.4181696772575378,0.5846281247178671,17.939619544978584,17.95839505513665,3.3036513328552246,4.527586936950684,,,,,,,,,,,,,,,,,,,,,,0.0,1.0,True,0.0
baseline,sdedit,wam,111000000001,change_object,2,global_attribute,make it rainy,0.5625,18.0,0.2983074479270726,False,26.0,False,,,0.3130287528038025,0.2858054637908935,0.0272232890129089,0.23418790102005,0.9438580274581908,0.7886677384376526,0.4363759756088257,0.5312767625631271,16.851175898447742,15.517624975909447,3.3029725551605225,4.527586936950684,,,,,,,,,,,,,,,,,,,,,,0.0,1.0,True,0.0
baseline,sdedit,wam,111000000001,change_object,3,background,make the background a desert,0.5625,18.0,0.2983074479270726,False,26.0,False,,,0.2976512908935547,0.3018888831138611,-0.0042375922203063,-0.0359194353222847,0.9527560472488404,0.9218116402626038,0.3725928068161011,0.4761603437401445,15.649529144352956,13.885664611518912,3.303072690963745,4.527586936950684,,,,,,,,,,,,,,,,,,,,,,0.0,0.0,True,0.0
baseline,sdedit,wam,111000000001,change_object,4,style,make it look cinematic,0.5625,18.0,0.2983074479270726,False,26.0,False,,,0.3213355839252472,0.2813056111335754,0.0400299727916717,0.0004119426012039,0.9502673149108888,0.9329111576080322,0.3600488603115082,0.4420524212013838,15.163305950025466,12.904604640927868,3.354224681854248,4.527586936950684,,,,,,,,,,,,,,,,,,,,,,0.0,1.0,True,0.0
baseline,sdedit,wam,211000000000,add_object,0,none,,1.0,32.0,2.3283064365386963e-10,True,26.0,True,38.11271040386504,0.971313697833561,,,,,,,,,,,,,,,,,,,,,,,,,,,,,,,,,,1.0,,True,
baseline,sdedit,wam,211000000000,add_object,1,add_object,add and scarf and add with flowers in mouth,0.59375,19.0,0.1885427937377244,False,26.0,False,,,0.2939687967300415,0.2524295151233673,0.0415392816066741,0.1747576892375946,0.8983690738677979,0.7992407083511353,0.4147625565528869,0.4943288398814096,17.749052940954865,17.781473064190013,3.3102259635925293,4.527586936950684,,,,,,,,,,,,,,,,,,,,,,0.0,1.0,True,0.0
baseline,sdedit,wam,211000000000,add_object,2,global_attribute,make it rainy,0.59375,19.0,0.1885427937377244,False,26.0,False,,,0.3187362551689148,0.2762689590454101,0.0424672961235046,0.309993028640747,0.9351977109909058,0.8864864706993103,0.3601514995098114,0.4965185046586564,17.92565878228013,16.41563121522639,3.303360939025879,4.527586936950684,,,,,,,,,,,,,,,,,,,,,,0.0,1.0,True,0.0
baseline,sdedit,wam,211000000000,add_object,3,background,make the background a desert,0.59375,19.0,0.1885427937377244,False,26.0,False,,,0.3142488598823547,0.3179409503936767,-0.003692090511322,0.0176740325987339,0.9585137367248536,0.843209445476532,0.3702606558799743,0.4445544936017734,17.22913341878126,15.281708918246746,3.303394317626953,4.527586936950684,,,,,,,,,,,,,,,,,,,,,,0.0,0.0,True,0.0
baseline,sdedit,wam,211000000000,add_object,4,style,make it anime style,0.53125,17.0,0.4300250329542905,False,26.0,False,,,0.3119282126426697,0.2966711521148681,0.0152570605278015,0.0972543209791183,0.9636975526809692,0.8446889519691467,0.3535727560520172,0.4005449804113722,16.446443145372186,14.608078519301774,3.303427219390869,4.527586936950684,,,,,,,,,,,,,,,,,,,,,,0.006317138671875,1.0,True,0.0
baseline,sdedit,wam,311000000000,delete_object,0,none,,1.0,32.0,2.3283064365386963e-10,True,26.0,True,42.44143802554333,0.9908210419368684,,,,,,,,,,,,,,,,,,,,,,,,,,,,,,,,,,1.0,,True,
baseline,sdedit,wam,311000000000,delete_object,1,delete_object,remove of yellow flowers,0.53125,17.0,0.4300250329542905,False,26.0,False,,,0.2093431055545807,0.1912651658058166,0.018077939748764,0.0757841020822525,0.906305193901062,0.8231003284454346,0.2168142944574356,0.7939324011947076,20.928860062183404,20.909480727223464,3.304514169692993,4.527586936950684,23.577882138893035,0.1657402664422989,,,,,,,,,,,,,,,,,,,,0.0,1.0,True,0.0
baseline,sdedit,wam,311000000000,delete_object,2,global_attribute,change the season to winter,0.53125,17.0,0.4300250329542905,False,26.0,False,,,0.2585577368736267,0.1941146552562713,0.0644430816173553,0.1996167302131652,0.9063069820404052,0.765500009059906,0.2481096088886261,0.7847520300693797,19.15177740508101,17.82623544335556,3.3025851249694824,4.527586936950684,,,,,,,,,,,,,,,,,,,,,,0.0,1.0,True,0.0
baseline,sdedit,wam,311000000000,delete_object,3,background,replace the background with a beach,0.53125,17.0,0.4300250329542905,False,26.0,False,,,0.2660137712955475,0.241352766752243,0.0246610045433044,0.1213508397340774,0.9406642317771912,0.8803519010543823,0.2439392805099487,0.7664048083556928,18.925193999710025,17.073475170003295,3.3097543716430664,4.527586936950684,,,,,,,,,,,,,,,,,,,,,,0.0,1.0,True,0.0
baseline,sdedit,wam,311000000000,delete_object,4,style,make it look cinematic,0.53125,17.0,0.4300250329542905,False,26.0,False,,,0.2749243974685669,0.2845563292503357,-0.0096319317817687,0.1085168719291687,0.9378089904785156,0.8476466536521912,0.3084783554077148,0.7203786445622674,18.946955278685188,16.078547495137297,3.304438829421997,4.527586936950684,,,,,,,,,,,,,,,,,,,,,,0.0,0.0,True,0.0
baseline,sdedit,wam,411000000000,change_content,0,none,,1.0,32.0,2.3283064365386963e-10,True,26.0,True,38.78799659980266,0.9841482721958212,,,,,,,,,,,,,,,,,,,,,,,,,,,,,,,,,,1.0,,True,
baseline,sdedit,wam,411000000000,change_content,1,change_content,change the big to small and make it big,0.53125,17.0,0.4300250329542905,False,26.0,False,,,0.3180593848228454,0.3105683326721191,0.0074910521507263,0.0257121436297893,0.9222238063812256,0.9080156087875366,0.2255697250366211,0.6844799853712665,16.553959260309252,16.55828541416139,3.3100216388702393,4.527586936950684,,,,,,,,,,,,,,,,,,,,,,0.0,1.0,True,0.0
baseline,sdedit,wam,411000000000,change_content,2,global_attribute,make it nighttime,0.53125,17.0,0.4300250329542905,False,26.0,False,,,0.3082188665866852,0.2991416454315185,0.0090772211551666,-0.0071381172165274,0.914218544960022,0.8585377931594849,0.3012895286083221,0.6337867236998035,16.740000695778043,14.801627979589282,3.3106210231781006,4.527586936950684,,,,,,,,,,,,,,,,,,,,,,0.0,0.0,True,0.0
baseline,sdedit,wam,411000000000,change_content,3,background,replace the background with a beach,0.53125,17.0,0.4300250329542905,False,26.0,False,,,0.3144932389259338,0.2905362546443939,0.0239569842815399,0.0906964465975761,0.9403078556060792,0.8897728323936462,0.3088575601577759,0.6169229489438856,16.732298935356035,14.05903030229981,3.3032429218292236,4.527586936950684,,,,,,,,,,,,,,,,,,,,,,0.0,1.0,True,0.0
baseline,sdedit,wam,411000000000,change_content,4,style,turn it into a watercolor painting,0.53125,17.0,0.4300250329542905,False,26.0,False,,,0.2986664175987243,0.2958047389984131,0.0028616786003112,0.09270541369915,0.9206886291503906,0.8921033143997192,0.3046973347663879,0.6066609677036832,16.12639524218444,13.190479249120497,3.3113551139831543,4.527586936950684,,,,,,,,,,,,,,,,,,,,,,0.0,1.0,True,0.0
baseline,sdedit,wam,511000000000,change_pose,0,none,,1.0,32.0,2.3283064365386963e-10,True,26.0,True,42.213464807691075,0.9785141140443526,,,,,,,,,,,,,,,,,,,,,,,,,,,,,,,,,,1.0,,True,
baseline,sdedit,wam,511000000000,change_pose,1,change_pose,change the laying down on to with tail down and make it jumping,0.5625,18.0,0.2983074479270726,False,26.0,False,,,0.264989286661148,0.2801777422428131,-0.015188455581665,0.0235074907541275,0.8034021854400635,0.7908607721328735,0.0761312097311019,0.9267880052843012,23.768677769445105,23.81558729435146,3.302826404571533,4.527586936950684,29.758484559262858,0.0607612542808055,,,,,,,,,,,,,,,,,,,,0.0,0.0,True,0.0
baseline,sdedit,wam,511000000000,change_pose,2,global_attribute,make it nighttime,0.5625,18.0,0.2983074479270726,False,26.0,False,,,0.2591476440429687,0.256608635187149,0.0025390088558197,0.0048593245446681,0.8118957281112671,0.8407359719276428,0.0553628578782081,0.9325057215467232,23.323909233024004,20.99170085705755,3.308763027191162,4.527586936950684,,,,,,,,,,,,,,,,,,,,,,0.0,1.0,True,0.0
baseline,sdedit,wam,511000000000,change_pose,3,background,make the background a city street,0.5625,18.0,0.2983074479270726,False,26.0,False,,,0.265465497970581,0.2317822724580764,0.0336832255125045,0.0180166400969028,0.878555178642273,0.8873005509376526,0.1859921813011169,0.8862051749749748,24.084654862216077,20.232431678367632,3.316039800643921,4.527586936950684,,,,,,,,,,,,,,,,,,,,,,0.0,1.0,True,0.0
baseline,sdedit,wam,511000000000,change_pose,4,style,convert it to an oil painting,0.5625,18.0,0.2983074479270726,False,26.0,False,,,0.2204177677631378,0.2335065454244613,-0.0130887776613235,0.0334243923425674,0.8738894462585449,0.8079705834388733,0.1753022670745849,0.8348902864869613,22.77828328568592,19.128124615871016,3.3027503490448,4.527586936950684,,,,,,,,,,,,,,,,,,,,,,0.0,0.0,True,0.0
baseline,sdedit,wam,611000000000,change_color,0,none,,1.0,32.0,2.3283064365386963e-10,True,26.0,True,37.589277394459224,0.9464888602556508,,,,,,,,,,,,,,,,,,,,,,,,,,,,,,,,,,1.0,,True,
baseline,sdedit,wam,611000000000,change_color,1,change_color,change the black to white and change the red to green,0.59375,19.0,0.1885427937377244,False,26.0,False,,,0.2312460541725158,0.2105950564146042,0.0206509977579116,-0.050849076360464,0.915167510509491,0.7475930452346802,0.4001820087432861,0.5133337036431554,19.841162784857463,19.866833090992728,3.301978588104248,4.527586936950684,,,,,,,,,,,,,,,,,,,,,,0.0,0.0,True,0.0
baseline,sdedit,wam,611000000000,change_color,2,global_attribute,change the season to winter,0.59375,19.0,0.1885427937377244,False,26.0,False,,,0.2286716252565384,0.2225254476070404,0.0061461776494979,0.0536491051316261,0.9581284523010254,0.7575055956840515,0.4247691333293915,0.4454763741947183,19.29493203567303,18.59874824155073,3.303494453430176,4.527586936950684,,,,,,,,,,,,,,,,,,,,,,0.0,1.0,True,0.0
baseline,sdedit,wam,611000000000,change_color,3,background,make the background a desert,0.59375,19.0,0.1885427937377244,False,26.0,False,,,0.2148866951465606,0.2199862152338028,-0.0050995200872421,0.0275660119950771,0.9596611857414246,0.8066613078117371,0.3457355201244354,0.4336877418317097,19.279690885623985,18.369197350145186,3.3032803535461426,4.527586936950684,,,,,,,,,,,,,,,,,,,,,,0.0,0.0,True,0.0
baseline,sdedit,wam,611000000000,change_color,4,style,convert it to an oil painting,0.59375,19.0,0.1885427937377244,False,26.0,False,,,0.2325676083564758,0.214019626379013,0.0185479819774627,0.1507965475320816,0.9582214951515198,0.8007439374923706,0.3824680745601654,0.386630580262776,18.483210078818747,16.81161647967174,3.302406072616577,4.527586936950684,,,,,,,,,,,,,,,,,,,,,,0.0,1.0,True,0.0
baseline,sdedit,wam,711000000000,change_material,0,none,,1.0,32.0,2.3283064365386963e-10,True,26.0,True,40.816037454216655,0.9905307661331328,,,,,,,,,,,,,,,,,,,,,,,,,,,,,,,,,,1.0,,True,
baseline,sdedit,wam,711000000000,change_material,1,change_material,make it knitted and make it toy,0.3125,10.0,0.9899691964965314,False,26.0,False,,,0.3213370442390442,0.213683620095253,0.1076534241437912,0.2472792863845825,0.7647608518600464,0.6127762794494629,0.2873963713645935,0.7024453659477157,18.087580029069933,18.080365215873464,3.3036234378814697,4.527586936950684,29.935493148195125,0.1176475137472152,,,,,,,,,,,,,,,,,,,,0.0,1.0,True,0.0
baseline,sdedit,wam,711000000000,change_material,2,global_attribute,change the season to winter,0.3125,10.0,0.9899691964965314,False,26.0,False,,,0.3017120659351349,0.2964219450950622,0.0052901208400726,0.1302093714475631,0.8561604022979736,0.836993396282196,0.2931654453277588,0.7010128502485445,18.723023338512995,16.789679724764767,3.307676315307617,4.527586936950684,,,,,,,,,,,,,,,,,,,,,,0.0,1.0,True,0.0
baseline,sdedit,wam,711000000000,change_material,3,background,make the background a desert,0.3125,10.0,0.9899691964965314,False,26.0,False,,,0.2687186896800995,0.2909972667694092,-0.0222785770893096,0.0324393212795257,0.9062333106994628,0.905786156654358,0.3982161283493042,0.6627773083565153,19.174543790121977,16.018623486830307,3.303466796875,4.527586936950684,,,,,,,,,,,,,,,,,,,,,,0.0,0.0,True,0.0
baseline,sdedit,wam,711000000000,change_material,4,style,convert it to an oil painting,0.3125,10.0,0.9899691964965314,False,26.0,False,,,0.3061118721961975,0.2632755637168884,0.042836308479309,0.0695472285151481,0.8965412378311157,0.8748453259468079,0.3629407584667206,0.6275992894961071,19.0784694125232,15.352131620748636,3.3025784492492676,4.527586936950684,,,,,,,,,,,,,,,,,,,,,,0.0,1.0,True,0.0
baseline,sdedit,wam,811000000000,change_background,0,none,,1.0,32.0,2.3283064365386963e-10,True,26.0,True,41.877624190077114,0.9891538180142944,,,,,,,,,,,,,,,,,,,,,,,,,,,,,,,,,,1.0,,True,
baseline,sdedit,wam,811000000000,change_background,1,change_background,change the white background to forest,0.5,16.0,0.5699749670457095,False,26.0,False,,,0.2126757800579071,0.1859074980020523,0.0267682820558547,0.0560380741953849,0.6467931270599365,0.6110867261886597,0.2466472834348678,0.784544786850245,19.97282296675221,19.974132670661767,3.3044800758361816,4.527586936950684,16.10726389186845,0.47543665766716,,,,,,,,,,,,,,,,,,,,0.0,1.0,True,0.0
baseline,sdedit,wam,811000000000,change_background,2,global_attribute,make it nighttime,0.5,16.0,0.5699749670457095,False,26.0,False,,,0.2495525032281875,0.2035361379384994,0.0460163652896881,0.0300077758729457,0.8178600072860718,0.7814728617668152,0.3703425228595733,0.7871019883267704,18.569832239099416,17.725942840844603,3.3101773262023926,4.527586936950684,,,,,,,,,,,,,,,,,,,,,,0.0,1.0,True,0.0
baseline,sdedit,wam,811000000000,change_background,3,background,replace the background with a beach,0.5,16.0,0.5699749670457095,False,26.0,False,,,0.2637093663215637,0.2411966025829315,0.0225127637386322,-0.0007927664555609,0.867952823638916,0.806195855140686,0.3683636784553528,0.7512702982405709,17.022694177770386,16.597329557942544,3.377589702606201,4.527586936950684,,,,,,,,,,,,,,,,,,,,,,0.0,0.0,True,0.0
baseline,sdedit,wam,811000000000,change_background,4,style,make it anime style,0.5,16.0,0.5699749670457095,False,26.0,False,,,0.2633589506149292,0.2722923159599304,-0.0089333653450012,0.026119926944375,0.8808833360671997,0.8515680432319641,0.3765579462051391,0.7010251845133865,16.43601366333566,16.393381816178213,3.305443525314331,4.527586936950684,,,,,,,,,,,,,,,,,,,,,,0.0,0.0,True,0.0
baseline,sdedit,wam,911000000000,change_style,0,none,,1.0,32.0,2.3283064365386963e-10,True,26.0,True,36.7561034573693,0.98863119122017,,,,,,,,,,,,,,,,,,,,,,,,,,,,,,,,,,1.0,,True,
baseline,sdedit,wam,911000000000,change_style,1,change_style,make it realism style and make it expressionism style,0.6875,22.0,0.0250512298662215,False,26.0,False,,,0.3233360052108764,0.2835188508033752,0.0398171544075012,0.1742809563875198,0.9060940146446228,0.8003236651420593,0.4293471872806549,0.2256492984587541,14.767909826227497,14.788434159214797,3.3021507263183594,4.527586936950684,,,,,,,,,,,,,,,,,,,,,,0.0,1.0,True,0.0
baseline,sdedit,wam,911000000000,change_style,2,global_attribute,make it nighttime,0.6875,22.0,0.0250512298662215,False,26.0,False,,,0.3182562589645386,0.3152684569358825,0.002987802028656,0.022379707545042,0.9495835900306702,0.8724511861801147,0.389531672000885,0.2696756743980523,15.258155539542775,13.349409917473023,3.303140640258789,4.527586936950684,,,,,,,,,,,,,,,,,,,,,,0.0,1.0,True,0.0
baseline,sdedit,wam,911000000000,change_style,3,background,replace the background with a beach,0.6875,22.0,0.0250512298662215,False,26.0,False,,,0.3050421774387359,0.2979403138160705,0.0071018636226654,-0.0029812157154083,0.9451847076416016,0.8772032260894775,0.3725877404212951,0.2609490872177753,15.070661518494637,12.812017512749296,3.304030418395996,4.527586936950684,,,,,,,,,,,,,,,,,,,,,,0.0,0.0,True,0.0
baseline,sdedit,wam,911000000000,change_style,4,style,make it look cinematic,0.6875,22.0,0.0250512298662215,False,26.0,False,,,0.29800945520401,0.2941290438175201,0.0038804113864898,-0.0056701218709349,0.9323291778564452,0.8625583052635193,0.3764096200466156,0.2711113047693093,14.949080086870424,12.144765708864211,3.307189464569092,4.527586936950684,,,,,,,,,,,,,,,,,,,,,,0.0,0.0,True,0.0
reembed,ip2p,dwtdct,111000000000,change_object,0,none,,1.0,32.0,2.3283064365386963e-10,True,26.0,True,34.70276705335292,0.9742709027239512,,,,,,,,,,,,,,,,,,,,,,,,,,,,,,,,,,,,True,
reembed,ip2p,dwtdct,111000000000,change_object,1,change_object,change the fishes to sharks and change the kelp to flowers,1.0,32.0,2.3283064365386963e-10,True,26.0,True,,,0.2691630721092224,0.2001804709434509,0.0689826011657714,0.2292176485061645,0.9120956063270568,0.6138234734535217,0.4108566641807556,0.4322306803082495,11.221271728888617,11.186712863173645,8.682482957839966,3.1037206649780273,,,,,,,,,,,,,,,,,,,,,,,1.0,True,1.0
reembed,ip2p,dwtdct,111000000000,change_object,2,global_attribute,make it nighttime,1.0,32.0,2.3283064365386963e-10,True,26.0,True,,,0.2652433514595032,0.2658264935016632,-0.00058314204216,0.0376012474298477,0.9916681051254272,0.9913686513900756,0.0639650821685791,0.8593655609722898,19.507540085963996,11.350484359926195,8.675897121429443,3.1037206649780273,,,,,,,,,,,,,,,,,,,,,,,0.0,True,0.0
reembed,ip2p,dwtdct,111000000000,change_object,3,background,make the background a desert,1.0,32.0,2.3283064365386963e-10,True,26.0,True,,,0.2653592228889465,0.2537387907505035,0.0116204321384429,0.139869138598442,0.9789031744003296,0.9441293478012084,0.2129430323839187,0.7626245898708842,14.858228838456576,10.906046388826915,8.671897649765015,3.1037206649780273,,,,,,,,,,,,,,,,,,,,,,,1.0,True,1.0
reembed,ip2p,dwtdct,111000000000,change_object,4,style,turn it into a watercolor painting,1.0,32.0,2.3283064365386963e-10,True,26.0,True,,,0.2737157046794891,0.2713730037212372,0.0023427009582519,0.0852756574749946,0.9735392332077026,0.962308406829834,0.1541875898838043,0.753032224263903,14.35234341067156,9.415373883155208,8.678198337554932,3.1037206649780273,,,,,,,,,,,,,,,,,,,,,,,1.0,True,1.0
reembed,ip2p,dwtdct,111000000001,change_object,0,none,,1.0,32.0,2.3283064365386963e-10,True,26.0,True,41.69673472013483,0.991522099538042,,,,,,,,,,,,,,,,,,,,,,,,,,,,,,,,,,,,True,
reembed,ip2p,dwtdct,111000000001,change_object,1,change_object,change the cat to tiger and change the hat to scarf,1.0,32.0,2.3283064365386963e-10,True,26.0,True,,,0.3296979963779449,0.2154983282089233,0.1141996681690216,0.3309398889541626,0.796386182308197,0.3433021008968353,0.6576308608055115,0.3228194852053745,8.370687523014153,8.349641640936714,8.639761209487915,3.1037206649780273,,,,,,,,,,,,,,,,,,,,,,,1.0,True,1.0
reembed,ip2p,dwtdct,111000000001,change_object,2,global_attribute,make it rainy,1.0,32.0,2.3283064365386963e-10,True,26.0,True,,,0.321938008069992,0.3152022063732147,0.0067358016967773,-0.0449365936219692,0.988404393196106,0.9903193116188048,0.0541738644242286,0.9410677639654492,23.940422602016195,8.358508174527472,8.652225255966187,3.1037206649780273,,,,,,,,,,,,,,,,,,,,,,,0.0,True,0.0
reembed,ip2p,dwtdct,111000000001,change_object,3,background,make the background a desert,1.0,32.0,2.3283064365386963e-10,True,26.0,True,,,0.3044975996017456,0.3040632009506225,0.000434398651123,0.0152206066995859,0.9803285598754884,0.9851754903793336,0.1393524706363678,0.9110554558167276,18.19667464425025,8.216868323311566,8.65601897239685,3.1037206649780273,,,,,,,,,,,,,,,,,,,,,,,1.0,True,1.0
reembed,ip2p,dwtdct,111000000001,change_object,4,style,make it look cinematic,1.0,32.0,2.3283064365386963e-10,True,26.0,True,,,0.2892585396766662,0.2938953638076782,-0.0046368241310119,-0.0385246016085147,0.9943711757659912,0.9903974533081056,0.0351251289248466,0.9347745270620574,24.48340113347387,8.052946384008367,8.654817342758179,3.1037206649780273,,,,,,,,,,,,,,,,,,,,,,,0.0,True,0.0
reembed,ip2p,dwtdct,211000000000,add_object,0,none,,1.0,32.0,2.3283064365386963e-10,True,26.0,True,40.584121544969605,0.988954600340363,,,,,,,,,,,,,,,,,,,,,,,,,,,,,,,,,,,,True,
reembed,ip2p,dwtdct,211000000000,add_object,1,add_object,add and scarf and add with flowers in mouth,1.0,32.0,2.3283064365386963e-10,True,26.0,True,,,0.2659789025783539,0.2495307624340057,0.0164481401443481,0.209619402885437,0.8066909313201904,0.5738382339477539,0.4249392449855804,0.5874739991914323,16.90444167996252,16.92322863629212,8.643547296524048,3.1037206649780273,,,,,,,,,,,,,,,,,,,,,,,1.0,True,1.0
reembed,ip2p,dwtdct,211000000000,add_object,2,global_attribute,make it rainy,1.0,32.0,2.3283064365386963e-10,True,26.0,True,,,0.2646205127239227,0.2654570639133453,-0.0008365511894226,0.0953810214996337,0.9798831939697266,0.9878605604171752,0.0708531290292739,0.910655274012394,29.890468136484152,16.75511384619408,8.654045581817627,3.1037206649780273,,,,,,,,,,,,,,,,,,,,,,,0.0,True,0.0
reembed,ip2p,dwtdct,211000000000,add_object,3,background,make the background a desert,1.0,32.0,2.3283064365386963e-10,True,26.0,True,,,0.2370064705610275,0.2613416910171509,-0.0243352204561233,0.0331494733691215,0.96653413772583,0.9710811376571656,0.2140295356512069,0.7881984613952783,15.80547609393371,12.71491157463765,8.672100067138672,3.1037206649780273,,,,,,,,,,,,,,,,,,,,,,,0.0,True,0.0
reembed,ip2p,dwtdct,211000000000,add_object,4,style,make it anime style,1.0,32.0,2.3283064365386963e-10,True,26.0,True,,,0.2486990690231323,0.2354069054126739,0.0132921636104583,0.0974224656820297,0.9798855781555176,0.9684565663337708,0.1361395120620727,0.7638342595193538,15.883042927471315,9.54954050891163,8.657418489456177,3.1037206649780273,,,,,,,,,,,,,,,,,,,,,,,1.0,True,1.0
reembed,ip2p,dwtdct,311000000000,delete_object,0,none,,0.4375,14.0,0.8114572062622756,False,26.0,False,39.34648708658547,0.9871976539545728,,,,,,,,,,,,,,,,,,,,,,,,,,,,,,,,,,,,False,
reembed,ip2p,dwtdct,311000000000,delete_object,1,delete_object,remove of yellow flowers,0.4375,14.0,0.8114572062622756,False,26.0,False,,,0.2108172625303268,0.1943725049495697,0.0164447575807571,0.1601870507001876,0.8831427097320557,0.7084357738494873,0.3951295614242553,0.8204828972535322,15.840037889739564,15.844612342290812,8.642350435256958,3.1037206649780273,18.38297864563166,0.2705841660499573,,,,,,,,,,,,,,,,,,,,,1.0,False,0.0
reembed,ip2p,dwtdct,311000000000,delete_object,2,global_attribute,change the season to winter,0.4375,14.0,0.8114572062622756,False,26.0,False,,,0.1754166930913925,0.2055638134479522,-0.0301471203565597,0.1608028709888458,0.6843177080154419,0.178205132484436,0.3824321627616882,0.8789226966239342,15.012494026684744,15.180506395316202,8.648478984832764,3.1037206649780273,,,,,,,,,,,,,,,,,,,,,,,0.0,False,0.0
reembed,ip2p,dwtdct,311000000000,delete_object,3,background,replace the background with a beach,0.4375,14.0,0.8114572062622756,False,26.0,False,,,0.1705448627471923,0.1663913428783416,0.0041535198688507,0.3091408312320709,0.8238962888717651,0.3699414134025574,0.3237787783145904,0.8564113419808805,17.028975066237088,12.185424629429203,8.66835618019104,3.1037206649780273,,,,,,,,,,,,,,,,,,,,,,,1.0,False,0.0
reembed,ip2p,dwtdct,311000000000,delete_object,4,style,make it look cinematic,0.4375,14.0,0.8114572062622756,False,26.0,False,,,0.1615970730781555,0.16614630818367,-0.0045492351055145,0.1409448087215423,0.9703447818756104,0.8973779678344727,0.2485522329807281,0.7546045766433673,17.771532145166006,9.793678394977444,8.652522563934326,3.1037206649780273,,,,,,,,,,,,,,,,,,,,,,,0.0,False,0.0
reembed,ip2p,dwtdct,411000000000,change_content,0,none,,1.0,32.0,2.3283064365386963e-10,True,26.0,True,38.17179160217899,0.9884851387526288,,,,,,,,,,,,,,,,,,,,,,,,,,,,,,,,,,,,True,
reembed,ip2p,dwtdct,411000000000,change_content,1,change_content,change the big to small and make it big,1.0,32.0,2.3283064365386963e-10,True,26.0,True,,,0.316435158252716,0.3136280179023742,0.0028071403503417,-0.0332497358322143,0.9519676566123962,0.99248468875885,0.0252968873828649,0.9193898735207968,25.98019875630915,25.8268614333576,8.639310598373413,3.1037206649780273,,,,,,,,,,,,,,,,,,,,,,,0.0,True,0.0
reembed,ip2p,dwtdct,411000000000,change_content,2,global_attribute,make it nighttime,1.0,32.0,2.3283064365386963e-10,True,26.0,True,,,0.2089650630950927,0.303179383277893,-0.0942143201828002,0.1041485145688057,0.5893523693084717,0.1223849728703498,0.830379068851471,0.5232044010285516,9.087808122260784,9.033917739433736,8.657081127166748,3.1037206649780273,,,,,,,,,,,,,,,,,,,,,,,0.0,True,0.0
reembed,ip2p,dwtdct,411000000000,change_content,3,background,replace the background with a beach,1.0,32.0,2.3283064365386963e-10,True,26.0,True,,,0.2089425772428512,0.2187066972255706,-0.0097641199827194,0.023400068283081,0.9419366717338562,0.9272988438606262,0.2729087769985199,0.8185595098361613,16.246869678481236,8.386857554105823,8.65348219871521,3.1037206649780273,,,,,,,,,,,,,,,,,,,,,,,0.0,True,0.0
reembed,ip2p,dwtdct,411000000000,change_content,4,style,turn it into a watercolor painting,1.0,32.0,2.3283064365386963e-10,True,26.0,True,,,0.1980014890432357,0.2156577110290527,-0.0176562219858169,0.118290401995182,0.9360664486885072,0.9055778980255128,0.2731241583824157,0.7423560949549968,18.03230316910492,9.553409398776894,8.654627561569214,3.1037206649780273,,,,,,,,,,,,,,,,,,,,,,,0.0,True,0.0
reembed,ip2p,dwtdct,511000000000,change_pose,0,none,,1.0,32.0,2.3283064365386963e-10,True,26.0,True,38.66740923667961,0.9920395373667524,,,,,,,,,,,,,,,,,,,,,,,,,,,,,,,,,,,,True,
reembed,ip2p,dwtdct,511000000000,change_pose,1,change_pose,change the laying down on to with tail down and make it jumping,1.0,32.0,2.3283064365386963e-10,True,26.0,True,,,0.2152788192033767,0.2628109157085418,-0.0475320965051651,0.0888089537620544,0.730218231678009,0.6818265318870544,0.1712821573019027,0.9281219825542468,17.457768338938003,17.532488966010412,8.60571837425232,3.1037206649780273,19.43983930267692,0.141060933470726,,,,,,,,,,,,,,,,,,,,,0.0,True,0.0
reembed,ip2p,dwtdct,511000000000,change_pose,2,global_attribute,make it nighttime,1.0,32.0,2.3283064365386963e-10,True,26.0,True,,,0.2166815400123596,0.2133677154779434,0.0033138245344161,0.1111136227846145,0.8209500312805176,0.7406349182128906,0.5721842050552368,0.5529433843107086,4.311107890880709,3.7205515005798713,8.626307487487793,3.1037206649780273,,,,,,,,,,,,,,,,,,,,,,,1.0,True,1.0
reembed,ip2p,dwtdct,511000000000,change_pose,3,background,make the background a city street,1.0,32.0,2.3283064365386963e-10,True,26.0,True,,,0.2461743056774139,0.2028430700302124,0.0433312356472015,0.160138189792633,0.8486554622650146,0.8401577472686768,0.3909413814544678,0.7893888834685088,18.819979050875876,3.2645628031442375,8.672065019607544,3.1037206649780273,,,,,,,,,,,,,,,,,,,,,,,1.0,True,1.0
reembed,ip2p,dwtdct,511000000000,change_pose,4,style,convert it to an oil painting,1.0,32.0,2.3283064365386963e-10,True,26.0,True,,,0.2182089686393737,0.2117906510829925,0.0064183175563812,0.091398037970066,0.9779587984085084,0.9650582671165466,0.1015661284327507,0.8969413243891718,28.16565690405256,3.380098887249752,8.663815021514893,3.1037206649780273,,,,,,,,,,,,,,,,,,,,,,,1.0,True,1.0
reembed,ip2p,dwtdct,611000000000,change_color,0,none,,1.0,32.0,2.3283064365386963e-10,True,26.0,True,38.902713724863794,0.9788001327826058,,,,,,,,,,,,,,,,,,,,,,,,,,,,,,,,,,,,True,
reembed,ip2p,dwtdct,611000000000,change_color,1,change_color,change the black to white and change the red to green,1.0,32.0,2.3283064365386963e-10,True,26.0,True,,,0.2129753977060318,0.203995019197464,0.0089803785085678,0.1858450174331665,0.948235273361206,0.9577689170837402,0.2827383875846863,0.5276930381238659,18.807396965897127,18.607415202629,8.652066230773926,3.1037206649780273,,,,,,,,,,,,,,,,,,,,,,,1.0,True,1.0
reembed,ip2p,dwtdct,611000000000,change_color,2,global_attribute,change the season to winter,1.0,32.0,2.3283064365386963e-10,True,26.0,True,,,0.2275656163692474,0.2120139598846435,0.0155516564846038,0.0059376750141382,0.9722307324409484,0.9609389305114746,0.2289491593837738,0.5099287743758653,13.257442763075671,14.520415905455671,8.655505895614624,3.1037206649780273,,,,,,,,,,,,,,,,,,,,,,,1.0,True,1.0
reembed,ip2p,dwtdct,611000000000,change_color,3,background,make the background a desert,1.0,32.0,2.3283064365386963e-10,True,26.0,True,,,0.1658106744289398,0.2265712916851043,-0.0607606172561645,0.2642118036746979,0.8837828636169434,0.8766100406646729,0.4723950922489166,0.5110415536080216,10.727558099260134,10.727511706774726,8.652143001556396,3.1037206649780273,,,,,,,,,,,,,,,,,,,,,,,0.0,True,0.0
reembed,ip2p,dwtdct,611000000000,change_color,4,style,convert it to an oil painting,1.0,32.0,2.3283064365386963e-10,True,26.0,True,,,0.1762973070144653,0.1753590404987335,0.0009382665157318,0.0650122761726379,0.9803258180618286,0.9884909391403198,0.0975264310836792,0.7939981547986172,18.99051230999896,10.381511284253722,8.655884265899658,3.1037206649780273,,,,,,,,,,,,,,,,,,,,,,,1.0,True,1.0
reembed,ip2p,dwtdct,711000000000,change_material,0,none,,0.53125,17.0,0.4300250329542905,False,26.0,False,43.689934462385274,0.9942413188682536,,,,,,,,,,,,,,,,,,,,,,,,,,,,,,,,,,,,False,
reembed,ip2p,dwtdct,711000000000,change_material,1,change_material,make it knitted and make it toy,0.53125,17.0,0.4300250329542905,False,26.0,False,,,0.2466079890727996,0.2097046077251434,0.0369033813476562,0.1490760296583175,0.6177746057510376,0.183901697397232,0.3832327425479889,0.6213176833746451,14.185523390664692,14.167228670085407,8.627597332000732,3.1037206649780273,22.155539151172757,0.1512353122234344,,,,,,,,,,,,,,,,,,,,,1.0,False,0.0
reembed,ip2p,dwtdct,711000000000,change_material,2,global_attribute,change the season to winter,0.53125,17.0,0.4300250329542905,False,26.0,False,,,0.2632701694965362,0.2235285639762878,0.0397416055202484,0.153731033205986,0.9553207159042358,0.9540926218032836,0.1040684729814529,0.8260069337511634,19.869796196044955,13.9985229163131,8.646634817123413,3.1037206649780273,,,,,,,,,,,,,,,,,,,,,,,1.0,False,0.0
reembed,ip2p,dwtdct,711000000000,change_material,3,background,make the background a desert,0.53125,17.0,0.4300250329542905,False,26.0,False,,,0.2413267791271209,0.253032922744751,-0.01170614361763,0.2529395520687103,0.9199625849723816,0.9503430128097534,0.2822432518005371,0.8081496759282669,12.72902530539781,10.317878979412654,8.650105953216553,3.1037206649780273,,,,,,,,,,,,,,,,,,,,,,,0.0,False,0.0
reembed,ip2p,dwtdct,711000000000,change_material,4,style,convert it to an oil painting,0.53125,17.0,0.4300250329542905,False,26.0,False,,,0.2473867833614349,0.2390069663524627,0.0083798170089721,0.0365740284323692,0.9676929712295532,0.9476794600486756,0.1090143620967865,0.8098636617303961,15.755126849360789,7.646453783005693,8.652034282684326,3.1037206649780273,,,,,,,,,,,,,,,,,,,,,,,1.0,False,0.0
reembed,ip2p,dwtdct,811000000000,change_background,0,none,,0.53125,17.0,0.4300250329542905,False,26.0,False,43.55890142215483,0.9932369026354442,,,,,,,,,,,,,,,,,,,,,,,,,,,,,,,,,,,,False,
reembed,ip2p,dwtdct,811000000000,change_background,1,change_background,change the white background to forest,0.53125,17.0,0.4300250329542905,False,26.0,False,,,0.2020096778869629,0.204248696565628,-0.0022390186786651,0.1895134896039962,0.5453241467475891,0.0673733502626419,0.9183388948440552,0.455139394871588,6.523880290517079,6.508385970820594,8.630365371704102,3.1037206649780273,6.833972104088382,0.8971055150032043,,,,,,,,,,,,,,,,,,,,,0.0,False,0.0
reembed,ip2p,dwtdct,811000000000,change_background,2,global_attribute,make it nighttime,0.53125,17.0,0.4300250329542905,False,26.0,False,,,0.2263681590557098,0.1931208223104477,0.0332473367452621,0.1605380475521087,0.944668173789978,0.8262341618537903,0.4432968497276306,0.2205314192543795,5.581458537382433,1.3804493879058566,8.667230367660522,3.1037206649780273,,,,,,,,,,,,,,,,,,,,,,,1.0,False,0.0
reembed,ip2p,dwtdct,811000000000,change_background,3,background,replace the background with a beach,0.53125,17.0,0.4300250329542905,False,26.0,False,,,0.1788661777973175,0.203516274690628,-0.0246500968933105,0.2763688862323761,0.8268334865570068,0.3831739425659179,0.7123394012451172,0.3017679009278979,7.503184765158649,5.669066647044502,8.67279601097107,3.1037206649780273,,,,,,,,,,,,,,,,,,,,,,,0.0,False,0.0
reembed,ip2p,dwtdct,811000000000,change_background,4,style,make it anime style,0.53125,17.0,0.4300250329542905,False,26.0,False,,,0.2353728860616684,0.182313472032547,0.0530594140291214,0.2756531834602356,0.8362653851509094,0.4470799267292022,0.6366835832595825,0.5275166520005197,11.027692062672172,7.196746623723172,8.690598726272583,3.1037206649780273,,,,,,,,,,,,,,,,,,,,,,,1.0,False,0.0
reembed,ip2p,dwtdct,911000000000,change_style,0,none,,1.0,32.0,2.3283064365386963e-10,True,26.0,True,40.25488393489556,0.9939228369907096,,,,,,,,,,,,,,,,,,,,,,,,,,,,,,,,,,,,True,
reembed,ip2p,dwtdct,911000000000,change_style,1,change_style,make it realism style and make it expressionism style,1.0,32.0,2.3283064365386963e-10,True,26.0,True,,,0.3000724613666534,0.2835132181644439,0.0165592432022094,0.1857001781463623,0.9771975874900818,0.9725977182388306,0.1250049620866775,0.6570113852548168,20.187082403143876,20.144341140018227,8.655630588531494,3.1037206649780273,,,,,,,,,,,,,,,,,,,,,,,1.0,True,1.0
reembed,ip2p,dwtdct,911000000000,change_style,2,global_attribute,make it nighttime,1.0,32.0,2.3283064365386963e-10,True,26.0,True,,,0.3030535280704498,0.2891185283660888,0.0139349997043609,0.058536373078823,0.9833014011383056,0.95952969789505,0.1551755517721176,0.5456944204724269,12.766209860853092,12.565335795396646,8.657470703125,3.1037206649780273,,,,,,,,,,,,,,,,,,,,,,,1.0,True,1.0
reembed,ip2p,dwtdct,911000000000,change_style,3,background,replace the background with a beach,1.0,32.0,2.3283064365386963e-10,True,26.0,True,,,0.2754175066947937,0.2891007363796234,-0.0136832296848297,0.0157955139875412,0.9305081367492676,0.905857264995575,0.2847223281860351,0.5662670786147855,10.00358785008489,10.851190592440672,8.660999298095703,3.1037206649780273,,,,,,,,,,,,,,,,,,,,,,,0.0,True,0.0
reembed,ip2p,dwtdct,911000000000,change_style,4,style,make it look cinematic,1.0,32.0,2.3283064365386963e-10,True,26.0,True,,,0.2822574377059936,0.2748121619224548,0.0074452757835388,-0.0115816658362746,0.995391011238098,0.9906612038612366,0.0411828756332397,0.9048912400149696,25.967931921727075,10.668286050483902,8.657389640808105,3.1037206649780273,,,,,,,,,,,,,,,,,,,,,,,0.0,True,0.0
reembed,ip2p,trustmark,111000000000,change_object,0,none,,1.0,100.0,7.888609052210118e-31,True,66.0,True,38.631498612644734,0.9794490155548148,,,,,,,,,,,,,,,,,,,,,,,,,,,,,,,,,,,,True,
reembed,ip2p,trustmark,111000000000,change_object,1,change_object,change the fishes to sharks and change the kelp to flowers,1.0,100.0,7.888609052210118e-31,True,66.0,True,,,0.2696277201175689,0.1984978765249252,0.0711298435926437,0.2208285331726074,0.906011402606964,0.6440895795822144,0.3931742310523987,0.4591061443257958,11.471878186524211,11.47628023999934,8.449480295181274,3.1037206649780273,,,,,,,,,,,,,,,,,,,,,,,1.0,True,1.0
reembed,ip2p,trustmark,111000000000,change_object,2,global_attribute,make it nighttime,1.0,100.0,7.888609052210118e-31,True,66.0,True,,,0.2647173702716827,0.266340434551239,-0.0016230642795562,0.0199109762907028,0.9876762628555298,0.9919135570526124,0.0630953982472419,0.8743774341131004,19.29441404024116,11.640704736210266,8.382686853408813,3.1037206649780273,,,,,,,,,,,,,,,,,,,,,,,0.0,True,0.0
reembed,ip2p,trustmark,111000000000,change_object,3,background,make the background a desert,1.0,100.0,7.888609052210118e-31,True,66.0,True,,,0.2649428844451904,0.2516450881958008,0.0132977962493896,0.0571725852787494,0.9726591110229492,0.9533294439315796,0.2088289409875869,0.7622938279400894,14.945227559837836,11.263991052731932,8.375580787658691,3.1037206649780273,,,,,,,,,,,,,,,,,,,,,,,1.0,True,1.0
reembed,ip2p,trustmark,111000000000,change_object,4,style,turn it into a watercolor painting,1.0,100.0,7.888609052210118e-31,True,66.0,True,,,0.2758375406265259,0.2762610912322998,-0.0004235506057739,0.0594317503273487,0.975335657596588,0.9550691246986388,0.1545723229646682,0.7412742706567718,13.870700479879677,9.747327880515414,8.374287128448486,3.1037206649780273,,,,,,,,,,,,,,,,,,,,,,,0.0,True,0.0
reembed,ip2p,trustmark,111000000001,change_object,0,none,,1.0,100.0,7.888609052210118e-31,True,66.0,True,43.146674016614554,0.9948480500215128,,,,,,,,,,,,,,,,,,,,,,,,,,,,,,,,,,,,True,
reembed,ip2p,trustmark,111000000001,change_object,1,change_object,change the cat to tiger and change the hat to scarf,1.0,100.0,7.888609052210118e-31,True,66.0,True,,,0.3165903091430664,0.226621925830841,0.0899683833122253,0.3277867138385772,0.7842328548431396,0.3431436121463775,0.6666048765182495,0.3201449483696348,8.42121023353673,8.393720251193947,8.385254383087158,3.1037206649780273,,,,,,,,,,,,,,,,,,,,,,,1.0,True,1.0
reembed,ip2p,trustmark,111000000001,change_object,2,global_attribute,make it rainy,1.0,100.0,7.888609052210118e-31,True,66.0,True,,,0.2816802859306335,0.2928020358085632,-0.0111217498779296,0.0253147240728139,0.9847900867462158,0.9905473589897156,0.0669864788651466,0.9414027119608592,23.24458738291366,8.360475718598487,8.379095792770386,3.1037206649780273,,,,,,,,,,,,,,,,,,,,,,,0.0,True,0.0
reembed,ip2p,trustmark,111000000001,change_object,3,background,make the background a desert,1.0,100.0,7.888609052210118e-31,True,66.0,True,,,0.3004149496555328,0.2682871520519256,0.0321277976036071,0.0184615962207317,0.9426338076591492,0.9280710220336914,0.1939965486526489,0.9126986944440084,17.05868483859798,8.1222722765273,8.37520456314087,3.1037206649780273,,,,,,,,,,,,,,,,,,,,,,,1.0,True,1.0
reembed,ip2p,trustmark,111000000001,change_object,4,style,make it look cinematic,1.0,100.0,7.888609052210118e-31,True,66.0,True,,,0.2834320962429046,0.2928839921951294,-0.0094518959522247,0.0482799038290977,0.9917747378349304,0.9897314310073853,0.0559181943535804,0.9161645086484546,19.36109372836596,7.811443783636216,8.375020742416382,3.1037206649780273,,,,,,,,,,,,,,,,,,,,,,,0.0,True,0.0
reembed,ip2p,trustmark,211000000000,add_object,0,none,,1.0,100.0,7.888609052210118e-31,True,66.0,True,42.30235212491837,0.9915421004737184,,,,,,,,,,,,,,,,,,,,,,,,,,,,,,,,,,,,True,
reembed,ip2p,trustmark,211000000000,add_object,1,add_object,add and scarf and add with flowers in mouth,1.0,100.0,7.888609052210118e-31,True,66.0,True,,,0.1396355926990509,0.254887580871582,-0.1152519881725311,0.1872463822364807,0.6867800951004028,0.0709162056446075,0.5664858818054199,0.5029963413714061,14.857151900504457,14.85914365315248,8.377531051635742,3.1037206649780273,,,,,,,,,,,,,,,,,,,,,,,0.0,True,0.0
reembed,ip2p,trustmark,211000000000,add_object,2,global_attribute,make it rainy,1.0,100.0,7.888609052210118e-31,True,66.0,True,,,0.1442433148622512,0.1436317563056945,0.0006115585565567,0.0717003792524337,0.9791768789291382,0.9846435189247132,0.0873352587223053,0.910546063450043,28.465277872950367,14.574480428190553,8.377699851989746,3.1037206649780273,,,,,,,,,,,,,,,,,,,,,,,1.0,True,1.0
reembed,ip2p,trustmark,211000000000,add_object,3,background,make the background a desert,1.0,100.0,7.888609052210118e-31,True,66.0,True,,,0.163434088230133,0.1573457419872284,0.0060883462429046,-0.0493189617991447,0.9769806265830994,0.9642130136489868,0.1704215705394745,0.8713251879987501,19.172405840265853,12.46390860249332,8.377785444259644,3.1037206649780273,,,,,,,,,,,,,,,,,,,,,,,0.0,True,0.0
reembed,ip2p,trustmark,211000000000,add_object,4,style,make it anime style,1.0,100.0,7.888609052210118e-31,True,66.0,True,,,0.1861311197280883,0.1518788635730743,0.034252256155014,0.2323018014430999,0.9601075649261476,0.943900465965271,0.1829800605773925,0.7149365646581219,13.087345006545345,8.585286753741455,8.37437653541565,3.1037206649780273,,,,,,,,,,,,,,,,,,,,,,,1.0,True,1.0
reembed,ip2p,trustmark,311000000000,delete_object,0,none,,1.0,100.0,7.888609052210118e-31,True,66.0,True,43.410873046272926,0.9934109017052852,,,,,,,,,,,,,,,,,,,,,,,,,,,,,,,,,,,,True,
reembed,ip2p,trustmark,311000000000,delete_object,1,delete_object,remove of yellow flowers,1.0,100.0,7.888609052210118e-31,True,66.0,True,,,0.2175944596529007,0.1901391297578811,0.0274553298950195,0.1856139898300171,0.8780795335769653,0.7289860248565674,0.3809047639369964,0.8339771509194335,15.98347338771007,16.028321322003364,8.379998207092285,3.1037206649780273,18.93775217867208,0.257729560136795,,,,,,,,,,,,,,,,,,,,,1.0,True,1.0
reembed,ip2p,trustmark,311000000000,delete_object,2,global_attribute,change the season to winter,1.0,100.0,7.888609052210118e-31,True,66.0,True,,,0.2545675337314605,0.223752737045288,0.0308147966861724,0.2204537093639373,0.9402322173118592,0.8192856907844543,0.1214307844638824,0.959416959440202,20.469711206575457,16.01206614643598,8.382434606552124,3.1037206649780273,,,,,,,,,,,,,,,,,,,,,,,1.0,True,1.0
reembed,ip2p,trustmark,311000000000,delete_object,3,background,replace the background with a beach,1.0,100.0,7.888609052210118e-31,True,66.0,True,,,0.2388518154621124,0.2502517402172088,-0.0113999247550964,0.2735701203346252,0.9115641117095948,0.9173399209976196,0.2637195587158203,0.9103203667647068,19.678879661486818,14.928463626986112,8.375176906585693,3.1037206649780273,,,,,,,,,,,,,,,,,,,,,,,0.0,True,0.0
reembed,ip2p,trustmark,311000000000,delete_object,4,style,make it look cinematic,1.0,100.0,7.888609052210118e-31,True,66.0,True,,,0.248706430196762,0.2354502379894256,0.0132561922073364,-0.0225857272744178,0.9837830066680908,0.9663150906562804,0.125703826546669,0.9188562643373324,17.883774757858212,12.08020931518188,8.373429298400879,3.1037206649780273,,,,,,,,,,,,,,,,,,,,,,,0.0,True,0.0
reembed,ip2p,trustmark,411000000000,change_content,0,none,,1.0,100.0,7.888609052210118e-31,True,66.0,True,40.39757340480904,0.9903162660534416,,,,,,,,,,,,,,,,,,,,,,,,,,,,,,,,,,,,True,
reembed,ip2p,trustmark,411000000000,change_content,1,change_content,change the big to small and make it big,1.0,100.0,7.888609052210118e-31,True,66.0,True,,,0.3136839568614959,0.3094693422317505,0.0042146146297454,0.028296248987317,0.9745851755142212,0.9898293614387512,0.0215976890176534,0.9270539683489668,25.84488891622588,25.538427296742796,8.378616333007812,3.1037206649780273,,,,,,,,,,,,,,,,,,,,,,,1.0,True,1.0
reembed,ip2p,trustmark,411000000000,change_content,2,global_attribute,make it nighttime,1.0,100.0,7.888609052210118e-31,True,66.0,True,,,0.2092989385128021,0.2990798652172088,-0.0897809267044067,0.1183816343545913,0.5694692134857178,0.1033918783068656,0.7005137205123901,0.537517041352748,9.733056514062143,9.522991312387246,8.376538276672363,3.1037206649780273,,,,,,,,,,,,,,,,,,,,,,,0.0,True,0.0
reembed,ip2p,trustmark,411000000000,change_content,3,background,replace the background with a beach,1.0,100.0,7.888609052210118e-31,True,66.0,True,,,0.1894353181123733,0.2039504796266555,-0.0145151615142822,0.2358864396810531,0.8336421251296997,0.8158919811248779,0.3711881041526794,0.7829704841852966,15.22077074580639,8.58784621665735,8.378071308135986,3.1037206649780273,,,,,,,,,,,,,,,,,,,,,,,0.0,True,0.0
reembed,ip2p,trustmark,411000000000,change_content,4,style,turn it into a watercolor painting,0.99,99.0,7.967495142732218e-29,True,66.0,False,,,0.2222117185592651,0.203760951757431,0.0184507668018341,0.141358345746994,0.9596205353736876,0.9108439087867736,0.2120551615953445,0.7987095002786258,18.87431765273356,9.639153905670597,8.381759881973267,3.1037206649780273,,,,,,,,,,,,,,,,,,,,,,,1.0,True,1.0
reembed,ip2p,trustmark,511000000000,change_pose,0,none,,1.0,100.0,7.888609052210118e-31,True,66.0,True,47.274036827476,0.9971012438864868,,,,,,,,,,,,,,,,,,,,,,,,,,,,,,,,,,,,True,
reembed,ip2p,trustmark,511000000000,change_pose,1,change_pose,change the laying down on to with tail down and make it jumping,1.0,100.0,7.888609052210118e-31,True,66.0,True,,,0.2176738977432251,0.2589403390884399,-0.0412664413452148,0.1489685922861099,0.7623213529586792,0.5349940061569214,0.3972031474113464,0.8708011256982706,14.403999833002851,14.368828010940518,8.380708456039429,3.1037206649780273,15.110750863111097,0.3824405074119568,,,,,,,,,,,,,,,,,,,,,0.0,True,0.0
reembed,ip2p,trustmark,511000000000,change_pose,2,global_attribute,make it nighttime,1.0,100.0,7.888609052210118e-31,True,66.0,True,,,0.2085767090320587,0.2030801922082901,0.0054965168237686,0.1515754014253616,0.8096375465393066,0.7499920129776001,0.5094632506370544,0.4918943874577992,3.955382039314878,3.2564474618331025,8.378705978393555,3.1037206649780273,,,,,,,,,,,,,,,,,,,,,,,1.0,True,1.0
reembed,ip2p,trustmark,511000000000,change_pose,3,background,make the background a city street,1.0,100.0,7.888609052210118e-31,True,66.0,True,,,0.2639393806457519,0.1807563453912735,0.0831830352544784,0.2904476821422577,0.8587753176689148,0.7678043246269226,0.4247319400310516,0.7402321255339319,16.51155084912781,4.099578705567442,8.373681545257568,3.1037206649780273,,,,,,,,,,,,,,,,,,,,,,,1.0,True,1.0
reembed,ip2p,trustmark,511000000000,change_pose,4,style,convert it to an oil painting,1.0,100.0,7.888609052210118e-31,True,66.0,True,,,0.2567911744117737,0.2649288475513458,-0.0081376731395721,0.1431138217449188,0.9692939519882202,0.9751218557357788,0.0978837683796882,0.8918372964263453,26.108052321152655,4.57368980523895,8.374531984329224,3.1037206649780273,,,,,,,,,,,,,,,,,,,,,,,0.0,True,0.0
reembed,ip2p,trustmark,611000000000,change_color,0,none,,1.0,100.0,7.888609052210118e-31,True,66.0,True,43.6886415992153,0.9854123707139631,,,,,,,,,,,,,,,,,,,,,,,,,,,,,,,,,,,,True,
reembed,ip2p,trustmark,611000000000,change_color,1,change_color,change the black to white and change the red to green,1.0,100.0,7.888609052210118e-31,True,66.0,True,,,0.2134110629558563,0.2106473743915558,0.0027636885643005,0.1784697473049163,0.9437195658683776,0.94694721698761,0.2748684585094452,0.5020183169330107,18.469576301699412,18.3666217028744,8.374510526657104,3.1037206649780273,,,,,,,,,,,,,,,,,,,,,,,1.0,True,1.0
reembed,ip2p,trustmark,611000000000,change_color,2,global_attribute,change the season to winter,1.0,100.0,7.888609052210118e-31,True,66.0,True,,,0.2440717816352844,0.2128835320472717,0.0311882495880126,0.0017811581492424,0.9562135934829712,0.9536751508712769,0.222951665520668,0.4977749805636479,13.68233111422878,15.101818616665303,8.374574422836304,3.1037206649780273,,,,,,,,,,,,,,,,,,,,,,,1.0,True,1.0
reembed,ip2p,trustmark,611000000000,change_color,3,background,make the background a desert,1.0,100.0,7.888609052210118e-31,True,66.0,True,,,0.1780562996864318,0.2422967106103897,-0.0642404109239578,0.1966840475797653,0.8982325792312622,0.8693547248840332,0.5043823719024658,0.5203546887653484,10.79560203444928,11.26538396365849,8.377464294433594,3.1037206649780273,,,,,,,,,,,,,,,,,,,,,,,0.0,True,0.0
reembed,ip2p,trustmark,611000000000,change_color,4,style,convert it to an oil painting,1.0,100.0,7.888609052210118e-31,True,66.0,True,,,0.1875803023576736,0.1890625357627868,-0.0014822334051132,0.0618064105510711,0.9785804152488708,0.9853287935256958,0.0904382020235061,0.7628566023222957,17.4507122257447,10.440857886742265,8.379469633102417,3.1037206649780273,,,,,,,,,,,,,,,,,,,,,,,0.0,True,0.0
reembed,ip2p,trustmark,711000000000,change_material,0,none,,1.0,100.0,7.888609052210118e-31,True,66.0,True,43.48133736077784,0.9952483255560995,,,,,,,,,,,,,,,,,,,,,,,,,,,,,,,,,,,,True,
reembed,ip2p,trustmark,711000000000,change_material,1,change_material,make it knitted and make it toy,1.0,100.0,7.888609052210118e-31,True,66.0,True,,,0.187231570482254,0.2162686884403228,-0.0290371179580688,0.1729863733053207,0.5753296613693237,0.183664858341217,0.3795530200004577,0.6331534022538715,14.39951830159011,14.36823027510708,8.379995584487915,3.1037206649780273,23.043347838037008,0.1541364341974258,,,,,,,,,,,,,,,,,,,,,0.0,True,0.0
reembed,ip2p,trustmark,711000000000,change_material,2,global_attribute,change the season to winter,1.0,100.0,7.888609052210118e-31,True,66.0,True,,,0.2247421443462371,0.162537083029747,0.0622050613164901,0.1558922380208969,0.9448959827423096,0.9718118906021118,0.0715018883347511,0.849306327645566,21.041243267615187,14.320317482697613,8.37727165222168,3.1037206649780273,,,,,,,,,,,,,,,,,,,,,,,1.0,True,1.0
reembed,ip2p,trustmark,711000000000,change_material,3,background,make the background a desert,1.0,100.0,7.888609052210118e-31,True,66.0,True,,,0.2189179062843322,0.2184995859861374,0.0004183202981948,0.1470780074596405,0.9004882574081421,0.9553235769271852,0.241024911403656,0.8270502390683397,14.280703571136662,11.179033048096654,8.37678837776184,3.1037206649780273,,,,,,,,,,,,,,,,,,,,,,,1.0,True,1.0
reembed,ip2p,trustmark,711000000000,change_material,4,style,convert it to an oil painting,1.0,100.0,7.888609052210118e-31,True,66.0,True,,,0.2173990905284881,0.2224335372447967,-0.0050344467163085,0.1173950135707855,0.9609785676002502,0.9744257926940918,0.1342825293540954,0.8524446187302376,17.900283529406,8.80278216561094,8.374469995498657,3.1037206649780273,,,,,,,,,,,,,,,,,,,,,,,0.0,True,0.0
reembed,ip2p,trustmark,811000000000,change_background,0,none,,1.0,100.0,7.888609052210118e-31,True,66.0,True,44.57531009636835,0.995145435640316,,,,,,,,,,,,,,,,,,,,,,,,,,,,,,,,,,,,True,
reembed,ip2p,trustmark,811000000000,change_background,1,change_background,change the white background to forest,1.0,100.0,7.888609052210118e-31,True,66.0,True,,,0.1860357522964477,0.1874955892562866,-0.0014598369598388,0.1821004748344421,0.5102403163909912,0.15216064453125,0.9256693124771118,0.4418035630706233,6.384110731130238,6.3542842950728,8.376307964324951,3.1037206649780273,6.759318321466149,0.9054376482963562,,,,,,,,,,,,,,,,,,,,,0.0,True,0.0
reembed,ip2p,trustmark,811000000000,change_background,2,global_attribute,make it nighttime,0.99,99.0,7.967495142732218e-29,True,66.0,False,,,0.2257851362228393,0.1749283969402313,0.050856739282608,0.1378353983163833,0.9252853989601136,0.8001037836074829,0.4670429527759552,0.2229914311820323,5.81346658520739,1.4020610947297718,8.375118732452393,3.1037206649780273,,,,,,,,,,,,,,,,,,,,,,,1.0,True,1.0
reembed,ip2p,trustmark,811000000000,change_background,3,background,replace the background with a beach,0.99,99.0,7.967495142732218e-29,True,66.0,False,,,0.2263134717941284,0.2051013708114624,0.021212100982666,0.181236445903778,0.8916083574295044,0.4469538927078247,0.6750994324684143,0.2960393393922789,7.173610976836432,5.660000080936993,8.374497652053833,3.1037206649780273,,,,,,,,,,,,,,,,,,,,,,,1.0,True,1.0
reembed,ip2p,trustmark,811000000000,change_background,4,style,make it anime style,0.99,99.0,7.967495142732218e-29,True,66.0,False,,,0.1966297924518585,0.2306422144174575,-0.034012421965599,0.2424684762954712,0.8500894904136658,0.5887891054153442,0.6052550077438354,0.6057495456872724,12.013536264579514,7.538468252400667,8.377401113510132,3.1037206649780273,,,,,,,,,,,,,,,,,,,,,,,0.0,True,0.0
reembed,ip2p,trustmark,911000000000,change_style,0,none,,0.98,98.0,3.9845364322713306e-27,True,66.0,False,38.59798142763941,0.990085492902628,,,,,,,,,,,,,,,,,,,,,,,,,,,,,,,,,,,,True,
reembed,ip2p,trustmark,911000000000,change_style,1,change_style,make it realism style and make it expressionism style,0.98,98.0,3.9845364322713306e-27,True,66.0,False,,,0.2999387383460998,0.2859901189804077,0.0139486193656921,0.173441857099533,0.9757602214813232,0.9551860690116882,0.1388036608695984,0.6643388672365682,19.560293756309267,19.47068983754854,8.37476396560669,3.1037206649780273,,,,,,,,,,,,,,,,,,,,,,,1.0,True,1.0
reembed,ip2p,trustmark,911000000000,change_style,2,global_attribute,make it nighttime,0.98,98.0,3.9845364322713306e-27,True,66.0,False,,,0.2933247983455658,0.2887267470359802,0.0045980513095855,0.1008806675672531,0.9845970869064332,0.9521732926368712,0.165685623884201,0.5381942822179218,12.348385560357023,12.10937597552956,8.375694513320923,3.1037206649780273,,,,,,,,,,,,,,,,,,,,,,,1.0,True,1.0
reembed,ip2p,trustmark,911000000000,change_style,3,background,replace the background with a beach,0.98,98.0,3.9845364322713306e-27,True,66.0,False,,,0.2685625553131103,0.2799973487854004,-0.01143479347229,0.0179288573563098,0.9351986050605774,0.923086404800415,0.2699535191059112,0.5621218330938079,10.518441940707357,10.716755597850533,8.374958992004395,3.1037206649780273,,,,,,,,,,,,,,,,,,,,,,,0.0,True,0.0
reembed,ip2p,trustmark,911000000000,change_style,4,style,make it look cinematic,0.98,98.0,3.9845364322713306e-27,True,66.0,False,,,0.2807589173316955,0.2732037901878357,0.0075551271438598,0.0307937450706958,0.9970026016235352,0.9941664338111876,0.0408139191567897,0.91404033608027,25.92256754810069,10.390912814852785,8.380578994750977,3.1037206649780273,,,,,,,,,,,,,,,,,,,,,,,1.0,True,1.0
reembed,ip2p,wam,111000000000,change_object,0,none,,1.0,32.0,2.3283064365386963e-10,True,26.0,True,37.40846966059051,0.9837146181403482,,,,,,,,,,,,,,,,,,,,,,,,,,,,,,,,,,0.999114990234375,,True,
reembed,ip2p,wam,111000000000,change_object,1,change_object,change the fishes to sharks and change the kelp to flowers,1.0,32.0,2.3283064365386963e-10,True,26.0,True,,,0.2670431137084961,0.200656309723854,0.066386803984642,0.2136976420879364,0.9109638929367064,0.6480820178985596,0.4009649455547333,0.4476827399455755,11.294653609597898,11.262293459104542,8.427901029586792,3.1037206649780273,,,,,,,,,,,,,,,,,,,,,,1.0,1.0,True,1.0
reembed,ip2p,wam,111000000000,change_object,2,global_attribute,make it nighttime,1.0,32.0,2.3283064365386963e-10,True,26.0,True,,,0.266841322183609,0.2648642361164093,0.0019770860671997,0.0038792602717876,0.9935634136199952,0.9908370971679688,0.0616254359483718,0.8763082993033597,19.88096517087817,11.41302752786656,8.394020318984985,3.1037206649780273,,,,,,,,,,,,,,,,,,,,,,1.0,1.0,True,1.0
reembed,ip2p,wam,111000000000,change_object,3,background,make the background a desert,1.0,32.0,2.3283064365386963e-10,True,26.0,True,,,0.2612354755401611,0.2544451057910919,0.0067903697490692,0.1592451483011245,0.9734638929367064,0.9548915028572084,0.1982481479644775,0.7734805578994708,15.03414007651694,10.993186380697331,8.394320726394653,3.1037206649780273,,,,,,,,,,,,,,,,,,,,,,1.0,1.0,True,1.0
reembed,ip2p,wam,111000000000,change_object,4,style,turn it into a watercolor painting,1.0,32.0,2.3283064365386963e-10,True,26.0,True,,,0.2709541320800781,0.27863609790802,-0.0076819658279418,0.0363119281828403,0.963477611541748,0.9519450664520264,0.1614387929439544,0.7482767556342232,14.273105156892996,9.164869513007844,8.394560813903809,3.1037206649780273,,,,,,,,,,,,,,,,,,,,,,1.0,0.0,True,0.0
reembed,ip2p,wam,111000000001,change_object,0,none,,1.0,32.0,2.3283064365386963e-10,True,26.0,True,39.665853668378055,0.9891270871343876,,,,,,,,,,,,,,,,,,,,,,,,,,,,,,,,,,1.0,,True,
reembed,ip2p,wam,111000000001,change_object,1,change_object,change the cat to tiger and change the hat to scarf,1.0,32.0,2.3283064365386963e-10,True,26.0,True,,,0.3229641020298004,0.2093647718429565,0.1135993301868438,0.3254794180393219,0.7850462198257446,0.3258802890777588,0.6672172546386719,0.3251289581814852,8.387183226200314,8.386987249454124,8.390597581863403,3.1037206649780273,,,,,,,,,,,,,,,,,,,,,,1.0,1.0,True,1.0
reembed,ip2p,wam,111000000001,change_object,2,global_attribute,make it rainy,1.0,32.0,2.3283064365386963e-10,True,26.0,True,,,0.3065218925476074,0.3036093115806579,0.0029125809669494,-0.0021462282165884,0.9902858138084412,0.9841758608818054,0.049105230718851,0.9412878417857966,23.835247843459832,8.402888446342434,8.390331268310547,3.1037206649780273,,,,,,,,,,,,,,,,,,,,,,1.0,0.0,True,0.0
reembed,ip2p,wam,111000000001,change_object,3,background,make the background a desert,1.0,32.0,2.3283064365386963e-10,True,26.0,True,,,0.2777645289897918,0.2905062735080719,-0.01274174451828,-0.0046987682580947,0.988832950592041,0.983333706855774,0.145475223660469,0.9188524097509788,18.419398116510997,8.295179761607557,8.390682697296143,3.1037206649780273,,,,,,,,,,,,,,,,,,,,,,1.0,0.0,True,0.0
reembed,ip2p,wam,111000000001,change_object,4,style,make it look cinematic,1.0,32.0,2.3283064365386963e-10,True,26.0,True,,,0.2665179967880249,0.2710653841495514,-0.0045473873615264,-0.0214699879288673,0.9920467138290404,0.988877296447754,0.0436401776969432,0.9525193867262846,26.14145515658648,8.202242911869208,8.39014983177185,3.1037206649780273,,,,,,,,,,,,,,,,,,,,,,1.0,0.0,True,0.0
reembed,ip2p,wam,211000000000,add_object,0,none,,1.0,32.0,2.3283064365386963e-10,True,26.0,True,38.11271040386504,0.971313697833561,,,,,,,,,,,,,,,,,,,,,,,,,,,,,,,,,,1.0,,True,
reembed,ip2p,wam,211000000000,add_object,1,add_object,add and scarf and add with flowers in mouth,1.0,32.0,2.3283064365386963e-10,True,26.0,True,,,0.1690087914466858,0.2524295151233673,-0.0834207236766815,0.1844216585159301,0.7012061476707458,0.1882925033569336,0.4535621702671051,0.5453027869852051,16.598903267269186,16.549288028102996,8.394671201705933,3.1037206649780273,,,,,,,,,,,,,,,,,,,,,,1.0,0.0,True,0.0
reembed,ip2p,wam,211000000000,add_object,2,global_attribute,make it rainy,1.0,32.0,2.3283064365386963e-10,True,26.0,True,,,0.1829815655946731,0.1707819253206253,0.0121996402740478,0.0305334739387035,0.9816235899925232,0.98485267162323,0.0777582675218582,0.902481724757589,29.49698226634361,16.13692458029736,8.396841764450073,3.1037206649780273,,,,,,,,,,,,,,,,,,,,,,1.0,1.0,True,1.0
reembed,ip2p,wam,211000000000,add_object,3,background,make the background a desert,1.0,32.0,2.3283064365386963e-10,True,26.0,True,,,0.2059463858604431,0.185034692287445,0.020911693572998,-0.0092830918729305,0.96882826089859,0.95359605550766,0.1860963255167007,0.7524537843624213,14.891256473852422,11.766598989228497,8.394956111907959,3.1037206649780273,,,,,,,,,,,,,,,,,,,,,,1.0,0.0,True,0.0
reembed,ip2p,wam,211000000000,add_object,4,style,make it anime style,1.0,32.0,2.3283064365386963e-10,True,26.0,True,,,0.2124076187610626,0.204883337020874,0.0075242817401885,0.1277573108673095,0.9673283100128174,0.9710209369659424,0.1795835942029953,0.6883674814755203,13.807192609496262,8.64164855079499,8.396891117095947,3.1037206649780273,,,,,,,,,,,,,,,,,,,,,,1.0,1.0,True,1.0
reembed,ip2p,wam,311000000000,delete_object,0,none,,1.0,32.0,2.3283064365386963e-10,True,26.0,True,42.44143802554333,0.9908210419368684,,,,,,,,,,,,,,,,,,,,,,,,,,,,,,,,,,1.0,,True,
reembed,ip2p,wam,311000000000,delete_object,1,delete_object,remove of yellow flowers,1.0,32.0,2.3283064365386963e-10,True,26.0,True,,,0.2093451470136642,0.1912651658058166,0.0180799812078475,0.1924635767936706,0.8849496245384216,0.6869844794273376,0.3907760977745056,0.8123335836438278,15.866199120513878,15.866434785260717,8.399742364883423,3.1037206649780273,18.499257743148384,0.2714124917984009,,,,,,,,,,,,,,,,,,,,1.0,1.0,True,1.0
reembed,ip2p,wam,311000000000,delete_object,2,global_attribute,change the season to winter,1.0,32.0,2.3283064365386963e-10,True,26.0,True,,,0.2236455231904983,0.2037726640701294,0.0198728591203689,0.1584725677967071,0.7542556524276733,0.1308497488498687,0.3101148605346679,0.8972332529232672,15.451949609209263,15.610959794380424,8.39488172531128,3.1037206649780273,,,,,,,,,,,,,,,,,,,,,,1.0,1.0,True,1.0
reembed,ip2p,wam,311000000000,delete_object,3,background,replace the background with a beach,1.0,32.0,2.3283064365386963e-10,True,26.0,True,,,0.2069112509489059,0.2184361964464187,-0.0115249454975128,0.274479329586029,0.8953559398651123,0.392565906047821,0.2876501977443695,0.9147916751894692,18.138942212554305,12.99437204580882,8.394681453704834,3.1037206649780273,,,,,,,,,,,,,,,,,,,,,,1.0,0.0,True,0.0
reembed,ip2p,wam,311000000000,delete_object,4,style,make it look cinematic,1.0,32.0,2.3283064365386963e-10,True,26.0,True,,,0.2246126234531402,0.2125937193632125,0.0120189040899276,0.0889643803238868,0.9584845900535583,0.7640348076820374,0.2022789418697357,0.885636637389279,14.358080881127435,10.245042283339664,8.394501209259033,3.1037206649780273,,,,,,,,,,,,,,,,,,,,,,1.0,1.0,True,1.0
reembed,ip2p,wam,411000000000,change_content,0,none,,1.0,32.0,2.3283064365386963e-10,True,26.0,True,38.78799659980266,0.9841482721958212,,,,,,,,,,,,,,,,,,,,,,,,,,,,,,,,,,1.0,,True,
reembed,ip2p,wam,411000000000,change_content,1,change_content,change the big to small and make it big,1.0,32.0,2.3283064365386963e-10,True,26.0,True,,,0.316260278224945,0.3105683326721191,0.0056919455528259,-0.0171856973320245,0.986302614212036,0.9934622049331664,0.0454020611941814,0.9136550000959844,26.017331374798705,25.726145206218803,8.395089626312256,3.1037206649780273,,,,,,,,,,,,,,,,,,,,,,1.0,0.0,True,0.0
reembed,ip2p,wam,411000000000,change_content,2,global_attribute,make it nighttime,1.0,32.0,2.3283064365386963e-10,True,26.0,True,,,0.1974503397941589,0.3044275641441345,-0.1069772243499755,0.0705954134464263,0.5475797653198242,0.0784023776650428,0.8456949591636658,0.5045090161357487,9.244788930606118,9.135780961466384,8.394654750823975,3.1037206649780273,,,,,,,,,,,,,,,,,,,,,,1.0,0.0,True,0.0
reembed,ip2p,wam,411000000000,change_content,3,background,replace the background with a beach,1.0,32.0,2.3283064365386963e-10,True,26.0,True,,,0.2294974029064178,0.2119978666305542,0.0174995362758636,0.0398975238204002,0.934240460395813,0.8584038615226746,0.2415608167648315,0.829415130498394,17.39955454518074,8.492962790055238,8.395319938659668,3.1037206649780273,,,,,,,,,,,,,,,,,,,,,,0.9976959228515624,1.0,True,1.0
reembed,ip2p,wam,411000000000,change_content,4,style,turn it into a watercolor painting,1.0,32.0,2.3283064365386963e-10,True,26.0,True,,,0.2181901335716247,0.2434723675251007,-0.0252822339534759,0.0228748545050621,0.9452409744262696,0.92717444896698,0.2814503610134125,0.7658266696735009,17.26748027337214,9.89767733734423,8.393365621566772,3.1037206649780273,,,,,,,,,,,,,,,,,,,,,,1.0,0.0,True,0.0
reembed,ip2p,wam,511000000000,change_pose,0,none,,1.0,32.0,2.3283064365386963e-10,True,26.0,True,42.213464807691075,0.9785141140443526,,,,,,,,,,,,,,,,,,,,,,,,,,,,,,,,,,1.0,,True,
reembed,ip2p,wam,511000000000,change_pose,1,change_pose,change the laying down on to with tail down and make it jumping,1.0,32.0,2.3283064365386963e-10,True,26.0,True,,,0.2398107349872589,0.2801777422428131,-0.0403670072555542,0.0301902387291193,0.7792320251464844,0.504392683506012,0.4520327746868133,0.8520945883930845,13.573349256554636,13.571804342587658,8.390907764434814,3.1037206649780273,14.144753311521493,0.4363220930099487,,,,,,,,,,,,,,,,,,,,1.0,0.0,True,0.0
reembed,ip2p,wam,511000000000,change_pose,2,global_attribute,make it nighttime,1.0,32.0,2.3283064365386963e-10,True,26.0,True,,,0.2560403943061828,0.2329903841018676,0.0230500102043151,0.0715670213103294,0.8570736646652222,0.6851013898849487,0.5021987557411194,0.5811004529198344,5.604240955052156,3.835239941916485,8.390710353851318,3.1037206649780273,,,,,,,,,,,,,,,,,,,,,,1.0,1.0,True,1.0
reembed,ip2p,wam,511000000000,change_pose,3,background,make the background a city street,1.0,32.0,2.3283064365386963e-10,True,26.0,True,,,0.2889496088027954,0.2361516058444976,0.0527980029582977,0.3229134976863861,0.901390552520752,0.5270851850509644,0.4497067630290985,0.7267214316500937,17.976503638840448,4.797144453359683,8.391620874404907,3.1037206649780273,,,,,,,,,,,,,,,,,,,,,,1.0,1.0,True,1.0
reembed,ip2p,wam,511000000000,change_pose,4,style,convert it to an oil painting,1.0,32.0,2.3283064365386963e-10,True,26.0,True,,,0.3020884990692138,0.2819231748580932,0.0201653242111206,0.0850894749164581,0.9585206508636476,0.8482714891433716,0.196044310927391,0.8628703339117326,24.770907969302257,5.256469083261019,8.39581823348999,3.1037206649780273,,,,,,,,,,,,,,,,,,,,,,1.0,1.0,True,1.0
reembed,ip2p,wam,611000000000,change_color,0,none,,1.0,32.0,2.3283064365386963e-10,True,26.0,True,37.589277394459224,0.9464888602556508,,,,,,,,,,,,,,,,,,,,,,,,,,,,,,,,,,1.0,,True,
reembed,ip2p,wam,611000000000,change_color,1,change_color,change the black to white and change the red to green,1.0,32.0,2.3283064365386963e-10,True,26.0,True,,,0.2147539854049682,0.2105950564146042,0.004158928990364,0.2150458395481109,0.9557085037231444,0.9523810148239136,0.3127639293670654,0.5270410115619931,18.776223991399064,18.689532036669668,8.39356803894043,3.1037206649780273,,,,,,,,,,,,,,,,,,,,,,1.0,1.0,True,1.0
reembed,ip2p,wam,611000000000,change_color,2,global_attribute,change the season to winter,1.0,32.0,2.3283064365386963e-10,True,26.0,True,,,0.2334707081317901,0.2132523655891418,0.0202183425426483,0.0970395132899284,0.9565975666046144,0.9610798358917236,0.2330334633588791,0.5363983028054079,14.084355626190074,15.198625931599436,8.393660068511963,3.1037206649780273,,,,,,,,,,,,,,,,,,,,,,1.0,1.0,True,1.0
reembed,ip2p,wam,611000000000,change_color,3,background,make the background a desert,1.0,32.0,2.3283064365386963e-10,True,26.0,True,,,0.1789321005344391,0.2338177263736724,-0.0548856258392334,0.2424134612083435,0.8548604846000671,0.8605620861053467,0.5387436151504517,0.4617262687768056,10.40147419848842,10.731644881546602,8.392884492874146,3.1037206649780273,,,,,,,,,,,,,,,,,,,,,,1.0,0.0,True,0.0
reembed,ip2p,wam,611000000000,change_color,4,style,convert it to an oil painting,1.0,32.0,2.3283064365386963e-10,True,26.0,True,,,0.182214468717575,0.1858159005641937,-0.0036014318466186,0.0946330279111862,0.97350811958313,0.9853816628456116,0.0864120423793792,0.7177245115803207,17.0086960745947,9.64427993446224,8.393770217895508,3.1037206649780273,,,,,,,,,,,,,,,,,,,,,,1.0,0.0,True,0.0
reembed,ip2p,wam,711000000000,change_material,0,none,,1.0,32.0,2.3283064365386963e-10,True,26.0,True,40.816037454216655,0.9905307661331328,,,,,,,,,,,,,,,,,,,,,,,,,,,,,,,,,,1.0,,True,
reembed,ip2p,wam,711000000000,change_material,1,change_material,make it knitted and make it toy,1.0,32.0,2.3283064365386963e-10,True,26.0,True,,,0.1972475200891494,0.213683620095253,-0.0164361000061035,0.1621186286211013,0.5888974666595459,0.178096055984497,0.3870784640312195,0.6140564338062418,14.28317924669354,14.266353107622797,8.395167589187622,3.1037206649780273,23.309682027453835,0.1631826162338256,,,,,,,,,,,,,,,,,,,,1.0,0.0,True,0.0
reembed,ip2p,wam,711000000000,change_material,2,global_attribute,change the season to winter,1.0,32.0,2.3283064365386963e-10,True,26.0,True,,,0.1864074915647506,0.1861552894115448,0.0002522021532058,-0.0093247182667255,0.9405542612075806,0.9706242680549622,0.1007922440767288,0.8226414970517052,21.38350947328435,14.194355254705066,8.393088102340698,3.1037206649780273,,,,,,,,,,,,,,,,,,,,,,1.0,0.0,True,0.0
reembed,ip2p,wam,711000000000,change_material,3,background,make the background a desert,1.0,32.0,2.3283064365386963e-10,True,26.0,True,,,0.1877283453941345,0.185338482260704,0.0023898631334304,-0.0036313529126346,0.932433009147644,0.9600552320480348,0.2513052523136139,0.8131690934664085,14.380514049947354,11.26501507623624,8.391967535018921,3.1037206649780273,,,,,,,,,,,,,,,,,,,,,,1.0,0.0,True,0.0
reembed,ip2p,wam,711000000000,change_material,4,style,convert it to an oil painting,1.0,32.0,2.3283064365386963e-10,True,26.0,True,,,0.2066908478736877,0.1836703270673751,0.0230205208063125,-0.006689004600048,0.9521113038063048,0.9424838423728944,0.1757320761680603,0.7534111702450478,14.721260269628786,8.187780556014143,8.394582271575928,3.1037206649780273,,,,,,,,,,,,,,,,,,,,,,1.0,0.0,True,0.0
reembed,ip2p,wam,811000000000,change_background,0,none,,1.0,32.0,2.3283064365386963e-10,True,26.0,True,41.877624190077114,0.9891538180142944,,,,,,,,,,,,,,,,,,,,,,,,,,,,,,,,,,1.0,,True,
reembed,ip2p,wam,811000000000,change_background,1,change_background,change the white background to forest,1.0,32.0,2.3283064365386963e-10,True,26.0,True,,,0.1886636912822723,0.1859074980020523,0.00275619328022,0.190689355134964,0.514933705329895,0.0328510031104087,0.93963623046875,0.4290438419828852,6.701523310418511,6.66121844714179,8.391868352890015,3.1037206649780273,6.972090232238262,0.9208386540412904,,,,,,,,,,,,,,,,,,,,1.0,1.0,True,1.0
reembed,ip2p,wam,811000000000,change_background,2,global_attribute,make it nighttime,1.0,32.0,2.3283064365386963e-10,True,26.0,True,,,0.2222588956356048,0.1756028234958648,0.0466560721397399,0.1463197767734527,0.9249261617660522,0.8312444686889648,0.4954330027103424,0.2060517232817161,5.4624223855074,1.366700471744162,8.396581888198853,3.1037206649780273,,,,,,,,,,,,,,,,,,,,,,1.0,1.0,True,1.0
reembed,ip2p,wam,811000000000,change_background,3,background,replace the background with a beach,1.0,32.0,2.3283064365386963e-10,True,26.0,True,,,0.1621709018945694,0.1977689564228058,-0.0355980545282363,0.2458789050579071,0.8340213894844055,0.3982095420360565,0.683951735496521,0.2721754623653884,6.998757943800793,5.7381532863065665,8.39089560508728,3.1037206649780273,,,,,,,,,,,,,,,,,,,,,,1.0,0.0,True,0.0
reembed,ip2p,wam,811000000000,change_background,4,style,make it anime style,1.0,32.0,2.3283064365386963e-10,True,26.0,True,,,0.1843292117118835,0.1647727787494659,0.0195564329624176,0.1618232727050781,0.8611286878585815,0.5925333499908447,0.5487854480743408,0.6087724750161542,11.829285108988152,7.607079571521024,8.390598773956299,3.1037206649780273,,,,,,,,,,,,,,,,,,,,,,1.0,1.0,True,1.0
reembed,ip2p,wam,911000000000,change_style,0,none,,1.0,32.0,2.3283064365386963e-10,True,26.0,True,36.7561034573693,0.98863119122017,,,,,,,,,,,,,,,,,,,,,,,,,,,,,,,,,,1.0,,True,
reembed,ip2p,wam,911000000000,change_style,1,change_style,make it realism style and make it expressionism style,1.0,32.0,2.3283064365386963e-10,True,26.0,True,,,0.3074581623077392,0.2835188508033752,0.023939311504364,0.1666761487722396,0.966422438621521,0.949427366256714,0.1455163061618805,0.642966383976574,19.465059782804367,19.35321102558789,8.389551401138306,3.1037206649780273,,,,,,,,,,,,,,,,,,,,,,1.0,1.0,True,1.0
reembed,ip2p,wam,911000000000,change_style,2,global_attribute,make it nighttime,1.0,32.0,2.3283064365386963e-10,True,26.0,True,,,0.3059170246124267,0.3008868396282196,0.0050301849842071,0.0397961810231208,0.9852619767189026,0.9799888134002686,0.1360268294811248,0.6530679577900211,14.329952589728467,13.551991614501514,8.391632556915283,3.1037206649780273,,,,,,,,,,,,,,,,,,,,,,1.0,1.0,True,1.0
reembed,ip2p,wam,911000000000,change_style,3,background,replace the background with a beach,1.0,32.0,2.3283064365386963e-10,True,26.0,True,,,0.2720548808574676,0.2895806431770324,-0.0175257623195648,0.0629728063941001,0.9227644801139832,0.8862871527671814,0.340989202260971,0.5463817237918583,10.039742730741825,10.326099730927425,8.391669034957886,3.1037206649780273,,,,,,,,,,,,,,,,,,,,,,1.0,0.0,True,0.0
reembed,ip2p,wam,911000000000,change_style,4,style,make it look cinematic,1.0,32.0,2.3283064365386963e-10,True,26.0,True,,,0.2677493095397949,0.272963136434555,-0.0052138268947601,-0.0545744597911834,0.9961428642272948,0.9922573566436768,0.0449575334787368,0.919278373307459,26.356904973938917,10.22821957020833,8.392444372177124,3.1037206649780273,,,,,,,,,,,,,,,,,,,,,,1.0,0.0,True,0.0
reembed,sdedit,dwtdct,111000000000,change_object,0,none,,1.0,32.0,2.3283064365386963e-10,True,26.0,True,34.70276705335292,0.9742709027239512,,,,,,,,,,,,,,,,,,,,,,,,,,,,,,,,,,,,True,
reembed,sdedit,dwtdct,111000000000,change_object,1,change_object,change the fishes to sharks and change the kelp to flowers,1.0,32.0,2.3283064365386963e-10,True,26.0,True,,,0.2119352370500564,0.2001804709434509,0.0117547661066055,-0.0021149697713553,0.9605858325958252,0.8580576181411743,0.3890294730663299,0.2678662316682046,12.849809210797744,12.84183339191802,3.7261531352996826,4.527586936950684,,,,,,,,,,,,,,,,,,,,,,,0.0,True,0.0
reembed,sdedit,dwtdct,111000000000,change_object,2,global_attribute,make it nighttime,1.0,32.0,2.3283064365386963e-10,True,26.0,True,,,0.2226897776126861,0.2164057195186615,0.0062840580940246,0.0006594359874725,0.9482561349868774,0.9133670330047609,0.3986332416534424,0.2608956851349625,12.730183088483638,12.13154520238833,3.7269866466522217,4.527586936950684,,,,,,,,,,,,,,,,,,,,,,,1.0,True,1.0
reembed,sdedit,dwtdct,111000000000,change_object,3,background,make the background a desert,1.0,32.0,2.3283064365386963e-10,True,26.0,True,,,0.2434840947389602,0.2145491391420364,0.0289349555969238,0.0074456110596656,0.955357313156128,0.8323303461074829,0.3877856135368347,0.2474801060809272,12.712776137781088,11.001290388692103,3.7225780487060542,4.527586936950684,,,,,,,,,,,,,,,,,,,,,,,1.0,True,1.0
reembed,sdedit,dwtdct,111000000000,change_object,4,style,turn it into a watercolor painting,1.0,32.0,2.3283064365386963e-10,True,26.0,True,,,0.2805591225624084,0.2387861013412475,0.0417730212211608,0.0574408620595932,0.9632829427719116,0.894763171672821,0.3856882452964782,0.2545794866966657,12.334538776601438,10.470904330753598,3.725236177444458,4.527586936950684,,,,,,,,,,,,,,,,,,,,,,,1.0,True,1.0
reembed,sdedit,dwtdct,111000000001,change_object,0,none,,1.0,32.0,2.3283064365386963e-10,True,26.0,True,41.69673472013483,0.991522099538042,,,,,,,,,,,,,,,,,,,,,,,,,,,,,,,,,,,,True,
reembed,sdedit,dwtdct,111000000001,change_object,1,change_object,change the cat to tiger and change the hat to scarf,1.0,32.0,2.3283064365386963e-10,True,26.0,True,,,0.2809875011444092,0.2154983282089233,0.0654891729354858,0.238255962729454,0.9017913341522216,0.6652035713195801,0.4078705310821533,0.582790149845105,17.916804781942094,17.901389700751626,3.618174314498902,4.527586936950684,,,,,,,,,,,,,,,,,,,,,,,1.0,True,1.0
reembed,sdedit,dwtdct,111000000001,change_object,2,global_attribute,make it rainy,1.0,32.0,2.3283064365386963e-10,True,26.0,True,,,0.2981274724006653,0.2649305164813995,0.0331969559192657,0.2628739476203918,0.9427109360694884,0.7781983613967896,0.4546343684196472,0.5131927289613222,16.784444777473933,15.437845413315902,3.62959623336792,4.527586936950684,,,,,,,,,,,,,,,,,,,,,,,1.0,True,1.0
reembed,sdedit,dwtdct,111000000001,change_object,3,background,make the background a desert,1.0,32.0,2.3283064365386963e-10,True,26.0,True,,,0.3067059218883514,0.288376897573471,0.0183290243148803,-0.0769554078578949,0.9658361673355104,0.9369532465934752,0.3662006855010986,0.46595055693461,15.718837214137036,13.847313971699332,3.641222476959229,4.527586936950684,,,,,,,,,,,,,,,,,,,,,,,0.0,True,0.0
reembed,sdedit,dwtdct,111000000001,change_object,4,style,make it look cinematic,1.0,32.0,2.3283064365386963e-10,True,26.0,True,,,0.302613765001297,0.2860080599784851,0.0166057050228118,-0.0483497269451618,0.9434855580329896,0.9349603056907654,0.3614780306816101,0.4314268822740478,15.291122891631147,12.89068624504898,3.6339075565338135,4.527586936950684,,,,,,,,,,,,,,,,,,,,,,,0.0,True,0.0
reembed,sdedit,dwtdct,211000000000,add_object,0,none,,1.0,32.0,2.3283064365386963e-10,True,26.0,True,40.584121544969605,0.988954600340363,,,,,,,,,,,,,,,,,,,,,,,,,,,,,,,,,,,,True,
reembed,sdedit,dwtdct,211000000000,add_object,1,add_object,add and scarf and add with flowers in mouth,1.0,32.0,2.3283064365386963e-10,True,26.0,True,,,0.2948850393295288,0.2495307624340057,0.045354276895523,0.172287181019783,0.9183635711669922,0.8472654223442078,0.3833427131175995,0.5129579480538546,17.9622729965989,17.970234086732166,3.709611177444458,4.527586936950684,,,,,,,,,,,,,,,,,,,,,,,1.0,True,1.0
reembed,sdedit,dwtdct,211000000000,add_object,2,global_attribute,make it rainy,1.0,32.0,2.3283064365386963e-10,True,26.0,True,,,0.3243460953235626,0.2764033079147339,0.0479427874088287,0.3480401039123535,0.9481765031814576,0.8547892570495605,0.3730002641677856,0.4799214272069959,18.07007969945984,16.720209414781166,3.740278720855713,4.527586936950684,,,,,,,,,,,,,,,,,,,,,,,1.0,True,1.0
reembed,sdedit,dwtdct,211000000000,add_object,3,background,make the background a desert,1.0,32.0,2.3283064365386963e-10,True,26.0,True,,,0.3086029887199402,0.3202371895313263,-0.0116342008113861,0.0228516645729541,0.9620736241340636,0.8493669033050537,0.3748878240585327,0.421140661993713,17.439279468377038,15.494218601213172,3.725371837615967,4.527586936950684,,,,,,,,,,,,,,,,,,,,,,,0.0,True,0.0
reembed,sdedit,dwtdct,211000000000,add_object,4,style,make it anime style,1.0,32.0,2.3283064365386963e-10,True,26.0,True,,,0.3105292022228241,0.2954044342041015,0.0151247680187225,0.0012299269437789,0.9592124223709106,0.8356695771217346,0.357450008392334,0.3714887035370002,16.285339156713455,14.46618540933921,3.750508308410645,4.527586936950684,,,,,,,,,,,,,,,,,,,,,,,1.0,True,1.0
reembed,sdedit,dwtdct,311000000000,delete_object,0,none,,0.4375,14.0,0.8114572062622756,False,26.0,False,39.34648708658547,0.9871976539545728,,,,,,,,,,,,,,,,,,,,,,,,,,,,,,,,,,,,False,
reembed,sdedit,dwtdct,311000000000,delete_object,1,delete_object,remove of yellow flowers,0.4375,14.0,0.8114572062622756,False,26.0,False,,,0.1918562650680542,0.1943725049495697,-0.0025162398815155,0.0042926864698529,0.8908944129943848,0.7773997783660889,0.2421570867300033,0.7873862784075795,20.564546068910374,20.553380360290475,3.6878292560577393,4.527586936950684,23.646469120362905,0.1741094589233398,,,,,,,,,,,,,,,,,,,,,0.0,False,0.0
reembed,sdedit,dwtdct,311000000000,delete_object,2,global_attribute,change the season to winter,0.4375,14.0,0.8114572062622756,False,26.0,False,,,0.2256157398223877,0.1807384192943573,0.0448773205280303,0.0747063681483268,0.8942616581916809,0.8003897666931152,0.2771415114402771,0.7573153123810764,19.21106146296093,18.293427856152917,3.709907770156861,4.527586936950684,,,,,,,,,,,,,,,,,,,,,,,1.0,False,0.0
reembed,sdedit,dwtdct,311000000000,delete_object,3,background,replace the background with a beach,0.4375,14.0,0.8114572062622756,False,26.0,False,,,0.2513218522071838,0.2083467245101928,0.0429751276969909,0.0796541720628738,0.950487494468689,0.8556971549987793,0.2641507685184479,0.726930886815602,18.96991433030197,17.307194793112863,3.719661235809326,4.527586936950684,,,,,,,,,,,,,,,,,,,,,,,1.0,False,0.0
reembed,sdedit,dwtdct,311000000000,delete_object,4,style,make it look cinematic,0.4375,14.0,0.8114572062622756,False,26.0,False,,,0.2796238362789154,0.2727109789848327,0.0069128572940826,0.0492802113294601,0.9469115734100342,0.8500933051109314,0.3091920912265777,0.6717875487970234,19.278109500931603,16.482138289255282,3.721335411071778,4.527586936950684,,,,,,,,,,,,,,,,,,,,,,,1.0,False,0.0
reembed,sdedit,dwtdct,411000000000,change_content,0,none,,1.0,32.0,2.3283064365386963e-10,True,26.0,True,38.17179160217899,0.9884851387526288,,,,,,,,,,,,,,,,,,,,,,,,,,,,,,,,,,,,True,
reembed,sdedit,dwtdct,411000000000,change_content,1,change_content,change the big to small and make it big,1.0,32.0,2.3283064365386963e-10,True,26.0,True,,,0.312959611415863,0.3136280179023742,-0.0006684064865112,-0.0289738476276397,0.9060231447219848,0.9009968638420104,0.2223493009805679,0.7027785970942476,16.506851813232906,16.511484601871217,3.672945499420166,4.527586936950684,,,,,,,,,,,,,,,,,,,,,,,0.0,True,0.0
reembed,sdedit,dwtdct,411000000000,change_content,2,global_attribute,make it nighttime,1.0,32.0,2.3283064365386963e-10,True,26.0,True,,,0.3022964000701904,0.2959733605384826,0.0063230395317077,-0.0099567268043756,0.9224866032600404,0.8489377498626709,0.3081480264663696,0.6439313987568146,16.279079310855554,14.689847231256046,3.641818046569824,4.527586936950684,,,,,,,,,,,,,,,,,,,,,,,0.0,True,0.0
reembed,sdedit,dwtdct,411000000000,change_content,3,background,replace the background with a beach,1.0,32.0,2.3283064365386963e-10,True,26.0,True,,,0.3125692307949066,0.2907333374023437,0.0218358933925628,0.0876964479684829,0.9076133966445924,0.8980894088745117,0.2940725684165954,0.6240746428935192,16.645152544975875,14.150872104360708,3.641864061355591,4.527586936950684,,,,,,,,,,,,,,,,,,,,,,,1.0,True,1.0
reembed,sdedit,dwtdct,411000000000,change_content,4,style,turn it into a watercolor painting,1.0,32.0,2.3283064365386963e-10,True,26.0,True,,,0.307039201259613,0.2965332865715027,0.0105059146881103,0.1243649050593376,0.9157223701477052,0.8955637216567993,0.3252634704113006,0.5863735571948512,16.00220702812065,13.254940039859164,3.63722562789917,4.527586936950684,,,,,,,,,,,,,,,,,,,,,,,1.0,True,1.0
reembed,sdedit,dwtdct,511000000000,change_pose,0,none,,1.0,32.0,2.3283064365386963e-10,True,26.0,True,38.66740923667961,0.9920395373667524,,,,,,,,,,,,,,,,,,,,,,,,,,,,,,,,,,,,True,
reembed,sdedit,dwtdct,511000000000,change_pose,1,change_pose,change the laying down on to with tail down and make it jumping,1.0,32.0,2.3283064365386963e-10,True,26.0,True,,,0.2931933104991913,0.2628109157085418,0.0303823947906494,0.1039889752864837,0.8487129211425781,0.7586829662322998,0.0817058682441711,0.9509753451749146,24.19876705559423,24.304729942926496,3.588737964630127,4.527586936950684,30.326078405941352,0.0653745979070663,,,,,,,,,,,,,,,,,,,,,1.0,True,1.0
reembed,sdedit,dwtdct,511000000000,change_pose,2,global_attribute,make it nighttime,1.0,32.0,2.3283064365386963e-10,True,26.0,True,,,0.2670886516571045,0.2831658720970154,-0.0160772204399108,-0.0146682690829038,0.8832830190658569,0.802609920501709,0.3659486174583435,0.917587573606346,22.847015803075102,21.00874650005862,3.617503881454468,4.527586936950684,,,,,,,,,,,,,,,,,,,,,,,0.0,True,0.0
reembed,sdedit,dwtdct,511000000000,change_pose,3,background,make the background a city street,1.0,32.0,2.3283064365386963e-10,True,26.0,True,,,0.2534090280532837,0.2450165003538131,0.0083925276994705,-0.0072166668251156,0.8710463047027588,0.8557682037353516,0.3289951682090759,0.9006472867963994,23.034845866746473,20.242403694925923,3.6187949180603023,4.527586936950684,,,,,,,,,,,,,,,,,,,,,,,0.0,True,0.0
reembed,sdedit,dwtdct,511000000000,change_pose,4,style,convert it to an oil painting,1.0,32.0,2.3283064365386963e-10,True,26.0,True,,,0.2063386440277099,0.2104478776454925,-0.0041092336177825,0.0929425209760665,0.8516738414764404,0.8254959583282471,0.2093582302331924,0.8729231631489581,22.665967465132415,19.052358908284607,3.620483636856079,4.527586936950684,,,,,,,,,,,,,,,,,,,,,,,0.0,True,0.0
reembed,sdedit,dwtdct,611000000000,change_color,0,none,,1.0,32.0,2.3283064365386963e-10,True,26.0,True,38.902713724863794,0.9788001327826058,,,,,,,,,,,,,,,,,,,,,,,,,,,,,,,,,,,,True,
reembed,sdedit,dwtdct,611000000000,change_color,1,change_color,change the black to white and change the red to green,1.0,32.0,2.3283064365386963e-10,True,26.0,True,,,0.2193635702133178,0.203995019197464,0.0153685510158538,-0.0639370679855346,0.8918105959892273,0.7592905163764954,0.4073781967163086,0.5491541697509122,20.21564267137794,20.22124177477142,3.627283096313477,4.527586936950684,,,,,,,,,,,,,,,,,,,,,,,0.0,True,0.0
reembed,sdedit,dwtdct,611000000000,change_color,2,global_attribute,change the season to winter,1.0,32.0,2.3283064365386963e-10,True,26.0,True,,,0.2400292605161667,0.2115713506937027,0.0284579098224639,0.0696112364530563,0.95879864692688,0.8311799764633179,0.3625833988189697,0.4743015538376436,20.36824490004827,19.143640785645772,3.644609212875366,4.527586936950684,,,,,,,,,,,,,,,,,,,,,,,1.0,True,1.0
reembed,sdedit,dwtdct,611000000000,change_color,3,background,make the background a desert,1.0,32.0,2.3283064365386963e-10,True,26.0,True,,,0.2207865417003631,0.2329625934362411,-0.0121760517358779,0.0443736612796783,0.9529231786727904,0.8046626448631287,0.3649897575378418,0.433428499788622,20.294114590573148,18.45109792714736,3.636789321899414,4.527586936950684,,,,,,,,,,,,,,,,,,,,,,,0.0,True,0.0
reembed,sdedit,dwtdct,611000000000,change_color,4,style,convert it to an oil painting,1.0,32.0,2.3283064365386963e-10,True,26.0,True,,,0.2208583503961563,0.2164176106452942,0.0044407397508621,0.0492935888469219,0.9172566533088684,0.836355447769165,0.3863895237445831,0.3901761260509799,19.05510235189448,17.13906097362061,3.63294529914856,4.527586936950684,,,,,,,,,,,,,,,,,,,,,,,1.0,True,1.0
reembed,sdedit,dwtdct,711000000000,change_material,0,none,,0.53125,17.0,0.4300250329542905,False,26.0,False,43.689934462385274,0.9942413188682536,,,,,,,,,,,,,,,,,,,,,,,,,,,,,,,,,,,,False,
reembed,sdedit,dwtdct,711000000000,change_material,1,change_material,make it knitted and make it toy,0.53125,17.0,0.4300250329542905,False,26.0,False,,,0.3056954145431518,0.2097046077251434,0.0959908068180084,0.1652447581291198,0.786558985710144,0.6788898706436157,0.2830480933189392,0.7238692878507322,18.092382865741236,18.0737765685277,3.5962538719177246,4.527586936950684,29.42918074492148,0.114803060889244,,,,,,,,,,,,,,,,,,,,,1.0,False,0.0
reembed,sdedit,dwtdct,711000000000,change_material,2,global_attribute,change the season to winter,0.53125,17.0,0.4300250329542905,False,26.0,False,,,0.2689177989959717,0.2864118218421936,-0.0174940228462219,0.1061929911375045,0.8912322521209717,0.8915443420410156,0.2895142734050751,0.7371590865027233,19.034764633309045,16.906076026460802,3.626398801803589,4.527586936950684,,,,,,,,,,,,,,,,,,,,,,,0.0,False,0.0
reembed,sdedit,dwtdct,711000000000,change_material,3,background,make the background a desert,0.53125,17.0,0.4300250329542905,False,26.0,False,,,0.317358911037445,0.2607613801956177,0.0565975308418273,0.0182539224624633,0.8845107555389404,0.8284788727760315,0.4364300370216369,0.6386439899211509,19.210743830752214,16.0534786611469,3.6428062915802,4.527586936950684,,,,,,,,,,,,,,,,,,,,,,,1.0,False,0.0
reembed,sdedit,dwtdct,711000000000,change_material,4,style,convert it to an oil painting,0.53125,17.0,0.4300250329542905,False,26.0,False,,,0.3547849059104919,0.3259828090667724,0.0288020968437194,0.0235838592052459,0.9321534037590028,0.8365947008132935,0.3755307197570801,0.5228764818415659,18.676555678453656,14.949508085401227,3.6387500762939458,4.527586936950684,,,,,,,,,,,,,,,,,,,,,,,1.0,False,0.0
reembed,sdedit,dwtdct,811000000000,change_background,0,none,,0.53125,17.0,0.4300250329542905,False,26.0,False,43.55890142215483,0.9932369026354442,,,,,,,,,,,,,,,,,,,,,,,,,,,,,,,,,,,,False,
reembed,sdedit,dwtdct,811000000000,change_background,1,change_background,change the white background to forest,0.53125,17.0,0.4300250329542905,False,26.0,False,,,0.2179957777261734,0.204248696565628,0.0137470811605453,-0.0157932750880718,0.7249988317489624,0.7340622544288635,0.2779667675495147,0.7887616588415903,20.32311055662727,20.331603232493357,3.597506046295166,4.527586936950684,16.520087787759113,0.4573777019977569,,,,,,,,,,,,,,,,,,,,,0.0,False,0.0
reembed,sdedit,dwtdct,811000000000,change_background,2,global_attribute,make it nighttime,0.53125,17.0,0.4300250329542905,False,26.0,False,,,0.2081460952758789,0.215101957321167,-0.006955862045288,-0.0256322100758552,0.8650606870651245,0.702312707901001,0.4317491054534912,0.7822192182938951,18.732438197597837,17.665487664951304,3.621610164642334,4.527586936950684,,,,,,,,,,,,,,,,,,,,,,,0.0,False,0.0
reembed,sdedit,dwtdct,811000000000,change_background,3,background,replace the background with a beach,0.53125,17.0,0.4300250329542905,False,26.0,False,,,0.2492909133434295,0.2047857642173767,0.0445051491260528,0.0132732512429356,0.9146171808242798,0.7922532558441162,0.3613957464694977,0.7441063978420343,16.230894139101256,15.607824362456808,3.6399800777435303,4.527586936950684,,,,,,,,,,,,,,,,,,,,,,,1.0,False,0.0
reembed,sdedit,dwtdct,811000000000,change_background,4,style,make it anime style,0.53125,17.0,0.4300250329542905,False,26.0,False,,,0.2584593296051025,0.2531125545501709,0.0053467750549316,0.0367449223995208,0.9106459617614746,0.7959800958633423,0.3959217369556427,0.687680636270214,15.061389346047797,15.139611110021292,3.636849164962769,4.527586936950684,,,,,,,,,,,,,,,,,,,,,,,1.0,False,0.0
reembed,sdedit,dwtdct,911000000000,change_style,0,none,,1.0,32.0,2.3283064365386963e-10,True,26.0,True,40.25488393489556,0.9939228369907096,,,,,,,,,,,,,,,,,,,,,,,,,,,,,,,,,,,,True,
reembed,sdedit,dwtdct,911000000000,change_style,1,change_style,make it realism style and make it expressionism style,1.0,32.0,2.3283064365386963e-10,True,26.0,True,,,0.3140552639961242,0.2835132181644439,0.0305420458316802,0.191800057888031,0.9307114481925964,0.7759640216827393,0.4211771488189697,0.2241900550725054,14.70872597168622,14.706872910886943,3.641491413116455,4.527586936950684,,,,,,,,,,,,,,,,,,,,,,,1.0,True,1.0
reembed,sdedit,dwtdct,911000000000,change_style,2,global_attribute,make it nighttime,1.0,32.0,2.3283064365386963e-10,True,26.0,True,,,0.3188676238059997,0.3065851032733917,0.012282520532608,0.0237049870193004,0.9589861631393432,0.8806219696998596,0.397338718175888,0.259201810095059,15.106145258024029,13.239937962144683,3.6423654556274414,4.527586936950684,,,,,,,,,,,,,,,,,,,,,,,1.0,True,1.0
reembed,sdedit,dwtdct,911000000000,change_style,3,background,replace the background with a beach,1.0,32.0,2.3283064365386963e-10,True,26.0,True,,,0.3150240778923034,0.2979013919830322,0.0171226859092712,0.0127016473561525,0.9615412950515748,0.8594475984573364,0.3715259134769439,0.2494710618656546,14.955495622057008,12.79451911585827,3.639280080795288,4.527586936950684,,,,,,,,,,,,,,,,,,,,,,,1.0,True,1.0
reembed,sdedit,dwtdct,911000000000,change_style,4,style,make it look cinematic,1.0,32.0,2.3283064365386963e-10,True,26.0,True,,,0.3001336455345154,0.2969558238983154,0.0031778216361999,-0.0315804220736026,0.9403061866760254,0.8835495710372925,0.3777452707290649,0.246158844872603,14.875535926805064,12.101595086884364,3.640498161315918,4.527586936950684,,,,,,,,,,,,,,,,,,,,,,,0.0,True,0.0
reembed,sdedit,trustmark,111000000000,change_object,0,none,,1.0,100.0,7.888609052210118e-31,True,66.0,True,38.631498612644734,0.9794490155548148,,,,,,,,,,,,,,,,,,,,,,,,,,,,,,,,,,,,True,
reembed,sdedit,trustmark,111000000000,change_object,1,change_object,change the fishes to sharks and change the kelp to flowers,1.0,100.0,7.888609052210118e-31,True,66.0,True,,,0.2015690505504608,0.1984978765249252,0.0030711740255355,-0.0308014322072267,0.9599176049232484,0.8423803448677063,0.3908724188804626,0.2817490998069862,13.023344136370325,12.992310255597172,3.354173183441162,4.527586936950684,,,,,,,,,,,,,,,,,,,,,,,0.0,True,0.0
reembed,sdedit,trustmark,111000000000,change_object,2,global_attribute,make it nighttime,1.0,100.0,7.888609052210118e-31,True,66.0,True,,,0.2186397016048431,0.2044187784194946,0.0142209231853485,-0.0179726779460906,0.962814211845398,0.8979989290237427,0.4135987162590027,0.2751127925612176,12.796003113893072,12.18230162185324,3.3501691818237305,4.527586936950684,,,,,,,,,,,,,,,,,,,,,,,0.0,True,0.0
reembed,sdedit,trustmark,111000000000,change_object,3,background,make the background a desert,1.0,100.0,7.888609052210118e-31,True,66.0,True,,,0.233793243765831,0.2082961201667785,0.0254971235990524,0.0324975922703743,0.9610663056373596,0.879947304725647,0.3788636922836303,0.2680352801563444,12.616865198805252,10.841133994473145,3.352506160736084,4.527586936950684,,,,,,,,,,,,,,,,,,,,,,,1.0,True,1.0
reembed,sdedit,trustmark,111000000000,change_object,4,style,turn it into a watercolor painting,1.0,100.0,7.888609052210118e-31,True,66.0,True,,,0.2607403993606567,0.228784829378128,0.0319555699825286,0.1127182617783546,0.9695278406143188,0.9291863441467284,0.3621418476104736,0.275848236754516,12.09470762653089,10.453418392392134,3.3503832817077637,4.527586936950684,,,,,,,,,,,,,,,,,,,,,,,1.0,True,1.0
reembed,sdedit,trustmark,111000000001,change_object,0,none,,1.0,100.0,7.888609052210118e-31,True,66.0,True,43.146674016614554,0.9948480500215128,,,,,,,,,,,,,,,,,,,,,,,,,,,,,,,,,,,,True,
reembed,sdedit,trustmark,111000000001,change_object,1,change_object,change the cat to tiger and change the hat to scarf,1.0,100.0,7.888609052210118e-31,True,66.0,True,,,0.305712878704071,0.226621925830841,0.0790909528732299,0.2450886368751526,0.899359941482544,0.6139986515045166,0.4078331589698791,0.5816733635400243,17.833885603250376,17.790736459710025,3.350402593612671,4.527586936950684,,,,,,,,,,,,,,,,,,,,,,,1.0,True,1.0
reembed,sdedit,trustmark,111000000001,change_object,2,global_attribute,make it rainy,1.0,100.0,7.888609052210118e-31,True,66.0,True,,,0.3191529810428619,0.2885694503784179,0.0305835306644439,0.2787736058235168,0.925513505935669,0.7808079719543457,0.4486328661441803,0.5056033273963738,16.656475799545277,15.314396843579235,3.3504040241241455,4.527586936950684,,,,,,,,,,,,,,,,,,,,,,,1.0,True,1.0
reembed,sdedit,trustmark,111000000001,change_object,3,background,make the background a desert,1.0,100.0,7.888609052210118e-31,True,66.0,True,,,0.306663453578949,0.3093926310539245,-0.0027291774749755,-0.0568241626024246,0.943465292453766,0.9285317659378052,0.3486883342266083,0.468488378552214,15.684187621803169,13.817958247646695,3.3540687561035156,4.527586936950684,,,,,,,,,,,,,,,,,,,,,,,0.0,True,0.0
reembed,sdedit,trustmark,111000000001,change_object,4,style,make it look cinematic,1.0,100.0,7.888609052210118e-31,True,66.0,True,,,0.3176871538162231,0.2892760634422302,0.0284110903739929,0.0675565749406814,0.9520587921142578,0.9295189380645752,0.3437437415122986,0.4420497203318891,15.279458768592724,12.908855369227965,3.352064609527588,4.527586936950684,,,,,,,,,,,,,,,,,,,,,,,1.0,True,1.0
reembed,sdedit,trustmark,211000000000,add_object,0,none,,1.0,100.0,7.888609052210118e-31,True,66.0,True,42.30235212491837,0.9915421004737184,,,,,,,,,,,,,,,,,,,,,,,,,,,,,,,,,,,,True,
reembed,sdedit,trustmark,211000000000,add_object,1,add_object,add and scarf and add with flowers in mouth,1.0,100.0,7.888609052210118e-31,True,66.0,True,,,0.303160160779953,0.254887580871582,0.0482725799083709,0.2108801305294037,0.914290964603424,0.8452118635177612,0.3872626721858978,0.514320224562811,18.088932914727508,18.05147135314678,3.350956678390503,4.527586936950684,,,,,,,,,,,,,,,,,,,,,,,1.0,True,1.0
reembed,sdedit,trustmark,211000000000,add_object,2,global_attribute,make it rainy,1.0,100.0,7.888609052210118e-31,True,66.0,True,,,0.3206594586372375,0.2845415472984314,0.0361179113388061,0.3009791374206543,0.9509247541427612,0.8838804960250854,0.3592734038829803,0.4820883606599539,18.11655385068928,16.66591233452286,3.35044527053833,4.527586936950684,,,,,,,,,,,,,,,,,,,,,,,1.0,True,1.0
reembed,sdedit,trustmark,211000000000,add_object,3,background,make the background a desert,1.0,100.0,7.888609052210118e-31,True,66.0,True,,,0.3311627209186554,0.3200531005859375,0.0111096203327178,0.0291009582579135,0.9487345218658448,0.4673388600349426,0.3855115175247192,0.422928139248351,17.07797769120821,15.234428221061512,3.358051300048828,4.527586936950684,,,,,,,,,,,,,,,,,,,,,,,1.0,True,1.0
reembed,sdedit,trustmark,211000000000,add_object,4,style,make it anime style,1.0,100.0,7.888609052210118e-31,True,66.0,True,,,0.3173006772994995,0.3123812675476074,0.004919409751892,0.036964364349842,0.9585785269737244,0.8434066772460938,0.3555102944374084,0.386512335275192,16.423041451399282,14.50740786507249,3.356050968170166,4.527586936950684,,,,,,,,,,,,,,,,,,,,,,,1.0,True,1.0
reembed,sdedit,trustmark,311000000000,delete_object,0,none,,1.0,100.0,7.888609052210118e-31,True,66.0,True,43.410873046272926,0.9934109017052852,,,,,,,,,,,,,,,,,,,,,,,,,,,,,,,,,,,,True,
reembed,sdedit,trustmark,311000000000,delete_object,1,delete_object,remove of yellow flowers,1.0,100.0,7.888609052210118e-31,True,66.0,True,,,0.1963556855916977,0.1901391297578811,0.0062165558338165,0.1048909723758697,0.9169061183929444,0.8068555593490601,0.2253403514623642,0.8019276678105557,20.653340655648744,20.597567200137515,3.3825130462646484,4.527586936950684,23.743109090959543,0.1665347665548324,,,,,,,,,,,,,,,,,,,,,1.0,True,1.0
reembed,sdedit,trustmark,311000000000,delete_object,2,global_attribute,change the season to winter,1.0,100.0,7.888609052210118e-31,True,66.0,True,,,0.2300669550895691,0.1882123798131942,0.0418545752763748,0.0866491794586181,0.9356901049613952,0.8328986763954163,0.2338878214359283,0.7853720937520517,18.535025243064432,17.517190703625413,3.378417491912842,4.527586936950684,,,,,,,,,,,,,,,,,,,,,,,1.0,True,1.0
reembed,sdedit,trustmark,311000000000,delete_object,3,background,replace the background with a beach,1.0,100.0,7.888609052210118e-31,True,66.0,True,,,0.252935528755188,0.2130555808544159,0.039879947900772,0.0580511502921581,0.9461607933044434,0.8691892027854919,0.2713907957077026,0.7631890401302321,18.35024203807821,16.964561628982967,3.363215923309326,4.527586936950684,,,,,,,,,,,,,,,,,,,,,,,1.0,True,1.0
reembed,sdedit,trustmark,311000000000,delete_object,4,style,make it look cinematic,1.0,100.0,7.888609052210118e-31,True,66.0,True,,,0.2594876885414123,0.2675212919712066,-0.0080336034297943,0.0775581896305084,0.9206641912460328,0.8691235184669495,0.3044943213462829,0.7113042656704716,19.023302500319524,16.137237809876172,3.3562917709350586,4.527586936950684,,,,,,,,,,,,,,,,,,,,,,,0.0,True,0.0
reembed,sdedit,trustmark,411000000000,change_content,0,none,,1.0,100.0,7.888609052210118e-31,True,66.0,True,40.39757340480904,0.9903162660534416,,,,,,,,,,,,,,,,,,,,,,,,,,,,,,,,,,,,True,
reembed,sdedit,trustmark,411000000000,change_content,1,change_content,change the big to small and make it big,1.0,100.0,7.888609052210118e-31,True,66.0,True,,,0.326511025428772,0.3094693422317505,0.0170416831970214,0.0160823799669742,0.8919655680656433,0.8935480117797852,0.2218597382307052,0.7051918348101478,16.62793713230833,16.53799294982558,3.3489367961883545,4.527586936950684,,,,,,,,,,,,,,,,,,,,,,,1.0,True,1.0
reembed,sdedit,trustmark,411000000000,change_content,2,global_attribute,make it nighttime,1.0,100.0,7.888609052210118e-31,True,66.0,True,,,0.3003327250480652,0.3067024350166321,-0.0063697099685668,-0.0110827926546335,0.8835479021072388,0.8554369211196899,0.3078343272209167,0.6235780722026365,16.62794545409362,14.793608657641864,3.3496546745300293,4.527586936950684,,,,,,,,,,,,,,,,,,,,,,,0.0,True,0.0
reembed,sdedit,trustmark,411000000000,change_content,3,background,replace the background with a beach,1.0,100.0,7.888609052210118e-31,True,66.0,True,,,0.3215492069721222,0.2845019400119781,0.037047266960144,0.1068894490599632,0.9106109142303468,0.8816922307014465,0.3127768039703369,0.5902597322494838,16.704221318809246,14.18198849282282,3.357443332672119,4.527586936950684,,,,,,,,,,,,,,,,,,,,,,,1.0,True,1.0
reembed,sdedit,trustmark,411000000000,change_content,4,style,turn it into a watercolor painting,1.0,100.0,7.888609052210118e-31,True,66.0,True,,,0.2988870739936828,0.3098107278347015,-0.0109236538410186,0.0690495446324348,0.8680955171585083,0.8525916337966919,0.3287307918071747,0.5848995543000693,15.937870498444804,13.174412780671805,3.360727548599243,4.527586936950684,,,,,,,,,,,,,,,,,,,,,,,0.0,True,0.0
reembed,sdedit,trustmark,511000000000,change_pose,0,none,,1.0,100.0,7.888609052210118e-31,True,66.0,True,47.274036827476,0.9971012438864868,,,,,,,,,,,,,,,,,,,,,,,,,,,,,,,,,,,,True,
reembed,sdedit,trustmark,511000000000,change_pose,1,change_pose,change the laying down on to with tail down and make it jumping,1.0,100.0,7.888609052210118e-31,True,66.0,True,,,0.2795163989067077,0.2589403390884399,0.0205760598182678,0.0662341117858886,0.894367516040802,0.8190286755561829,0.0806190967559814,0.9459807268160864,24.11100976104615,24.010593320306167,3.3513875007629395,4.527586936950684,30.612194585414315,0.064784750342369,,,,,,,,,,,,,,,,,,,,,1.0,True,1.0
reembed,sdedit,trustmark,511000000000,change_pose,2,global_attribute,make it nighttime,1.0,100.0,7.888609052210118e-31,True,66.0,True,,,0.2627235054969787,0.272919088602066,-0.0101955831050872,0.0056716706603765,0.9025380611419678,0.8928712606430054,0.0958067551255226,0.934692295748849,23.241153939717925,21.19592492212199,3.3503706455230713,4.527586936950684,,,,,,,,,,,,,,,,,,,,,,,0.0,True,0.0
reembed,sdedit,trustmark,511000000000,change_pose,3,background,make the background a city street,1.0,100.0,7.888609052210118e-31,True,66.0,True,,,0.207654133439064,0.2419957518577575,-0.0343416184186935,0.0349383763968944,0.8797488212585449,0.8679010272026062,0.1422395557165146,0.9243384506255716,23.8776364483724,20.372807743337464,3.3516294956207275,4.527586936950684,,,,,,,,,,,,,,,,,,,,,,,0.0,True,0.0
reembed,sdedit,trustmark,511000000000,change_pose,4,style,convert it to an oil painting,1.0,100.0,7.888609052210118e-31,True,66.0,True,,,0.2302528321743011,0.163727581501007,0.066525250673294,0.1043016016483306,0.8136016726493835,0.7751324772834778,0.253540426492691,0.8789477927876641,23.292940404901916,18.943366318048692,3.349984645843506,4.527586936950684,,,,,,,,,,,,,,,,,,,,,,,1.0,True,1.0
reembed,sdedit,trustmark,611000000000,change_color,0,none,,1.0,100.0,7.888609052210118e-31,True,66.0,True,43.6886415992153,0.9854123707139631,,,,,,,,,,,,,,,,,,,,,,,,,,,,,,,,,,,,True,
reembed,sdedit,trustmark,611000000000,change_color,1,change_color,change the black to white and change the red to green,0.99,99.0,7.967495142732218e-29,True,66.0,False,,,0.237173393368721,0.2106473743915558,0.0265260189771652,-0.0596321523189544,0.8948781490325928,0.7816377878189087,0.3919557332992553,0.5613690016008192,20.115468045451145,20.083688191993755,3.3497660160064697,4.527586936950684,,,,,,,,,,,,,,,,,,,,,,,0.0,True,0.0
reembed,sdedit,trustmark,611000000000,change_color,2,global_attribute,change the season to winter,0.99,99.0,7.967495142732218e-29,True,66.0,False,,,0.2274843901395797,0.2291031777858734,-0.0016187876462936,0.045979656279087,0.9382596015930176,0.7578508257865906,0.3509868681430816,0.4813121809458691,19.28855486448927,18.40871563348008,3.350699663162231,4.527586936950684,,,,,,,,,,,,,,,,,,,,,,,0.0,True,0.0
reembed,sdedit,trustmark,611000000000,change_color,3,background,make the background a desert,0.99,99.0,7.967495142732218e-29,True,66.0,False,,,0.2210326343774795,0.2206957191228866,0.0003369152545928,-0.0087369009852409,0.9638406038284302,0.7744112610816956,0.3644680082798004,0.4398413205730909,18.90702538344417,18.24244799617954,3.3520658016204834,4.527586936950684,,,,,,,,,,,,,,,,,,,,,,,0.0,True,0.0
reembed,sdedit,trustmark,611000000000,change_color,4,style,convert it to an oil painting,0.99,99.0,7.967495142732218e-29,True,66.0,False,,,0.2386936694383621,0.212108165025711,0.026585504412651,0.2172009348869323,0.9331402778625488,0.7840964794158936,0.4054324924945831,0.3783667961282822,18.007263222198034,16.624748476068703,3.348592519760132,4.527586936950684,,,,,,,,,,,,,,,,,,,,,,,1.0,True,1.0
reembed,sdedit,trustmark,711000000000,change_material,0,none,,1.0,100.0,7.888609052210118e-31,True,66.0,True,43.48133736077784,0.9952483255560995,,,,,,,,,,,,,,,,,,,,,,,,,,,,,,,,,,,,True,
reembed,sdedit,trustmark,711000000000,change_material,1,change_material,make it knitted and make it toy,1.0,100.0,7.888609052210118e-31,True,66.0,True,,,0.295603334903717,0.2162686884403228,0.0793346464633941,0.1583125293254852,0.756488561630249,0.5863971710205078,0.2837422788143158,0.7298417309299868,18.203366499094223,18.150981238171457,3.355180025100708,4.527586936950684,28.823705535825464,0.1154248490929603,,,,,,,,,,,,,,,,,,,,,1.0,True,1.0
reembed,sdedit,trustmark,711000000000,change_material,2,global_attribute,change the season to winter,1.0,100.0,7.888609052210118e-31,True,66.0,True,,,0.3051860928535461,0.2744237780570984,0.0307623147964477,0.1506178379058838,0.9046074151992798,0.8384026885032654,0.2650879621505737,0.7557858496597326,19.126573330579657,16.709844107915043,3.3494999408721924,4.527586936950684,,,,,,,,,,,,,,,,,,,,,,,1.0,True,1.0
reembed,sdedit,trustmark,711000000000,change_material,3,background,make the background a desert,1.0,100.0,7.888609052210118e-31,True,66.0,True,,,0.3007682561874389,0.2966039180755615,0.0041643381118774,-0.0089439842849969,0.8962334394454956,0.8459858894348145,0.313487708568573,0.6946760741741077,19.815086292370506,16.051419101000228,3.348844289779663,4.527586936950684,,,,,,,,,,,,,,,,,,,,,,,0.0,True,0.0
reembed,sdedit,trustmark,711000000000,change_material,4,style,convert it to an oil painting,1.0,100.0,7.888609052210118e-31,True,66.0,True,,,0.3262530565261841,0.2994479238986969,0.0268051326274871,0.0985735058784484,0.9219756126403807,0.9073859453201294,0.3066878914833069,0.5832829601283209,19.693243976386565,15.397334716314548,3.348564624786377,4.527586936950684,,,,,,,,,,,,,,,,,,,,,,,1.0,True,1.0
reembed,sdedit,trustmark,811000000000,change_background,0,none,,1.0,100.0,7.888609052210118e-31,True,66.0,True,44.57531009636835,0.995145435640316,,,,,,,,,,,,,,,,,,,,,,,,,,,,,,,,,,,,True,
reembed,sdedit,trustmark,811000000000,change_background,1,change_background,change the white background to forest,1.0,100.0,7.888609052210118e-31,True,66.0,True,,,0.2499955147504806,0.1874955892562866,0.062499925494194,0.051505621522665,0.7292531132698059,0.6336325407028198,0.3471812009811401,0.7867580095503787,19.90695468184262,19.85158902597092,3.3494009971618652,4.527586936950684,16.07749169027563,0.4862034320831299,,,,,,,,,,,,,,,,,,,,,1.0,True,1.0
reembed,sdedit,trustmark,811000000000,change_background,2,global_attribute,make it nighttime,1.0,100.0,7.888609052210118e-31,True,66.0,True,,,0.2088485360145568,0.2452904880046844,-0.0364419519901275,-0.0104089528322219,0.8586942553520203,0.8075964450836182,0.3863095939159393,0.7719523775476187,18.289991010207537,17.380394286639063,3.349250555038452,4.527586936950684,,,,,,,,,,,,,,,,,,,,,,,0.0,True,0.0
reembed,sdedit,trustmark,811000000000,change_background,3,background,replace the background with a beach,1.0,100.0,7.888609052210118e-31,True,66.0,True,,,0.2707464694976806,0.2038216888904571,0.0669247806072235,-0.0082624712958931,0.873936653137207,0.9140018820762634,0.3993440270423889,0.6972123170965762,15.530716231895456,15.311211097259534,3.354713201522827,4.527586936950684,,,,,,,,,,,,,,,,,,,,,,,0.0,True,0.0
reembed,sdedit,trustmark,811000000000,change_background,4,style,make it anime style,1.0,100.0,7.888609052210118e-31,True,66.0,True,,,0.277681827545166,0.262877881526947,0.0148039460182189,0.1349337995052337,0.8878089189529419,0.8651041984558105,0.3646056056022644,0.6657909933495282,14.274520677815062,14.58585831614088,3.3501617908477783,4.527586936950684,,,,,,,,,,,,,,,,,,,,,,,1.0,True,1.0
reembed,sdedit,trustmark,911000000000,change_style,0,none,,0.98,98.0,3.9845364322713306e-27,True,66.0,False,38.59798142763941,0.990085492902628,,,,,,,,,,,,,,,,,,,,,,,,,,,,,,,,,,,,True,
reembed,sdedit,trustmark,911000000000,change_style,1,change_style,make it realism style and make it expressionism style,0.98,98.0,3.9845364322713306e-27,True,66.0,False,,,0.3156265020370483,0.2859901189804077,0.0296363830566406,0.1707185059785843,0.9361136555671692,0.796168327331543,0.4193834662437439,0.228650429548318,14.827444553629103,14.7949705131746,3.356513500213623,4.527586936950684,,,,,,,,,,,,,,,,,,,,,,,1.0,True,1.0
reembed,sdedit,trustmark,911000000000,change_style,2,global_attribute,make it nighttime,0.98,98.0,3.9845364322713306e-27,True,66.0,False,,,0.3180744051933288,0.3071518242359161,0.0109225809574127,0.0627477467060089,0.9641429781913756,0.8701125979423523,0.3958505988121032,0.2690832703019904,15.342797865257417,13.350645987877208,3.349353551864624,4.527586936950684,,,,,,,,,,,,,,,,,,,,,,,1.0,True,1.0
reembed,sdedit,trustmark,911000000000,change_style,3,background,replace the background with a beach,0.98,98.0,3.9845364322713306e-27,True,66.0,False,,,0.3133178949356079,0.2999273836612701,0.0133905112743377,0.013983717188239,0.9645163416862488,0.8642377853393555,0.37038654088974,0.2571774372192815,15.0942075157613,12.856672277450532,3.350047826766968,4.527586936950684,,,,,,,,,,,,,,,,,,,,,,,1.0,True,1.0
reembed,sdedit,trustmark,911000000000,change_style,4,style,make it look cinematic,0.98,98.0,3.9845364322713306e-27,True,66.0,False,,,0.3109976947307586,0.3017658591270447,0.0092318356037139,-0.013709245249629,0.9585039615631104,0.852552592754364,0.3845041692256927,0.2590363505908217,15.021854235320246,12.200539054837572,3.349677562713623,4.527586936950684,,,,,,,,,,,,,,,,,,,,,,,0.0,True,0.0
reembed,sdedit,wam,111000000000,change_object,0,none,,1.0,32.0,2.3283064365386963e-10,True,26.0,True,37.40846966059051,0.9837146181403482,,,,,,,,,,,,,,,,,,,,,,,,,,,,,,,,,,0.999114990234375,,True,
reembed,sdedit,wam,111000000000,change_object,1,change_object,change the fishes to sharks and change the kelp to flowers,1.0,32.0,2.3283064365386963e-10,True,26.0,True,,,0.2096320241689682,0.200656309723854,0.0089757144451141,-0.0331788584589958,0.9585495591163636,0.8479322195053101,0.3957428932189941,0.2741417749960764,12.925338868424271,12.911715096085882,3.3531014919281006,4.527586936950684,,,,,,,,,,,,,,,,,,,,,,1.0,0.0,True,0.0
reembed,sdedit,wam,111000000000,change_object,2,global_attribute,make it nighttime,1.0,32.0,2.3283064365386963e-10,True,26.0,True,,,0.2131056189537048,0.2132467031478881,-0.0001410841941833,-0.0375187024474144,0.952031135559082,0.9050045609474182,0.3943563997745514,0.2712076702889384,12.906346537450988,12.22628068199631,3.34934401512146,4.527586936950684,,,,,,,,,,,,,,,,,,,,,,1.0,0.0,True,0.0
reembed,sdedit,wam,111000000000,change_object,3,background,make the background a desert,1.0,32.0,2.3283064365386963e-10,True,26.0,True,,,0.232235699892044,0.2030933648347854,0.0291423350572586,0.0412343144416809,0.957566499710083,0.8810232877731323,0.3656361699104309,0.2759750443574296,13.030756408838805,11.040738155601773,3.350099563598633,4.527586936950684,,,,,,,,,,,,,,,,,,,,,,1.0,1.0,True,1.0
reembed,sdedit,wam,111000000000,change_object,4,style,turn it into a watercolor painting,1.0,32.0,2.3283064365386963e-10,True,26.0,True,,,0.2707758843898773,0.2308625876903534,0.0399132966995239,0.0858747586607933,0.941130757331848,0.8893291354179382,0.4169526994228363,0.2487527542147673,12.515632072602546,10.599521396738629,3.3496644496917725,4.527586936950684,,,,,,,,,,,,,,,,,,,,,,1.0,1.0,True,1.0
reembed,sdedit,wam,111000000001,change_object,0,none,,1.0,32.0,2.3283064365386963e-10,True,26.0,True,39.665853668378055,0.9891270871343876,,,,,,,,,,,,,,,,,,,,,,,,,,,,,,,,,,1.0,,True,
reembed,sdedit,wam,111000000001,change_object,1,change_object,change the cat to tiger and change the hat to scarf,1.0,32.0,2.3283064365386963e-10,True,26.0,True,,,0.2938567996025085,0.2093647718429565,0.084492027759552,0.2560707330703735,0.8930963277816772,0.6870474815368652,0.4114482402801513,0.58115271634556,17.925192397391903,17.936339568174688,3.370426654815674,4.527586936950684,,,,,,,,,,,,,,,,,,,,,,1.0,1.0,True,1.0
reembed,sdedit,wam,111000000001,change_object,2,global_attribute,make it rainy,1.0,32.0,2.3283064365386963e-10,True,26.0,True,,,0.2917402982711792,0.2766192555427551,0.015121042728424,0.2178782224655151,0.9325807094573976,0.7868188619613647,0.4438418745994568,0.5328962136815284,16.95004990528929,15.57383950384114,3.3780739307403564,4.527586936950684,,,,,,,,,,,,,,,,,,,,,,1.0,1.0,True,1.0
reembed,sdedit,wam,111000000001,change_object,3,background,make the background a desert,1.0,32.0,2.3283064365386963e-10,True,26.0,True,,,0.2940850257873535,0.2835386097431183,0.0105464160442352,-0.060728196054697,0.959108591079712,0.9069586992263794,0.3909437656402588,0.4789194282187057,15.678457009889462,13.894328564119531,3.3701305389404297,4.527586936950684,,,,,,,,,,,,,,,,,,,,,,1.0,0.0,True,0.0
reembed,sdedit,wam,111000000001,change_object,4,style,make it look cinematic,1.0,32.0,2.3283064365386963e-10,True,26.0,True,,,0.3383731245994568,0.2948673665523529,0.0435057580471038,-0.0453158803284168,0.924952268600464,0.9273067712783812,0.36644047498703,0.4507987450894455,15.308103100440947,12.97160369177826,3.3715224266052246,4.527586936950684,,,,,,,,,,,,,,,,,,,,,,1.0,0.0,True,0.0
reembed,sdedit,wam,211000000000,add_object,0,none,,1.0,32.0,2.3283064365386963e-10,True,26.0,True,38.11271040386504,0.971313697833561,,,,,,,,,,,,,,,,,,,,,,,,,,,,,,,,,,1.0,,True,
reembed,sdedit,wam,211000000000,add_object,1,add_object,add and scarf and add with flowers in mouth,1.0,32.0,2.3283064365386963e-10,True,26.0,True,,,0.2875552773475647,0.2524295151233673,0.0351257622241973,0.1817326992750167,0.93994402885437,0.8228709101676941,0.4074345827102661,0.5027093005300115,17.75651385987578,17.73719543359669,3.3491082191467285,4.527586936950684,,,,,,,,,,,,,,,,,,,,,,1.0,1.0,True,1.0
reembed,sdedit,wam,211000000000,add_object,2,global_attribute,make it rainy,1.0,32.0,2.3283064365386963e-10,True,26.0,True,,,0.3171427249908447,0.2697888016700744,0.0473539233207702,0.3541029691696167,0.9545751214027404,0.8927900195121765,0.3627969920635223,0.4903369123118999,18.02019295495294,16.51809681544788,3.349409341812134,4.527586936950684,,,,,,,,,,,,,,,,,,,,,,1.0,1.0,True,1.0
reembed,sdedit,wam,211000000000,add_object,3,background,make the background a desert,1.0,32.0,2.3283064365386963e-10,True,26.0,True,,,0.3259851336479187,0.3137418627738952,0.0122432708740234,0.0431908555328846,0.9411327838897704,0.4617849886417389,0.3990971148014068,0.4432318501243129,17.223193333531086,15.454621888895725,3.3501434326171875,4.527586936950684,,,,,,,,,,,,,,,,,,,,,,1.0,1.0,True,1.0
reembed,sdedit,wam,211000000000,add_object,4,style,make it anime style,1.0,32.0,2.3283064365386963e-10,True,26.0,True,,,0.3125103116035461,0.3041597008705139,0.0083506107330322,-0.0513983890414238,0.9486207962036132,0.8391382694244385,0.3864110708236694,0.4073219629646198,16.504696580313386,14.600902653737103,3.3504397869110107,4.527586936950684,,,,,,,,,,,,,,,,,,,,,,1.0,0.0,True,0.0
reembed,sdedit,wam,311000000000,delete_object,0,none,,1.0,32.0,2.3283064365386963e-10,True,26.0,True,42.44143802554333,0.9908210419368684,,,,,,,,,,,,,,,,,,,,,,,,,,,,,,,,,,1.0,,True,
reembed,sdedit,wam,311000000000,delete_object,1,delete_object,remove of yellow flowers,1.0,32.0,2.3283064365386963e-10,True,26.0,True,,,0.2068133652210235,0.1912651658058166,0.0155481994152069,0.0907646939158439,0.8958107233047485,0.8508284091949463,0.2241989076137542,0.7874528518192988,20.91692872831071,20.875192458439933,3.349334955215454,4.527586936950684,23.547158256530665,0.1751676499843597,,,,,,,,,,,,,,,,,,,,1.0,1.0,True,1.0
reembed,sdedit,wam,311000000000,delete_object,2,global_attribute,change the season to winter,1.0,32.0,2.3283064365386963e-10,True,26.0,True,,,0.2630039751529693,0.194610595703125,0.0683933794498443,0.2161180526018142,0.9071139097213744,0.7808162569999695,0.2505621612071991,0.7655992411970148,18.966301461051884,17.65446845036732,3.3720850944519043,4.527586936950684,,,,,,,,,,,,,,,,,,,,,,1.0,1.0,True,1.0
reembed,sdedit,wam,311000000000,delete_object,3,background,replace the background with a beach,1.0,32.0,2.3283064365386963e-10,True,26.0,True,,,0.2673687636852264,0.2485227733850479,0.0188459903001785,0.0842187777161598,0.9515923261642456,0.8508141040802002,0.2573268711566925,0.7514799831894173,18.54605875243186,16.66932234987319,3.3597099781036377,4.527586936950684,,,,,,,,,,,,,,,,,,,,,,1.0,1.0,True,1.0
reembed,sdedit,wam,311000000000,delete_object,4,style,make it look cinematic,1.0,32.0,2.3283064365386963e-10,True,26.0,True,,,0.2727952897548675,0.2910696268081665,-0.0182743370532989,0.0031155436299741,0.9417593479156494,0.8069367408752441,0.3226105272769928,0.6989269152547268,17.998088245987873,15.664517506262676,3.3511157035827637,4.527586936950684,,,,,,,,,,,,,,,,,,,,,,1.0,0.0,True,0.0
reembed,sdedit,wam,411000000000,change_content,0,none,,1.0,32.0,2.3283064365386963e-10,True,26.0,True,38.78799659980266,0.9841482721958212,,,,,,,,,,,,,,,,,,,,,,,,,,,,,,,,,,1.0,,True,
reembed,sdedit,wam,411000000000,change_content,1,change_content,change the big to small and make it big,1.0,32.0,2.3283064365386963e-10,True,26.0,True,,,0.3188197314739227,0.3105683326721191,0.0082513988018035,0.0280536171048879,0.9218630790710448,0.9116367101669312,0.229887306690216,0.6833726229949727,16.54292732117436,16.528500922771727,3.350565195083618,4.527586936950684,,,,,,,,,,,,,,,,,,,,,,1.0,1.0,True,1.0
reembed,sdedit,wam,411000000000,change_content,2,global_attribute,make it nighttime,1.0,32.0,2.3283064365386963e-10,True,26.0,True,,,0.3031359910964966,0.3041415214538574,-0.0010055303573608,-0.0465906709432601,0.9330958724021912,0.8615810871124268,0.3055477738380432,0.6219117266399744,16.7286034700476,14.788975082032946,3.350609302520752,4.527586936950684,,,,,,,,,,,,,,,,,,,,,,1.0,0.0,True,0.0
reembed,sdedit,wam,411000000000,change_content,3,background,replace the background with a beach,1.0,32.0,2.3283064365386963e-10,True,26.0,True,,,0.3052403330802917,0.2879159450531006,0.0173243880271911,0.0193991959095001,0.9494645595550536,0.9083781242370604,0.3156059086322784,0.6103684102191792,16.712562369193456,14.05420492165107,3.356812000274658,4.527586936950684,,,,,,,,,,,,,,,,,,,,,,1.0,1.0,True,1.0
reembed,sdedit,wam,411000000000,change_content,4,style,turn it into a watercolor painting,1.0,32.0,2.3283064365386963e-10,True,26.0,True,,,0.3027968406677246,0.2913184463977813,0.0114783942699432,0.0717147961258888,0.8950698375701904,0.8764948844909668,0.3281024396419525,0.6019590928905876,16.33073049089131,13.365988354240894,3.357527256011963,4.527586936950684,,,,,,,,,,,,,,,,,,,,,,1.0,1.0,True,1.0
reembed,sdedit,wam,511000000000,change_pose,0,none,,1.0,32.0,2.3283064365386963e-10,True,26.0,True,42.213464807691075,0.9785141140443526,,,,,,,,,,,,,,,,,,,,,,,,,,,,,,,,,,1.0,,True,
reembed,sdedit,wam,511000000000,change_pose,1,change_pose,change the laying down on to with tail down and make it jumping,1.0,32.0,2.3283064365386963e-10,True,26.0,True,,,0.2809616029262543,0.2801777422428131,0.0007838606834411,0.036391831934452,0.8299626708030701,0.7947784066200256,0.0848350524902343,0.932474225547854,23.79343123192813,23.75100729733756,3.357900381088257,4.527586936950684,29.807138497736112,0.0701019465923309,,,,,,,,,,,,,,,,,,,,1.0,1.0,True,1.0
reembed,sdedit,wam,511000000000,change_pose,2,global_attribute,make it nighttime,1.0,32.0,2.3283064365386963e-10,True,26.0,True,,,0.2699318826198578,0.2664887011051178,0.0034431815147399,-0.0098314024507999,0.799800455570221,0.8524485230445862,0.1087819337844848,0.8965591079808092,22.906629886545765,20.586106235668513,3.35101580619812,4.527586936950684,,,,,,,,,,,,,,,,,,,,,,1.0,0.0,True,0.0
reembed,sdedit,wam,511000000000,change_pose,3,background,make the background a city street,1.0,32.0,2.3283064365386963e-10,True,26.0,True,,,0.2429719269275665,0.2388336509466171,0.0041382759809494,0.0439698174595832,0.8413386344909668,0.894500732421875,0.2662522196769714,0.7779931491173757,23.758946652718667,20.032886868638332,3.3490567207336426,4.527586936950684,,,,,,,,,,,,,,,,,,,,,,0.9992218017578124,1.0,True,1.0
reembed,sdedit,wam,511000000000,change_pose,4,style,convert it to an oil painting,1.0,32.0,2.3283064365386963e-10,True,26.0,True,,,0.2373856306076049,0.1969482898712158,0.0404373407363891,0.0571891702711582,0.8805409669876099,0.7875701189041138,0.2142339944839477,0.6972733960151354,22.001624720519025,18.69408364420304,3.3497090339660645,4.527586936950684,,,,,,,,,,,,,,,,,,,,,,1.0,1.0,True,1.0
reembed,sdedit,wam,611000000000,change_color,0,none,,1.0,32.0,2.3283064365386963e-10,True,26.0,True,37.589277394459224,0.9464888602556508,,,,,,,,,,,,,,,,,,,,,,,,,,,,,,,,,,1.0,,True,
reembed,sdedit,wam,611000000000,change_color,1,change_color,change the black to white and change the red to green,1.0,32.0,2.3283064365386963e-10,True,26.0,True,,,0.227980151772499,0.2105950564146042,0.0173850953578948,-0.0475013852119445,0.9041558504104614,0.7542921304702759,0.4031552672386169,0.5175414182992291,19.843826707222515,19.81329252588852,3.352048873901367,4.527586936950684,,,,,,,,,,,,,,,,,,,,,,1.0,0.0,True,0.0
reembed,sdedit,wam,611000000000,change_color,2,global_attribute,change the season to winter,1.0,32.0,2.3283064365386963e-10,True,26.0,True,,,0.223784327507019,0.2195059955120086,0.0042783319950103,0.0634827613830566,0.9467937350273132,0.7594101428985596,0.4244024157524109,0.448754091347543,19.273683694674272,18.584181760386244,3.3526182174682617,4.527586936950684,,,,,,,,,,,,,,,,,,,,,,1.0,1.0,True,1.0
reembed,sdedit,wam,611000000000,change_color,3,background,make the background a desert,1.0,32.0,2.3283064365386963e-10,True,26.0,True,,,0.2255372554063797,0.2182386815547943,0.0072985738515853,-0.0208697579801082,0.9690725207328796,0.863548755645752,0.3618112802505493,0.4536372265687136,19.458364609364196,18.471843044178545,3.363654375076294,4.527586936950684,,,,,,,,,,,,,,,,,,,,,,1.0,0.0,True,0.0
reembed,sdedit,wam,611000000000,change_color,4,style,convert it to an oil painting,1.0,32.0,2.3283064365386963e-10,True,26.0,True,,,0.2284141480922699,0.2381187677383422,-0.0097046196460723,0.0849165618419647,0.9768348932266236,0.8554280400276184,0.3966583907604217,0.4133571760632686,18.678648452525877,17.105616504420098,3.352741241455078,4.527586936950684,,,,,,,,,,,,,,,,,,,,,,1.0,0.0,True,0.0
reembed,sdedit,wam,711000000000,change_material,0,none,,1.0,32.0,2.3283064365386963e-10,True,26.0,True,40.816037454216655,0.9905307661331328,,,,,,,,,,,,,,,,,,,,,,,,,,,,,,,,,,1.0,,True,
reembed,sdedit,wam,711000000000,change_material,1,change_material,make it knitted and make it toy,1.0,32.0,2.3283064365386963e-10,True,26.0,True,,,0.2992298007011413,0.213683620095253,0.0855461806058883,0.1991664171218872,0.7836356163024902,0.6252455711364746,0.2987103462219238,0.6976532314957203,18.08223329637256,18.0600736118561,3.351614236831665,4.527586936950684,29.778807829045725,0.1364252120256424,,,,,,,,,,,,,,,,,,,,1.0,1.0,True,1.0
reembed,sdedit,wam,711000000000,change_material,2,global_attribute,change the season to winter,1.0,32.0,2.3283064365386963e-10,True,26.0,True,,,0.2984537482261657,0.2801135182380676,0.0183402299880981,0.0957018435001373,0.8384907841682434,0.814816951751709,0.2724280953407287,0.6748560492453937,18.57654251342371,16.61160709405899,3.3521206378936768,4.527586936950684,,,,,,,,,,,,,,,,,,,,,,0.9965667724609376,1.0,True,1.0
reembed,sdedit,wam,711000000000,change_material,3,background,make the background a desert,1.0,32.0,2.3283064365386963e-10,True,26.0,True,,,0.2962336838245392,0.291125625371933,0.0051080584526062,0.0362705364823341,0.8882692456245422,0.8533150553703308,0.403915524482727,0.6122953969969069,18.333323329062235,15.704665324512868,3.361316204071045,4.527586936950684,,,,,,,,,,,,,,,,,,,,,,1.0,1.0,True,1.0
reembed,sdedit,wam,711000000000,change_material,4,style,convert it to an oil painting,1.0,32.0,2.3283064365386963e-10,True,26.0,True,,,0.2901110351085663,0.2879568636417389,0.0021541714668273,-0.0031145408283919,0.8849968910217285,0.8553574085235596,0.3827256858348846,0.5651127228514564,17.65840210825919,14.92747999351388,3.3591694831848145,4.527586936950684,,,,,,,,,,,,,,,,,,,,,,0.998931884765625,0.0,True,0.0
reembed,sdedit,wam,811000000000,change_background,0,none,,1.0,32.0,2.3283064365386963e-10,True,26.0,True,41.877624190077114,0.9891538180142944,,,,,,,,,,,,,,,,,,,,,,,,,,,,,,,,,,1.0,,True,
reembed,sdedit,wam,811000000000,change_background,1,change_background,change the white background to forest,1.0,32.0,2.3283064365386963e-10,True,26.0,True,,,0.2562988996505737,0.1859074980020523,0.0703914016485214,0.0673246756196022,0.6762689352035522,0.5991978645324707,0.2521012425422668,0.7741935683119241,19.937466698525533,19.935734809709295,3.3725743293762207,4.527586936950684,16.082853751301837,0.4743717610836029,,,,,,,,,,,,,,,,,,,,1.0,1.0,True,1.0
reembed,sdedit,wam,811000000000,change_background,2,global_attribute,make it nighttime,1.0,32.0,2.3283064365386963e-10,True,26.0,True,,,0.250983864068985,0.2408367097377777,0.0101471543312072,0.0506710931658744,0.8494834303855896,0.8100744485855103,0.312274307012558,0.7600515699521292,18.655385504474545,17.710738543039717,3.3834009170532227,4.527586936950684,,,,,,,,,,,,,,,,,,,,,,1.0,1.0,True,1.0
reembed,sdedit,wam,811000000000,change_background,3,background,replace the background with a beach,1.0,32.0,2.3283064365386963e-10,True,26.0,True,,,0.2454927563667297,0.2442049384117126,0.001287817955017,0.0026089078746736,0.9285573959350586,0.9042155742645264,0.360170841217041,0.7278594268027101,17.729547818228273,16.8993324530221,3.379014253616333,4.527586936950684,,,,,,,,,,,,,,,,,,,,,,1.0,1.0,True,1.0
reembed,sdedit,wam,811000000000,change_background,4,style,make it anime style,1.0,32.0,2.3283064365386963e-10,True,26.0,True,,,0.273658275604248,0.2415014505386352,0.0321568250656127,0.0897673815488815,0.92326682806015,0.8983925580978394,0.304637998342514,0.6473168435383839,16.633866377162732,15.910585912718338,3.3835344314575195,4.527586936950684,,,,,,,,,,,,,,,,,,,,,,1.0,1.0,True,1.0
reembed,sdedit,wam,911000000000,change_style,0,none,,1.0,32.0,2.3283064365386963e-10,True,26.0,True,36.7561034573693,0.98863119122017,,,,,,,,,,,,,,,,,,,,,,,,,,,,,,,,,,1.0,,True,
reembed,sdedit,wam,911000000000,change_style,1,change_style,make it realism style and make it expressionism style,1.0,32.0,2.3283064365386963e-10,True,26.0,True,,,0.3189800679683685,0.2835188508033752,0.0354612171649932,0.1877674013376236,0.923203945159912,0.8030023574829102,0.4221554398536682,0.2276880263626924,14.768784181396084,14.770759958017802,3.370748281478882,4.527586936950684,,,,,,,,,,,,,,,,,,,,,,1.0,1.0,True,1.0
reembed,sdedit,wam,911000000000,change_style,2,global_attribute,make it nighttime,1.0,32.0,2.3283064365386963e-10,True,26.0,True,,,0.3120684325695038,0.3098447024822235,0.0022237300872802,0.0585862398147583,0.961844563484192,0.8684847354888916,0.4024695158004761,0.2701811303534052,15.275126636904549,13.368058332987388,3.3724663257598877,4.527586936950684,,,,,,,,,,,,,,,,,,,,,,1.0,1.0,True,1.0
reembed,sdedit,wam,911000000000,change_style,3,background,replace the background with a beach,1.0,32.0,2.3283064365386963e-10,True,26.0,True,,,0.3023502826690674,0.2949532270431518,0.0073970556259155,-0.0206359140574932,0.9441137313842772,0.8790642023086548,0.3858447074890136,0.2653483003412097,15.109075204519076,12.818823757015847,3.3715429306030273,4.527586936950684,,,,,,,,,,,,,,,,,,,,,,0.9996795654296876,0.0,True,0.0
reembed,sdedit,wam,911000000000,change_style,4,style,make it look cinematic,1.0,32.0,2.3283064365386963e-10,True,26.0,True,,,0.2877400517463684,0.2892308235168457,-0.0014907717704772,-0.0435802675783634,0.9303696155548096,0.8887292146682739,0.3869458436965942,0.2822082986101745,15.118014414277152,12.259350140327886,3.3730947971343994,4.527586936950684,,,,,,,,,,,,,,,,,,,,,,1.0,0.0,True,0.0
