method,editor,watermark,id,category,level,round_category,instruction,bit_acc,matches,p_value,detected,threshold_matches,exact_payload,wm_psnr,wm_ssim,clip_t,clip_t_in,clip_t_gain,clip_dir,clip_i,dino,lpips,ssim,psnr,psnr_vs_orig,edit_seconds,edit_peak_mem_gb,bg_psnr,bg_lpips,wam_bit_acc,wam_matches,wam_p_value,wam_detected,wam_threshold_matches,wam_exact_payload,wam_wam_mask_frac,trustmark_bit_acc,trustmark_matches,trustmark_p_value,trustmark_detected,trustmark_threshold_matches,trustmark_exact_payload,dwtdct_bit_acc,dwtdct_matches,dwtdct_p_value,dwtdct_detected,dwtdct_threshold_matches,dwtdct_exact_payload,wam_mask_frac
baseline,ip2p,dwtdct,111000000000,change_object,0,none,,1.0,32.0,2.3283064365386963e-10,True,26.0,True,34.70276705335292,0.9742709027239512,,,,,,,,,,,,,,,,,,,,,,,,,,,,,,,,,,
baseline,ip2p,dwtdct,111000000000,change_object,1,change_object,change the fishes to sharks and change the kelp to flowers,0.375,12.0,0.9449079174082726,False,26.0,False,,,0.2697848081588745,0.20018047094345093,0.06960433721542358,0.22275607287883759,0.8966969847679138,0.6180306077003479,0.40966224670410156,0.4385009426622261,11.1984197507258,11.175493395071614,8.340081214904785,3.1037206649780273,,,,,,,,,,,,,,,,,,,,,,
baseline,ip2p,dwtdct,111000000000,change_object,2,global_attribute,make it nighttime,0.5625,18.0,0.29830744792707264,False,26.0,False,,,0.26731935143470764,0.265699177980423,0.001620173454284668,0.06159769371151924,0.9947134256362915,0.9924353957176208,0.061382293701171875,0.8772553204191889,19.56370296772559,11.345209194411236,8.340347051620483,3.1037206649780273,,,,,,,,,,,,,,,,,,,,,,
baseline,ip2p,dwtdct,111000000000,change_object,3,background,make the background a desert,0.53125,17.0,0.4300250329542905,False,26.0,False,,,0.2627929747104645,0.2549787163734436,0.007814258337020874,0.12634894251823425,0.978348970413208,0.9500678181648254,0.1966646909713745,0.7820659081764298,15.465405599171593,10.973719373399362,8.33959436416626,3.1037206649780273,,,,,,,,,,,,,,,,,,,,,,
baseline,ip2p,dwtdct,111000000000,change_object,4,style,turn it into a watercolor painting,0.5625,18.0,0.29830744792707264,False,26.0,False,,,0.2724441885948181,0.2690489888191223,0.0033951997756958008,0.07401423901319504,0.9735921621322632,0.9571354389190674,0.15404203534126282,0.7527456525986439,13.885328928800675,9.213314790346946,8.341476917266846,3.1037206649780273,,,,,,,,,,,,,,,,,,,,,,
baseline,ip2p,dwtdct,111000000001,change_object,0,none,,1.0,32.0,2.3283064365386963e-10,True,26.0,True,41.69673472013483,0.991522099538042,,,,,,,,,,,,,,,,,,,,,,,,,,,,,,,,,,
baseline,ip2p,dwtdct,111000000001,change_object,1,change_object,change the cat to tiger and change the hat to scarf,0.6875,22.0,0.025051229866221547,False,26.0,False,,,0.3209057152271271,0.21549832820892334,0.10540738701820374,0.3266626000404358,0.7880185842514038,0.34352898597717285,0.6579378843307495,0.32397093741846117,8.367945892645114,8.348258172632848,8.34562349319458,3.1037206649780273,,,,,,,,,,,,,,,,,,,,,,
baseline,ip2p,dwtdct,111000000001,change_object,2,global_attribute,make it rainy,0.53125,17.0,0.4300250329542905,False,26.0,False,,,0.305495023727417,0.3037353754043579,0.001759648323059082,-0.062002163380384445,0.9920721650123596,0.9933661818504333,0.0508093386888504,0.9564063270193658,23.29387704268531,8.329134442679116,8.34635305404663,3.1037206649780273,,,,,,,,,,,,,,,,,,,,,,
baseline,ip2p,dwtdct,111000000001,change_object,3,background,make the background a desert,0.5625,18.0,0.29830744792707264,False,26.0,False,,,0.2994017004966736,0.2900313138961792,0.009370386600494385,0.06121641397476196,0.9616147875785828,0.9311811923980713,0.15682300925254822,0.9132579666630511,16.887983430890145,8.036138115169658,8.348679304122925,3.1037206649780273,,,,,,,,,,,,,,,,,,,,,,
baseline,ip2p,dwtdct,111000000001,change_object,4,style,make it look cinematic,0.6875,22.0,0.025051229866221547,False,26.0,False,,,0.28202831745147705,0.28667372465133667,-0.004645407199859619,0.003950790502130985,0.9968297481536865,0.9910587668418884,0.02508908323943615,0.9516621924046715,23.601195352728478,7.8346601512296,8.34691333770752,3.1037206649780273,,,,,,,,,,,,,,,,,,,,,,
baseline,ip2p,dwtdct,211000000000,add_object,0,none,,1.0,32.0,2.3283064365386963e-10,True,26.0,True,40.584121544969605,0.988954600340363,,,,,,,,,,,,,,,,,,,,,,,,,,,,,,,,,,
baseline,ip2p,dwtdct,211000000000,add_object,1,add_object,add and scarf and add with flowers in mouth,0.59375,19.0,0.18854279373772442,False,26.0,False,,,0.2959355115890503,0.24953076243400574,0.046404749155044556,0.22366198897361755,0.8129901885986328,0.5813178420066833,0.421149343252182,0.5872661547967105,16.87886279797941,16.917411520020742,8.340812921524048,3.1037206649780273,,,,,,,,,,,,,,,,,,,,,,
baseline,ip2p,dwtdct,211000000000,add_object,2,global_attribute,make it rainy,0.59375,19.0,0.18854279373772442,False,26.0,False,,,0.2926751375198364,0.29149800539016724,0.0011771321296691895,0.1131756529211998,0.9862392544746399,0.9903725385665894,0.060140982270240784,0.926798496276617,30.31982916610812,16.73291626144062,8.34067964553833,3.1037206649780273,,,,,,,,,,,,,,,,,,,,,,
baseline,ip2p,dwtdct,211000000000,add_object,3,background,make the background a desert,0.40625,13.0,0.8923364251386374,False,26.0,False,,,0.2673802971839905,0.2895612120628357,-0.022180914878845215,0.02965916320681572,0.9643382430076599,0.9705729484558105,0.20374897122383118,0.8221001615886947,16.21498696975731,12.896920877632246,8.339498281478882,3.1037206649780273,,,,,,,,,,,,,,,,,,,,,,
baseline,ip2p,dwtdct,211000000000,add_object,4,style,make it anime style,0.375,12.0,0.9449079174082726,False,26.0,False,,,0.27407097816467285,0.26910582184791565,0.004965156316757202,0.1428486704826355,0.9678157567977905,0.9704853892326355,0.12122248858213425,0.7917178426177168,16.015010696143904,9.638064201019164,8.339557886123657,3.1037206649780273,,,,,,,,,,,,,,,,,,,,,,
baseline,ip2p,dwtdct,311000000000,delete_object,0,none,,0.4375,14.0,0.8114572062622756,False,26.0,False,39.34648708658547,0.9871976539545727,,,,,,,,,,,,,,,,,,,,,,,,,,,,,,,,,,
baseline,ip2p,dwtdct,311000000000,delete_object,1,delete_object,remove of yellow flowers,0.4375,14.0,0.8114572062622756,False,26.0,False,,,0.21392454206943512,0.1943725049495697,0.019552037119865417,0.1533878594636917,0.877219021320343,0.7134531736373901,0.39524316787719727,0.8210939889306125,15.795746409392024,15.805150693523945,8.340117454528809,3.1037206649780273,18.45611635900137,0.2695450782775879,,,,,,,,,,,,,,,,,,,,
baseline,ip2p,dwtdct,311000000000,delete_object,2,global_attribute,change the season to winter,0.5,16.0,0.5699749670457095,False,26.0,False,,,0.17486396431922913,0.20768959820270538,-0.03282563388347626,0.14144429564476013,0.6681125164031982,0.17164674401283264,0.33626803755760193,0.9074276288260688,15.011055780990858,15.115167855658777,8.340017318725586,3.1037206649780273,,,,,,,,,,,,,,,,,,,,,,
baseline,ip2p,dwtdct,311000000000,delete_object,3,background,replace the background with a beach,0.53125,17.0,0.4300250329542905,False,26.0,False,,,0.19482013583183289,0.16719511151313782,0.02762502431869507,0.2559754252433777,0.7905091047286987,0.45398515462875366,0.33398014307022095,0.8908578651800935,16.30455292228659,11.952724576062753,8.339432954788208,3.1037206649780273,,,,,,,,,,,,,,,,,,,,,,
baseline,ip2p,dwtdct,311000000000,delete_object,4,style,make it look cinematic,0.5625,18.0,0.29830744792707264,False,26.0,False,,,0.1747647076845169,0.18761396408081055,-0.01284925639629364,0.10190914571285248,0.9615795612335205,0.7988316416740417,0.19892147183418274,0.8056539401848558,16.596312468332666,9.767871200832325,8.345515489578247,3.1037206649780273,,,,,,,,,,,,,,,,,,,,,,
baseline,ip2p,dwtdct,411000000000,change_content,0,none,,1.0,32.0,2.3283064365386963e-10,True,26.0,True,38.17179160217899,0.9884851387526289,,,,,,,,,,,,,,,,,,,,,,,,,,,,,,,,,,
baseline,ip2p,dwtdct,411000000000,change_content,1,change_content,change the big to small and make it big,1.0,32.0,2.3283064365386963e-10,True,26.0,True,,,0.3206274211406708,0.31362801790237427,0.006999403238296509,-0.024460218846797943,0.9479565620422363,0.9929642081260681,0.022532382979989052,0.9211459716732567,25.951243191617287,25.96928894117636,8.343910932540894,3.1037206649780273,,,,,,,,,,,,,,,,,,,,,,
baseline,ip2p,dwtdct,411000000000,change_content,2,global_attribute,make it nighttime,0.625,20.0,0.10766357486136258,False,26.0,False,,,0.25390753149986267,0.30865317583084106,-0.054745644330978394,0.09822698682546616,0.5977676510810852,0.3560255169868469,0.7688320875167847,0.5599307188452126,8.718218193719506,8.648396189011086,8.342740535736084,3.1037206649780273,,,,,,,,,,,,,,,,,,,,,,
baseline,ip2p,dwtdct,411000000000,change_content,3,background,replace the background with a beach,0.53125,17.0,0.4300250329542905,False,26.0,False,,,0.19965817034244537,0.25538310408592224,-0.05572493374347687,0.03350606933236122,0.9027895927429199,0.8966940641403198,0.2491617500782013,0.8943043788276585,15.520977472768507,8.306525051805682,8.345030784606934,3.1037206649780273,,,,,,,,,,,,,,,,,,,,,,
baseline,ip2p,dwtdct,411000000000,change_content,4,style,turn it into a watercolor painting,0.4375,14.0,0.8114572062622756,False,26.0,False,,,0.21097037196159363,0.21626189351081848,-0.0052915215492248535,-0.01635599695146084,0.9440323114395142,0.8845746517181396,0.25543367862701416,0.8009565536178297,18.657517082851133,9.071375039090606,8.344876289367676,3.1037206649780273,,,,,,,,,,,,,,,,,,,,,,
baseline,ip2p,dwtdct,511000000000,change_pose,0,none,,1.0,32.0,2.3283064365386963e-10,True,26.0,True,38.66740923667961,0.9920395373667524,,,,,,,,,,,,,,,,,,,,,,,,,,,,,,,,,,
baseline,ip2p,dwtdct,511000000000,change_pose,1,change_pose,change the laying down on to with tail down and make it jumping,0.40625,13.0,0.8923364251386374,False,26.0,False,,,0.22079461812973022,0.26281091570854187,-0.042016297578811646,0.08797478675842285,0.7465035915374756,0.6702007055282593,0.17914342880249023,0.9228163095292444,17.44379165233283,17.532988715582665,8.348974227905273,3.1037206649780273,19.43070184712399,0.14953234791755676,,,,,,,,,,,,,,,,,,,,
baseline,ip2p,dwtdct,511000000000,change_pose,2,global_attribute,make it nighttime,0.40625,13.0,0.8923364251386374,False,26.0,False,,,0.21956822276115417,0.21810689568519592,0.001461327075958252,0.15956677496433258,0.8491075038909912,0.7790490388870239,0.4217817485332489,0.6531661559881184,5.2365966454182,4.560231559541391,8.347944736480713,3.1037206649780273,,,,,,,,,,,,,,,,,,,,,,
baseline,ip2p,dwtdct,511000000000,change_pose,3,background,make the background a city street,0.40625,13.0,0.8923364251386374,False,26.0,False,,,0.25604790449142456,0.19502107799053192,0.06102682650089264,0.29148685932159424,0.8645027875900269,0.689934492111206,0.38071995973587036,0.818159985035999,18.315379124083382,3.856977212140427,8.346333265304565,3.1037206649780273,,,,,,,,,,,,,,,,,,,,,,
baseline,ip2p,dwtdct,511000000000,change_pose,4,style,convert it to an oil painting,0.59375,19.0,0.18854279373772442,False,26.0,False,,,0.23838835954666138,0.2180129736661911,0.020375385880470276,0.04787971079349518,0.96907639503479,0.9830780029296875,0.11710577458143234,0.8853270368841778,21.55566560754309,4.226156699576091,8.344777345657349,3.1037206649780273,,,,,,,,,,,,,,,,,,,,,,
baseline,ip2p,dwtdct,611000000000,change_color,0,none,,1.0,32.0,2.3283064365386963e-10,True,26.0,True,38.902713724863794,0.9788001327826058,,,,,,,,,,,,,,,,,,,,,,,,,,,,,,,,,,
baseline,ip2p,dwtdct,611000000000,change_color,1,change_color,change the black to white and change the red to green,0.8125,26.0,0.0002675263676792383,True,26.0,False,,,0.21343183517456055,0.203995019197464,0.009436815977096558,0.1727844923734665,0.9493259191513062,0.9598979353904724,0.2744832932949066,0.5377047113106815,18.962823167903494,18.778640218195864,8.343059539794922,3.1037206649780273,,,,,,,,,,,,,,,,,,,,,,
baseline,ip2p,dwtdct,611000000000,change_color,2,global_attribute,change the season to winter,0.1875,6.0,0.9999434628989547,False,26.0,False,,,0.2380184680223465,0.21083512902259827,0.02718333899974823,0.024559825658798218,0.9643340706825256,0.9637184739112854,0.22851991653442383,0.5140181576607411,13.032941831067324,14.255350792906123,8.343058586120605,3.1037206649780273,,,,,,,,,,,,,,,,,,,,,,
baseline,ip2p,dwtdct,611000000000,change_color,3,background,make the background a desert,0.53125,17.0,0.4300250329542905,False,26.0,False,,,0.17729926109313965,0.23695431649684906,-0.05965505540370941,0.22310835123062134,0.8876073360443115,0.8741337060928345,0.4844147562980652,0.5421260940984393,10.759395021885993,10.851750937931248,8.344768524169922,3.1037206649780273,,,,,,,,,,,,,,,,,,,,,,
baseline,ip2p,dwtdct,611000000000,change_color,4,style,convert it to an oil painting,0.5,16.0,0.5699749670457095,False,26.0,False,,,0.18775807321071625,0.1870899498462677,0.0006681233644485474,0.10751354694366455,0.9724621772766113,0.9865251183509827,0.09956365078687668,0.7830224050189593,17.10393663954816,10.271926932100307,8.342903137207031,3.1037206649780273,,,,,,,,,,,,,,,,,,,,,,
baseline,ip2p,dwtdct,711000000000,change_material,0,none,,0.53125,17.0,0.4300250329542905,False,26.0,False,43.689934462385274,0.9942413188682536,,,,,,,,,,,,,,,,,,,,,,,,,,,,,,,,,,
baseline,ip2p,dwtdct,711000000000,change_material,1,change_material,make it knitted and make it toy,0.53125,17.0,0.4300250329542905,False,26.0,False,,,0.24428927898406982,0.20970460772514343,0.03458467125892639,0.15462201833724976,0.6244031190872192,0.1935020387172699,0.3805577754974365,0.6255645516296574,14.19519292117874,14.176889201727015,8.34362506866455,3.1037206649780273,22.075388912850563,0.149125337600708,,,,,,,,,,,,,,,,,,,,
baseline,ip2p,dwtdct,711000000000,change_material,2,global_attribute,change the season to winter,0.40625,13.0,0.8923364251386374,False,26.0,False,,,0.25922414660453796,0.22006654739379883,0.039157599210739136,0.23774752020835876,0.9364110231399536,0.9453697204589844,0.08989647775888443,0.8414541976614777,19.780383211582247,13.903169482414498,8.342952966690063,3.1037206649780273,,,,,,,,,,,,,,,,,,,,,,
baseline,ip2p,dwtdct,711000000000,change_material,3,background,make the background a desert,0.46875,15.0,0.7016925520729274,False,26.0,False,,,0.2547405958175659,0.24814081192016602,0.006599783897399902,0.20364223420619965,0.9411007761955261,0.9429851770401001,0.2140449583530426,0.8517531623645759,14.52757827908995,11.147735394389835,8.343200445175171,3.1037206649780273,,,,,,,,,,,,,,,,,,,,,,
baseline,ip2p,dwtdct,711000000000,change_material,4,style,convert it to an oil painting,0.34375,11.0,0.9749487701337785,False,26.0,False,,,0.25417786836624146,0.2521352171897888,0.0020426511764526367,0.12043419480323792,0.9652814865112305,0.9548046588897705,0.10404443740844727,0.8329607508382573,15.860104669222672,8.439462107529444,8.346189498901367,3.1037206649780273,,,,,,,,,,,,,,,,,,,,,,
baseline,ip2p,dwtdct,811000000000,change_background,0,none,,0.53125,17.0,0.4300250329542905,False,26.0,False,43.55890142215483,0.9932369026354442,,,,,,,,,,,,,,,,,,,,,,,,,,,,,,,,,,
baseline,ip2p,dwtdct,811000000000,change_background,1,change_background,change the white background to forest,0.5625,18.0,0.29830744792707264,False,26.0,False,,,0.20194368064403534,0.20424869656562805,-0.0023050159215927124,0.18804682791233063,0.5524365901947021,0.07061638683080673,0.909307062625885,0.4647284506505012,6.6342497653779535,6.618613654048074,8.343905925750732,3.1037206649780273,6.9490095642966345,0.882135808467865,,,,,,,,,,,,,,,,,,,,
baseline,ip2p,dwtdct,811000000000,change_background,2,global_attribute,make it nighttime,0.4375,14.0,0.8114572062622756,False,26.0,False,,,0.22959981858730316,0.19170939922332764,0.037890419363975525,0.18488363921642303,0.9454062581062317,0.8120718002319336,0.44798749685287476,0.20562693955357003,5.4771292807075795,1.3319274504660559,8.343372106552124,3.1037206649780273,,,,,,,,,,,,,,,,,,,,,,
baseline,ip2p,dwtdct,811000000000,change_background,3,background,replace the background with a beach,0.5625,18.0,0.29830744792707264,False,26.0,False,,,0.1921776980161667,0.20658761262893677,-0.01440991461277008,0.30197376012802124,0.8224299550056458,0.42242270708084106,0.7154413461685181,0.29134932141048897,7.520004370717741,5.587777164360598,8.344180822372437,3.1037206649780273,,,,,,,,,,,,,,,,,,,,,,
baseline,ip2p,dwtdct,811000000000,change_background,4,style,make it anime style,0.59375,19.0,0.18854279373772442,False,26.0,False,,,0.2233947515487671,0.19833435118198395,0.025060400366783142,0.29062455892562866,0.8707902431488037,0.4241548180580139,0.6180770993232727,0.5688969236756378,11.109775455166396,7.119015995003428,8.344751358032227,3.1037206649780273,,,,,,,,,,,,,,,,,,,,,,
baseline,ip2p,dwtdct,911000000000,change_style,0,none,,1.0,32.0,2.3283064365386963e-10,True,26.0,True,40.25488393489556,0.9939228369907097,,,,,,,,,,,,,,,,,,,,,,,,,,,,,,,,,,
baseline,ip2p,dwtdct,911000000000,change_style,1,change_style,make it realism style and make it expressionism style,0.46875,15.0,0.7016925520729274,False,26.0,False,,,0.30761289596557617,0.28351321816444397,0.024099677801132202,0.20068714022636414,0.9664757251739502,0.9728128910064697,0.12481020390987396,0.658379353961574,20.211199396882837,20.213429983978166,8.346248149871826,3.1037206649780273,,,,,,,,,,,,,,,,,,,,,,
baseline,ip2p,dwtdct,911000000000,change_style,2,global_attribute,make it nighttime,0.5625,18.0,0.29830744792707264,False,26.0,False,,,0.30452796816825867,0.2956346869468689,0.00889328122138977,0.07540728151798248,0.9864250421524048,0.9622824788093567,0.15209275484085083,0.5462995040142921,12.689373133671554,12.538650231881343,8.347756624221802,3.1037206649780273,,,,,,,,,,,,,,,,,,,,,,
baseline,ip2p,dwtdct,911000000000,change_style,3,background,replace the background with a beach,0.46875,15.0,0.7016925520729274,False,26.0,False,,,0.2726980447769165,0.29079243540763855,-0.018094390630722046,0.021994277834892273,0.9233301281929016,0.9112262725830078,0.2669062614440918,0.5940326317905923,10.204702744608987,10.884865678759903,8.346915245056152,3.1037206649780273,,,,,,,,,,,,,,,,,,,,,,
baseline,ip2p,dwtdct,911000000000,change_style,4,style,make it look cinematic,0.375,12.0,0.9449079174082726,False,26.0,False,,,0.2733168303966522,0.2736467123031616,-0.0003298819065093994,0.02119329199194908,0.9949942827224731,0.993047833442688,0.03850499913096428,0.9156663954717681,26.18210917190105,10.630723995081368,8.346000909805298,3.1037206649780273,,,,,,,,,,,,,,,,,,,,,,
baseline,ip2p,none,111000000000,change_object,0,none,,,,,,,,inf,1.0,,,,,,,,,,,,,,,0.5,16.0,0.5699749670457095,False,26.0,False,0.0,0.56,56.0,0.1356265120369177,False,66.0,False,0.46875,15.0,0.7016925520729274,False,26.0,False,
baseline,ip2p,none,111000000000,change_object,1,change_object,change the fishes to sharks and change the kelp to flowers,,,,,,,,,0.2712084650993347,0.1981705129146576,0.07303795218467712,0.2341241091489792,0.8935067653656006,0.6455035209655762,0.4022504985332489,0.4500335700530465,11.311867618705163,11.311867618705163,8.635104179382324,3.1037206649780273,,,0.5,16.0,0.5699749670457095,False,26.0,False,0.00067138671875,0.59,59.0,0.04431304005703379,False,66.0,False,0.625,20.0,0.10766357486136258,False,26.0,False,
baseline,ip2p,none,111000000000,change_object,2,global_attribute,make it nighttime,,,,,,,,,0.2691863477230072,0.2672539949417114,0.0019323527812957764,0.013634782284498215,0.9922441244125366,0.9925949573516846,0.05959395691752434,0.8774429093059974,19.64504958455856,11.475636318595006,8.241536378860474,3.1037206649780273,,,0.5,16.0,0.5699749670457095,False,26.0,False,0.0,0.56,56.0,0.1356265120369177,False,66.0,False,0.4375,14.0,0.8114572062622756,False,26.0,False,
baseline,ip2p,none,111000000000,change_object,3,background,make the background a desert,,,,,,,,,0.2625401020050049,0.2569182515144348,0.005621850490570068,0.09359098225831985,0.9705549478530884,0.9523138999938965,0.19996309280395508,0.773544875655879,15.265174497852975,11.011180436415218,8.19219708442688,3.1037206649780273,,,0.5,16.0,0.5699749670457095,False,26.0,False,0.0,0.56,56.0,0.1356265120369177,False,66.0,False,0.34375,11.0,0.9749487701337785,False,26.0,False,
baseline,ip2p,none,111000000000,change_object,4,style,turn it into a watercolor painting,,,,,,,,,0.27138665318489075,0.26729917526245117,0.004087477922439575,0.08801066130399704,0.9677011966705322,0.9582384824752808,0.15684691071510315,0.7464479449212881,13.74604800513218,9.27231522424247,8.208877801895142,3.1037206649780273,,,0.5,16.0,0.5699749670457095,False,26.0,False,0.0,0.55,55.0,0.18410080866334808,False,66.0,False,0.4375,14.0,0.8114572062622756,False,26.0,False,
baseline,ip2p,none,111000000001,change_object,0,none,,,,,,,,inf,1.0,,,,,,,,,,,,,,,0.5625,18.0,0.29830744792707264,False,26.0,False,0.0,0.51,51.0,0.46020538130641103,False,66.0,False,0.5,16.0,0.5699749670457095,False,26.0,False,
baseline,ip2p,none,111000000001,change_object,1,change_object,change the cat to tiger and change the hat to scarf,,,,,,,,,0.3112764060497284,0.22636234760284424,0.08491405844688416,0.31293559074401855,0.7978429794311523,0.3486490845680237,0.6546831727027893,0.32528504900337407,8.391003911128692,8.391003911128692,8.344444513320923,3.1037206649780273,,,0.5625,18.0,0.29830744792707264,False,26.0,False,0.0,0.53,53.0,0.3086497067946262,False,66.0,False,0.5,16.0,0.5699749670457095,False,26.0,False,
baseline,ip2p,none,111000000001,change_object,2,global_attribute,make it rainy,,,,,,,,,0.2906348705291748,0.29321008920669556,-0.002575218677520752,0.005253877956420183,0.9928609728813171,0.9937740564346313,0.054263290017843246,0.956790761595395,23.222087768101446,8.396875284365265,8.34460711479187,3.1037206649780273,,,0.5625,18.0,0.29830744792707264,False,26.0,False,0.0,0.53,53.0,0.3086497067946262,False,66.0,False,0.4375,14.0,0.8114572062622756,False,26.0,False,
baseline,ip2p,none,111000000001,change_object,3,background,make the background a desert,,,,,,,,,0.28744348883628845,0.2770969867706299,0.01034650206565857,0.0430363304913044,0.974480390548706,0.9492183923721313,0.15630538761615753,0.9197094820052382,17.213788924783586,8.143065374962205,8.344468832015991,3.1037206649780273,,,0.5625,18.0,0.29830744792707264,False,26.0,False,0.0,0.56,56.0,0.1356265120369177,False,66.0,False,0.5,16.0,0.5699749670457095,False,26.0,False,
baseline,ip2p,none,111000000001,change_object,4,style,make it look cinematic,,,,,,,,,0.2674250602722168,0.27595096826553345,-0.00852590799331665,-0.027051594108343124,0.9964872598648071,0.991026759147644,0.022438161075115204,0.9557198241368762,24.559349373049443,7.962204547469897,8.34577465057373,3.1037206649780273,,,0.5625,18.0,0.29830744792707264,False,26.0,False,0.0,0.51,51.0,0.46020538130641103,False,66.0,False,0.34375,11.0,0.9749487701337785,False,26.0,False,
baseline,ip2p,none,211000000000,add_object,0,none,,,,,,,,inf,1.0,,,,,,,,,,,,,,,0.59375,19.0,0.18854279373772442,False,26.0,False,0.0,0.53,53.0,0.3086497067946262,False,66.0,False,0.53125,17.0,0.4300250329542905,False,26.0,False,
baseline,ip2p,none,211000000000,add_object,1,add_object,add and scarf and add with flowers in mouth,,,,,,,,,0.2263513207435608,0.25161516666412354,-0.025263845920562744,0.17403317987918854,0.7212464809417725,0.4174221158027649,0.5418274998664856,0.5140892403200549,15.020847061695303,15.020847061695303,8.253517627716064,3.1037206649780273,,,0.59375,19.0,0.18854279373772442,False,26.0,False,0.0,0.51,51.0,0.46020538130641103,False,66.0,False,0.5,16.0,0.5699749670457095,False,26.0,False,
baseline,ip2p,none,211000000000,add_object,2,global_attribute,make it rainy,,,,,,,,,0.235841765999794,0.23177509009838104,0.004066675901412964,0.22831834852695465,0.9915693998336792,0.9900611639022827,0.05080991983413696,0.9438249782196403,29.334831089798055,14.833659487611994,8.260931491851807,3.1037206649780273,,,0.59375,19.0,0.18854279373772442,False,26.0,False,0.0,0.45,45.0,0.8643734879630823,False,66.0,False,0.59375,19.0,0.18854279373772442,False,26.0,False,
baseline,ip2p,none,211000000000,add_object,3,background,make the background a desert,,,,,,,,,0.22274808585643768,0.23402118682861328,-0.011273100972175598,-0.016535058617591858,0.9748676419258118,0.985758900642395,0.14500992000102997,0.8953830631947083,20.197491919091735,12.941744109228468,8.269447326660156,3.1037206649780273,,,0.59375,19.0,0.18854279373772442,False,26.0,False,0.0,0.42,42.0,0.9556869599429663,False,66.0,False,0.5625,18.0,0.29830744792707264,False,26.0,False,
baseline,ip2p,none,211000000000,add_object,4,style,make it anime style,,,,,,,,,0.2445080429315567,0.21071475744247437,0.033793285489082336,0.1114119440317154,0.9209688901901245,0.9528515338897705,0.17850926518440247,0.7044333584075254,13.228009944424599,8.84466906944867,8.284693002700806,3.1037206649780273,,,0.59375,19.0,0.18854279373772442,False,26.0,False,0.0,0.48,48.0,0.6913502932053738,False,66.0,False,0.5625,18.0,0.29830744792707264,False,26.0,False,
baseline,ip2p,none,311000000000,delete_object,0,none,,,,,,,,inf,1.0,,,,,,,,,,,,,,,0.53125,17.0,0.4300250329542905,False,26.0,False,0.0,0.51,51.0,0.46020538130641103,False,66.0,False,0.4375,14.0,0.8114572062622756,False,26.0,False,
baseline,ip2p,none,311000000000,delete_object,1,delete_object,remove of yellow flowers,,,,,,,,,0.2079019844532013,0.19734786450862885,0.010554119944572449,0.15912993252277374,0.8802242279052734,0.7244560718536377,0.3941012918949127,0.8259994383361922,15.802251084850333,15.802251084850333,8.287497520446777,3.1037206649780273,18.496152464809526,0.26828819513320923,0.53125,17.0,0.4300250329542905,False,26.0,False,0.0,0.48,48.0,0.6913502932053738,False,66.0,False,0.4375,14.0,0.8114572062622756,False,26.0,False,
baseline,ip2p,none,311000000000,delete_object,2,global_attribute,change the season to winter,,,,,,,,,0.26115530729293823,0.21133090555667877,0.04982440173625946,0.15217627584934235,0.8973084688186646,0.6546911001205444,0.15842381119728088,0.9455698492053187,17.555151567992567,15.436531731007179,8.301913261413574,3.1037206649780273,,,0.53125,17.0,0.4300250329542905,False,26.0,False,0.0,0.55,55.0,0.18410080866334808,False,66.0,False,0.53125,17.0,0.4300250329542905,False,26.0,False,
baseline,ip2p,none,311000000000,delete_object,3,background,replace the background with a beach,,,,,,,,,0.2352352738380432,0.2540394961833954,-0.018804222345352173,0.34200048446655273,0.8761191964149475,0.7993712425231934,0.4321056604385376,0.8171144144334432,16.64772995890391,13.650467993547847,8.315265417098999,3.1037206649780273,,,0.53125,17.0,0.4300250329542905,False,26.0,False,0.00360107421875,0.58,58.0,0.06660530960360679,False,66.0,False,0.5,16.0,0.5699749670457095,False,26.0,False,
baseline,ip2p,none,311000000000,delete_object,4,style,make it look cinematic,,,,,,,,,0.2224985659122467,0.23114679753780365,-0.008648231625556946,-0.0022453973069787025,0.9851725697517395,0.9464088678359985,0.10452074557542801,0.8178630598690306,15.333980142888494,9.776256349852993,8.315497398376465,3.1037206649780273,,,0.59375,19.0,0.18854279373772442,False,26.0,False,0.021270751953125,0.54,54.0,0.24205920680364573,False,66.0,False,0.4375,14.0,0.8114572062622756,False,26.0,False,
baseline,ip2p,none,411000000000,change_content,0,none,,,,,,,,inf,1.0,,,,,,,,,,,,,,,0.53125,17.0,0.4300250329542905,False,26.0,False,0.0,0.5,50.0,0.5397946186935889,False,66.0,False,0.5,16.0,0.5699749670457095,False,26.0,False,
baseline,ip2p,none,411000000000,change_content,1,change_content,change the big to small and make it big,,,,,,,,,0.3202037811279297,0.30434587597846985,0.01585790514945984,0.00850842148065567,0.973883867263794,0.9836892485618591,0.020785944536328316,0.9280352228463133,25.946687279810714,25.946687279810714,8.31660008430481,3.1037206649780273,,,0.53125,17.0,0.4300250329542905,False,26.0,False,0.0,0.45,45.0,0.8643734879630823,False,66.0,False,0.5,16.0,0.5699749670457095,False,26.0,False,
baseline,ip2p,none,411000000000,change_content,2,global_attribute,make it nighttime,,,,,,,,,0.3158927857875824,0.30431562662124634,0.01157715916633606,0.09831643104553223,0.9302876591682434,0.9471442699432373,0.28586241602897644,0.7794177306077789,9.655207096981274,9.474631497434686,8.317896127700806,3.1037206649780273,,,0.53125,17.0,0.4300250329542905,False,26.0,False,0.0,0.5,50.0,0.5397946186935889,False,66.0,False,0.5,16.0,0.5699749670457095,False,26.0,False,
baseline,ip2p,none,411000000000,change_content,3,background,replace the background with a beach,,,,,,,,,0.29864853620529175,0.302212119102478,-0.0035635828971862793,0.09583913534879684,0.967140793800354,0.9856076240539551,0.2473839521408081,0.828546229128848,14.631204132866147,9.5171774386997,8.321271181106567,3.1037206649780273,,,0.53125,17.0,0.4300250329542905,False,26.0,False,0.0,0.48,48.0,0.6913502932053738,False,66.0,False,0.5,16.0,0.5699749670457095,False,26.0,False,
baseline,ip2p,none,411000000000,change_content,4,style,turn it into a watercolor painting,,,,,,,,,0.2668689489364624,0.2712666392326355,-0.004397690296173096,0.10022319853305817,0.9410475492477417,0.9718153476715088,0.20227262377738953,0.7636916864572063,14.2843122049847,11.302952658109897,8.320365905761719,3.1037206649780273,,,0.53125,17.0,0.4300250329542905,False,26.0,False,0.0,0.57,57.0,0.09667395224782122,False,66.0,False,0.4375,14.0,0.8114572062622756,False,26.0,False,
baseline,ip2p,none,511000000000,change_pose,0,none,,,,,,,,inf,1.0,,,,,,,,,,,,,,,0.5625,18.0,0.29830744792707264,False,26.0,False,0.0,0.49,49.0,0.6178232827986663,False,66.0,False,0.40625,13.0,0.8923364251386374,False,26.0,False,
baseline,ip2p,none,511000000000,change_pose,1,change_pose,change the laying down on to with tail down and make it jumping,,,,,,,,,0.15985900163650513,0.25847673416137695,-0.09861773252487183,0.07993341237306595,0.6466642618179321,0.34790220856666565,0.4693504571914673,0.8622698095025094,13.22992904276795,13.22992904276795,8.32022213935852,3.1037206649780273,13.80858059872034,0.4544203579425812,0.5625,18.0,0.29830744792707264,False,26.0,False,0.0,0.51,51.0,0.46020538130641103,False,66.0,False,0.59375,19.0,0.18854279373772442,False,26.0,False,
baseline,ip2p,none,511000000000,change_pose,2,global_attribute,make it nighttime,,,,,,,,,0.17036131024360657,0.14312313497066498,0.02723817527294159,0.1904090940952301,0.8678915500640869,0.6709753274917603,0.4903753399848938,0.5429526553686487,4.527767031158193,3.617919484925723,8.319165706634521,3.1037206649780273,,,0.5625,18.0,0.29830744792707264,False,26.0,False,0.0,0.56,56.0,0.1356265120369177,False,66.0,False,0.59375,19.0,0.18854279373772442,False,26.0,False,
baseline,ip2p,none,511000000000,change_pose,3,background,make the background a city street,,,,,,,,,0.17275285720825195,0.1447921246290207,0.027960732579231262,0.09535548090934753,0.897794246673584,0.7584394812583923,0.29595863819122314,0.8233370505512987,18.292011565674,3.966444043924246,8.320716857910156,3.1037206649780273,,,0.5625,18.0,0.29830744792707264,False,26.0,False,0.0,0.53,53.0,0.3086497067946262,False,66.0,False,0.5,16.0,0.5699749670457095,False,26.0,False,
baseline,ip2p,none,511000000000,change_pose,4,style,convert it to an oil painting,,,,,,,,,0.17516997456550598,0.1750470995903015,0.00012287497520446777,0.05969865992665291,0.9723401665687561,0.9494023323059082,0.10546591877937317,0.8657406844834094,21.35575040373879,4.772869033058404,8.319007873535156,3.1037206649780273,,,0.5625,18.0,0.29830744792707264,False,26.0,False,0.0,0.45,45.0,0.8643734879630823,False,66.0,False,0.46875,15.0,0.7016925520729274,False,26.0,False,
baseline,ip2p,none,611000000000,change_color,0,none,,,,,,,,inf,1.0,,,,,,,,,,,,,,,0.59375,19.0,0.18854279373772442,False,26.0,False,0.0,0.49,49.0,0.6178232827986663,False,66.0,False,0.625,20.0,0.10766357486136258,False,26.0,False,
baseline,ip2p,none,611000000000,change_color,1,change_color,change the black to white and change the red to green,,,,,,,,,0.21070843935012817,0.20216971635818481,0.00853872299194336,0.15762126445770264,0.9379297494888306,0.9561858177185059,0.27364397048950195,0.5150048383763527,18.467152970615057,18.467152970615057,8.31945276260376,3.1037206649780273,,,0.5625,18.0,0.29830744792707264,False,26.0,False,0.003509521484375,0.47,47.0,0.7579407931963542,False,66.0,False,0.6875,22.0,0.025051229866221547,False,26.0,False,
baseline,ip2p,none,611000000000,change_color,2,global_attribute,change the season to winter,,,,,,,,,0.22822561860084534,0.210105299949646,0.01812031865119934,0.004211892373859882,0.9361609816551208,0.9594978094100952,0.2237049788236618,0.4873377593223885,13.327003844668637,14.57330645677824,8.334740400314331,3.1037206649780273,,,0.59375,19.0,0.18854279373772442,False,26.0,False,0.0,0.5,50.0,0.5397946186935889,False,66.0,False,0.5,16.0,0.5699749670457095,False,26.0,False,
baseline,ip2p,none,611000000000,change_color,3,background,make the background a desert,,,,,,,,,0.18423224985599518,0.22772130370140076,-0.04348905384540558,0.19684064388275146,0.9080802202224731,0.8908578157424927,0.4948250353336334,0.5460967973677423,10.79390092322054,11.033959808326955,8.34751009941101,3.1037206649780273,,,0.59375,19.0,0.18854279373772442,False,26.0,False,0.0,0.52,52.0,0.3821767172013338,False,66.0,False,0.375,12.0,0.9449079174082726,False,26.0,False,
baseline,ip2p,none,611000000000,change_color,4,style,convert it to an oil painting,,,,,,,,,0.19503429532051086,0.19651532173156738,-0.0014810264110565186,-0.015042973682284355,0.9817550778388977,0.9863231778144836,0.09598108381032944,0.7607315422066181,16.73403810684419,10.105991857299204,8.347763299942017,3.1037206649780273,,,0.59375,19.0,0.18854279373772442,False,26.0,False,0.0,0.5,50.0,0.5397946186935889,False,66.0,False,0.5625,18.0,0.29830744792707264,False,26.0,False,
baseline,ip2p,none,711000000000,change_material,0,none,,,,,,,,inf,1.0,,,,,,,,,,,,,,,0.3125,10.0,0.9899691964965314,False,26.0,False,0.0,0.44,44.0,0.9033260477521787,False,66.0,False,0.53125,17.0,0.4300250329542905,False,26.0,False,
baseline,ip2p,none,711000000000,change_material,1,change_material,make it knitted and make it toy,,,,,,,,,0.24893265962600708,0.21102207899093628,0.0379105806350708,0.17535367608070374,0.6160575151443481,0.19869257509708405,0.3752947151660919,0.6262073335867555,14.146497649402024,14.146497649402024,8.343316793441772,3.1037206649780273,22.19040943591367,0.14812947809696198,0.3125,10.0,0.9899691964965314,False,26.0,False,0.0,0.53,53.0,0.3086497067946262,False,66.0,False,0.53125,17.0,0.4300250329542905,False,26.0,False,
baseline,ip2p,none,711000000000,change_material,2,global_attribute,change the season to winter,,,,,,,,,0.2560403645038605,0.22524654865264893,0.030793815851211548,0.17827939987182617,0.9526198506355286,0.967170000076294,0.08347955346107483,0.8480650417982085,20.111386938689023,13.907173006531107,8.343812942504883,3.1037206649780273,,,0.3125,10.0,0.9899691964965314,False,26.0,False,0.0,0.58,58.0,0.06660530960360679,False,66.0,False,0.4375,14.0,0.8114572062622756,False,26.0,False,
baseline,ip2p,none,711000000000,change_material,3,background,make the background a desert,,,,,,,,,0.24336880445480347,0.24334272742271423,2.60770320892334e-05,0.08080834150314331,0.948061466217041,0.9641371965408325,0.19316433370113373,0.8690703480590493,15.004550830793974,11.32173885684351,8.346021890640259,3.1037206649780273,,,0.3125,10.0,0.9899691964965314,False,26.0,False,0.0,0.51,51.0,0.46020538130641103,False,66.0,False,0.4375,14.0,0.8114572062622756,False,26.0,False,
baseline,ip2p,none,711000000000,change_material,4,style,convert it to an oil painting,,,,,,,,,0.25319334864616394,0.2418065071105957,0.011386841535568237,0.060343366116285324,0.9499320387840271,0.9636184573173523,0.10988283157348633,0.8389067896590077,15.600751947861824,8.463313277905225,8.345905065536499,3.1037206649780273,,,0.3125,10.0,0.9899691964965314,False,26.0,False,0.0,0.49,49.0,0.6178232827986663,False,66.0,False,0.6875,22.0,0.025051229866221547,False,26.0,False,
baseline,ip2p,none,811000000000,change_background,0,none,,,,,,,,inf,1.0,,,,,,,,,,,,,,,0.5,16.0,0.5699749670457095,False,26.0,False,0.0,0.56,56.0,0.1356265120369177,False,66.0,False,0.53125,17.0,0.4300250329542905,False,26.0,False,
baseline,ip2p,none,811000000000,change_background,1,change_background,change the white background to forest,,,,,,,,,0.20065027475357056,0.18451449275016785,0.01613578200340271,0.19076645374298096,0.5060031414031982,0.03200758248567581,0.9298316240310669,0.4356514995189476,6.034675959570506,6.034675959570506,8.342605829238892,3.1037206649780273,6.671616143237625,0.8946099281311035,0.46875,15.0,0.7016925520729274,False,26.0,False,0.027435302734375,0.48,48.0,0.6913502932053738,False,66.0,False,0.53125,17.0,0.4300250329542905,False,26.0,False,
baseline,ip2p,none,811000000000,change_background,2,global_attribute,make it nighttime,,,,,,,,,0.22612029314041138,0.19118088483810425,0.03493940830230713,0.1427515149116516,0.944212794303894,0.8822813630104065,0.4521446228027344,0.20412204669956166,5.8683952813199225,1.3203677530602655,8.344234704971313,3.1037206649780273,,,0.5,16.0,0.5699749670457095,False,26.0,False,0.0,0.52,52.0,0.3821767172013338,False,66.0,False,0.40625,13.0,0.8923364251386374,False,26.0,False,
baseline,ip2p,none,811000000000,change_background,3,background,replace the background with a beach,,,,,,,,,0.21929042041301727,0.20223504304885864,0.01705537736415863,0.23686611652374268,0.8630832433700562,0.3965498208999634,0.6943601369857788,0.2783670947062589,7.294078686329143,5.51165796539828,8.343171834945679,3.1037206649780273,,,0.5,16.0,0.5699749670457095,False,26.0,False,0.0,0.49,49.0,0.6178232827986663,False,66.0,False,0.5,16.0,0.5699749670457095,False,26.0,False,
baseline,ip2p,none,811000000000,change_background,4,style,make it anime style,,,,,,,,,0.229207381606102,0.22861602902412415,0.0005913525819778442,0.19363534450531006,0.9001661539077759,0.6077428460121155,0.5963714122772217,0.5693187822735005,11.213629776203733,7.186375729730207,8.343017578125,3.1037206649780273,,,0.5,16.0,0.5699749670457095,False,26.0,False,0.0,0.56,56.0,0.1356265120369177,False,66.0,False,0.4375,14.0,0.8114572062622756,False,26.0,False,
baseline,ip2p,none,911000000000,change_style,0,none,,,,,,,,inf,1.0,,,,,,,,,,,,,,,0.6875,22.0,0.025051229866221547,False,26.0,False,0.0,0.49,49.0,0.6178232827986663,False,66.0,False,0.4375,14.0,0.8114572062622756,False,26.0,False,
baseline,ip2p,none,911000000000,change_style,1,change_style,make it realism style and make it expressionism style,,,,,,,,,0.2998039722442627,0.2845470905303955,0.015256881713867188,0.1905401647090912,0.975837767124176,0.9649868011474609,0.12997548282146454,0.6643613340362889,19.960110932608657,19.960110932608657,8.343977928161621,3.1037206649780273,,,0.65625,21.0,0.055092082591727376,False,26.0,False,0.008148193359375,0.52,52.0,0.3821767172013338,False,66.0,False,0.625,20.0,0.10766357486136258,False,26.0,False,
baseline,ip2p,none,911000000000,change_style,2,global_attribute,make it nighttime,,,,,,,,,0.30140209197998047,0.2890767455101013,0.01232534646987915,0.08016015589237213,0.9846317768096924,0.9598361849784851,0.1604776829481125,0.5327366330649193,12.391632281006784,12.304032269608957,8.343457698822021,3.1037206649780273,,,0.625,20.0,0.10766357486136258,False,26.0,False,4.57763671875e-05,0.48,48.0,0.6913502932053738,False,66.0,False,0.5625,18.0,0.29830744792707264,False,26.0,False,
baseline,ip2p,none,911000000000,change_style,3,background,replace the background with a beach,,,,,,,,,0.2520957887172699,0.2875273823738098,-0.03543159365653992,0.006582541391253471,0.9078326225280762,0.9174522161483765,0.2723999619483948,0.5904422323248576,10.32836409455732,10.708276446756646,8.34574270248413,3.1037206649780273,,,0.65625,21.0,0.055092082591727376,False,26.0,False,0.033721923828125,0.52,52.0,0.3821767172013338,False,66.0,False,0.625,20.0,0.10766357486136258,False,26.0,False,
baseline,ip2p,none,911000000000,change_style,4,style,make it look cinematic,,,,,,,,,0.2618882656097412,0.2578214406967163,0.004066824913024902,-0.019750406965613365,0.9952263236045837,0.9929036498069763,0.03938377648591995,0.915087690075687,26.27883410526018,10.464865211353125,8.345978498458862,3.1037206649780273,,,0.65625,21.0,0.055092082591727376,False,26.0,False,0.00958251953125,0.48,48.0,0.6913502932053738,False,66.0,False,0.4375,14.0,0.8114572062622756,False,26.0,False,
baseline,ip2p,trustmark,111000000000,change_object,0,none,,1.0,100.0,7.888609052210118e-31,True,66.0,True,38.631498612644734,0.9794490155548147,,,,,,,,,,,,,,,,,,,,,,,,,,,,,,,,,,
baseline,ip2p,trustmark,111000000000,change_object,1,change_object,change the fishes to sharks and change the kelp to flowers,0.81,81.0,1.3513812610243942e-10,True,66.0,False,,,0.2672635316848755,0.19849787652492523,0.06876565515995026,0.22842149436473846,0.9068975448608398,0.6529766321182251,0.3941899538040161,0.45188471841986555,11.413190407263755,11.426422704945809,8.344788789749146,3.1037206649780273,,,,,,,,,,,,,,,,,,,,,,
baseline,ip2p,trustmark,111000000000,change_object,2,global_attribute,make it nighttime,0.78,78.0,7.952664236893068e-09,True,66.0,False,,,0.2641823887825012,0.26355689764022827,0.0006254911422729492,0.04517919570207596,0.9926713705062866,0.9933390617370605,0.06153004616498947,0.8735640643377843,19.473855431039144,11.553652329440771,8.344383001327515,3.1037206649780273,,,,,,,,,,,,,,,,,,,,,,
baseline,ip2p,trustmark,111000000000,change_object,3,background,make the background a desert,0.75,75.0,2.818141017102701e-07,True,66.0,False,,,0.2648148536682129,0.2514227032661438,0.013392150402069092,0.10669228434562683,0.9749446511268616,0.9539313912391663,0.20249688625335693,0.7700560106142186,15.048207131609425,11.067872868802413,8.344029903411865,3.1037206649780273,,,,,,,,,,,,,,,,,,,,,,
baseline,ip2p,trustmark,111000000000,change_object,4,style,turn it into a watercolor painting,0.7,70.0,3.925069822796835e-05,True,66.0,False,,,0.2790502905845642,0.2738068103790283,0.005243480205535889,0.07303225249052048,0.9771023988723755,0.9539157152175903,0.15013399720191956,0.7496427027575484,14.064044441252229,9.466301855127362,8.342968463897705,3.1037206649780273,,,,,,,,,,,,,,,,,,,,,,
baseline,ip2p,trustmark,111000000001,change_object,0,none,,1.0,100.0,7.888609052210118e-31,True,66.0,True,43.146674016614554,0.9948480500215128,,,,,,,,,,,,,,,,,,,,,,,,,,,,,,,,,,
baseline,ip2p,trustmark,111000000001,change_object,1,change_object,change the cat to tiger and change the hat to scarf,0.46,46.0,0.8158991913366519,False,66.0,False,,,0.31887996196746826,0.22662192583084106,0.0922580361366272,0.3254098892211914,0.8041369318962097,0.3453376591205597,0.666045069694519,0.3172677064223868,8.365055960250594,8.33980361849856,8.340353965759277,3.1037206649780273,,,,,,,,,,,,,,,,,,,,,,
baseline,ip2p,trustmark,111000000001,change_object,2,global_attribute,make it rainy,0.54,54.0,0.24205920680364573,False,66.0,False,,,0.28952136635780334,0.2967936396598816,-0.007272273302078247,0.025717023760080338,0.9837280511856079,0.9931119084358215,0.06650671362876892,0.9498318078909058,23.07567533509235,8.299332857570436,8.339876890182495,3.1037206649780273,,,,,,,,,,,,,,,,,,,,,,
baseline,ip2p,trustmark,111000000001,change_object,3,background,make the background a desert,0.48,48.0,0.6913502932053738,False,66.0,False,,,0.2879399359226227,0.274391770362854,0.013548165559768677,0.026071466505527496,0.9501141905784607,0.9234958291053772,0.19868820905685425,0.9100123984927763,16.59451103076822,8.04690547043033,8.340432405471802,3.1037206649780273,,,,,,,,,,,,,,,,,,,,,,
baseline,ip2p,trustmark,111000000001,change_object,4,style,make it look cinematic,0.48,48.0,0.6913502932053738,False,66.0,False,,,0.274669349193573,0.279904842376709,-0.005235493183135986,0.004569739103317261,0.9937444925308228,0.9914183616638184,0.040932465344667435,0.9305494140534737,20.344806584247145,7.842748435955203,8.339627981185913,3.1037206649780273,,,,,,,,,,,,,,,,,,,,,,
baseline,ip2p,trustmark,211000000000,add_object,0,none,,1.0,100.0,7.888609052210118e-31,True,66.0,True,42.30235212491837,0.9915421004737185,,,,,,,,,,,,,,,,,,,,,,,,,,,,,,,,,,
baseline,ip2p,trustmark,211000000000,add_object,1,add_object,add and scarf and add with flowers in mouth,0.66,66.0,0.0008949651957434264,True,66.0,False,,,0.14186745882034302,0.25488758087158203,-0.11302012205123901,0.19446757435798645,0.6832950115203857,0.06652238219976425,0.5665295124053955,0.4986669087705005,14.8149020902875,14.825033159127985,8.343550205230713,3.1037206649780273,,,,,,,,,,,,,,,,,,,,,,
baseline,ip2p,trustmark,211000000000,add_object,2,global_attribute,make it rainy,0.68,68.0,0.00020438858371340761,True,66.0,False,,,0.15817950665950775,0.14719168841838837,0.010987818241119385,0.26837849617004395,0.9810549020767212,0.9852244853973389,0.08121128380298615,0.915452846602471,28.217670860398414,14.49052781167752,8.343928575515747,3.1037206649780273,,,,,,,,,,,,,,,,,,,,,,
baseline,ip2p,trustmark,211000000000,add_object,3,background,make the background a desert,0.55,55.0,0.18410080866334808,False,66.0,False,,,0.1597336381673813,0.1723375916481018,-0.01260395348072052,-0.09371029585599899,0.9812759757041931,0.9731107354164124,0.17036180198192596,0.8717233419061531,18.973583163626994,12.264524262648212,8.345131158828735,3.1037206649780273,,,,,,,,,,,,,,,,,,,,,,
baseline,ip2p,trustmark,211000000000,add_object,4,style,make it anime style,0.52,52.0,0.3821767172013338,False,66.0,False,,,0.20620909333229065,0.14978748559951782,0.05642160773277283,0.2239343822002411,0.9384000897407532,0.9439262747764587,0.18481361865997314,0.7148879095771429,13.008748830259494,8.410066132980214,8.34274435043335,3.1037206649780273,,,,,,,,,,,,,,,,,,,,,,
baseline,ip2p,trustmark,311000000000,delete_object,0,none,,1.0,100.0,7.888609052210118e-31,True,66.0,True,43.410873046272926,0.9934109017052851,,,,,,,,,,,,,,,,,,,,,,,,,,,,,,,,,,
baseline,ip2p,trustmark,311000000000,delete_object,1,delete_object,remove of yellow flowers,0.55,55.0,0.18410080866334808,False,66.0,False,,,0.2176353484392166,0.19013912975788116,0.02749621868133545,0.1848851591348648,0.8689904808998108,0.7504154443740845,0.38292765617370605,0.8332552332853763,15.940405636054338,15.991161909240606,8.342740535736084,3.1037206649780273,18.914487239973287,0.25858455896377563,,,,,,,,,,,,,,,,,,,,
baseline,ip2p,trustmark,311000000000,delete_object,2,global_attribute,change the season to winter,0.56,56.0,0.1356265120369177,False,66.0,False,,,0.28126126527786255,0.2157873511314392,0.06547391414642334,0.16632869839668274,0.8209068775177002,0.3862588107585907,0.2350211888551712,0.9257770421255517,16.192305792064523,15.580105370314332,8.342788457870483,3.1037206649780273,,,,,,,,,,,,,,,,,,,,,,
baseline,ip2p,trustmark,311000000000,delete_object,3,background,replace the background with a beach,0.56,56.0,0.1356265120369177,False,66.0,False,,,0.26675570011138916,0.2763562798500061,-0.009600579738616943,0.3535875082015991,0.858832061290741,0.9051443338394165,0.38591885566711426,0.8671183562055186,16.797387812897025,13.744838838497447,8.343514442443848,3.1037206649780273,,,,,,,,,,,,,,,,,,,,,,
baseline,ip2p,trustmark,311000000000,delete_object,4,style,make it look cinematic,0.55,55.0,0.18410080866334808,False,66.0,False,,,0.24747025966644287,0.25563597679138184,-0.008165717124938965,0.08371111750602722,0.8810513019561768,0.7388156056404114,0.2936058044433594,0.8249479833724176,13.911033796860238,9.524864079594334,8.34664249420166,3.1037206649780273,,,,,,,,,,,,,,,,,,,,,,
baseline,ip2p,trustmark,411000000000,change_content,0,none,,1.0,100.0,7.888609052210118e-31,True,66.0,True,40.39757340480904,0.9903162660534416,,,,,,,,,,,,,,,,,,,,,,,,,,,,,,,,,,
baseline,ip2p,trustmark,411000000000,change_content,1,change_content,change the big to small and make it big,0.99,99.0,7.967495142732219e-29,True,66.0,False,,,0.3149113953113556,0.3094693422317505,0.0054420530796051025,0.031801845878362656,0.9742070436477661,0.9928107261657715,0.021413203328847885,0.9257019050826244,25.851394296083527,25.73163124798962,8.343772411346436,3.1037206649780273,,,,,,,,,,,,,,,,,,,,,,
baseline,ip2p,trustmark,411000000000,change_content,2,global_attribute,make it nighttime,0.54,54.0,0.24205920680364573,False,66.0,False,,,0.18263202905654907,0.3003767132759094,-0.11774468421936035,0.06018906459212303,0.5639076232910156,0.13470233976840973,0.7658551931381226,0.5577805387454299,8.894311249008071,8.751365802435041,8.343567371368408,3.1037206649780273,,,,,,,,,,,,,,,,,,,,,,
baseline,ip2p,trustmark,411000000000,change_content,3,background,replace the background with a beach,0.65,65.0,0.0017588208614850794,False,66.0,False,,,0.20018956065177917,0.19112128019332886,0.009068280458450317,0.08285821974277496,0.92491614818573,0.876495361328125,0.29678741097450256,0.858671044210192,15.420516914397753,8.302068415005582,8.341737747192383,3.1037206649780273,,,,,,,,,,,,,,,,,,,,,,
baseline,ip2p,trustmark,411000000000,change_content,4,style,turn it into a watercolor painting,0.58,58.0,0.06660530960360679,False,66.0,False,,,0.21589210629463196,0.20980751514434814,0.0060845911502838135,0.11567671597003937,0.9346121549606323,0.9220430254936218,0.24425020813941956,0.7873277956085459,18.088325383051153,9.35348987666195,8.342424392700195,3.1037206649780273,,,,,,,,,,,,,,,,,,,,,,
baseline,ip2p,trustmark,511000000000,change_pose,0,none,,1.0,100.0,7.888609052210118e-31,True,66.0,True,47.274036827476,0.9971012438864868,,,,,,,,,,,,,,,,,,,,,,,,,,,,,,,,,,
baseline,ip2p,trustmark,511000000000,change_pose,1,change_pose,change the laying down on to with tail down and make it jumping,0.51,51.0,0.46020538130641103,False,66.0,False,,,0.2053545117378235,0.25894033908843994,-0.053585827350616455,0.1593797355890274,0.7551155090332031,0.5248450040817261,0.39656394720077515,0.871862578129239,14.37050865037885,14.338958148872681,8.348151683807373,3.1037206649780273,15.090933828669211,0.38180968165397644,,,,,,,,,,,,,,,,,,,,
baseline,ip2p,trustmark,511000000000,change_pose,2,global_attribute,make it nighttime,0.57,57.0,0.09667395224782122,False,66.0,False,,,0.20006737112998962,0.19166257977485657,0.008404791355133057,0.1567804217338562,0.8084222078323364,0.7721470594406128,0.4927506744861603,0.5249944827104347,4.270580914658072,3.5561310107013666,8.34693956375122,3.1037206649780273,,,,,,,,,,,,,,,,,,,,,,
baseline,ip2p,trustmark,511000000000,change_pose,3,background,make the background a city street,0.56,56.0,0.1356265120369177,False,66.0,False,,,0.28248339891433716,0.17362529039382935,0.10885810852050781,0.2737639546394348,0.8618698120117188,0.7596161365509033,0.3903205692768097,0.7425974492489983,15.90138363347837,4.293956777875583,8.349112033843994,3.1037206649780273,,,,,,,,,,,,,,,,,,,,,,
baseline,ip2p,trustmark,511000000000,change_pose,4,style,convert it to an oil painting,0.53,53.0,0.3086497067946262,False,66.0,False,,,0.2586402893066406,0.2687835395336151,-0.010143250226974487,0.08825144171714783,0.9655080437660217,0.979486346244812,0.09361346065998077,0.890918295363588,24.46251484086234,4.840617978777225,8.340776443481445,3.1037206649780273,,,,,,,,,,,,,,,,,,,,,,
baseline,ip2p,trustmark,611000000000,change_color,0,none,,1.0,100.0,7.888609052210118e-31,True,66.0,True,43.6886415992153,0.9854123707139631,,,,,,,,,,,,,,,,,,,,,,,,,,,,,,,,,,
baseline,ip2p,trustmark,611000000000,change_color,1,change_color,change the black to white and change the red to green,0.98,98.0,3.9845364322713306e-27,True,66.0,False,,,0.21176138520240784,0.2106473743915558,0.0011140108108520508,0.18132416903972626,0.9452048540115356,0.9493300914764404,0.27450841665267944,0.5035882770284965,18.50918638313249,18.418150465929394,8.339812278747559,3.1037206649780273,,,,,,,,,,,,,,,,,,,,,,
baseline,ip2p,trustmark,611000000000,change_color,2,global_attribute,change the season to winter,0.98,98.0,3.9845364322713306e-27,True,66.0,False,,,0.2404099851846695,0.21113041043281555,0.029279574751853943,0.009092558175325394,0.9414595365524292,0.9571983218193054,0.22313278913497925,0.49482709131889585,13.459865906040886,14.833631081944787,8.340850591659546,3.1037206649780273,,,,,,,,,,,,,,,,,,,,,,
baseline,ip2p,trustmark,611000000000,change_color,3,background,make the background a desert,0.61,61.0,0.017600100108852428,False,66.0,False,,,0.18073639273643494,0.238023042678833,-0.05728664994239807,0.17922942340373993,0.9023880958557129,0.8850698471069336,0.501373827457428,0.5265359420870449,10.725192218357586,11.100346223486683,8.344877004623413,3.1037206649780273,,,,,,,,,,,,,,,,,,,,,,
baseline,ip2p,trustmark,611000000000,change_color,4,style,convert it to an oil painting,0.49,49.0,0.6178232827986663,False,66.0,False,,,0.1847747266292572,0.19274964928627014,-0.00797492265701294,0.05081402510404587,0.9711277484893799,0.9803428649902344,0.09397317469120026,0.7476676195211795,16.390751711503253,10.101859408685211,8.34151816368103,3.1037206649780273,,,,,,,,,,,,,,,,,,,,,,
baseline,ip2p,trustmark,711000000000,change_material,0,none,,1.0,100.0,7.888609052210118e-31,True,66.0,True,43.481337360777836,0.9952483255560995,,,,,,,,,,,,,,,,,,,,,,,,,,,,,,,,,,
baseline,ip2p,trustmark,711000000000,change_material,1,change_material,make it knitted and make it toy,0.45,45.0,0.8643734879630823,False,66.0,False,,,0.18588092923164368,0.21626868844032288,-0.0303877592086792,0.17804262042045593,0.5743343830108643,0.16794516146183014,0.37895163893699646,0.6316644616252027,14.372005036023591,14.347495862605033,8.339382648468018,3.1037206649780273,23.378829024246492,0.15290609002113342,,,,,,,,,,,,,,,,,,,,
baseline,ip2p,trustmark,711000000000,change_material,2,global_attribute,change the season to winter,0.5,50.0,0.5397946186935889,False,66.0,False,,,0.22317509353160858,0.1613268107175827,0.06184828281402588,0.29326626658439636,0.9387984871864319,0.9537639021873474,0.0785505473613739,0.8450615597319945,20.437590647983296,14.081920032624026,8.340304851531982,3.1037206649780273,,,,,,,,,,,,,,,,,,,,,,
baseline,ip2p,trustmark,711000000000,change_material,3,background,make the background a desert,0.47,47.0,0.7579407931963542,False,66.0,False,,,0.21246621012687683,0.21843047440052032,-0.005964264273643494,0.19832807779312134,0.9360642433166504,0.9390134811401367,0.20145846903324127,0.851946569434273,14.874227237642557,11.311311841381443,8.341063022613525,3.1037206649780273,,,,,,,,,,,,,,,,,,,,,,
baseline,ip2p,trustmark,711000000000,change_material,4,style,convert it to an oil painting,0.5,50.0,0.5397946186935889,False,66.0,False,,,0.22175845503807068,0.20842435956001282,0.013334095478057861,0.1789192259311676,0.964499294757843,0.9665416479110718,0.10956661403179169,0.8244279429163663,16.276890288226127,8.648355471298538,8.340234279632568,3.1037206649780273,,,,,,,,,,,,,,,,,,,,,,
baseline,ip2p,trustmark,811000000000,change_background,0,none,,1.0,100.0,7.888609052210118e-31,True,66.0,True,44.57531009636835,0.9951454356403161,,,,,,,,,,,,,,,,,,,,,,,,,,,,,,,,,,
baseline,ip2p,trustmark,811000000000,change_background,1,change_background,change the white background to forest,0.8,80.0,5.579544528625976e-10,True,66.0,False,,,0.18465447425842285,0.18749558925628662,-0.0028411149978637695,0.18195512890815735,0.5118763446807861,0.14513571560382843,0.92271888256073,0.43991378299384826,6.392596093362161,6.36319484784131,8.339698076248169,3.1037206649780273,6.797856307142696,0.900383710861206,,,,,,,,,,,,,,,,,,,,
baseline,ip2p,trustmark,811000000000,change_background,2,global_attribute,make it nighttime,0.68,68.0,0.00020438858371340761,True,66.0,False,,,0.22693267464637756,0.17488083243370056,0.052051842212677,0.12004707008600235,0.9243737459182739,0.8190547823905945,0.46786758303642273,0.22263046161156877,5.775532361453961,1.40499855229667,8.339796543121338,3.1037206649780273,,,,,,,,,,,,,,,,,,,,,,
baseline,ip2p,trustmark,811000000000,change_background,3,background,replace the background with a beach,0.73,73.0,2.346206306321115e-06,True,66.0,False,,,0.2154601812362671,0.2054467499256134,0.010013431310653687,0.22468402981758118,0.8825023770332336,0.4121294915676117,0.6836512088775635,0.2919139675722555,7.153236370805711,5.684187643181334,8.340307474136353,3.1037206649780273,,,,,,,,,,,,,,,,,,,,,,
baseline,ip2p,trustmark,811000000000,change_background,4,style,make it anime style,0.52,52.0,0.3821767172013338,False,66.0,False,,,0.22513951361179352,0.21870261430740356,0.006436899304389954,0.27394551038742065,0.8317683935165405,0.4975091218948364,0.5922181606292725,0.6026699599366251,12.224889452900651,7.548985227850492,8.339893817901611,3.1037206649780273,,,,,,,,,,,,,,,,,,,,,,
baseline,ip2p,trustmark,911000000000,change_style,0,none,,0.98,98.0,3.9845364322713306e-27,True,66.0,False,38.597981427639404,0.990085492902628,,,,,,,,,,,,,,,,,,,,,,,,,,,,,,,,,,
baseline,ip2p,trustmark,911000000000,change_style,1,change_style,make it realism style and make it expressionism style,0.83,83.0,6.548999325035109e-12,True,66.0,False,,,0.2991642355918884,0.2859901189804077,0.013174116611480713,0.16395939886569977,0.9760621786117554,0.9581031203269958,0.13807572424411774,0.6628466546204902,19.50842468832184,19.47185570780616,8.340435266494751,3.1037206649780273,,,,,,,,,,,,,,,,,,,,,,
baseline,ip2p,trustmark,911000000000,change_style,2,global_attribute,make it nighttime,0.81,81.0,1.3513812610243942e-10,True,66.0,False,,,0.29439884424209595,0.2879166901111603,0.006482154130935669,0.10834817588329315,0.9853893518447876,0.9534670114517212,0.1689116656780243,0.5266437662759282,12.177836918848444,12.04041469646699,8.341427564620972,3.1037206649780273,,,,,,,,,,,,,,,,,,,,,,
baseline,ip2p,trustmark,911000000000,change_style,3,background,replace the background with a beach,0.61,61.0,0.017600100108852428,False,66.0,False,,,0.2619076371192932,0.28188416361808777,-0.019976526498794556,0.007322344928979874,0.940762996673584,0.9251953363418579,0.25143933296203613,0.5896572769560002,10.755723571889986,10.702775077365681,8.340658187866211,3.1037206649780273,,,,,,,,,,,,,,,,,,,,,,
baseline,ip2p,trustmark,911000000000,change_style,4,style,make it look cinematic,0.6,60.0,0.028443966820490444,False,66.0,False,,,0.27527108788490295,0.267356812953949,0.00791427493095398,-0.023971648886799812,0.9955790042877197,0.9934521913528442,0.0386982187628746,0.9112144206285085,26.357943758781882,10.390602552016466,8.339751958847046,3.1037206649780273,,,,,,,,,,,,,,,,,,,,,,
baseline,ip2p,wam,111000000000,change_object,0,none,,1.0,32.0,2.3283064365386963e-10,True,26.0,True,37.40846966059051,0.9837146181403482,,,,,,,,,,,,,,,,,,,,,,,,,,,,,,,,,,0.999114990234375
baseline,ip2p,wam,111000000000,change_object,1,change_object,change the fishes to sharks and change the kelp to flowers,0.5,16.0,0.5699749670457095,False,26.0,False,,,0.2708898186683655,0.20065630972385406,0.07023350894451141,0.22818374633789062,0.8974916934967041,0.6429411172866821,0.40118247270584106,0.44298045089907595,11.28811036176462,11.270792887605609,8.344584703445435,3.1037206649780273,,,,,,,,,,,,,,,,,,,,,,0.0005035400390625
baseline,ip2p,wam,111000000000,change_object,2,global_attribute,make it nighttime,0.5,16.0,0.5699749670457095,False,26.0,False,,,0.26877257227897644,0.2658035159111023,0.0029690563678741455,0.043669361621141434,0.9901657700538635,0.9910502433776855,0.0598280169069767,0.8768276939841005,19.78628049206842,11.431740485740802,8.344869136810303,3.1037206649780273,,,,,,,,,,,,,,,,,,,,,,0.0
baseline,ip2p,wam,111000000000,change_object,3,background,make the background a desert,0.5,16.0,0.5699749670457095,False,26.0,False,,,0.2597475051879883,0.255900502204895,0.0038470029830932617,0.09701400250196457,0.9714791178703308,0.9524005055427551,0.19808591902256012,0.7758407085440188,15.305833696246706,11.04611203350922,8.345755815505981,3.1037206649780273,,,,,,,,,,,,,,,,,,,,,,0.0
baseline,ip2p,wam,111000000000,change_object,4,style,turn it into a watercolor painting,0.5625,18.0,0.29830744792707264,False,26.0,False,,,0.2715532183647156,0.26180508732795715,0.009748131036758423,0.10664735734462738,0.9751778244972229,0.9567146301269531,0.1459377259016037,0.7629166756763701,14.608711782819254,9.374077222539263,8.34528374671936,3.1037206649780273,,,,,,,,,,,,,,,,,,,,,,0.009735107421875
baseline,ip2p,wam,111000000001,change_object,0,none,,1.0,32.0,2.3283064365386963e-10,True,26.0,True,39.665853668378055,0.9891270871343876,,,,,,,,,,,,,,,,,,,,,,,,,,,,,,,,,,1.0
baseline,ip2p,wam,111000000001,change_object,1,change_object,change the cat to tiger and change the hat to scarf,0.5625,18.0,0.29830744792707264,False,26.0,False,,,0.31921979784965515,0.20936477184295654,0.10985502600669861,0.3187195658683777,0.7903254628181458,0.32855939865112305,0.6683456897735596,0.32556992492583475,8.353722235216892,8.35519807633984,8.342758655548096,3.1037206649780273,,,,,,,,,,,,,,,,,,,,,,0.0
baseline,ip2p,wam,111000000001,change_object,2,global_attribute,make it rainy,0.5625,18.0,0.29830744792707264,False,26.0,False,,,0.297966867685318,0.2982099652290344,-0.00024309754371643066,-0.027155261486768723,0.9901161193847656,0.991367518901825,0.06695161759853363,0.9516025030559644,22.689190983803087,8.346916473333403,8.34455680847168,3.1037206649780273,,,,,,,,,,,,,,,,,,,,,,0.0
baseline,ip2p,wam,111000000001,change_object,3,background,make the background a desert,0.5625,18.0,0.29830744792707264,False,26.0,False,,,0.29005348682403564,0.28224802017211914,0.007805466651916504,0.06990231573581696,0.9794420599937439,0.9583125114440918,0.1530541032552719,0.9205335376994267,17.061801111887554,8.100510201743008,8.344280004501343,3.1037206649780273,,,,,,,,,,,,,,,,,,,,,,0.0
baseline,ip2p,wam,111000000001,change_object,4,style,make it look cinematic,0.5625,18.0,0.29830744792707264,False,26.0,False,,,0.271456241607666,0.27913570404052734,-0.007679462432861328,-0.008173906244337559,0.9966081380844116,0.9936885833740234,0.022072114050388336,0.9605283693580807,24.88817707928661,7.959876944511391,8.344201564788818,3.1037206649780273,,,,,,,,,,,,,,,,,,,,,,0.0
baseline,ip2p,wam,211000000000,add_object,0,none,,1.0,32.0,2.3283064365386963e-10,True,26.0,True,38.11271040386504,0.971313697833561,,,,,,,,,,,,,,,,,,,,,,,,,,,,,,,,,,1.0
baseline,ip2p,wam,211000000000,add_object,1,add_object,add and scarf and add with flowers in mouth,1.0,32.0,2.3283064365386963e-10,True,26.0,True,,,0.16520705819129944,0.2524295151233673,-0.08722245693206787,0.18443450331687927,0.7094271779060364,0.18617838621139526,0.451870858669281,0.5440508088731224,16.607115902737423,16.596497093203517,8.347216367721558,3.1037206649780273,,,,,,,,,,,,,,,,,,,,,,0.3486480712890625
baseline,ip2p,wam,211000000000,add_object,2,global_attribute,make it rainy,0.96875,31.0,7.683411240577698e-09,True,26.0,False,,,0.1645541489124298,0.1693827509880066,-0.004828602075576782,0.06090717762708664,0.987000584602356,0.980339765548706,0.07018888741731644,0.9184035910341196,30.204280328027554,16.268260150664354,8.346020698547363,3.1037206649780273,,,,,,,,,,,,,,,,,,,,,,0.3306427001953125
baseline,ip2p,wam,211000000000,add_object,3,background,make the background a desert,1.0,32.0,2.3283064365386963e-10,True,26.0,True,,,0.19225764274597168,0.16903963685035706,0.023218005895614624,-0.008060501888394356,0.9716271758079529,0.9727505445480347,0.1744745522737503,0.7867215259378307,16.765416469613573,12.72214525712723,8.360798597335815,3.1037206649780273,,,,,,,,,,,,,,,,,,,,,,0.3772735595703125
baseline,ip2p,wam,211000000000,add_object,4,style,make it anime style,1.0,32.0,2.3283064365386963e-10,True,26.0,True,,,0.22779807448387146,0.19777408242225647,0.03002399206161499,0.132974311709404,0.976787269115448,0.9780269861221313,0.1573648750782013,0.7156936788242123,14.728826425302914,9.580024312312824,8.346864223480225,3.1037206649780273,,,,,,,,,,,,,,,,,,,,,,0.4456329345703125
baseline,ip2p,wam,311000000000,delete_object,0,none,,1.0,32.0,2.3283064365386963e-10,True,26.0,True,42.44143802554333,0.9908210419368683,,,,,,,,,,,,,,,,,,,,,,,,,,,,,,,,,,1.0
baseline,ip2p,wam,311000000000,delete_object,1,delete_object,remove of yellow flowers,0.53125,17.0,0.4300250329542905,False,26.0,False,,,0.21900135278701782,0.19126516580581665,0.027736186981201172,0.15881282091140747,0.8832676410675049,0.6793593764305115,0.39742061495780945,0.8211117896433185,15.843959403426606,15.846020478869358,8.347251415252686,3.1037206649780273,18.506094850446978,0.2730182707309723,,,,,,,,,,,,,,,,,,,,0.0027618408203125
baseline,ip2p,wam,311000000000,delete_object,2,global_attribute,change the season to winter,0.53125,17.0,0.4300250329542905,False,26.0,False,,,0.18150828778743744,0.212924063205719,-0.031415775418281555,0.15815113484859467,0.7037087678909302,0.15288135409355164,0.3324487507343292,0.9060596047372206,15.363147195507034,15.383072783611695,8.346500158309937,3.1037206649780273,,,,,,,,,,,,,,,,,,,,,,0.0
baseline,ip2p,wam,311000000000,delete_object,3,background,replace the background with a beach,0.53125,17.0,0.4300250329542905,False,26.0,False,,,0.19338621199131012,0.17016085982322693,0.02322535216808319,0.3102926015853882,0.8386385440826416,0.4537070691585541,0.27791106700897217,0.910745355794083,17.848127185612313,12.83039815033705,8.344488859176636,3.1037206649780273,,,,,,,,,,,,,,,,,,,,,,0.0
baseline,ip2p,wam,311000000000,delete_object,4,style,make it look cinematic,0.5,16.0,0.5699749670457095,False,26.0,False,,,0.1908109337091446,0.19272814691066742,-0.0019172132015228271,0.09497357159852982,0.9719656705856323,0.8179593086242676,0.1994737982749939,0.8293526490549503,16.306579449346117,10.21726718954788,8.342459678649902,3.1037206649780273,,,,,,,,,,,,,,,,,,,,,,0.0088653564453125
baseline,ip2p,wam,411000000000,change_content,0,none,,1.0,32.0,2.3283064365386963e-10,True,26.0,True,38.78799659980266,0.9841482721958211,,,,,,,,,,,,,,,,,,,,,,,,,,,,,,,,,,1.0
baseline,ip2p,wam,411000000000,change_content,1,change_content,change the big to small and make it big,1.0,32.0,2.3283064365386963e-10,True,26.0,True,,,0.3195502758026123,0.31056833267211914,0.008981943130493164,-0.010345090180635452,0.9852283000946045,0.9925496578216553,0.023653097450733185,0.9169221463326785,25.976464780266276,26.045591743145657,8.34229326248169,3.1037206649780273,,,,,,,,,,,,,,,,,,,,,,0.5495452880859375
baseline,ip2p,wam,411000000000,change_content,2,global_attribute,make it nighttime,0.53125,17.0,0.4300250329542905,False,26.0,False,,,0.21662752330303192,0.3069075047969818,-0.09027998149394989,0.09092457592487335,0.558448314666748,0.1038786992430687,0.8341390490531921,0.5031613797706087,9.125667318800339,9.018089930711044,8.34265685081482,3.1037206649780273,,,,,,,,,,,,,,,,,,,,,,0.0
baseline,ip2p,wam,411000000000,change_content,3,background,replace the background with a beach,0.53125,17.0,0.4300250329542905,False,26.0,False,,,0.24149328470230103,0.23029480874538422,0.011198475956916809,0.10775722563266754,0.9694082736968994,0.9263138175010681,0.2070717215538025,0.8578294826951772,17.93626858271813,8.507571082871955,8.342539310455322,3.1037206649780273,,,,,,,,,,,,,,,,,,,,,,0.0
baseline,ip2p,wam,411000000000,change_content,4,style,turn it into a watercolor painting,0.53125,17.0,0.4300250329542905,False,26.0,False,,,0.2284301519393921,0.24915432929992676,-0.020724177360534668,0.10136280953884125,0.9543783664703369,0.9130548238754272,0.27203214168548584,0.7751637887565188,16.966562794222305,10.043051828505101,8.348345279693604,3.1037206649780273,,,,,,,,,,,,,,,,,,,,,,0.0
baseline,ip2p,wam,511000000000,change_pose,0,none,,1.0,32.0,2.3283064365386963e-10,True,26.0,True,42.213464807691075,0.9785141140443526,,,,,,,,,,,,,,,,,,,,,,,,,,,,,,,,,,1.0
baseline,ip2p,wam,511000000000,change_pose,1,change_pose,change the laying down on to with tail down and make it jumping,0.5625,18.0,0.29830744792707264,False,26.0,False,,,0.23322351276874542,0.2801777422428131,-0.04695422947406769,0.006849667057394981,0.7895308136940002,0.5172652006149292,0.4438750147819519,0.8637871664199214,13.580440271638645,13.580429257019667,8.347822666168213,3.1037206649780273,14.149867423990665,0.42779290676116943,,,,,,,,,,,,,,,,,,,,0.0
baseline,ip2p,wam,511000000000,change_pose,2,global_attribute,make it nighttime,0.5625,18.0,0.29830744792707264,False,26.0,False,,,0.26886847615242004,0.2270941436290741,0.04177433252334595,0.1006653904914856,0.8548506498336792,0.7129669785499573,0.4672117829322815,0.5906343588821935,5.583705867467851,3.837877386351824,8.348844528198242,3.1037206649780273,,,,,,,,,,,,,,,,,,,,,,0.0
baseline,ip2p,wam,511000000000,change_pose,3,background,make the background a city street,0.5625,18.0,0.29830744792707264,False,26.0,False,,,0.2773045599460602,0.24834603071212769,0.028958529233932495,0.2631818652153015,0.8479713201522827,0.4467991888523102,0.4577643871307373,0.7185002996651338,16.570774527760367,4.717292110702431,8.347651243209839,3.1037206649780273,,,,,,,,,,,,,,,,,,,,,,0.0
baseline,ip2p,wam,511000000000,change_pose,4,style,convert it to an oil painting,0.5625,18.0,0.29830744792707264,False,26.0,False,,,0.26706385612487793,0.26326286792755127,0.00380098819732666,0.17075340449810028,0.9441434144973755,0.9221629500389099,0.14070065319538116,0.8854441063662164,24.14846941175795,5.219075521273016,8.346444606781006,3.1037206649780273,,,,,,,,,,,,,,,,,,,,,,0.0
baseline,ip2p,wam,611000000000,change_color,0,none,,1.0,32.0,2.3283064365386963e-10,True,26.0,True,37.589277394459224,0.9464888602556507,,,,,,,,,,,,,,,,,,,,,,,,,,,,,,,,,,1.0
baseline,ip2p,wam,611000000000,change_color,1,change_color,change the black to white and change the red to green,1.0,32.0,2.3283064365386963e-10,True,26.0,True,,,0.22000767290592194,0.2105950564146042,0.009412616491317749,0.20565485954284668,0.9563993215560913,0.9554493427276611,0.2951769232749939,0.5162130106182669,18.756081313092476,18.740070254731936,8.347289085388184,3.1037206649780273,,,,,,,,,,,,,,,,,,,,,,0.4927825927734375
baseline,ip2p,wam,611000000000,change_color,2,global_attribute,change the season to winter,1.0,32.0,2.3283064365386963e-10,True,26.0,True,,,0.2402908205986023,0.21737787127494812,0.022912949323654175,0.08340132236480713,0.9570935368537903,0.9598950147628784,0.23492975533008575,0.5161122958566892,13.97938378512628,15.22255285651396,9.052926778793335,3.1037206649780273,,,,,,,,,,,,,,,,,,,,,,0.5131683349609375
baseline,ip2p,wam,611000000000,change_color,3,background,make the background a desert,0.90625,29.0,1.2780074030160904e-06,True,26.0,False,,,0.1846391260623932,0.24131736159324646,-0.05667823553085327,0.12622980773448944,0.856273889541626,0.8719398975372314,0.5203577280044556,0.517446220926911,10.703632002801983,10.878304700806233,8.347390413284302,3.1037206649780273,,,,,,,,,,,,,,,,,,,,,,0.0566253662109375
baseline,ip2p,wam,611000000000,change_color,4,style,convert it to an oil painting,0.8125,26.0,0.0002675263676792383,True,26.0,False,,,0.18783555924892426,0.1991361677646637,-0.011300608515739441,0.07135817408561707,0.9733142852783203,0.9876906871795654,0.081627756357193,0.730727144229855,16.84716823241318,9.65956872704028,8.344129800796509,3.1037206649780273,,,,,,,,,,,,,,,,,,,,,,0.052947998046875
baseline,ip2p,wam,711000000000,change_material,0,none,,1.0,32.0,2.3283064365386963e-10,True,26.0,True,40.816037454216655,0.9905307661331327,,,,,,,,,,,,,,,,,,,,,,,,,,,,,,,,,,1.0
baseline,ip2p,wam,711000000000,change_material,1,change_material,make it knitted and make it toy,0.3125,10.0,0.9899691964965314,False,26.0,False,,,0.19459550082683563,0.213683620095253,-0.01908811926841736,0.17123769223690033,0.6064056158065796,0.1713062822818756,0.3818786144256592,0.6265941476980457,14.280067009399257,14.261481384338623,8.347430944442749,3.1037206649780273,23.35058784991756,0.15652817487716675,,,,,,,,,,,,,,,,,,,,0.0
baseline,ip2p,wam,711000000000,change_material,2,global_attribute,change the season to winter,0.3125,10.0,0.9899691964965314,False,26.0,False,,,0.19913488626480103,0.17671938240528107,0.02241550385951996,0.15204457938671112,0.9490806460380554,0.9576126337051392,0.08603005856275558,0.8428709181280502,20.290911329179462,13.965933896554219,8.344751358032227,3.1037206649780273,,,,,,,,,,,,,,,,,,,,,,0.0
baseline,ip2p,wam,711000000000,change_material,3,background,make the background a desert,0.3125,10.0,0.9899691964965314,False,26.0,False,,,0.2016165405511856,0.19286087155342102,0.008755668997764587,0.27691805362701416,0.9359028339385986,0.8769344687461853,0.24054664373397827,0.8316612366863438,13.936456121225847,10.897108436881533,8.345759391784668,3.1037206649780273,,,,,,,,,,,,,,,,,,,,,,0.0
baseline,ip2p,wam,711000000000,change_material,4,style,convert it to an oil painting,0.3125,10.0,0.9899691964965314,False,26.0,False,,,0.25229042768478394,0.1993512362241745,0.052939191460609436,0.09193877875804901,0.9471383690834045,0.9738634824752808,0.10869646817445755,0.8043164915352312,16.384809386833766,8.562607508277011,8.353094339370728,3.1037206649780273,,,,,,,,,,,,,,,,,,,,,,0.0
baseline,ip2p,wam,811000000000,change_background,0,none,,1.0,32.0,2.3283064365386963e-10,True,26.0,True,41.877624190077114,0.9891538180142945,,,,,,,,,,,,,,,,,,,,,,,,,,,,,,,,,,1.0
baseline,ip2p,wam,811000000000,change_background,1,change_background,change the white background to forest,0.96875,31.0,7.683411240577698e-09,True,26.0,False,,,0.19502826035022736,0.1859074980020523,0.009120762348175049,0.1885683238506317,0.5235569477081299,0.02387353591620922,0.9321759939193726,0.43138230041128844,6.707172143501776,6.668248332735658,8.345370531082153,3.1037206649780273,6.976225272460716,0.912489116191864,,,,,,,,,,,,,,,,,,,,0.4580841064453125
baseline,ip2p,wam,811000000000,change_background,2,global_attribute,make it nighttime,0.5,16.0,0.5699749670457095,False,26.0,False,,,0.21505796909332275,0.18318665027618408,0.03187131881713867,0.12058305740356445,0.9396119117736816,0.8715646862983704,0.47868579626083374,0.19935278840583234,5.489947405587786,1.3665566877979665,8.344200849533081,3.1037206649780273,,,,,,,,,,,,,,,,,,,,,,0.0092926025390625
baseline,ip2p,wam,811000000000,change_background,3,background,replace the background with a beach,0.5,16.0,0.5699749670457095,False,26.0,False,,,0.17517654597759247,0.191949725151062,-0.016773179173469543,0.2858107089996338,0.8339391946792603,0.37000465393066406,0.680825412273407,0.27296061696058693,7.048407016216673,5.7112677460198675,8.343063354492188,3.1037206649780273,,,,,,,,,,,,,,,,,,,,,,0.0
baseline,ip2p,wam,811000000000,change_background,4,style,make it anime style,0.5,16.0,0.5699749670457095,False,26.0,False,,,0.21358899772167206,0.18389588594436646,0.029693111777305603,0.20601877570152283,0.8421357870101929,0.5374338030815125,0.5788659453392029,0.6045022385254238,11.695235298529914,7.501256854204467,8.342188596725464,3.1037206649780273,,,,,,,,,,,,,,,,,,,,,,0.0
baseline,ip2p,wam,911000000000,change_style,0,none,,1.0,32.0,2.3283064365386963e-10,True,26.0,True,36.7561034573693,0.9886311912201701,,,,,,,,,,,,,,,,,,,,,,,,,,,,,,,,,,1.0
baseline,ip2p,wam,911000000000,change_style,1,change_style,make it realism style and make it expressionism style,0.8125,26.0,0.0002675263676792383,True,26.0,False,,,0.3078610301017761,0.28351885080337524,0.02434217929840088,0.1889578104019165,0.974254310131073,0.9527130126953125,0.14272107183933258,0.6402882283150834,19.474624084573428,19.492034794318776,8.34236454963684,3.1037206649780273,,,,,,,,,,,,,,,,,,,,,,0.056365966796875
baseline,ip2p,wam,911000000000,change_style,2,global_attribute,make it nighttime,0.625,20.0,0.10766357486136258,False,26.0,False,,,0.30746686458587646,0.29906630516052246,0.008400559425354004,0.06685981899499893,0.9827612638473511,0.9719185829162598,0.14554941654205322,0.5862017805942198,13.197251040401753,12.792198617959734,8.342780113220215,3.1037206649780273,,,,,,,,,,,,,,,,,,,,,,0.05029296875
baseline,ip2p,wam,911000000000,change_style,3,background,replace the background with a beach,0.6875,22.0,0.025051229866221547,False,26.0,False,,,0.2727559506893158,0.29051491618156433,-0.017758965492248535,0.0302437637001276,0.923419713973999,0.9178674817085266,0.2725408673286438,0.5992930772025491,10.678552714428815,10.732516307230139,8.343068599700928,3.1037206649780273,,,,,,,,,,,,,,,,,,,,,,0.0385284423828125
baseline,ip2p,wam,911000000000,change_style,4,style,make it look cinematic,0.5625,18.0,0.29830744792707264,False,26.0,False,,,0.2785513699054718,0.27278292179107666,0.005768448114395142,-0.002626498229801655,0.9962788820266724,0.9915845394134521,0.038921158760786057,0.9160869399340857,26.32105425914249,10.504650964479298,8.342609167098999,3.1037206649780273,,,,,,,,,,,,,,,,,,,,,,0.04083251953125
baseline,sdedit,dwtdct,111000000000,change_object,0,none,,1.0,32.0,2.3283064365386963e-10,True,26.0,True,34.70276705335292,0.9742709027239512,,,,,,,,,,,,,,,,,,,,,,,,,,,,,,,,,,
baseline,sdedit,dwtdct,111000000000,change_object,1,change_object,change the fishes to sharks and change the kelp to flowers,0.65625,21.0,0.055092082591727376,False,26.0,False,,,0.21025168895721436,0.20018047094345093,0.010071218013763428,0.019215214997529984,0.9566420316696167,0.857581377029419,0.38897624611854553,0.2668804576470696,12.861461006428938,12.871926437086065,3.305095672607422,4.527586936950684,,,,,,,,,,,,,,,,,,,,,,
baseline,sdedit,dwtdct,111000000000,change_object,2,global_attribute,make it nighttime,0.5625,18.0,0.29830744792707264,False,26.0,False,,,0.21630096435546875,0.21234919130802155,0.003951773047447205,0.025739066302776337,0.955483078956604,0.925395667552948,0.3981289565563202,0.2650738616209051,12.804488186761851,12.222790100681317,3.308990955352783,4.527586936950684,,,,,,,,,,,,,,,,,,,,,,
baseline,sdedit,dwtdct,111000000000,change_object,3,background,make the background a desert,0.375,12.0,0.9449079174082726,False,26.0,False,,,0.2405019849538803,0.2061777114868164,0.034324273467063904,0.00705423578619957,0.9587042331695557,0.8726699948310852,0.3762487471103668,0.25816746760663833,12.868602237575956,11.037248944450226,3.308356523513794,4.527586936950684,,,,,,,,,,,,,,,,,,,,,,
baseline,sdedit,dwtdct,111000000000,change_object,4,style,turn it into a watercolor painting,0.5625,18.0,0.29830744792707264,False,26.0,False,,,0.266676127910614,0.24079692363739014,0.025879204273223877,0.10096736252307892,0.9710451364517212,0.8837853074073792,0.37535035610198975,0.2608338718031855,12.358261782398287,10.466230873849229,3.303474187850952,4.527586936950684,,,,,,,,,,,,,,,,,,,,,,
baseline,sdedit,dwtdct,111000000001,change_object,0,none,,1.0,32.0,2.3283064365386963e-10,True,26.0,True,41.69673472013483,0.991522099538042,,,,,,,,,,,,,,,,,,,,,,,,,,,,,,,,,,
baseline,sdedit,dwtdct,111000000001,change_object,1,change_object,change the cat to tiger and change the hat to scarf,0.375,12.0,0.9449079174082726,False,26.0,False,,,0.2942500710487366,0.21549832820892334,0.07875174283981323,0.24853110313415527,0.9025627374649048,0.6617062091827393,0.40268489718437195,0.5852042588690033,17.934317636543334,17.93749960525171,3.3025240898132324,4.527586936950684,,,,,,,,,,,,,,,,,,,,,,
baseline,sdedit,dwtdct,111000000001,change_object,2,global_attribute,make it rainy,0.375,12.0,0.9449079174082726,False,26.0,False,,,0.3202804923057556,0.27710166573524475,0.043178826570510864,0.31876039505004883,0.9274685382843018,0.7852380871772766,0.44693639874458313,0.5255046028135085,16.792662388918465,15.458227512580473,3.303203582763672,4.527586936950684,,,,,,,,,,,,,,,,,,,,,,
baseline,sdedit,dwtdct,111000000001,change_object,3,background,make the background a desert,0.53125,17.0,0.4300250329542905,False,26.0,False,,,0.3128122091293335,0.31063663959503174,0.002175569534301758,-0.06162131205201149,0.945575475692749,0.9379662275314331,0.36311715841293335,0.478691540118064,15.734387536862638,13.901052770622195,3.302828550338745,4.527586936950684,,,,,,,,,,,,,,,,,,,,,,
baseline,sdedit,dwtdct,111000000001,change_object,4,style,make it look cinematic,0.34375,11.0,0.9749487701337785,False,26.0,False,,,0.3134364187717438,0.2969512939453125,0.016485124826431274,-0.03110586665570736,0.9492006897926331,0.9365106821060181,0.3613705039024353,0.440650425206966,15.301527281020501,12.960717579560637,3.301344871520996,4.527586936950684,,,,,,,,,,,,,,,,,,,,,,
baseline,sdedit,dwtdct,211000000000,add_object,0,none,,1.0,32.0,2.3283064365386963e-10,True,26.0,True,40.584121544969605,0.988954600340363,,,,,,,,,,,,,,,,,,,,,,,,,,,,,,,,,,
baseline,sdedit,dwtdct,211000000000,add_object,1,add_object,add and scarf and add with flowers in mouth,0.40625,13.0,0.8923364251386374,False,26.0,False,,,0.2942526936531067,0.24953076243400574,0.04472193121910095,0.16134515404701233,0.893764317035675,0.8404828310012817,0.3851289749145508,0.5127082123211995,17.94662172485043,17.982470701600832,3.301280975341797,4.527586936950684,,,,,,,,,,,,,,,,,,,,,,
baseline,sdedit,dwtdct,211000000000,add_object,2,global_attribute,make it rainy,0.5,16.0,0.5699749670457095,False,26.0,False,,,0.32295453548431396,0.2783607244491577,0.04459381103515625,0.29394403100013733,0.9477946758270264,0.8799072504043579,0.3696668744087219,0.48932669137563994,18.16690719507472,16.809134378206107,3.301823854446411,4.527586936950684,,,,,,,,,,,,,,,,,,,,,,
baseline,sdedit,dwtdct,211000000000,add_object,3,background,make the background a desert,0.625,20.0,0.10766357486136258,False,26.0,False,,,0.3086429834365845,0.32337579131126404,-0.014732807874679565,0.0006180014461278915,0.956303060054779,0.8597122430801392,0.37486016750335693,0.43981186064375094,17.572752903982554,15.551377208782803,3.3016443252563477,4.527586936950684,,,,,,,,,,,,,,,,,,,,,,
baseline,sdedit,dwtdct,211000000000,add_object,4,style,make it anime style,0.40625,13.0,0.8923364251386374,False,26.0,False,,,0.3057577610015869,0.29079675674438477,0.014961004257202148,0.0772717148065567,0.9602478742599487,0.8393250703811646,0.3609691262245178,0.38877581601379796,16.39171525310997,14.563620223381179,3.304835081100464,4.527586936950684,,,,,,,,,,,,,,,,,,,,,,
baseline,sdedit,dwtdct,311000000000,delete_object,0,none,,0.4375,14.0,0.8114572062622756,False,26.0,False,39.34648708658547,0.9871976539545727,,,,,,,,,,,,,,,,,,,,,,,,,,,,,,,,,,
baseline,sdedit,dwtdct,311000000000,delete_object,1,delete_object,remove of yellow flowers,0.40625,13.0,0.8923364251386374,False,26.0,False,,,0.1934550553560257,0.1943725049495697,-0.0009174495935440063,0.00705366674810648,0.8899595737457275,0.7691917419433594,0.24426208436489105,0.7887213765124614,20.56481309007018,20.58538172073431,3.3082103729248047,4.527586936950684,23.778016599509556,0.1745651662349701,,,,,,,,,,,,,,,,,,,,
baseline,sdedit,dwtdct,311000000000,delete_object,2,global_attribute,change the season to winter,0.4375,14.0,0.8114572062622756,False,26.0,False,,,0.2446865737438202,0.17945465445518494,0.06523191928863525,0.16781499981880188,0.9016265869140625,0.7854727506637573,0.24033643305301666,0.7808660016751706,19.29909302548004,18.233439338627367,3.303210496902466,4.527586936950684,,,,,,,,,,,,,,,,,,,,,,
baseline,sdedit,dwtdct,311000000000,delete_object,3,background,replace the background with a beach,0.5625,18.0,0.29830744792707264,False,26.0,False,,,0.24625952541828156,0.2320786863565445,0.01418083906173706,0.02523175999522209,0.9523871541023254,0.8406651616096497,0.24939417839050293,0.768289842260144,18.805873181042088,17.215284647272306,3.3135015964508057,4.527586936950684,,,,,,,,,,,,,,,,,,,,,,
baseline,sdedit,dwtdct,311000000000,delete_object,4,style,make it look cinematic,0.5625,18.0,0.29830744792707264,False,26.0,False,,,0.2793896496295929,0.2618788778781891,0.01751077175140381,0.09294970333576202,0.9304512739181519,0.7662578225135803,0.33436259627342224,0.7265415466119153,18.91136095751112,16.316588345753974,3.3697593212127686,4.527586936950684,,,,,,,,,,,,,,,,,,,,,,
baseline,sdedit,dwtdct,411000000000,change_content,0,none,,1.0,32.0,2.3283064365386963e-10,True,26.0,True,38.17179160217899,0.9884851387526289,,,,,,,,,,,,,,,,,,,,,,,,,,,,,,,,,,
baseline,sdedit,dwtdct,411000000000,change_content,1,change_content,change the big to small and make it big,0.5,16.0,0.5699749670457095,False,26.0,False,,,0.3119509518146515,0.31362801790237427,-0.0016770660877227783,-0.03774110972881317,0.9052194356918335,0.9115535616874695,0.22243934869766235,0.7021346605765233,16.528399370934913,16.544512791186037,3.306962490081787,4.527586936950684,,,,,,,,,,,,,,,,,,,,,,
baseline,sdedit,dwtdct,411000000000,change_content,2,global_attribute,make it nighttime,0.5,16.0,0.5699749670457095,False,26.0,False,,,0.2992778420448303,0.29160234332084656,0.007675498723983765,0.007139742374420166,0.8842374086380005,0.8585010766983032,0.299753874540329,0.6528171437968476,16.31068572863221,14.689866217621939,3.3037912845611572,4.527586936950684,,,,,,,,,,,,,,,,,,,,,,
baseline,sdedit,dwtdct,411000000000,change_content,3,background,replace the background with a beach,0.5,16.0,0.5699749670457095,False,26.0,False,,,0.31528180837631226,0.2858438491821289,0.02943795919418335,0.07644335925579071,0.8745725154876709,0.9067971110343933,0.3574830889701843,0.6299438354647297,16.60417366420006,14.078356010454819,3.301856756210327,4.527586936950684,,,,,,,,,,,,,,,,,,,,,,
baseline,sdedit,dwtdct,411000000000,change_content,4,style,turn it into a watercolor painting,0.5,16.0,0.5699749670457095,False,26.0,False,,,0.3334532380104065,0.3044881522655487,0.028965085744857788,0.04929393157362938,0.8433055877685547,0.922930896282196,0.36206644773483276,0.6006074851564874,15.833273187438879,13.120524163243743,3.301807403564453,4.527586936950684,,,,,,,,,,,,,,,,,,,,,,
baseline,sdedit,dwtdct,511000000000,change_pose,0,none,,1.0,32.0,2.3283064365386963e-10,True,26.0,True,38.66740923667961,0.9920395373667524,,,,,,,,,,,,,,,,,,,,,,,,,,,,,,,,,,
baseline,sdedit,dwtdct,511000000000,change_pose,1,change_pose,change the laying down on to with tail down and make it jumping,0.4375,14.0,0.8114572062622756,False,26.0,False,,,0.2792392671108246,0.26281091570854187,0.016428351402282715,0.10506276786327362,0.8409672379493713,0.746418833732605,0.0810900405049324,0.9466407931484864,24.185697998572373,24.341919211910607,3.3007493019104004,4.527586936950684,30.30605503013874,0.06485120952129364,,,,,,,,,,,,,,,,,,,,
baseline,sdedit,dwtdct,511000000000,change_pose,2,global_attribute,make it nighttime,0.4375,14.0,0.8114572062622756,False,26.0,False,,,0.25623199343681335,0.2698054015636444,-0.013573408126831055,-0.01779264397919178,0.8940821886062622,0.8310456871986389,0.19944892823696136,0.9299885970664369,23.58813805375619,21.47027347121987,3.301328659057617,4.527586936950684,,,,,,,,,,,,,,,,,,,,,,
baseline,sdedit,dwtdct,511000000000,change_pose,3,background,make the background a city street,0.40625,13.0,0.8923364251386374,False,26.0,False,,,0.20397530496120453,0.23368783295154572,-0.029712527990341187,0.05914521589875221,0.9050925970077515,0.8731989860534668,0.1941986232995987,0.9223145285237898,23.619788547978633,20.18823564137486,3.309687376022339,4.527586936950684,,,,,,,,,,,,,,,,,,,,,,
baseline,sdedit,dwtdct,511000000000,change_pose,4,style,convert it to an oil painting,0.59375,19.0,0.18854279373772442,False,26.0,False,,,0.20348045229911804,0.16197481751441956,0.041505634784698486,0.20292575657367706,0.8783851861953735,0.8720216155052185,0.14893798530101776,0.9131369219449844,23.20069278484123,19.022811873810255,3.3089599609375,4.527586936950684,,,,,,,,,,,,,,,,,,,,,,
baseline,sdedit,dwtdct,611000000000,change_color,0,none,,1.0,32.0,2.3283064365386963e-10,True,26.0,True,38.902713724863794,0.9788001327826058,,,,,,,,,,,,,,,,,,,,,,,,,,,,,,,,,,
baseline,sdedit,dwtdct,611000000000,change_color,1,change_color,change the black to white and change the red to green,0.625,20.0,0.10766357486136258,False,26.0,False,,,0.2276313602924347,0.203995019197464,0.023636341094970703,-0.06780344992876053,0.8755056858062744,0.7609764337539673,0.4074190855026245,0.5478676830446165,20.2034910098088,20.248644309535596,3.308666229248047,4.527586936950684,,,,,,,,,,,,,,,,,,,,,,
baseline,sdedit,dwtdct,611000000000,change_color,2,global_attribute,change the season to winter,0.375,12.0,0.9449079174082726,False,26.0,False,,,0.23045074939727783,0.21809428930282593,0.012356460094451904,0.0659419447183609,0.9578073024749756,0.819476842880249,0.34747540950775146,0.47546887171106395,20.301382198976423,19.097294009407413,3.309178352355957,4.527586936950684,,,,,,,,,,,,,,,,,,,,,,
baseline,sdedit,dwtdct,611000000000,change_color,3,background,make the background a desert,0.46875,15.0,0.7016925520729274,False,26.0,False,,,0.21974878013134003,0.2231231927871704,-0.0033744126558303833,0.041884347796440125,0.9568133354187012,0.806698739528656,0.3493483364582062,0.43914162902792286,20.13672829720269,18.394236629161576,3.301722764968872,4.527586936950684,,,,,,,,,,,,,,,,,,,,,,
baseline,sdedit,dwtdct,611000000000,change_color,4,style,convert it to an oil painting,0.53125,17.0,0.4300250329542905,False,26.0,False,,,0.2343761920928955,0.21221831440925598,0.022157877683639526,0.14126268029212952,0.9176009893417358,0.8372387886047363,0.3686823844909668,0.39209656565042933,18.627278062541826,16.777064999958018,3.309213399887085,4.527586936950684,,,,,,,,,,,,,,,,,,,,,,
baseline,sdedit,dwtdct,711000000000,change_material,0,none,,0.53125,17.0,0.4300250329542905,False,26.0,False,43.689934462385274,0.9942413188682536,,,,,,,,,,,,,,,,,,,,,,,,,,,,,,,,,,
baseline,sdedit,dwtdct,711000000000,change_material,1,change_material,make it knitted and make it toy,0.5625,18.0,0.29830744792707264,False,26.0,False,,,0.30230844020843506,0.20970460772514343,0.09260383248329163,0.17189083993434906,0.774194598197937,0.6670096516609192,0.27957358956336975,0.7269373146272105,18.124716018396775,18.11377075347556,3.3092076778411865,4.527586936950684,29.80798692928419,0.11428608000278473,,,,,,,,,,,,,,,,,,,,
baseline,sdedit,dwtdct,711000000000,change_material,2,global_attribute,change the season to winter,0.5625,18.0,0.29830744792707264,False,26.0,False,,,0.3061307668685913,0.2817268967628479,0.024403870105743408,0.17043757438659668,0.8949878215789795,0.8753021359443665,0.2992092967033386,0.7418369026944546,18.93523212994791,16.8960185150975,3.3091814517974854,4.527586936950684,,,,,,,,,,,,,,,,,,,,,,
baseline,sdedit,dwtdct,711000000000,change_material,3,background,make the background a desert,0.40625,13.0,0.8923364251386374,False,26.0,False,,,0.3323562741279602,0.2963410019874573,0.03601527214050293,0.056413762271404266,0.9321407675743103,0.8921509385108948,0.40885838866233826,0.6465056115705788,19.265112054698623,16.175568166948892,3.3095791339874268,4.527586936950684,,,,,,,,,,,,,,,,,,,,,,
baseline,sdedit,dwtdct,711000000000,change_material,4,style,convert it to an oil painting,0.46875,15.0,0.7016925520729274,False,26.0,False,,,0.3031027019023895,0.3307936191558838,-0.027690917253494263,0.08417390286922455,0.8377014398574829,0.840583086013794,0.3562465310096741,0.5583784038492632,19.059555878845483,15.533432904787325,3.3096954822540283,4.527586936950684,,,,,,,,,,,,,,,,,,,,,,
baseline,sdedit,dwtdct,811000000000,change_background,0,none,,0.53125,17.0,0.4300250329542905,False,26.0,False,43.55890142215483,0.9932369026354442,,,,,,,,,,,,,,,,,,,,,,,,,,,,,,,,,,
baseline,sdedit,dwtdct,811000000000,change_background,1,change_background,change the white background to forest,0.53125,17.0,0.4300250329542905,False,26.0,False,,,0.2173869013786316,0.20424869656562805,0.01313820481300354,-0.008638055995106697,0.7297327518463135,0.7351649403572083,0.2778894901275635,0.7913142393621051,20.38649253272224,20.400401692427366,3.307575225830078,4.527586936950684,16.559940995119227,0.4569673240184784,,,,,,,,,,,,,,,,,,,,
baseline,sdedit,dwtdct,811000000000,change_background,2,global_attribute,make it nighttime,0.53125,17.0,0.4300250329542905,False,26.0,False,,,0.2724936902523041,0.2154991328716278,0.05699455738067627,-0.008698186837136745,0.8760052919387817,0.6722762584686279,0.403287798166275,0.793902638635973,18.782768381683464,17.670156581244353,3.309140205383301,4.527586936950684,,,,,,,,,,,,,,,,,,,,,,
baseline,sdedit,dwtdct,811000000000,change_background,3,background,replace the background with a beach,0.5,16.0,0.5699749670457095,False,26.0,False,,,0.22668816149234772,0.26048874855041504,-0.03380058705806732,0.061398427933454514,0.8874546885490417,0.8392999768257141,0.37057384848594666,0.761663077279512,16.76084526617447,16.261521342323256,3.311150550842285,4.527586936950684,,,,,,,,,,,,,,,,,,,,,,
baseline,sdedit,dwtdct,811000000000,change_background,4,style,make it anime style,0.53125,17.0,0.4300250329542905,False,26.0,False,,,0.26805630326271057,0.22344502806663513,0.04461127519607544,0.08767072856426239,0.8926326632499695,0.7852790355682373,0.41415470838546753,0.6928488971960509,15.519618464264811,15.554364905625635,3.308637857437134,4.527586936950684,,,,,,,,,,,,,,,,,,,,,,
baseline,sdedit,dwtdct,911000000000,change_style,0,none,,1.0,32.0,2.3283064365386963e-10,True,26.0,True,40.25488393489556,0.9939228369907097,,,,,,,,,,,,,,,,,,,,,,,,,,,,,,,,,,
baseline,sdedit,dwtdct,911000000000,change_style,1,change_style,make it realism style and make it expressionism style,0.53125,17.0,0.4300250329542905,False,26.0,False,,,0.3190418779850006,0.28351321816444397,0.03552865982055664,0.19191783666610718,0.9144734144210815,0.7747474908828735,0.41908779740333557,0.22401766141033916,14.713163143733333,14.72135072808973,3.302320957183838,4.527586936950684,,,,,,,,,,,,,,,,,,,,,,
baseline,sdedit,dwtdct,911000000000,change_style,2,global_attribute,make it nighttime,0.53125,17.0,0.4300250329542905,False,26.0,False,,,0.3159860670566559,0.3100326657295227,0.005953401327133179,0.024324262514710426,0.9633567333221436,0.8899623155593872,0.3900597095489502,0.2613488603458355,15.152843518937642,13.262602346164503,3.3081021308898926,4.527586936950684,,,,,,,,,,,,,,,,,,,,,,
baseline,sdedit,dwtdct,911000000000,change_style,3,background,replace the background with a beach,0.5,16.0,0.5699749670457095,False,26.0,False,,,0.31714168190956116,0.2915106415748596,0.025631040334701538,0.06252013146877289,0.9667232632637024,0.8566039204597473,0.36568355560302734,0.2520271424081791,14.952705197847443,12.77439739076992,3.3036084175109863,4.527586936950684,,,,,,,,,,,,,,,,,,,,,,
baseline,sdedit,dwtdct,911000000000,change_style,4,style,make it look cinematic,0.46875,15.0,0.7016925520729274,False,26.0,False,,,0.3039071559906006,0.3017341196537018,0.0021730363368988037,0.009064567275345325,0.966765820980072,0.8644595146179199,0.3761400580406189,0.248280821289906,14.87777690474097,12.132046298220336,3.302365779876709,4.527586936950684,,,,,,,,,,,,,,,,,,,,,,
baseline,sdedit,none,111000000000,change_object,0,none,,,,,,,,inf,1.0,,,,,,,,,,,,,,,0.5,16.0,0.5699749670457095,False,26.0,False,0.0,0.56,56.0,0.1356265120369177,False,66.0,False,0.46875,15.0,0.7016925520729274,False,26.0,False,
baseline,sdedit,none,111000000000,change_object,1,change_object,change the fishes to sharks and change the kelp to flowers,,,,,,,,,0.20459593832492828,0.1981705129146576,0.006425425410270691,-0.008401148952543736,0.9593991637229919,0.8538873791694641,0.38843342661857605,0.2718692998235402,12.843361702669203,12.843361702669203,3.3806049823760986,4.527586936950684,,,0.5,16.0,0.5699749670457095,False,26.0,False,0.0,0.57,57.0,0.09667395224782122,False,66.0,False,0.625,20.0,0.10766357486136258,False,26.0,False,
baseline,sdedit,none,111000000000,change_object,2,global_attribute,make it nighttime,,,,,,,,,0.2155115306377411,0.20696097612380981,0.008550554513931274,-0.015131590887904167,0.9511306285858154,0.8994567394256592,0.4027259051799774,0.2628610407650595,12.799491726530267,12.232924928517104,3.310276746749878,4.527586936950684,,,0.5,16.0,0.5699749670457095,False,26.0,False,0.0,0.53,53.0,0.3086497067946262,False,66.0,False,0.4375,14.0,0.8114572062622756,False,26.0,False,
baseline,sdedit,none,111000000000,change_object,3,background,make the background a desert,,,,,,,,,0.24048660695552826,0.20797327160835266,0.0325133353471756,0.024777645245194435,0.9389662742614746,0.8348500728607178,0.3753277659416199,0.2712393226568017,13.035814240841376,11.024544459548,3.3100075721740723,4.527586936950684,,,0.5,16.0,0.5699749670457095,False,26.0,False,0.0012359619140625,0.54,54.0,0.24205920680364573,False,66.0,False,0.53125,17.0,0.4300250329542905,False,26.0,False,
baseline,sdedit,none,111000000000,change_object,4,style,turn it into a watercolor painting,,,,,,,,,0.26648616790771484,0.23960526287555695,0.026880905032157898,0.09292453527450562,0.9478529691696167,0.8947653770446777,0.39956462383270264,0.25202106516477424,12.613935418969174,10.47308100233945,3.3078722953796387,4.527586936950684,,,0.5,16.0,0.5699749670457095,False,26.0,False,0.0,0.5,50.0,0.5397946186935889,False,66.0,False,0.65625,21.0,0.055092082591727376,False,26.0,False,
baseline,sdedit,none,111000000001,change_object,0,none,,,,,,,,inf,1.0,,,,,,,,,,,,,,,0.5625,18.0,0.29830744792707264,False,26.0,False,0.0,0.51,51.0,0.46020538130641103,False,66.0,False,0.5,16.0,0.5699749670457095,False,26.0,False,
baseline,sdedit,none,111000000001,change_object,1,change_object,change the cat to tiger and change the hat to scarf,,,,,,,,,0.29936683177948,0.22636234760284424,0.07300448417663574,0.25124412775039673,0.9086468815803528,0.6471118927001953,0.4004940688610077,0.5867522533848143,17.928183525717593,17.928183525717593,3.3033909797668457,4.527586936950684,,,0.5625,18.0,0.29830744792707264,False,26.0,False,0.0,0.47,47.0,0.7579407931963542,False,66.0,False,0.40625,13.0,0.8923364251386374,False,26.0,False,
baseline,sdedit,none,111000000001,change_object,2,global_attribute,make it rainy,,,,,,,,,0.30931565165519714,0.28237080574035645,0.026944845914840698,0.2913651466369629,0.9374350309371948,0.8037542700767517,0.4442999064922333,0.5217974988962149,16.72838415881835,15.394360828584709,3.309964418411255,4.527586936950684,,,0.5625,18.0,0.29830744792707264,False,26.0,False,0.0,0.42,42.0,0.9556869599429663,False,66.0,False,0.59375,19.0,0.18854279373772442,False,26.0,False,
baseline,sdedit,none,111000000001,change_object,3,background,make the background a desert,,,,,,,,,0.30450439453125,0.30051693320274353,0.00398746132850647,-0.06451766937971115,0.9493464827537537,0.9417431354522705,0.3545401096343994,0.47666004307150894,15.638889679032783,13.864626079271556,3.304713010787964,4.527586936950684,,,0.5625,18.0,0.29830744792707264,False,26.0,False,0.0,0.45,45.0,0.8643734879630823,False,66.0,False,0.53125,17.0,0.4300250329542905,False,26.0,False,
baseline,sdedit,none,111000000001,change_object,4,style,make it look cinematic,,,,,,,,,0.3107241988182068,0.2835160493850708,0.027208149433135986,-0.009584825485944748,0.9464061260223389,0.9324769973754883,0.35612034797668457,0.4419724087708736,15.328153072835587,13.013317052106734,3.3033382892608643,4.527586936950684,,,0.5625,18.0,0.29830744792707264,False,26.0,False,0.0,0.49,49.0,0.6178232827986663,False,66.0,False,0.34375,11.0,0.9749487701337785,False,26.0,False,
baseline,sdedit,none,211000000000,add_object,0,none,,,,,,,,inf,1.0,,,,,,,,,,,,,,,0.59375,19.0,0.18854279373772442,False,26.0,False,0.0,0.53,53.0,0.3086497067946262,False,66.0,False,0.53125,17.0,0.4300250329542905,False,26.0,False,
baseline,sdedit,none,211000000000,add_object,1,add_object,add and scarf and add with flowers in mouth,,,,,,,,,0.2988605797290802,0.25161516666412354,0.047245413064956665,0.17034362256526947,0.8978509902954102,0.8623518943786621,0.38728636503219604,0.5137690482545557,17.97928596939878,17.97928596939878,3.3085777759552,4.527586936950684,,,0.59375,19.0,0.18854279373772442,False,26.0,False,0.0,0.51,51.0,0.46020538130641103,False,66.0,False,0.5,16.0,0.5699749670457095,False,26.0,False,
baseline,sdedit,none,211000000000,add_object,2,global_attribute,make it rainy,,,,,,,,,0.3284551501274109,0.2814861238002777,0.04696902632713318,0.34775418043136597,0.9446794986724854,0.8927356004714966,0.36040741205215454,0.4818838508756202,17.99718748017646,16.54965524277657,3.3086342811584473,4.527586936950684,,,0.59375,19.0,0.18854279373772442,False,26.0,False,0.0,0.45,45.0,0.8643734879630823,False,66.0,False,0.5625,18.0,0.29830744792707264,False,26.0,False,
baseline,sdedit,none,211000000000,add_object,3,background,make the background a desert,,,,,,,,,0.314879447221756,0.3334689736366272,-0.018589526414871216,-0.056136682629585266,0.952231764793396,0.8586618900299072,0.3547985255718231,0.42925850659972103,17.161349882106695,15.348588088338794,3.305664539337158,4.527586936950684,,,0.59375,19.0,0.18854279373772442,False,26.0,False,0.0,0.49,49.0,0.6178232827986663,False,66.0,False,0.4375,14.0,0.8114572062622756,False,26.0,False,
baseline,sdedit,none,211000000000,add_object,4,style,make it anime style,,,,,,,,,0.3024612069129944,0.30326908826828003,-0.0008078813552856445,0.04158804193139076,0.9665928483009338,0.8762891292572021,0.35557061433792114,0.38714434307435935,16.30532410463195,14.505364335806291,3.3141415119171143,4.527586936950684,,,0.59375,19.0,0.18854279373772442,False,26.0,False,0.0,0.49,49.0,0.6178232827986663,False,66.0,False,0.65625,21.0,0.055092082591727376,False,26.0,False,
baseline,sdedit,none,311000000000,delete_object,0,none,,,,,,,,inf,1.0,,,,,,,,,,,,,,,0.53125,17.0,0.4300250329542905,False,26.0,False,0.0,0.51,51.0,0.46020538130641103,False,66.0,False,0.4375,14.0,0.8114572062622756,False,26.0,False,
baseline,sdedit,none,311000000000,delete_object,1,delete_object,remove of yellow flowers,,,,,,,,,0.20944976806640625,0.19734786450862885,0.012101903557777405,0.09631021320819855,0.9100778698921204,0.8178054690361023,0.21237657964229584,0.7979665862131836,20.861866370412546,20.861866370412546,3.302428722381592,4.527586936950684,23.66587852360459,0.15861178934574127,0.53125,17.0,0.4300250329542905,False,26.0,False,0.0,0.52,52.0,0.3821767172013338,False,66.0,False,0.40625,13.0,0.8923364251386374,False,26.0,False,
baseline,sdedit,none,311000000000,delete_object,2,global_attribute,change the season to winter,,,,,,,,,0.23792079091072083,0.18829834461212158,0.04962244629859924,0.1699502021074295,0.9252556562423706,0.7261313199996948,0.2409990429878235,0.7841772757950228,18.773599062578597,17.748235070850832,3.3020801544189453,4.527586936950684,,,0.53125,17.0,0.4300250329542905,False,26.0,False,0.0,0.44,44.0,0.9033260477521787,False,66.0,False,0.40625,13.0,0.8923364251386374,False,26.0,False,
baseline,sdedit,none,311000000000,delete_object,3,background,replace the background with a beach,,,,,,,,,0.2387475073337555,0.21745926141738892,0.021288245916366577,0.08991210162639618,0.9489949941635132,0.8733633756637573,0.22907663881778717,0.7698376922586281,18.35202719497773,16.965389339301492,3.302772045135498,4.527586936950684,,,0.53125,17.0,0.4300250329542905,False,26.0,False,0.0,0.56,56.0,0.1356265120369177,False,66.0,False,0.5625,18.0,0.29830744792707264,False,26.0,False,
baseline,sdedit,none,311000000000,delete_object,4,style,make it look cinematic,,,,,,,,,0.2791980504989624,0.25448843836784363,0.024709612131118774,0.0847955271601677,0.9281305074691772,0.8194457292556763,0.2776874899864197,0.731149041041259,18.383086560689115,16.3027148131885,3.301578998565674,4.527586936950684,,,0.53125,17.0,0.4300250329542905,False,26.0,False,0.0,0.51,51.0,0.46020538130641103,False,66.0,False,0.5625,18.0,0.29830744792707264,False,26.0,False,
baseline,sdedit,none,411000000000,change_content,0,none,,,,,,,,inf,1.0,,,,,,,,,,,,,,,0.53125,17.0,0.4300250329542905,False,26.0,False,0.0,0.5,50.0,0.5397946186935889,False,66.0,False,0.5,16.0,0.5699749670457095,False,26.0,False,
baseline,sdedit,none,411000000000,change_content,1,change_content,change the big to small and make it big,,,,,,,,,0.3188003897666931,0.30434587597846985,0.014454513788223267,-0.007462553679943085,0.89698326587677,0.9126002192497253,0.20864436030387878,0.7097064217726775,16.5267454241166,16.5267454241166,3.300715208053589,4.527586936950684,,,0.53125,17.0,0.4300250329542905,False,26.0,False,0.0,0.5,50.0,0.5397946186935889,False,66.0,False,0.5,16.0,0.5699749670457095,False,26.0,False,
baseline,sdedit,none,411000000000,change_content,2,global_attribute,make it nighttime,,,,,,,,,0.30112650990486145,0.2958950698375702,0.00523144006729126,0.005214515142142773,0.9015997648239136,0.8432355523109436,0.2851582169532776,0.650542210629172,16.424447325052785,14.738995537887234,3.304076910018921,4.527586936950684,,,0.53125,17.0,0.4300250329542905,False,26.0,False,0.0,0.51,51.0,0.46020538130641103,False,66.0,False,0.40625,13.0,0.8923364251386374,False,26.0,False,
baseline,sdedit,none,411000000000,change_content,3,background,replace the background with a beach,,,,,,,,,0.31182849407196045,0.28458669781684875,0.027241796255111694,0.13708555698394775,0.8803401589393616,0.8816505074501038,0.3427771329879761,0.6209264272290177,16.563839905786534,14.053889464676828,3.302565336227417,4.527586936950684,,,0.53125,17.0,0.4300250329542905,False,26.0,False,0.0,0.37,37.0,0.9966814397420369,False,66.0,False,0.5,16.0,0.5699749670457095,False,26.0,False,
baseline,sdedit,none,411000000000,change_content,4,style,turn it into a watercolor painting,,,,,,,,,0.3305945098400116,0.2958952784538269,0.03469923138618469,0.07856374233961105,0.9010369777679443,0.8914475440979004,0.3831469714641571,0.578556247758893,15.516169845332392,13.101401132680877,3.3014700412750244,4.527586936950684,,,0.53125,17.0,0.4300250329542905,False,26.0,False,0.0,0.44,44.0,0.9033260477521787,False,66.0,False,0.46875,15.0,0.7016925520729274,False,26.0,False,
baseline,sdedit,none,511000000000,change_pose,0,none,,,,,,,,inf,1.0,,,,,,,,,,,,,,,0.5625,18.0,0.29830744792707264,False,26.0,False,0.0,0.49,49.0,0.6178232827986663,False,66.0,False,0.40625,13.0,0.8923364251386374,False,26.0,False,
baseline,sdedit,none,511000000000,change_pose,1,change_pose,change the laying down on to with tail down and make it jumping,,,,,,,,,0.28481802344322205,0.25847673416137695,0.026341289281845093,-0.004061885178089142,0.815360963344574,0.7811936140060425,0.06810104846954346,0.954924334107603,24.108720661070024,24.108720661070024,3.309314250946045,4.527586936950684,29.955846739409,0.05060851573944092,0.5625,18.0,0.29830744792707264,False,26.0,False,0.0,0.56,56.0,0.1356265120369177,False,66.0,False,0.40625,13.0,0.8923364251386374,False,26.0,False,
baseline,sdedit,none,511000000000,change_pose,2,global_attribute,make it nighttime,,,,,,,,,0.25064167380332947,0.278626948595047,-0.02798527479171753,-0.041768401861190796,0.8694234490394592,0.8216357231140137,0.1061825305223465,0.9448107747881198,22.96507890536075,21.007054376097617,3.302906036376953,4.527586936950684,,,0.5625,18.0,0.29830744792707264,False,26.0,False,0.0,0.49,49.0,0.6178232827986663,False,66.0,False,0.40625,13.0,0.8923364251386374,False,26.0,False,
baseline,sdedit,none,511000000000,change_pose,3,background,make the background a city street,,,,,,,,,0.1954522430896759,0.2209271341562271,-0.02547489106655121,0.021504411473870277,0.8842635154724121,0.8584463596343994,0.20518982410430908,0.9345766516141896,23.238796674882277,20.61974209096818,3.3028290271759033,4.527586936950684,,,0.5625,18.0,0.29830744792707264,False,26.0,False,0.0,0.56,56.0,0.1356265120369177,False,66.0,False,0.40625,13.0,0.8923364251386374,False,26.0,False,
baseline,sdedit,none,511000000000,change_pose,4,style,convert it to an oil painting,,,,,,,,,0.24160271883010864,0.16429826617240906,0.07730445265769958,0.0060577429831027985,0.834059476852417,0.8145512342453003,0.22510890662670135,0.8966446376750467,22.742197154948727,19.115102780905904,3.303004264831543,4.527586936950684,,,0.5625,18.0,0.29830744792707264,False,26.0,False,0.0,0.46,46.0,0.8158991913366519,False,66.0,False,0.40625,13.0,0.8923364251386374,False,26.0,False,
baseline,sdedit,none,611000000000,change_color,0,none,,,,,,,,inf,1.0,,,,,,,,,,,,,,,0.59375,19.0,0.18854279373772442,False,26.0,False,0.0,0.49,49.0,0.6178232827986663,False,66.0,False,0.625,20.0,0.10766357486136258,False,26.0,False,
baseline,sdedit,none,611000000000,change_color,1,change_color,change the black to white and change the red to green,,,,,,,,,0.23167164623737335,0.20216971635818481,0.029501929879188538,-0.06261830031871796,0.8879623413085938,0.780290961265564,0.3880329132080078,0.5614361018573439,20.18179983240934,20.18179983240934,3.3026061058044434,4.527586936950684,,,0.59375,19.0,0.18854279373772442,False,26.0,False,0.0356903076171875,0.44,44.0,0.9033260477521787,False,66.0,False,0.53125,17.0,0.4300250329542905,False,26.0,False,
baseline,sdedit,none,611000000000,change_color,2,global_attribute,change the season to winter,,,,,,,,,0.22147446870803833,0.22264635562896729,-0.001171886920928955,0.027835793793201447,0.9388643503189087,0.7673023343086243,0.35141289234161377,0.4889341921015058,19.602220392650217,18.583074993852378,3.3030521869659424,4.527586936950684,,,0.59375,19.0,0.18854279373772442,False,26.0,False,0.0,0.4,40.0,0.9823998998911476,False,66.0,False,0.5,16.0,0.5699749670457095,False,26.0,False,
baseline,sdedit,none,611000000000,change_color,3,background,make the background a desert,,,,,,,,,0.2214072346687317,0.21476906538009644,0.006638169288635254,0.014590039849281311,0.9651433825492859,0.7600714564323425,0.3534660041332245,0.4544183136144411,19.223570490815597,18.287137493030965,3.3079943656921387,4.527586936950684,,,0.59375,19.0,0.18854279373772442,False,26.0,False,0.0,0.45,45.0,0.8643734879630823,False,66.0,False,0.46875,15.0,0.7016925520729274,False,26.0,False,
baseline,sdedit,none,611000000000,change_color,4,style,convert it to an oil painting,,,,,,,,,0.22886261343955994,0.2100926637649536,0.018769949674606323,0.16802352666854858,0.9241984486579895,0.7911303043365479,0.399798184633255,0.39898592690856455,18.297081108631474,16.66664330088631,3.3011038303375244,4.527586936950684,,,0.59375,19.0,0.18854279373772442,False,26.0,False,0.0,0.45,45.0,0.8643734879630823,False,66.0,False,0.5,16.0,0.5699749670457095,False,26.0,False,
baseline,sdedit,none,711000000000,change_material,0,none,,,,,,,,inf,1.0,,,,,,,,,,,,,,,0.3125,10.0,0.9899691964965314,False,26.0,False,0.0,0.44,44.0,0.9033260477521787,False,66.0,False,0.53125,17.0,0.4300250329542905,False,26.0,False,
baseline,sdedit,none,711000000000,change_material,1,change_material,make it knitted and make it toy,,,,,,,,,0.30064526200294495,0.21102207899093628,0.08962318301200867,0.1565391570329666,0.766242265701294,0.6668182611465454,0.27300846576690674,0.7296492448582234,18.133736928427663,18.133736928427663,3.308324098587036,4.527586936950684,31.266995444156464,0.11355484277009964,0.3125,10.0,0.9899691964965314,False,26.0,False,0.0,0.41,41.0,0.9715560331795096,False,66.0,False,0.53125,17.0,0.4300250329542905,False,26.0,False,
baseline,sdedit,none,711000000000,change_material,2,global_attribute,change the season to winter,,,,,,,,,0.24788618087768555,0.2793128490447998,-0.03142666816711426,0.08131510019302368,0.8103160262107849,0.8636742830276489,0.29169365763664246,0.7451119297233443,18.77086803770005,16.819360099774556,3.313967227935791,4.527586936950684,,,0.3125,10.0,0.9899691964965314,False,26.0,False,0.0,0.54,54.0,0.24205920680364573,False,66.0,False,0.5625,18.0,0.29830744792707264,False,26.0,False,
baseline,sdedit,none,711000000000,change_material,3,background,make the background a desert,,,,,,,,,0.3028576970100403,0.2501235604286194,0.0527341365814209,0.016486648470163345,0.8214393258094788,0.8215126395225525,0.4207856357097626,0.6853674402545143,18.900546402289383,16.13805370650281,3.3110625743865967,4.527586936950684,,,0.3125,10.0,0.9899691964965314,False,26.0,False,0.0,0.53,53.0,0.3086497067946262,False,66.0,False,0.53125,17.0,0.4300250329542905,False,26.0,False,
baseline,sdedit,none,711000000000,change_material,4,style,convert it to an oil painting,,,,,,,,,0.31259310245513916,0.30325090885162354,0.009342193603515625,0.07354146242141724,0.916325569152832,0.8653008937835693,0.34820571541786194,0.601943710168854,18.806017938460144,15.460867345908952,3.3019933700561523,4.527586936950684,,,0.3125,10.0,0.9899691964965314,False,26.0,False,0.0,0.48,48.0,0.6913502932053738,False,66.0,False,0.46875,15.0,0.7016925520729274,False,26.0,False,
baseline,sdedit,none,811000000000,change_background,0,none,,,,,,,,inf,1.0,,,,,,,,,,,,,,,0.5,16.0,0.5699749670457095,False,26.0,False,0.0,0.56,56.0,0.1356265120369177,False,66.0,False,0.53125,17.0,0.4300250329542905,False,26.0,False,
baseline,sdedit,none,811000000000,change_background,1,change_background,change the white background to forest,,,,,,,,,0.21093373000621796,0.18451449275016785,0.02641923725605011,-0.013099640607833862,0.7265901565551758,0.7576156854629517,0.33617690205574036,0.7911657462109147,20.186542938221027,20.186542938221027,3.3031790256500244,4.527586936950684,16.310598976006425,0.46015217900276184,0.5,16.0,0.5699749670457095,False,26.0,False,0.0,0.54,54.0,0.24205920680364573,False,66.0,False,0.5,16.0,0.5699749670457095,False,26.0,False,
baseline,sdedit,none,811000000000,change_background,2,global_attribute,make it nighttime,,,,,,,,,0.2251029908657074,0.21021071076393127,0.014892280101776123,-0.014251080341637135,0.8714855909347534,0.6689260005950928,0.4129239618778229,0.7847913765820214,18.21216648811331,17.35064231477552,3.302992105484009,4.527586936950684,,,0.5,16.0,0.5699749670457095,False,26.0,False,0.0,0.45,45.0,0.8643734879630823,False,66.0,False,0.53125,17.0,0.4300250329542905,False,26.0,False,
baseline,sdedit,none,811000000000,change_background,3,background,replace the background with a beach,,,,,,,,,0.2408188134431839,0.2198292464017868,0.020989567041397095,0.0478307269513607,0.9002922177314758,0.8363679647445679,0.3860359787940979,0.737455877386514,15.248139942001256,14.97413556700586,3.302963972091675,4.527586936950684,,,0.5,16.0,0.5699749670457095,False,26.0,False,0.0,0.44,44.0,0.9033260477521787,False,66.0,False,0.5,16.0,0.5699749670457095,False,26.0,False,
baseline,sdedit,none,811000000000,change_background,4,style,make it anime style,,,,,,,,,0.25330403447151184,0.2546667456626892,-0.0013627111911773682,-0.007722790353000164,0.8395582437515259,0.9005980491638184,0.3718510568141937,0.6928253759619395,14.012377551333762,14.64447078958926,3.3046905994415283,4.527586936950684,,,0.5,16.0,0.5699749670457095,False,26.0,False,0.0,0.55,55.0,0.18410080866334808,False,66.0,False,0.53125,17.0,0.4300250329542905,False,26.0,False,
baseline,sdedit,none,911000000000,change_style,0,none,,,,,,,,inf,1.0,,,,,,,,,,,,,,,0.6875,22.0,0.025051229866221547,False,26.0,False,0.0,0.49,49.0,0.6178232827986663,False,66.0,False,0.4375,14.0,0.8114572062622756,False,26.0,False,
baseline,sdedit,none,911000000000,change_style,1,change_style,make it realism style and make it expressionism style,,,,,,,,,0.31860023736953735,0.2845470905303955,0.034053146839141846,0.1884782612323761,0.9325034022331238,0.784174919128418,0.41416871547698975,0.22511507295904135,14.73722464172666,14.73722464172666,3.303769588470459,4.527586936950684,,,0.6875,22.0,0.025051229866221547,False,26.0,False,0.0,0.55,55.0,0.18410080866334808,False,66.0,False,0.53125,17.0,0.4300250329542905,False,26.0,False,
baseline,sdedit,none,911000000000,change_style,2,global_attribute,make it nighttime,,,,,,,,,0.3151521682739258,0.311795711517334,0.003356456756591797,0.01629531756043434,0.966716468334198,0.883671224117279,0.39223185181617737,0.2656593230577456,15.227026922827429,13.305189568610007,3.302377462387085,4.527586936950684,,,0.59375,19.0,0.18854279373772442,False,26.0,False,0.0072479248046875,0.51,51.0,0.46020538130641103,False,66.0,False,0.5,16.0,0.5699749670457095,False,26.0,False,
baseline,sdedit,none,911000000000,change_style,3,background,replace the background with a beach,,,,,,,,,0.30500322580337524,0.296021431684494,0.008981794118881226,-0.00645957887172699,0.9594532251358032,0.861446738243103,0.3669273555278778,0.25709375540383694,15.020715807110216,12.819599558888948,3.303147315979004,4.527586936950684,,,0.6875,22.0,0.025051229866221547,False,26.0,False,0.0,0.51,51.0,0.46020538130641103,False,66.0,False,0.4375,14.0,0.8114572062622756,False,26.0,False,
baseline,sdedit,none,911000000000,change_style,4,style,make it look cinematic,,,,,,,,,0.2983837127685547,0.29710403084754944,0.001279681921005249,-0.01863100379705429,0.9659478664398193,0.8524250388145447,0.37351709604263306,0.2749092454425315,15.193267347596224,12.25729356678338,3.302722930908203,4.527586936950684,,,0.6875,22.0,0.025051229866221547,False,26.0,False,0.0,0.5,50.0,0.5397946186935889,False,66.0,False,0.28125,9.0,0.99649981665425,False,26.0,False,
baseline,sdedit,trustmark,111000000000,change_object,0,none,,1.0,100.0,7.888609052210118e-31,True,66.0,True,38.631498612644734,0.9794490155548147,,,,,,,,,,,,,,,,,,,,,,,,,,,,,,,,,,
baseline,sdedit,trustmark,111000000000,change_object,1,change_object,change the fishes to sharks and change the kelp to flowers,0.65,65.0,0.0017588208614850794,False,66.0,False,,,0.19978511333465576,0.19849787652492523,0.0012872368097305298,-0.024597035720944405,0.960574746131897,0.8474901914596558,0.3913254737854004,0.2735465455550257,12.971740660351308,12.954322177430576,3.353078842163086,4.527586936950684,,,,,,,,,,,,,,,,,,,,,,
baseline,sdedit,trustmark,111000000000,change_object,2,global_attribute,make it nighttime,0.57,57.0,0.09667395224782122,False,66.0,False,,,0.22366349399089813,0.2033880650997162,0.020275428891181946,-0.02911890484392643,0.9680455923080444,0.9042375087738037,0.412602037191391,0.26903374091130217,12.748725494279107,12.162154982418656,3.3347628116607666,4.527586936950684,,,,,,,,,,,,,,,,,,,,,,
baseline,sdedit,trustmark,111000000000,change_object,3,background,make the background a desert,0.52,52.0,0.3821767172013338,False,66.0,False,,,0.23876920342445374,0.2113909125328064,0.02737829089164734,0.05712835118174553,0.9573143124580383,0.8835321664810181,0.37400561571121216,0.2626677418370686,12.348726183783505,10.632539962765911,3.3030943870544434,4.527586936950684,,,,,,,,,,,,,,,,,,,,,,
baseline,sdedit,trustmark,111000000000,change_object,4,style,turn it into a watercolor painting,0.46,46.0,0.8158991913366519,False,66.0,False,,,0.2829776108264923,0.22847819328308105,0.054499417543411255,0.13166481256484985,0.9654614925384521,0.9155228137969971,0.3705821633338928,0.2527208468014602,11.86071284147764,10.4860544902842,3.3071305751800537,4.527586936950684,,,,,,,,,,,,,,,,,,,,,,
baseline,sdedit,trustmark,111000000001,change_object,0,none,,1.0,100.0,7.888609052210118e-31,True,66.0,True,43.146674016614554,0.9948480500215128,,,,,,,,,,,,,,,,,,,,,,,,,,,,,,,,,,
baseline,sdedit,trustmark,111000000001,change_object,1,change_object,change the cat to tiger and change the hat to scarf,0.4,40.0,0.9823998998911476,False,66.0,False,,,0.30243179202079773,0.22662192583084106,0.07580986618995667,0.24644088745117188,0.9024516344070435,0.6237670183181763,0.4076073467731476,0.5789522052453037,17.81091709694133,17.785837730581417,3.3024604320526123,4.527586936950684,,,,,,,,,,,,,,,,,,,,,,
baseline,sdedit,trustmark,111000000001,change_object,2,global_attribute,make it rainy,0.43,43.0,0.9333946903963932,False,66.0,False,,,0.32659491896629333,0.28627657890319824,0.04031834006309509,0.315296471118927,0.9334232807159424,0.7800246477127075,0.4477469325065613,0.5092126963281197,16.609426761021627,15.295797469756053,3.303178071975708,4.527586936950684,,,,,,,,,,,,,,,,,,,,,,
baseline,sdedit,trustmark,111000000001,change_object,3,background,make the background a desert,0.44,44.0,0.9033260477521787,False,66.0,False,,,0.2992802560329437,0.31595543026924133,-0.016675174236297607,-0.05474451929330826,0.9486365914344788,0.9277348518371582,0.3507443070411682,0.47333155771292884,15.662436924887505,13.820579279651227,3.303046941757202,4.527586936950684,,,,,,,,,,,,,,,,,,,,,,
baseline,sdedit,trustmark,111000000001,change_object,4,style,make it look cinematic,0.54,54.0,0.24205920680364573,False,66.0,False,,,0.29301589727401733,0.2805132567882538,0.01250264048576355,0.01536531187593937,0.9454699754714966,0.9301446676254272,0.3479883074760437,0.44187163276277835,15.214535128185947,12.908934154122903,3.307248592376709,4.527586936950684,,,,,,,,,,,,,,,,,,,,,,
baseline,sdedit,trustmark,211000000000,add_object,0,none,,1.0,100.0,7.888609052210118e-31,True,66.0,True,42.30235212491837,0.9915421004737185,,,,,,,,,,,,,,,,,,,,,,,,,,,,,,,,,,
baseline,sdedit,trustmark,211000000000,add_object,1,add_object,add and scarf and add with flowers in mouth,0.48,48.0,0.6913502932053738,False,66.0,False,,,0.3013556897640228,0.25488758087158203,0.046468108892440796,0.2146272361278534,0.9158158898353577,0.8356339335441589,0.38758084177970886,0.5104717150917676,18.054449564075213,18.03832448222629,3.3297345638275146,4.527586936950684,,,,,,,,,,,,,,,,,,,,,,
baseline,sdedit,trustmark,211000000000,add_object,2,global_attribute,make it rainy,0.52,52.0,0.3821767172013338,False,66.0,False,,,0.32479143142700195,0.2836596369743347,0.041131794452667236,0.3041396141052246,0.9528863430023193,0.8762527704238892,0.359714150428772,0.4790135522511146,18.07278709203321,16.641725310635735,3.3046000003814697,4.527586936950684,,,,,,,,,,,,,,,,,,,,,,
baseline,sdedit,trustmark,211000000000,add_object,3,background,make the background a desert,0.45,45.0,0.8643734879630823,False,66.0,False,,,0.3203427493572235,0.3244457244873047,-0.004102975130081177,0.012151967734098434,0.9552471041679382,0.512681245803833,0.3767816126346588,0.42448575284254697,17.089578904845037,15.195231183249335,3.3034961223602295,4.527586936950684,,,,,,,,,,,,,,,,,,,,,,
baseline,sdedit,trustmark,211000000000,add_object,4,style,make it anime style,0.5,50.0,0.5397946186935889,False,66.0,False,,,0.3115246295928955,0.3053821623325348,0.006142467260360718,0.05607863515615463,0.9550305604934692,0.6884028911590576,0.36642324924468994,0.3807641847283887,16.370567675281926,14.747504673707574,3.302426338195801,4.527586936950684,,,,,,,,,,,,,,,,,,,,,,
baseline,sdedit,trustmark,311000000000,delete_object,0,none,,1.0,100.0,7.888609052210118e-31,True,66.0,True,43.410873046272926,0.9934109017052851,,,,,,,,,,,,,,,,,,,,,,,,,,,,,,,,,,
baseline,sdedit,trustmark,311000000000,delete_object,1,delete_object,remove of yellow flowers,0.64,64.0,0.003318560257963064,False,66.0,False,,,0.20271137356758118,0.19013912975788116,0.012572243809700012,0.10823161900043488,0.9139912128448486,0.8134128451347351,0.22602127492427826,0.7986693649156491,20.60009397094031,20.581920903903608,3.304063081741333,4.527586936950684,23.72395567865896,0.16678249835968018,,,,,,,,,,,,,,,,,,,,
baseline,sdedit,trustmark,311000000000,delete_object,2,global_attribute,change the season to winter,0.51,51.0,0.46020538130641103,False,66.0,False,,,0.2346363365650177,0.18442080914974213,0.050215527415275574,0.17666921019554138,0.9396940469741821,0.8200932741165161,0.24884140491485596,0.7890815728554047,18.626517411482734,17.67493039976121,3.3070762157440186,4.527586936950684,,,,,,,,,,,,,,,,,,,,,,
baseline,sdedit,trustmark,311000000000,delete_object,3,background,replace the background with a beach,0.45,45.0,0.8643734879630823,False,66.0,False,,,0.2562302350997925,0.21529920399188995,0.04093103110790253,0.12419572472572327,0.9303687214851379,0.8577384948730469,0.26321423053741455,0.7780707778074226,18.788100228963785,17.186020270319208,3.3122406005859375,4.527586936950684,,,,,,,,,,,,,,,,,,,,,,
baseline,sdedit,trustmark,311000000000,delete_object,4,style,make it look cinematic,0.41,41.0,0.9715560331795096,False,66.0,False,,,0.2725878953933716,0.2819467782974243,-0.009358882904052734,0.035329222679138184,0.9487115144729614,0.836694061756134,0.3043310046195984,0.7480794119444502,19.288666777225266,16.103030638403094,3.303016185760498,4.527586936950684,,,,,,,,,,,,,,,,,,,,,,
baseline,sdedit,trustmark,411000000000,change_content,0,none,,1.0,100.0,7.888609052210118e-31,True,66.0,True,40.39757340480904,0.9903162660534416,,,,,,,,,,,,,,,,,,,,,,,,,,,,,,,,,,
baseline,sdedit,trustmark,411000000000,change_content,1,change_content,change the big to small and make it big,0.57,57.0,0.09667395224782122,False,66.0,False,,,0.323418527841568,0.3094693422317505,0.013949185609817505,0.010721595957875252,0.9035320281982422,0.8944989442825317,0.221685528755188,0.7005460428818414,16.621311053641794,16.554488072304576,3.3027946949005127,4.527586936950684,,,,,,,,,,,,,,,,,,,,,,
baseline,sdedit,trustmark,411000000000,change_content,2,global_attribute,make it nighttime,0.49,49.0,0.6178232827986663,False,66.0,False,,,0.30556145310401917,0.304292768239975,0.0012686848640441895,-0.007509064860641956,0.8773725628852844,0.8879444599151611,0.2936308681964874,0.6350078774219021,16.583774610225102,14.80679180401484,3.3022093772888184,4.527586936950684,,,,,,,,,,,,,,,,,,,,,,
baseline,sdedit,trustmark,411000000000,change_content,3,background,replace the background with a beach,0.5,50.0,0.5397946186935889,False,66.0,False,,,0.3068227767944336,0.2913562059402466,0.015466570854187012,-0.007768412120640278,0.9175971150398254,0.8898959755897522,0.3069775104522705,0.6092408858825076,16.914752341843293,14.297420385049481,3.3061251640319824,4.527586936950684,,,,,,,,,,,,,,,,,,,,,,
baseline,sdedit,trustmark,411000000000,change_content,4,style,turn it into a watercolor painting,0.49,49.0,0.6178232827986663,False,66.0,False,,,0.31240081787109375,0.293736070394516,0.01866474747657776,0.0800289437174797,0.8584078550338745,0.8794059753417969,0.3267834186553955,0.5934298458796275,16.318512400190702,13.380657878438942,3.303678035736084,4.527586936950684,,,,,,,,,,,,,,,,,,,,,,
baseline,sdedit,trustmark,511000000000,change_pose,0,none,,1.0,100.0,7.888609052210118e-31,True,66.0,True,47.274036827476,0.9971012438864868,,,,,,,,,,,,,,,,,,,,,,,,,,,,,,,,,,
baseline,sdedit,trustmark,511000000000,change_pose,1,change_pose,change the laying down on to with tail down and make it jumping,0.5,50.0,0.5397946186935889,False,66.0,False,,,0.27993345260620117,0.25894033908843994,0.02099311351776123,0.0685729905962944,0.8882079124450684,0.8214077353477478,0.08090723305940628,0.9448561058622533,24.14305541089282,24.076856130972423,3.3015713691711426,4.527586936950684,30.89852972194116,0.06509419530630112,,,,,,,,,,,,,,,,,,,,
baseline,sdedit,trustmark,511000000000,change_pose,2,global_attribute,make it nighttime,0.52,52.0,0.3821767172013338,False,66.0,False,,,0.26768213510513306,0.27288952469825745,-0.00520738959312439,0.030762219801545143,0.9010249376296997,0.8886737823486328,0.12445990741252899,0.93426074436728,23.282031582714474,21.355332948595894,3.3070576190948486,4.527586936950684,,,,,,,,,,,,,,,,,,,,,,
baseline,sdedit,trustmark,511000000000,change_pose,3,background,make the background a city street,0.57,57.0,0.09667395224782122,False,66.0,False,,,0.23188452422618866,0.2480100840330124,-0.01612555980682373,-0.028624437749385834,0.8908700346946716,0.8926920890808105,0.23054131865501404,0.9093002783844885,24.069068409589146,20.358425284357015,3.307199239730835,4.527586936950684,,,,,,,,,,,,,,,,,,,,,,
baseline,sdedit,trustmark,511000000000,change_pose,4,style,convert it to an oil painting,0.48,48.0,0.6913502932053738,False,66.0,False,,,0.2163536250591278,0.2062605768442154,0.010093048214912415,0.07020359486341476,0.9029412269592285,0.7867215275764465,0.29131531715393066,0.8335525234147937,22.77144417277654,18.963206466096793,3.303117513656616,4.527586936950684,,,,,,,,,,,,,,,,,,,,,,
baseline,sdedit,trustmark,611000000000,change_color,0,none,,1.0,100.0,7.888609052210118e-31,True,66.0,True,43.6886415992153,0.9854123707139631,,,,,,,,,,,,,,,,,,,,,,,,,,,,,,,,,,
baseline,sdedit,trustmark,611000000000,change_color,1,change_color,change the black to white and change the red to green,0.45,45.0,0.8643734879630823,False,66.0,False,,,0.23431923985481262,0.2106473743915558,0.023671865463256836,-0.0648231953382492,0.9012369513511658,0.7917499542236328,0.39256882667541504,0.555671817693081,20.058143945106515,20.048657353133827,3.3026063442230225,4.527586936950684,,,,,,,,,,,,,,,,,,,,,,
baseline,sdedit,trustmark,611000000000,change_color,2,global_attribute,change the season to winter,0.51,51.0,0.46020538130641103,False,66.0,False,,,0.23085501790046692,0.2262781858444214,0.004576832056045532,0.046511031687259674,0.9453186392784119,0.7615450024604797,0.35313156247138977,0.481078962860533,19.286539004212212,18.40087558287215,3.302354335784912,4.527586936950684,,,,,,,,,,,,,,,,,,,,,,
baseline,sdedit,trustmark,611000000000,change_color,3,background,make the background a desert,0.46,46.0,0.8158991913366519,False,66.0,False,,,0.21637529134750366,0.22325167059898376,-0.0068763792514801025,-0.0014507127925753593,0.9567378759384155,0.7795544862747192,0.3654109239578247,0.4444655172309462,18.95008751888974,18.216238111898665,3.302551746368408,4.527586936950684,,,,,,,,,,,,,,,,,,,,,,
baseline,sdedit,trustmark,611000000000,change_color,4,style,convert it to an oil painting,0.5,50.0,0.5397946186935889,False,66.0,False,,,0.23625613749027252,0.2076147198677063,0.028641417622566223,0.18904122710227966,0.9338234663009644,0.8000142574310303,0.399537056684494,0.3840037160657106,18.070527225300996,16.567439314013402,3.3027477264404297,4.527586936950684,,,,,,,,,,,,,,,,,,,,,,
baseline,sdedit,trustmark,711000000000,change_material,0,none,,1.0,100.0,7.888609052210118e-31,True,66.0,True,43.481337360777836,0.9952483255560995,,,,,,,,,,,,,,,,,,,,,,,,,,,,,,,,,,
baseline,sdedit,trustmark,711000000000,change_material,1,change_material,make it knitted and make it toy,0.42,42.0,0.9556869599429663,False,66.0,False,,,0.2976838946342468,0.21626868844032288,0.08141520619392395,0.14831966161727905,0.7681100368499756,0.6009933352470398,0.2846490740776062,0.7279370084801164,18.20933256011448,18.172525953328122,3.3053715229034424,4.527586936950684,29.278643007557452,0.11617647856473923,,,,,,,,,,,,,,,,,,,,
baseline,sdedit,trustmark,711000000000,change_material,2,global_attribute,change the season to winter,0.52,52.0,0.3821767172013338,False,66.0,False,,,0.2919083833694458,0.2791772186756134,0.012731164693832397,0.17714573442935944,0.8729385137557983,0.861842691898346,0.27390411496162415,0.7520430871534948,19.1754261063289,16.754001566273324,3.3062496185302734,4.527586936950684,,,,,,,,,,,,,,,,,,,,,,
baseline,sdedit,trustmark,711000000000,change_material,3,background,make the background a desert,0.55,55.0,0.18410080866334808,False,66.0,False,,,0.3087587058544159,0.28820309042930603,0.020555615425109863,0.011648464016616344,0.8571869730949402,0.8310569524765015,0.34555497765541077,0.6748880409446595,20.03634417911077,16.11823267108118,3.3043265342712402,4.527586936950684,,,,,,,,,,,,,,,,,,,,,,
baseline,sdedit,trustmark,711000000000,change_material,4,style,convert it to an oil painting,0.5,50.0,0.5397946186935889,False,66.0,False,,,0.3193421959877014,0.3067767918109894,0.012565404176712036,0.0011615948751568794,0.9004800319671631,0.8688050508499146,0.2933254837989807,0.5620792664792256,19.667283622752322,15.467104293449738,3.3034839630126953,4.527586936950684,,,,,,,,,,,,,,,,,,,,,,
baseline,sdedit,trustmark,811000000000,change_background,0,none,,1.0,100.0,7.888609052210118e-31,True,66.0,True,44.57531009636835,0.9951454356403161,,,,,,,,,,,,,,,,,,,,,,,,,,,,,,,,,,
baseline,sdedit,trustmark,811000000000,change_background,1,change_background,change the white background to forest,0.49,49.0,0.6178232827986663,False,66.0,False,,,0.25145548582077026,0.18749558925628662,0.06395989656448364,0.05624458193778992,0.7286416888237,0.661557137966156,0.3483184576034546,0.7853556856078326,19.907048806726948,19.867554129990303,3.3064610958099365,4.527586936950684,16.054060450737786,0.4867967367172241,,,,,,,,,,,,,,,,,,,,
baseline,sdedit,trustmark,811000000000,change_background,2,global_attribute,make it nighttime,0.55,55.0,0.18410080866334808,False,66.0,False,,,0.24515758454799652,0.24610134959220886,-0.0009437650442123413,-0.005165950395166874,0.87549889087677,0.7441240549087524,0.39652910828590393,0.769291036907104,18.200517009268957,17.236296501352196,3.3026766777038574,4.527586936950684,,,,,,,,,,,,,,,,,,,,,,
baseline,sdedit,trustmark,811000000000,change_background,3,background,replace the background with a beach,0.46,46.0,0.8158991913366519,False,66.0,False,,,0.23685786128044128,0.2384239286184311,-0.0015660673379898071,0.09282933920621872,0.9013034105300903,0.841975748538971,0.37381449341773987,0.7122236471391296,15.846223386649765,15.564647299447287,3.3032889366149902,4.527586936950684,,,,,,,,,,,,,,,,,,,,,,
baseline,sdedit,trustmark,811000000000,change_background,4,style,make it anime style,0.4,40.0,0.9823998998911476,False,66.0,False,,,0.27697452902793884,0.24360480904579163,0.03336971998214722,0.09151574224233627,0.8760221004486084,0.8810880184173584,0.4180508852005005,0.6812418251758793,15.180544259847062,15.592549193594149,3.3026318550109863,4.527586936950684,,,,,,,,,,,,,,,,,,,,,,
baseline,sdedit,trustmark,911000000000,change_style,0,none,,0.98,98.0,3.9845364322713306e-27,True,66.0,False,38.597981427639404,0.990085492902628,,,,,,,,,,,,,,,,,,,,,,,,,,,,,,,,,,
baseline,sdedit,trustmark,911000000000,change_style,1,change_style,make it realism style and make it expressionism style,0.45,45.0,0.8643734879630823,False,66.0,False,,,0.3165525197982788,0.2859901189804077,0.030562400817871094,0.1776849627494812,0.93578040599823,0.7963150143623352,0.419464647769928,0.22610039684339586,14.812174950494342,14.79393102851188,3.3027305603027344,4.527586936950684,,,,,,,,,,,,,,,,,,,,,,
baseline,sdedit,trustmark,911000000000,change_style,2,global_attribute,make it nighttime,0.47,47.0,0.7579407931963542,False,66.0,False,,,0.31516510248184204,0.30781492590904236,0.007350176572799683,0.045260220766067505,0.9686059951782227,0.8747273087501526,0.39602166414260864,0.2678705912495216,15.298031029449234,13.329126512126583,3.302243947982788,4.527586936950684,,,,,,,,,,,,,,,,,,,,,,
baseline,sdedit,trustmark,911000000000,change_style,3,background,replace the background with a beach,0.48,48.0,0.6913502932053738,False,66.0,False,,,0.3125702738761902,0.29557451605796814,0.016995757818222046,0.017978020012378693,0.9635196328163147,0.8643044829368591,0.37245693802833557,0.2556793438608614,15.031830704249455,12.830595865143925,3.3035430908203125,4.527586936950684,,,,,,,,,,,,,,,,,,,,,,
baseline,sdedit,trustmark,911000000000,change_style,4,style,make it look cinematic,0.47,47.0,0.7579407931963542,False,66.0,False,,,0.30164414644241333,0.3007039427757263,0.0009402036666870117,-0.012114730663597584,0.9541394114494324,0.8482235670089722,0.3855341076850891,0.25675134651354464,14.952540371801543,12.173649661516034,3.3030073642730713,4.527586936950684,,,,,,,,,,,,,,,,,,,,,,
baseline,sdedit,wam,111000000000,change_object,0,none,,1.0,32.0,2.3283064365386963e-10,True,26.0,True,37.40846966059051,0.9837146181403482,,,,,,,,,,,,,,,,,,,,,,,,,,,,,,,,,,0.999114990234375
baseline,sdedit,wam,111000000000,change_object,1,change_object,change the fishes to sharks and change the kelp to flowers,0.5,16.0,0.5699749670457095,False,26.0,False,,,0.2053561955690384,0.20065630972385406,0.004699885845184326,-0.006135856732726097,0.9567402601242065,0.852009654045105,0.3955966830253601,0.2711177760352678,12.917266324387803,12.91783737270941,3.303483724594116,4.527586936950684,,,,,,,,,,,,,,,,,,,,,,0.0
baseline,sdedit,wam,111000000000,change_object,2,global_attribute,make it nighttime,0.5,16.0,0.5699749670457095,False,26.0,False,,,0.20907849073410034,0.20593693852424622,0.003141552209854126,-0.01576511561870575,0.9602875709533691,0.905834972858429,0.39637815952301025,0.2712179133092021,12.903905284804125,12.213430407144552,3.3080902099609375,4.527586936950684,,,,,,,,,,,,,,,,,,,,,,0.0
baseline,sdedit,wam,111000000000,change_object,3,background,make the background a desert,0.4375,14.0,0.8114572062622756,False,26.0,False,,,0.22836190462112427,0.19874396920204163,0.02961793541908264,0.007775643840432167,0.952545166015625,0.8725431561470032,0.3552763760089874,0.27952600006325906,13.14970555812142,11.102524717409288,3.3040075302124023,4.527586936950684,,,,,,,,,,,,,,,,,,,,,,0.000518798828125
baseline,sdedit,wam,111000000000,change_object,4,style,turn it into a watercolor painting,0.5,16.0,0.5699749670457095,False,26.0,False,,,0.26959025859832764,0.22471299767494202,0.04487726092338562,0.0909237414598465,0.9550139307975769,0.8714476227760315,0.41262146830558777,0.24320733760126187,12.221847157902078,10.478169866074907,3.3091368675231934,4.527586936950684,,,,,,,,,,,,,,,,,,,,,,0.0
baseline,sdedit,wam,111000000001,change_object,0,none,,1.0,32.0,2.3283064365386963e-10,True,26.0,True,39.665853668378055,0.9891270871343876,,,,,,,,,,,,,,,,,,,,,,,,,,,,,,,,,,1.0
baseline,sdedit,wam,111000000001,change_object,1,change_object,change the cat to tiger and change the hat to scarf,0.5625,18.0,0.29830744792707264,False,26.0,False,,,0.3033389747142792,0.20936477184295654,0.09397420287132263,0.25582563877105713,0.892383873462677,0.6723918914794922,0.41816967725753784,0.5846281247178671,17.939619544978584,17.95839505513665,3.3036513328552246,4.527586936950684,,,,,,,,,,,,,,,,,,,,,,0.0
baseline,sdedit,wam,111000000001,change_object,2,global_attribute,make it rainy,0.5625,18.0,0.29830744792707264,False,26.0,False,,,0.3130287528038025,0.28580546379089355,0.027223289012908936,0.23418790102005005,0.9438580274581909,0.7886677384376526,0.4363759756088257,0.5312767625631271,16.851175898447742,15.517624975909447,3.3029725551605225,4.527586936950684,,,,,,,,,,,,,,,,,,,,,,0.0
baseline,sdedit,wam,111000000001,change_object,3,background,make the background a desert,0.5625,18.0,0.29830744792707264,False,26.0,False,,,0.2976512908935547,0.3018888831138611,-0.0042375922203063965,-0.0359194353222847,0.9527560472488403,0.9218116402626038,0.3725928068161011,0.4761603437401445,15.649529144352956,13.885664611518912,3.303072690963745,4.527586936950684,,,,,,,,,,,,,,,,,,,,,,0.0
baseline,sdedit,wam,111000000001,change_object,4,style,make it look cinematic,0.5625,18.0,0.29830744792707264,False,26.0,False,,,0.3213355839252472,0.28130561113357544,0.04002997279167175,0.00041194260120391846,0.9502673149108887,0.9329111576080322,0.3600488603115082,0.4420524212013838,15.163305950025466,12.904604640927868,3.354224681854248,4.527586936950684,,,,,,,,,,,,,,,,,,,,,,0.0
baseline,sdedit,wam,211000000000,add_object,0,none,,1.0,32.0,2.3283064365386963e-10,True,26.0,True,38.11271040386504,0.971313697833561,,,,,,,,,,,,,,,,,,,,,,,,,,,,,,,,,,1.0
baseline,sdedit,wam,211000000000,add_object,1,add_object,add and scarf and add with flowers in mouth,0.59375,19.0,0.18854279373772442,False,26.0,False,,,0.2939687967300415,0.2524295151233673,0.041539281606674194,0.1747576892375946,0.8983690738677979,0.7992407083511353,0.41476255655288696,0.4943288398814096,17.749052940954865,17.781473064190013,3.3102259635925293,4.527586936950684,,,,,,,,,,,,,,,,,,,,,,0.0
baseline,sdedit,wam,211000000000,add_object,2,global_attribute,make it rainy,0.59375,19.0,0.18854279373772442,False,26.0,False,,,0.3187362551689148,0.27626895904541016,0.04246729612350464,0.30999302864074707,0.9351977109909058,0.8864864706993103,0.3601514995098114,0.4965185046586564,17.92565878228013,16.41563121522639,3.303360939025879,4.527586936950684,,,,,,,,,,,,,,,,,,,,,,0.0
baseline,sdedit,wam,211000000000,add_object,3,background,make the background a desert,0.59375,19.0,0.18854279373772442,False,26.0,False,,,0.31424885988235474,0.31794095039367676,-0.0036920905113220215,0.017674032598733902,0.9585137367248535,0.843209445476532,0.37026065587997437,0.4445544936017734,17.22913341878126,15.281708918246746,3.303394317626953,4.527586936950684,,,,,,,,,,,,,,,,,,,,,,0.0
baseline,sdedit,wam,211000000000,add_object,4,style,make it anime style,0.53125,17.0,0.4300250329542905,False,26.0,False,,,0.3119282126426697,0.29667115211486816,0.015257060527801514,0.09725432097911835,0.9636975526809692,0.8446889519691467,0.3535727560520172,0.40054498041137226,16.446443145372186,14.608078519301774,3.303427219390869,4.527586936950684,,,,,,,,,,,,,,,,,,,,,,0.006317138671875
baseline,sdedit,wam,311000000000,delete_object,0,none,,1.0,32.0,2.3283064365386963e-10,True,26.0,True,42.44143802554333,0.9908210419368683,,,,,,,,,,,,,,,,,,,,,,,,,,,,,,,,,,1.0
baseline,sdedit,wam,311000000000,delete_object,1,delete_object,remove of yellow flowers,0.53125,17.0,0.4300250329542905,False,26.0,False,,,0.2093431055545807,0.19126516580581665,0.018077939748764038,0.0757841020822525,0.906305193901062,0.8231003284454346,0.2168142944574356,0.7939324011947076,20.928860062183404,20.909480727223464,3.304514169692993,4.527586936950684,23.577882138893035,0.1657402664422989,,,,,,,,,,,,,,,,,,,,0.0
baseline,sdedit,wam,311000000000,delete_object,2,global_attribute,change the season to winter,0.53125,17.0,0.4300250329542905,False,26.0,False,,,0.2585577368736267,0.19411465525627136,0.06444308161735535,0.19961673021316528,0.9063069820404053,0.765500009059906,0.2481096088886261,0.7847520300693797,19.151777405081006,17.82623544335556,3.3025851249694824,4.527586936950684,,,,,,,,,,,,,,,,,,,,,,0.0
baseline,sdedit,wam,311000000000,delete_object,3,background,replace the background with a beach,0.53125,17.0,0.4300250329542905,False,26.0,False,,,0.2660137712955475,0.24135276675224304,0.024661004543304443,0.12135083973407745,0.9406642317771912,0.8803519010543823,0.24393928050994873,0.7664048083556928,18.925193999710025,17.073475170003295,3.3097543716430664,4.527586936950684,,,,,,,,,,,,,,,,,,,,,,0.0
baseline,sdedit,wam,311000000000,delete_object,4,style,make it look cinematic,0.53125,17.0,0.4300250329542905,False,26.0,False,,,0.2749243974685669,0.2845563292503357,-0.009631931781768799,0.1085168719291687,0.9378089904785156,0.8476466536521912,0.30847835540771484,0.7203786445622674,18.946955278685188,16.078547495137297,3.304438829421997,4.527586936950684,,,,,,,,,,,,,,,,,,,,,,0.0
baseline,sdedit,wam,411000000000,change_content,0,none,,1.0,32.0,2.3283064365386963e-10,True,26.0,True,38.78799659980266,0.9841482721958211,,,,,,,,,,,,,,,,,,,,,,,,,,,,,,,,,,1.0
baseline,sdedit,wam,411000000000,change_content,1,change_content,change the big to small and make it big,0.53125,17.0,0.4300250329542905,False,26.0,False,,,0.31805938482284546,0.31056833267211914,0.007491052150726318,0.025712143629789352,0.9222238063812256,0.9080156087875366,0.2255697250366211,0.6844799853712665,16.553959260309252,16.55828541416139,3.3100216388702393,4.527586936950684,,,,,,,,,,,,,,,,,,,,,,0.0
baseline,sdedit,wam,411000000000,change_content,2,global_attribute,make it nighttime,0.53125,17.0,0.4300250329542905,False,26.0,False,,,0.3082188665866852,0.29914164543151855,0.009077221155166626,-0.007138117216527462,0.914218544960022,0.8585377931594849,0.30128952860832214,0.6337867236998035,16.740000695778043,14.801627979589282,3.3106210231781006,4.527586936950684,,,,,,,,,,,,,,,,,,,,,,0.0
baseline,sdedit,wam,411000000000,change_content,3,background,replace the background with a beach,0.53125,17.0,0.4300250329542905,False,26.0,False,,,0.31449323892593384,0.2905362546443939,0.023956984281539917,0.09069644659757614,0.9403078556060791,0.8897728323936462,0.3088575601577759,0.6169229489438856,16.732298935356035,14.05903030229981,3.3032429218292236,4.527586936950684,,,,,,,,,,,,,,,,,,,,,,0.0
baseline,sdedit,wam,411000000000,change_content,4,style,turn it into a watercolor painting,0.53125,17.0,0.4300250329542905,False,26.0,False,,,0.29866641759872437,0.2958047389984131,0.0028616786003112793,0.09270541369915009,0.9206886291503906,0.8921033143997192,0.30469733476638794,0.6066609677036832,16.12639524218444,13.190479249120497,3.3113551139831543,4.527586936950684,,,,,,,,,,,,,,,,,,,,,,0.0
baseline,sdedit,wam,511000000000,change_pose,0,none,,1.0,32.0,2.3283064365386963e-10,True,26.0,True,42.213464807691075,0.9785141140443526,,,,,,,,,,,,,,,,,,,,,,,,,,,,,,,,,,1.0
baseline,sdedit,wam,511000000000,change_pose,1,change_pose,change the laying down on to with tail down and make it jumping,0.5625,18.0,0.29830744792707264,False,26.0,False,,,0.26498928666114807,0.2801777422428131,-0.015188455581665039,0.023507490754127502,0.8034021854400635,0.7908607721328735,0.07613120973110199,0.9267880052843012,23.768677769445105,23.81558729435146,3.302826404571533,4.527586936950684,29.758484559262854,0.06076125428080559,,,,,,,,,,,,,,,,,,,,0.0
baseline,sdedit,wam,511000000000,change_pose,2,global_attribute,make it nighttime,0.5625,18.0,0.29830744792707264,False,26.0,False,,,0.25914764404296875,0.25660863518714905,0.002539008855819702,0.004859324544668198,0.8118957281112671,0.8407359719276428,0.05536285787820816,0.9325057215467233,23.323909233024004,20.99170085705755,3.308763027191162,4.527586936950684,,,,,,,,,,,,,,,,,,,,,,0.0
baseline,sdedit,wam,511000000000,change_pose,3,background,make the background a city street,0.5625,18.0,0.29830744792707264,False,26.0,False,,,0.26546549797058105,0.23178227245807648,0.03368322551250458,0.018016640096902847,0.878555178642273,0.8873005509376526,0.18599218130111694,0.8862051749749748,24.084654862216077,20.232431678367632,3.316039800643921,4.527586936950684,,,,,,,,,,,,,,,,,,,,,,0.0
baseline,sdedit,wam,511000000000,change_pose,4,style,convert it to an oil painting,0.5625,18.0,0.29830744792707264,False,26.0,False,,,0.22041776776313782,0.23350654542446136,-0.013088777661323547,0.033424392342567444,0.8738894462585449,0.8079705834388733,0.17530226707458496,0.8348902864869613,22.77828328568592,19.128124615871016,3.3027503490448,4.527586936950684,,,,,,,,,,,,,,,,,,,,,,0.0
baseline,sdedit,wam,611000000000,change_color,0,none,,1.0,32.0,2.3283064365386963e-10,True,26.0,True,37.589277394459224,0.9464888602556507,,,,,,,,,,,,,,,,,,,,,,,,,,,,,,,,,,1.0
baseline,sdedit,wam,611000000000,change_color,1,change_color,change the black to white and change the red to green,0.59375,19.0,0.18854279373772442,False,26.0,False,,,0.23124605417251587,0.2105950564146042,0.020650997757911682,-0.050849076360464096,0.915167510509491,0.7475930452346802,0.40018200874328613,0.5133337036431554,19.841162784857463,19.866833090992728,3.301978588104248,4.527586936950684,,,,,,,,,,,,,,,,,,,,,,0.0
baseline,sdedit,wam,611000000000,change_color,2,global_attribute,change the season to winter,0.59375,19.0,0.18854279373772442,False,26.0,False,,,0.2286716252565384,0.2225254476070404,0.006146177649497986,0.05364910513162613,0.9581284523010254,0.7575055956840515,0.4247691333293915,0.44547637419471836,19.29493203567303,18.59874824155073,3.303494453430176,4.527586936950684,,,,,,,,,,,,,,,,,,,,,,0.0
baseline,sdedit,wam,611000000000,change_color,3,background,make the background a desert,0.59375,19.0,0.18854279373772442,False,26.0,False,,,0.21488669514656067,0.2199862152338028,-0.0050995200872421265,0.027566011995077133,0.9596611857414246,0.8066613078117371,0.3457355201244354,0.4336877418317097,19.279690885623985,18.369197350145186,3.3032803535461426,4.527586936950684,,,,,,,,,,,,,,,,,,,,,,0.0
baseline,sdedit,wam,611000000000,change_color,4,style,convert it to an oil painting,0.59375,19.0,0.18854279373772442,False,26.0,False,,,0.23256760835647583,0.21401962637901306,0.01854798197746277,0.1507965475320816,0.9582214951515198,0.8007439374923706,0.3824680745601654,0.386630580262776,18.483210078818747,16.81161647967174,3.302406072616577,4.527586936950684,,,,,,,,,,,,,,,,,,,,,,0.0
baseline,sdedit,wam,711000000000,change_material,0,none,,1.0,32.0,2.3283064365386963e-10,True,26.0,True,40.816037454216655,0.9905307661331327,,,,,,,,,,,,,,,,,,,,,,,,,,,,,,,,,,1.0
baseline,sdedit,wam,711000000000,change_material,1,change_material,make it knitted and make it toy,0.3125,10.0,0.9899691964965314,False,26.0,False,,,0.3213370442390442,0.213683620095253,0.1076534241437912,0.24727928638458252,0.7647608518600464,0.6127762794494629,0.2873963713645935,0.7024453659477157,18.087580029069933,18.080365215873464,3.3036234378814697,4.527586936950684,29.935493148195125,0.11764751374721527,,,,,,,,,,,,,,,,,,,,0.0
baseline,sdedit,wam,711000000000,change_material,2,global_attribute,change the season to winter,0.3125,10.0,0.9899691964965314,False,26.0,False,,,0.3017120659351349,0.29642194509506226,0.005290120840072632,0.13020937144756317,0.8561604022979736,0.836993396282196,0.2931654453277588,0.7010128502485445,18.723023338512995,16.789679724764767,3.307676315307617,4.527586936950684,,,,,,,,,,,,,,,,,,,,,,0.0
baseline,sdedit,wam,711000000000,change_material,3,background,make the background a desert,0.3125,10.0,0.9899691964965314,False,26.0,False,,,0.2687186896800995,0.2909972667694092,-0.022278577089309692,0.03243932127952576,0.9062333106994629,0.9057861566543579,0.3982161283493042,0.6627773083565153,19.174543790121977,16.018623486830307,3.303466796875,4.527586936950684,,,,,,,,,,,,,,,,,,,,,,0.0
baseline,sdedit,wam,711000000000,change_material,4,style,convert it to an oil painting,0.3125,10.0,0.9899691964965314,False,26.0,False,,,0.3061118721961975,0.2632755637168884,0.04283630847930908,0.06954722851514816,0.8965412378311157,0.8748453259468079,0.3629407584667206,0.6275992894961071,19.078469412523198,15.352131620748635,3.3025784492492676,4.527586936950684,,,,,,,,,,,,,,,,,,,,,,0.0
baseline,sdedit,wam,811000000000,change_background,0,none,,1.0,32.0,2.3283064365386963e-10,True,26.0,True,41.877624190077114,0.9891538180142945,,,,,,,,,,,,,,,,,,,,,,,,,,,,,,,,,,1.0
baseline,sdedit,wam,811000000000,change_background,1,change_background,change the white background to forest,0.5,16.0,0.5699749670457095,False,26.0,False,,,0.2126757800579071,0.1859074980020523,0.026768282055854797,0.05603807419538498,0.6467931270599365,0.6110867261886597,0.24664728343486786,0.784544786850245,19.97282296675221,19.974132670661767,3.3044800758361816,4.527586936950684,16.10726389186845,0.47543665766716003,,,,,,,,,,,,,,,,,,,,0.0
baseline,sdedit,wam,811000000000,change_background,2,global_attribute,make it nighttime,0.5,16.0,0.5699749670457095,False,26.0,False,,,0.24955250322818756,0.20353613793849945,0.04601636528968811,0.030007775872945786,0.8178600072860718,0.7814728617668152,0.37034252285957336,0.7871019883267704,18.569832239099416,17.725942840844603,3.3101773262023926,4.527586936950684,,,,,,,,,,,,,,,,,,,,,,0.0
baseline,sdedit,wam,811000000000,change_background,3,background,replace the background with a beach,0.5,16.0,0.5699749670457095,False,26.0,False,,,0.2637093663215637,0.24119660258293152,0.022512763738632202,-0.0007927664555609226,0.867952823638916,0.806195855140686,0.3683636784553528,0.7512702982405709,17.022694177770386,16.597329557942544,3.377589702606201,4.527586936950684,,,,,,,,,,,,,,,,,,,,,,0.0
baseline,sdedit,wam,811000000000,change_background,4,style,make it anime style,0.5,16.0,0.5699749670457095,False,26.0,False,,,0.2633589506149292,0.2722923159599304,-0.00893336534500122,0.026119926944375038,0.8808833360671997,0.8515680432319641,0.37655794620513916,0.7010251845133865,16.43601366333566,16.393381816178213,3.305443525314331,4.527586936950684,,,,,,,,,,,,,,,,,,,,,,0.0
baseline,sdedit,wam,911000000000,change_style,0,none,,1.0,32.0,2.3283064365386963e-10,True,26.0,True,36.7561034573693,0.9886311912201701,,,,,,,,,,,,,,,,,,,,,,,,,,,,,,,,,,1.0
baseline,sdedit,wam,911000000000,change_style,1,change_style,make it realism style and make it expressionism style,0.6875,22.0,0.025051229866221547,False,26.0,False,,,0.32333600521087646,0.28351885080337524,0.03981715440750122,0.17428095638751984,0.9060940146446228,0.8003236651420593,0.4293471872806549,0.22564929845875414,14.767909826227495,14.788434159214795,3.3021507263183594,4.527586936950684,,,,,,,,,,,,,,,,,,,,,,0.0
baseline,sdedit,wam,911000000000,change_style,2,global_attribute,make it nighttime,0.6875,22.0,0.025051229866221547,False,26.0,False,,,0.3182562589645386,0.31526845693588257,0.002987802028656006,0.022379707545042038,0.9495835900306702,0.8724511861801147,0.389531672000885,0.26967567439805235,15.258155539542777,13.349409917473023,3.303140640258789,4.527586936950684,,,,,,,,,,,,,,,,,,,,,,0.0
baseline,sdedit,wam,911000000000,change_style,3,background,replace the background with a beach,0.6875,22.0,0.025051229866221547,False,26.0,False,,,0.30504217743873596,0.29794031381607056,0.007101863622665405,-0.002981215715408325,0.9451847076416016,0.8772032260894775,0.37258774042129517,0.2609490872177753,15.070661518494635,12.812017512749295,3.304030418395996,4.527586936950684,,,,,,,,,,,,,,,,,,,,,,0.0
baseline,sdedit,wam,911000000000,change_style,4,style,make it look cinematic,0.6875,22.0,0.025051229866221547,False,26.0,False,,,0.29800945520401,0.29412904381752014,0.003880411386489868,-0.005670121870934963,0.9323291778564453,0.8625583052635193,0.3764096200466156,0.2711113047693093,14.949080086870424,12.144765708864211,3.307189464569092,4.527586936950684,,,,,,,,,,,,,,,,,,,,,,0.0
reembed,ip2p,dwtdct,111000000000,change_object,0,none,,1.0,32.0,2.3283064365386963e-10,True,26.0,True,34.70276705335292,0.9742709027239512,,,,,,,,,,,,,,,,,,,,,,,,,,,,,,,,,,
reembed,ip2p,dwtdct,111000000000,change_object,1,change_object,change the fishes to sharks and change the kelp to flowers,1.0,32.0,2.3283064365386963e-10,True,26.0,True,,,0.2691630721092224,0.20018047094345093,0.06898260116577148,0.22921764850616455,0.9120956063270569,0.6138234734535217,0.4108566641807556,0.43223068030824957,11.221271728888615,11.186712863173645,8.682482957839966,3.1037206649780273,,,,,,,,,,,,,,,,,,,,,,
reembed,ip2p,dwtdct,111000000000,change_object,2,global_attribute,make it nighttime,1.0,32.0,2.3283064365386963e-10,True,26.0,True,,,0.2652433514595032,0.2658264935016632,-0.0005831420421600342,0.03760124742984772,0.9916681051254272,0.9913686513900757,0.0639650821685791,0.8593655609722898,19.507540085963996,11.350484359926195,8.675897121429443,3.1037206649780273,,,,,,,,,,,,,,,,,,,,,,
reembed,ip2p,dwtdct,111000000000,change_object,3,background,make the background a desert,1.0,32.0,2.3283064365386963e-10,True,26.0,True,,,0.26535922288894653,0.25373879075050354,0.011620432138442993,0.13986913859844208,0.9789031744003296,0.9441293478012085,0.21294303238391876,0.7626245898708842,14.858228838456576,10.906046388826917,8.671897649765015,3.1037206649780273,,,,,,,,,,,,,,,,,,,,,,
reembed,ip2p,dwtdct,111000000000,change_object,4,style,turn it into a watercolor painting,1.0,32.0,2.3283064365386963e-10,True,26.0,True,,,0.27371570467948914,0.2713730037212372,0.002342700958251953,0.08527565747499466,0.9735392332077026,0.962308406829834,0.15418758988380432,0.753032224263903,14.35234341067156,9.415373883155207,8.678198337554932,3.1037206649780273,,,,,,,,,,,,,,,,,,,,,,
reembed,ip2p,dwtdct,111000000001,change_object,0,none,,1.0,32.0,2.3283064365386963e-10,True,26.0,True,41.69673472013483,0.991522099538042,,,,,,,,,,,,,,,,,,,,,,,,,,,,,,,,,,
reembed,ip2p,dwtdct,111000000001,change_object,1,change_object,change the cat to tiger and change the hat to scarf,1.0,32.0,2.3283064365386963e-10,True,26.0,True,,,0.32969799637794495,0.21549832820892334,0.1141996681690216,0.3309398889541626,0.796386182308197,0.3433021008968353,0.6576308608055115,0.32281948520537457,8.370687523014153,8.349641640936714,8.639761209487915,3.1037206649780273,,,,,,,,,,,,,,,,,,,,,,
reembed,ip2p,dwtdct,111000000001,change_object,2,global_attribute,make it rainy,1.0,32.0,2.3283064365386963e-10,True,26.0,True,,,0.32193800806999207,0.3152022063732147,0.006735801696777344,-0.04493659362196922,0.988404393196106,0.9903193116188049,0.05417386442422867,0.9410677639654493,23.940422602016195,8.358508174527472,8.652225255966187,3.1037206649780273,,,,,,,,,,,,,,,,,,,,,,
reembed,ip2p,dwtdct,111000000001,change_object,3,background,make the background a desert,1.0,32.0,2.3283064365386963e-10,True,26.0,True,,,0.3044975996017456,0.30406320095062256,0.0004343986511230469,0.015220606699585915,0.9803285598754883,0.9851754903793335,0.1393524706363678,0.9110554558167276,18.19667464425025,8.216868323311566,8.65601897239685,3.1037206649780273,,,,,,,,,,,,,,,,,,,,,,
reembed,ip2p,dwtdct,111000000001,change_object,4,style,make it look cinematic,1.0,32.0,2.3283064365386963e-10,True,26.0,True,,,0.28925853967666626,0.2938953638076782,-0.004636824131011963,-0.038524601608514786,0.9943711757659912,0.9903974533081055,0.03512512892484665,0.9347745270620574,24.48340113347387,8.052946384008367,8.654817342758179,3.1037206649780273,,,,,,,,,,,,,,,,,,,,,,
reembed,ip2p,dwtdct,211000000000,add_object,0,none,,1.0,32.0,2.3283064365386963e-10,True,26.0,True,40.584121544969605,0.988954600340363,,,,,,,,,,,,,,,,,,,,,,,,,,,,,,,,,,
reembed,ip2p,dwtdct,211000000000,add_object,1,add_object,add and scarf and add with flowers in mouth,1.0,32.0,2.3283064365386963e-10,True,26.0,True,,,0.2659789025783539,0.24953076243400574,0.016448140144348145,0.209619402885437,0.8066909313201904,0.5738382339477539,0.42493924498558044,0.5874739991914323,16.90444167996252,16.92322863629212,8.643547296524048,3.1037206649780273,,,,,,,,,,,,,,,,,,,,,,
reembed,ip2p,dwtdct,211000000000,add_object,2,global_attribute,make it rainy,1.0,32.0,2.3283064365386963e-10,True,26.0,True,,,0.26462051272392273,0.26545706391334534,-0.0008365511894226074,0.09538102149963379,0.9798831939697266,0.9878605604171753,0.07085312902927399,0.9106552740123939,29.890468136484152,16.75511384619408,8.654045581817627,3.1037206649780273,,,,,,,,,,,,,,,,,,,,,,
reembed,ip2p,dwtdct,211000000000,add_object,3,background,make the background a desert,1.0,32.0,2.3283064365386963e-10,True,26.0,True,,,0.23700647056102753,0.2613416910171509,-0.024335220456123352,0.03314947336912155,0.9665341377258301,0.9710811376571655,0.21402953565120697,0.7881984613952783,15.80547609393371,12.71491157463765,8.672100067138672,3.1037206649780273,,,,,,,,,,,,,,,,,,,,,,
reembed,ip2p,dwtdct,211000000000,add_object,4,style,make it anime style,1.0,32.0,2.3283064365386963e-10,True,26.0,True,,,0.24869906902313232,0.23540690541267395,0.013292163610458374,0.09742246568202972,0.9798855781555176,0.9684565663337708,0.13613951206207275,0.7638342595193538,15.883042927471315,9.54954050891163,8.657418489456177,3.1037206649780273,,,,,,,,,,,,,,,,,,,,,,
reembed,ip2p,dwtdct,311000000000,delete_object,0,none,,0.4375,14.0,0.8114572062622756,False,26.0,False,39.34648708658547,0.9871976539545727,,,,,,,,,,,,,,,,,,,,,,,,,,,,,,,,,,
reembed,ip2p,dwtdct,311000000000,delete_object,1,delete_object,remove of yellow flowers,0.4375,14.0,0.8114572062622756,False,26.0,False,,,0.21081726253032684,0.1943725049495697,0.01644475758075714,0.16018705070018768,0.8831427097320557,0.7084357738494873,0.39512956142425537,0.8204828972535322,15.840037889739564,15.844612342290812,8.642350435256958,3.1037206649780273,18.38297864563166,0.2705841660499573,,,,,,,,,,,,,,,,,,,,
reembed,ip2p,dwtdct,311000000000,delete_object,2,global_attribute,change the season to winter,0.4375,14.0,0.8114572062622756,False,26.0,False,,,0.17541669309139252,0.20556381344795227,-0.030147120356559753,0.16080287098884583,0.6843177080154419,0.17820513248443604,0.38243216276168823,0.8789226966239342,15.012494026684745,15.180506395316202,8.648478984832764,3.1037206649780273,,,,,,,,,,,,,,,,,,,,,,
reembed,ip2p,dwtdct,311000000000,delete_object,3,background,replace the background with a beach,0.4375,14.0,0.8114572062622756,False,26.0,False,,,0.17054486274719238,0.16639134287834167,0.004153519868850708,0.3091408312320709,0.8238962888717651,0.3699414134025574,0.32377877831459045,0.8564113419808805,17.028975066237088,12.185424629429205,8.66835618019104,3.1037206649780273,,,,,,,,,,,,,,,,,,,,,,
reembed,ip2p,dwtdct,311000000000,delete_object,4,style,make it look cinematic,0.4375,14.0,0.8114572062622756,False,26.0,False,,,0.16159707307815552,0.16614630818367004,-0.004549235105514526,0.14094480872154236,0.9703447818756104,0.8973779678344727,0.24855223298072815,0.7546045766433673,17.771532145166006,9.793678394977444,8.652522563934326,3.1037206649780273,,,,,,,,,,,,,,,,,,,,,,
reembed,ip2p,dwtdct,411000000000,change_content,0,none,,1.0,32.0,2.3283064365386963e-10,True,26.0,True,38.17179160217899,0.9884851387526289,,,,,,,,,,,,,,,,,,,,,,,,,,,,,,,,,,
reembed,ip2p,dwtdct,411000000000,change_content,1,change_content,change the big to small and make it big,1.0,32.0,2.3283064365386963e-10,True,26.0,True,,,0.31643515825271606,0.31362801790237427,0.002807140350341797,-0.033249735832214355,0.9519676566123962,0.9924846887588501,0.025296887382864952,0.9193898735207968,25.98019875630915,25.8268614333576,8.639310598373413,3.1037206649780273,,,,,,,,,,,,,,,,,,,,,,
reembed,ip2p,dwtdct,411000000000,change_content,2,global_attribute,make it nighttime,1.0,32.0,2.3283064365386963e-10,True,26.0,True,,,0.20896506309509277,0.30317938327789307,-0.09421432018280029,0.1041485145688057,0.5893523693084717,0.12238497287034988,0.830379068851471,0.5232044010285516,9.087808122260784,9.033917739433736,8.657081127166748,3.1037206649780273,,,,,,,,,,,,,,,,,,,,,,
reembed,ip2p,dwtdct,411000000000,change_content,3,background,replace the background with a beach,1.0,32.0,2.3283064365386963e-10,True,26.0,True,,,0.20894257724285126,0.21870669722557068,-0.009764119982719421,0.023400068283081055,0.9419366717338562,0.9272988438606262,0.2729087769985199,0.8185595098361613,16.246869678481236,8.386857554105823,8.65348219871521,3.1037206649780273,,,,,,,,,,,,,,,,,,,,,,
reembed,ip2p,dwtdct,411000000000,change_content,4,style,turn it into a watercolor painting,1.0,32.0,2.3283064365386963e-10,True,26.0,True,,,0.19800148904323578,0.21565771102905273,-0.017656221985816956,0.11829040199518204,0.9360664486885071,0.9055778980255127,0.27312415838241577,0.7423560949549968,18.03230316910492,9.553409398776894,8.654627561569214,3.1037206649780273,,,,,,,,,,,,,,,,,,,,,,
reembed,ip2p,dwtdct,511000000000,change_pose,0,none,,1.0,32.0,2.3283064365386963e-10,True,26.0,True,38.66740923667961,0.9920395373667524,,,,,,,,,,,,,,,,,,,,,,,,,,,,,,,,,,
reembed,ip2p,dwtdct,511000000000,change_pose,1,change_pose,change the laying down on to with tail down and make it jumping,1.0,32.0,2.3283064365386963e-10,True,26.0,True,,,0.21527881920337677,0.26281091570854187,-0.0475320965051651,0.08880895376205444,0.730218231678009,0.6818265318870544,0.17128215730190277,0.9281219825542469,17.457768338938003,17.532488966010412,8.60571837425232,3.1037206649780273,19.43983930267692,0.141060933470726,,,,,,,,,,,,,,,,,,,,
reembed,ip2p,dwtdct,511000000000,change_pose,2,global_attribute,make it nighttime,1.0,32.0,2.3283064365386963e-10,True,26.0,True,,,0.21668154001235962,0.21336771547794342,0.0033138245344161987,0.11111362278461456,0.8209500312805176,0.7406349182128906,0.5721842050552368,0.5529433843107086,4.311107890880709,3.7205515005798713,8.626307487487793,3.1037206649780273,,,,,,,,,,,,,,,,,,,,,,
reembed,ip2p,dwtdct,511000000000,change_pose,3,background,make the background a city street,1.0,32.0,2.3283064365386963e-10,True,26.0,True,,,0.24617430567741394,0.2028430700302124,0.04333123564720154,0.16013818979263306,0.8486554622650146,0.8401577472686768,0.3909413814544678,0.7893888834685088,18.819979050875876,3.2645628031442375,8.672065019607544,3.1037206649780273,,,,,,,,,,,,,,,,,,,,,,
reembed,ip2p,dwtdct,511000000000,change_pose,4,style,convert it to an oil painting,1.0,32.0,2.3283064365386963e-10,True,26.0,True,,,0.21820896863937378,0.21179065108299255,0.006418317556381226,0.09139803797006607,0.9779587984085083,0.9650582671165466,0.1015661284327507,0.8969413243891718,28.16565690405256,3.380098887249752,8.663815021514893,3.1037206649780273,,,,,,,,,,,,,,,,,,,,,,
reembed,ip2p,dwtdct,611000000000,change_color,0,none,,1.0,32.0,2.3283064365386963e-10,True,26.0,True,38.902713724863794,0.9788001327826058,,,,,,,,,,,,,,,,,,,,,,,,,,,,,,,,,,
reembed,ip2p,dwtdct,611000000000,change_color,1,change_color,change the black to white and change the red to green,1.0,32.0,2.3283064365386963e-10,True,26.0,True,,,0.2129753977060318,0.203995019197464,0.00898037850856781,0.1858450174331665,0.948235273361206,0.9577689170837402,0.2827383875846863,0.5276930381238659,18.807396965897127,18.607415202629,8.652066230773926,3.1037206649780273,,,,,,,,,,,,,,,,,,,,,,
reembed,ip2p,dwtdct,611000000000,change_color,2,global_attribute,change the season to winter,1.0,32.0,2.3283064365386963e-10,True,26.0,True,,,0.22756561636924744,0.21201395988464355,0.015551656484603882,0.005937675014138222,0.9722307324409485,0.9609389305114746,0.2289491593837738,0.5099287743758653,13.257442763075671,14.520415905455671,8.655505895614624,3.1037206649780273,,,,,,,,,,,,,,,,,,,,,,
reembed,ip2p,dwtdct,611000000000,change_color,3,background,make the background a desert,1.0,32.0,2.3283064365386963e-10,True,26.0,True,,,0.16581067442893982,0.22657129168510437,-0.06076061725616455,0.2642118036746979,0.8837828636169434,0.8766100406646729,0.4723950922489166,0.5110415536080216,10.727558099260134,10.727511706774726,8.652143001556396,3.1037206649780273,,,,,,,,,,,,,,,,,,,,,,
reembed,ip2p,dwtdct,611000000000,change_color,4,style,convert it to an oil painting,1.0,32.0,2.3283064365386963e-10,True,26.0,True,,,0.17629730701446533,0.17535904049873352,0.0009382665157318115,0.06501227617263794,0.9803258180618286,0.9884909391403198,0.0975264310836792,0.7939981547986172,18.99051230999896,10.381511284253722,8.655884265899658,3.1037206649780273,,,,,,,,,,,,,,,,,,,,,,
reembed,ip2p,dwtdct,711000000000,change_material,0,none,,0.53125,17.0,0.4300250329542905,False,26.0,False,43.689934462385274,0.9942413188682536,,,,,,,,,,,,,,,,,,,,,,,,,,,,,,,,,,
reembed,ip2p,dwtdct,711000000000,change_material,1,change_material,make it knitted and make it toy,0.53125,17.0,0.4300250329542905,False,26.0,False,,,0.24660798907279968,0.20970460772514343,0.03690338134765625,0.14907602965831757,0.6177746057510376,0.18390169739723206,0.3832327425479889,0.6213176833746451,14.185523390664693,14.167228670085407,8.627597332000732,3.1037206649780273,22.155539151172757,0.15123531222343445,,,,,,,,,,,,,,,,,,,,
reembed,ip2p,dwtdct,711000000000,change_material,2,global_attribute,change the season to winter,0.53125,17.0,0.4300250329542905,False,26.0,False,,,0.26327016949653625,0.22352856397628784,0.03974160552024841,0.15373103320598602,0.9553207159042358,0.9540926218032837,0.10406847298145294,0.8260069337511634,19.869796196044955,13.998522916313101,8.646634817123413,3.1037206649780273,,,,,,,,,,,,,,,,,,,,,,
reembed,ip2p,dwtdct,711000000000,change_material,3,background,make the background a desert,0.53125,17.0,0.4300250329542905,False,26.0,False,,,0.24132677912712097,0.253032922744751,-0.011706143617630005,0.2529395520687103,0.9199625849723816,0.9503430128097534,0.2822432518005371,0.8081496759282669,12.72902530539781,10.317878979412654,8.650105953216553,3.1037206649780273,,,,,,,,,,,,,,,,,,,,,,
reembed,ip2p,dwtdct,711000000000,change_material,4,style,convert it to an oil painting,0.53125,17.0,0.4300250329542905,False,26.0,False,,,0.24738678336143494,0.23900696635246277,0.008379817008972168,0.03657402843236923,0.9676929712295532,0.9476794600486755,0.1090143620967865,0.8098636617303961,15.755126849360789,7.646453783005693,8.652034282684326,3.1037206649780273,,,,,,,,,,,,,,,,,,,,,,
reembed,ip2p,dwtdct,811000000000,change_background,0,none,,0.53125,17.0,0.4300250329542905,False,26.0,False,43.55890142215483,0.9932369026354442,,,,,,,,,,,,,,,,,,,,,,,,,,,,,,,,,,
reembed,ip2p,dwtdct,811000000000,change_background,1,change_background,change the white background to forest,0.53125,17.0,0.4300250329542905,False,26.0,False,,,0.2020096778869629,0.20424869656562805,-0.002239018678665161,0.18951348960399628,0.5453241467475891,0.0673733502626419,0.9183388948440552,0.45513939487158805,6.523880290517079,6.508385970820594,8.630365371704102,3.1037206649780273,6.833972104088382,0.8971055150032043,,,,,,,,,,,,,,,,,,,,
reembed,ip2p,dwtdct,811000000000,change_background,2,global_attribute,make it nighttime,0.53125,17.0,0.4300250329542905,False,26.0,False,,,0.22636815905570984,0.1931208223104477,0.033247336745262146,0.16053804755210876,0.944668173789978,0.8262341618537903,0.4432968497276306,0.22053141925437958,5.581458537382433,1.3804493879058566,8.667230367660522,3.1037206649780273,,,,,,,,,,,,,,,,,,,,,,
reembed,ip2p,dwtdct,811000000000,change_background,3,background,replace the background with a beach,0.53125,17.0,0.4300250329542905,False,26.0,False,,,0.1788661777973175,0.20351627469062805,-0.024650096893310547,0.2763688862323761,0.8268334865570068,0.38317394256591797,0.7123394012451172,0.3017679009278979,7.503184765158649,5.669066647044502,8.67279601097107,3.1037206649780273,,,,,,,,,,,,,,,,,,,,,,
reembed,ip2p,dwtdct,811000000000,change_background,4,style,make it anime style,0.53125,17.0,0.4300250329542905,False,26.0,False,,,0.2353728860616684,0.182313472032547,0.0530594140291214,0.2756531834602356,0.8362653851509094,0.44707992672920227,0.6366835832595825,0.5275166520005197,11.027692062672173,7.196746623723172,8.690598726272583,3.1037206649780273,,,,,,,,,,,,,,,,,,,,,,
reembed,ip2p,dwtdct,911000000000,change_style,0,none,,1.0,32.0,2.3283064365386963e-10,True,26.0,True,40.25488393489556,0.9939228369907097,,,,,,,,,,,,,,,,,,,,,,,,,,,,,,,,,,
reembed,ip2p,dwtdct,911000000000,change_style,1,change_style,make it realism style and make it expressionism style,1.0,32.0,2.3283064365386963e-10,True,26.0,True,,,0.30007246136665344,0.28351321816444397,0.016559243202209473,0.1857001781463623,0.9771975874900818,0.9725977182388306,0.12500496208667755,0.6570113852548168,20.187082403143876,20.144341140018227,8.655630588531494,3.1037206649780273,,,,,,,,,,,,,,,,,,,,,,
reembed,ip2p,dwtdct,911000000000,change_style,2,global_attribute,make it nighttime,1.0,32.0,2.3283064365386963e-10,True,26.0,True,,,0.30305352807044983,0.28911852836608887,0.013934999704360962,0.05853637307882309,0.9833014011383057,0.95952969789505,0.15517555177211761,0.5456944204724269,12.766209860853092,12.565335795396646,8.657470703125,3.1037206649780273,,,,,,,,,,,,,,,,,,,,,,
reembed,ip2p,dwtdct,911000000000,change_style,3,background,replace the background with a beach,1.0,32.0,2.3283064365386963e-10,True,26.0,True,,,0.2754175066947937,0.2891007363796234,-0.013683229684829712,0.0157955139875412,0.9305081367492676,0.905857264995575,0.28472232818603516,0.5662670786147855,10.00358785008489,10.851190592440672,8.660999298095703,3.1037206649780273,,,,,,,,,,,,,,,,,,,,,,
reembed,ip2p,dwtdct,911000000000,change_style,4,style,make it look cinematic,1.0,32.0,2.3283064365386963e-10,True,26.0,True,,,0.28225743770599365,0.27481216192245483,0.007445275783538818,-0.011581665836274624,0.9953910112380981,0.9906612038612366,0.041182875633239746,0.9048912400149695,25.967931921727075,10.668286050483902,8.657389640808105,3.1037206649780273,,,,,,,,,,,,,,,,,,,,,,
reembed,ip2p,trustmark,111000000000,change_object,0,none,,1.0,100.0,7.888609052210118e-31,True,66.0,True,38.631498612644734,0.9794490155548147,,,,,,,,,,,,,,,,,,,,,,,,,,,,,,,,,,
reembed,ip2p,trustmark,111000000000,change_object,1,change_object,change the fishes to sharks and change the kelp to flowers,1.0,100.0,7.888609052210118e-31,True,66.0,True,,,0.26962772011756897,0.19849787652492523,0.07112984359264374,0.22082853317260742,0.9060114026069641,0.6440895795822144,0.3931742310523987,0.4591061443257958,11.471878186524211,11.476280239999339,8.449480295181274,3.1037206649780273,,,,,,,,,,,,,,,,,,,,,,
reembed,ip2p,trustmark,111000000000,change_object,2,global_attribute,make it nighttime,1.0,100.0,7.888609052210118e-31,True,66.0,True,,,0.26471737027168274,0.266340434551239,-0.0016230642795562744,0.01991097629070282,0.9876762628555298,0.9919135570526123,0.06309539824724197,0.8743774341131004,19.294414040241158,11.640704736210266,8.382686853408813,3.1037206649780273,,,,,,,,,,,,,,,,,,,,,,
reembed,ip2p,trustmark,111000000000,change_object,3,background,make the background a desert,1.0,100.0,7.888609052210118e-31,True,66.0,True,,,0.26494288444519043,0.2516450881958008,0.013297796249389648,0.057172585278749466,0.9726591110229492,0.9533294439315796,0.20882894098758698,0.7622938279400894,14.945227559837837,11.263991052731932,8.375580787658691,3.1037206649780273,,,,,,,,,,,,,,,,,,,,,,
reembed,ip2p,trustmark,111000000000,change_object,4,style,turn it into a watercolor painting,1.0,100.0,7.888609052210118e-31,True,66.0,True,,,0.2758375406265259,0.2762610912322998,-0.0004235506057739258,0.05943175032734871,0.9753356575965881,0.9550691246986389,0.15457232296466827,0.7412742706567718,13.870700479879677,9.747327880515414,8.374287128448486,3.1037206649780273,,,,,,,,,,,,,,,,,,,,,,
reembed,ip2p,trustmark,111000000001,change_object,0,none,,1.0,100.0,7.888609052210118e-31,True,66.0,True,43.146674016614554,0.9948480500215128,,,,,,,,,,,,,,,,,,,,,,,,,,,,,,,,,,
reembed,ip2p,trustmark,111000000001,change_object,1,change_object,change the cat to tiger and change the hat to scarf,1.0,100.0,7.888609052210118e-31,True,66.0,True,,,0.3165903091430664,0.22662192583084106,0.08996838331222534,0.32778671383857727,0.7842328548431396,0.34314361214637756,0.6666048765182495,0.32014494836963486,8.42121023353673,8.393720251193947,8.385254383087158,3.1037206649780273,,,,,,,,,,,,,,,,,,,,,,
reembed,ip2p,trustmark,111000000001,change_object,2,global_attribute,make it rainy,1.0,100.0,7.888609052210118e-31,True,66.0,True,,,0.28168028593063354,0.29280203580856323,-0.011121749877929688,0.025314724072813988,0.9847900867462158,0.9905473589897156,0.06698647886514664,0.9414027119608592,23.24458738291366,8.360475718598487,8.379095792770386,3.1037206649780273,,,,,,,,,,,,,,,,,,,,,,
reembed,ip2p,trustmark,111000000001,change_object,3,background,make the background a desert,1.0,100.0,7.888609052210118e-31,True,66.0,True,,,0.30041494965553284,0.26828715205192566,0.03212779760360718,0.018461596220731735,0.9426338076591492,0.9280710220336914,0.19399654865264893,0.9126986944440083,17.05868483859798,8.1222722765273,8.37520456314087,3.1037206649780273,,,,,,,,,,,,,,,,,,,,,,
reembed,ip2p,trustmark,111000000001,change_object,4,style,make it look cinematic,1.0,100.0,7.888609052210118e-31,True,66.0,True,,,0.28343209624290466,0.2928839921951294,-0.009451895952224731,0.04827990382909775,0.9917747378349304,0.9897314310073853,0.055918194353580475,0.9161645086484546,19.361093728365958,7.811443783636216,8.375020742416382,3.1037206649780273,,,,,,,,,,,,,,,,,,,,,,
reembed,ip2p,trustmark,211000000000,add_object,0,none,,1.0,100.0,7.888609052210118e-31,True,66.0,True,42.30235212491837,0.9915421004737185,,,,,,,,,,,,,,,,,,,,,,,,,,,,,,,,,,
reembed,ip2p,trustmark,211000000000,add_object,1,add_object,add and scarf and add with flowers in mouth,1.0,100.0,7.888609052210118e-31,True,66.0,True,,,0.1396355926990509,0.25488758087158203,-0.11525198817253113,0.1872463822364807,0.6867800951004028,0.07091620564460754,0.5664858818054199,0.5029963413714061,14.857151900504455,14.85914365315248,8.377531051635742,3.1037206649780273,,,,,,,,,,,,,,,,,,,,,,
reembed,ip2p,trustmark,211000000000,add_object,2,global_attribute,make it rainy,1.0,100.0,7.888609052210118e-31,True,66.0,True,,,0.14424331486225128,0.14363175630569458,0.0006115585565567017,0.07170037925243378,0.9791768789291382,0.9846435189247131,0.0873352587223053,0.910546063450043,28.465277872950367,14.574480428190553,8.377699851989746,3.1037206649780273,,,,,,,,,,,,,,,,,,,,,,
reembed,ip2p,trustmark,211000000000,add_object,3,background,make the background a desert,1.0,100.0,7.888609052210118e-31,True,66.0,True,,,0.16343408823013306,0.1573457419872284,0.006088346242904663,-0.049318961799144745,0.9769806265830994,0.9642130136489868,0.1704215705394745,0.8713251879987501,19.172405840265853,12.463908602493321,8.377785444259644,3.1037206649780273,,,,,,,,,,,,,,,,,,,,,,
reembed,ip2p,trustmark,211000000000,add_object,4,style,make it anime style,1.0,100.0,7.888609052210118e-31,True,66.0,True,,,0.18613111972808838,0.15187886357307434,0.03425225615501404,0.23230180144309998,0.9601075649261475,0.943900465965271,0.18298006057739258,0.7149365646581219,13.087345006545343,8.585286753741455,8.37437653541565,3.1037206649780273,,,,,,,,,,,,,,,,,,,,,,
reembed,ip2p,trustmark,311000000000,delete_object,0,none,,1.0,100.0,7.888609052210118e-31,True,66.0,True,43.410873046272926,0.9934109017052851,,,,,,,,,,,,,,,,,,,,,,,,,,,,,,,,,,
reembed,ip2p,trustmark,311000000000,delete_object,1,delete_object,remove of yellow flowers,1.0,100.0,7.888609052210118e-31,True,66.0,True,,,0.2175944596529007,0.19013912975788116,0.02745532989501953,0.1856139898300171,0.8780795335769653,0.7289860248565674,0.38090476393699646,0.8339771509194335,15.98347338771007,16.028321322003364,8.379998207092285,3.1037206649780273,18.937752178672078,0.25772956013679504,,,,,,,,,,,,,,,,,,,,
reembed,ip2p,trustmark,311000000000,delete_object,2,global_attribute,change the season to winter,1.0,100.0,7.888609052210118e-31,True,66.0,True,,,0.25456753373146057,0.22375273704528809,0.030814796686172485,0.22045370936393738,0.9402322173118591,0.8192856907844543,0.12143078446388245,0.959416959440202,20.469711206575457,16.01206614643598,8.382434606552124,3.1037206649780273,,,,,,,,,,,,,,,,,,,,,,
reembed,ip2p,trustmark,311000000000,delete_object,3,background,replace the background with a beach,1.0,100.0,7.888609052210118e-31,True,66.0,True,,,0.23885181546211243,0.25025174021720886,-0.011399924755096436,0.27357012033462524,0.9115641117095947,0.9173399209976196,0.2637195587158203,0.9103203667647067,19.678879661486818,14.928463626986112,8.375176906585693,3.1037206649780273,,,,,,,,,,,,,,,,,,,,,,
reembed,ip2p,trustmark,311000000000,delete_object,4,style,make it look cinematic,1.0,100.0,7.888609052210118e-31,True,66.0,True,,,0.24870643019676208,0.23545023798942566,0.013256192207336426,-0.022585727274417877,0.9837830066680908,0.9663150906562805,0.125703826546669,0.9188562643373324,17.883774757858212,12.08020931518188,8.373429298400879,3.1037206649780273,,,,,,,,,,,,,,,,,,,,,,
reembed,ip2p,trustmark,411000000000,change_content,0,none,,1.0,100.0,7.888609052210118e-31,True,66.0,True,40.39757340480904,0.9903162660534416,,,,,,,,,,,,,,,,,,,,,,,,,,,,,,,,,,
reembed,ip2p,trustmark,411000000000,change_content,1,change_content,change the big to small and make it big,1.0,100.0,7.888609052210118e-31,True,66.0,True,,,0.31368395686149597,0.3094693422317505,0.004214614629745483,0.028296248987317085,0.9745851755142212,0.9898293614387512,0.021597689017653465,0.9270539683489668,25.84488891622588,25.538427296742796,8.378616333007812,3.1037206649780273,,,,,,,,,,,,,,,,,,,,,,
reembed,ip2p,trustmark,411000000000,change_content,2,global_attribute,make it nighttime,1.0,100.0,7.888609052210118e-31,True,66.0,True,,,0.20929893851280212,0.29907986521720886,-0.08978092670440674,0.11838163435459137,0.5694692134857178,0.10339187830686569,0.7005137205123901,0.537517041352748,9.733056514062145,9.522991312387246,8.376538276672363,3.1037206649780273,,,,,,,,,,,,,,,,,,,,,,
reembed,ip2p,trustmark,411000000000,change_content,3,background,replace the background with a beach,1.0,100.0,7.888609052210118e-31,True,66.0,True,,,0.18943531811237335,0.20395047962665558,-0.014515161514282227,0.23588643968105316,0.8336421251296997,0.8158919811248779,0.37118810415267944,0.7829704841852966,15.22077074580639,8.58784621665735,8.378071308135986,3.1037206649780273,,,,,,,,,,,,,,,,,,,,,,
reembed,ip2p,trustmark,411000000000,change_content,4,style,turn it into a watercolor painting,0.99,99.0,7.967495142732219e-29,True,66.0,False,,,0.22221171855926514,0.20376095175743103,0.018450766801834106,0.14135834574699402,0.9596205353736877,0.9108439087867737,0.21205516159534454,0.7987095002786258,18.87431765273356,9.639153905670595,8.381759881973267,3.1037206649780273,,,,,,,,,,,,,,,,,,,,,,
reembed,ip2p,trustmark,511000000000,change_pose,0,none,,1.0,100.0,7.888609052210118e-31,True,66.0,True,47.274036827476,0.9971012438864868,,,,,,,,,,,,,,,,,,,,,,,,,,,,,,,,,,
reembed,ip2p,trustmark,511000000000,change_pose,1,change_pose,change the laying down on to with tail down and make it jumping,1.0,100.0,7.888609052210118e-31,True,66.0,True,,,0.2176738977432251,0.25894033908843994,-0.041266441345214844,0.14896859228610992,0.7623213529586792,0.5349940061569214,0.39720314741134644,0.8708011256982706,14.403999833002853,14.368828010940518,8.380708456039429,3.1037206649780273,15.110750863111095,0.3824405074119568,,,,,,,,,,,,,,,,,,,,
reembed,ip2p,trustmark,511000000000,change_pose,2,global_attribute,make it nighttime,1.0,100.0,7.888609052210118e-31,True,66.0,True,,,0.20857670903205872,0.2030801922082901,0.005496516823768616,0.15157540142536163,0.8096375465393066,0.7499920129776001,0.5094632506370544,0.49189438745779923,3.955382039314878,3.2564474618331025,8.378705978393555,3.1037206649780273,,,,,,,,,,,,,,,,,,,,,,
reembed,ip2p,trustmark,511000000000,change_pose,3,background,make the background a city street,1.0,100.0,7.888609052210118e-31,True,66.0,True,,,0.26393938064575195,0.1807563453912735,0.08318303525447845,0.2904476821422577,0.8587753176689148,0.7678043246269226,0.42473194003105164,0.7402321255339319,16.51155084912781,4.099578705567442,8.373681545257568,3.1037206649780273,,,,,,,,,,,,,,,,,,,,,,
reembed,ip2p,trustmark,511000000000,change_pose,4,style,convert it to an oil painting,1.0,100.0,7.888609052210118e-31,True,66.0,True,,,0.2567911744117737,0.2649288475513458,-0.008137673139572144,0.14311382174491882,0.9692939519882202,0.9751218557357788,0.09788376837968826,0.8918372964263453,26.108052321152655,4.57368980523895,8.374531984329224,3.1037206649780273,,,,,,,,,,,,,,,,,,,,,,
reembed,ip2p,trustmark,611000000000,change_color,0,none,,1.0,100.0,7.888609052210118e-31,True,66.0,True,43.6886415992153,0.9854123707139631,,,,,,,,,,,,,,,,,,,,,,,,,,,,,,,,,,
reembed,ip2p,trustmark,611000000000,change_color,1,change_color,change the black to white and change the red to green,1.0,100.0,7.888609052210118e-31,True,66.0,True,,,0.21341106295585632,0.2106473743915558,0.002763688564300537,0.17846974730491638,0.9437195658683777,0.9469472169876099,0.2748684585094452,0.5020183169330107,18.469576301699412,18.3666217028744,8.374510526657104,3.1037206649780273,,,,,,,,,,,,,,,,,,,,,,
reembed,ip2p,trustmark,611000000000,change_color,2,global_attribute,change the season to winter,1.0,100.0,7.888609052210118e-31,True,66.0,True,,,0.24407178163528442,0.21288353204727173,0.031188249588012695,0.0017811581492424011,0.9562135934829712,0.9536751508712769,0.22295166552066803,0.49777498056364794,13.68233111422878,15.101818616665305,8.374574422836304,3.1037206649780273,,,,,,,,,,,,,,,,,,,,,,
reembed,ip2p,trustmark,611000000000,change_color,3,background,make the background a desert,1.0,100.0,7.888609052210118e-31,True,66.0,True,,,0.17805629968643188,0.2422967106103897,-0.06424041092395782,0.19668404757976532,0.8982325792312622,0.8693547248840332,0.5043823719024658,0.5203546887653484,10.795602034449281,11.26538396365849,8.377464294433594,3.1037206649780273,,,,,,,,,,,,,,,,,,,,,,
reembed,ip2p,trustmark,611000000000,change_color,4,style,convert it to an oil painting,1.0,100.0,7.888609052210118e-31,True,66.0,True,,,0.18758030235767365,0.18906253576278687,-0.0014822334051132202,0.06180641055107117,0.9785804152488708,0.9853287935256958,0.09043820202350616,0.7628566023222957,17.4507122257447,10.440857886742263,8.379469633102417,3.1037206649780273,,,,,,,,,,,,,,,,,,,,,,
reembed,ip2p,trustmark,711000000000,change_material,0,none,,1.0,100.0,7.888609052210118e-31,True,66.0,True,43.481337360777836,0.9952483255560995,,,,,,,,,,,,,,,,,,,,,,,,,,,,,,,,,,
reembed,ip2p,trustmark,711000000000,change_material,1,change_material,make it knitted and make it toy,1.0,100.0,7.888609052210118e-31,True,66.0,True,,,0.18723157048225403,0.21626868844032288,-0.029037117958068848,0.17298637330532074,0.5753296613693237,0.18366485834121704,0.37955302000045776,0.6331534022538715,14.39951830159011,14.36823027510708,8.379995584487915,3.1037206649780273,23.043347838037008,0.15413643419742584,,,,,,,,,,,,,,,,,,,,
reembed,ip2p,trustmark,711000000000,change_material,2,global_attribute,change the season to winter,1.0,100.0,7.888609052210118e-31,True,66.0,True,,,0.22474214434623718,0.162537083029747,0.06220506131649017,0.1558922380208969,0.9448959827423096,0.9718118906021118,0.07150188833475113,0.849306327645566,21.041243267615187,14.320317482697613,8.37727165222168,3.1037206649780273,,,,,,,,,,,,,,,,,,,,,,
reembed,ip2p,trustmark,711000000000,change_material,3,background,make the background a desert,1.0,100.0,7.888609052210118e-31,True,66.0,True,,,0.21891790628433228,0.2184995859861374,0.00041832029819488525,0.1470780074596405,0.9004882574081421,0.9553235769271851,0.241024911403656,0.8270502390683397,14.280703571136662,11.179033048096654,8.37678837776184,3.1037206649780273,,,,,,,,,,,,,,,,,,,,,,
reembed,ip2p,trustmark,711000000000,change_material,4,style,convert it to an oil painting,1.0,100.0,7.888609052210118e-31,True,66.0,True,,,0.21739909052848816,0.22243353724479675,-0.005034446716308594,0.11739501357078552,0.9609785676002502,0.9744257926940918,0.13428252935409546,0.8524446187302376,17.900283529406,8.80278216561094,8.374469995498657,3.1037206649780273,,,,,,,,,,,,,,,,,,,,,,
reembed,ip2p,trustmark,811000000000,change_background,0,none,,1.0,100.0,7.888609052210118e-31,True,66.0,True,44.57531009636835,0.9951454356403161,,,,,,,,,,,,,,,,,,,,,,,,,,,,,,,,,,
reembed,ip2p,trustmark,811000000000,change_background,1,change_background,change the white background to forest,1.0,100.0,7.888609052210118e-31,True,66.0,True,,,0.18603575229644775,0.18749558925628662,-0.0014598369598388672,0.18210047483444214,0.5102403163909912,0.15216064453125,0.9256693124771118,0.44180356307062335,6.384110731130238,6.3542842950728,8.376307964324951,3.1037206649780273,6.759318321466149,0.9054376482963562,,,,,,,,,,,,,,,,,,,,
reembed,ip2p,trustmark,811000000000,change_background,2,global_attribute,make it nighttime,0.99,99.0,7.967495142732219e-29,True,66.0,False,,,0.22578513622283936,0.17492839694023132,0.05085673928260803,0.13783539831638336,0.9252853989601135,0.8001037836074829,0.4670429527759552,0.22299143118203238,5.81346658520739,1.4020610947297718,8.375118732452393,3.1037206649780273,,,,,,,,,,,,,,,,,,,,,,
reembed,ip2p,trustmark,811000000000,change_background,3,background,replace the background with a beach,0.99,99.0,7.967495142732219e-29,True,66.0,False,,,0.22631347179412842,0.2051013708114624,0.021212100982666016,0.18123644590377808,0.8916083574295044,0.4469538927078247,0.6750994324684143,0.29603933939227894,7.173610976836432,5.660000080936993,8.374497652053833,3.1037206649780273,,,,,,,,,,,,,,,,,,,,,,
reembed,ip2p,trustmark,811000000000,change_background,4,style,make it anime style,0.99,99.0,7.967495142732219e-29,True,66.0,False,,,0.19662979245185852,0.23064221441745758,-0.03401242196559906,0.2424684762954712,0.8500894904136658,0.5887891054153442,0.6052550077438354,0.6057495456872724,12.013536264579514,7.5384682524006665,8.377401113510132,3.1037206649780273,,,,,,,,,,,,,,,,,,,,,,
reembed,ip2p,trustmark,911000000000,change_style,0,none,,0.98,98.0,3.9845364322713306e-27,True,66.0,False,38.597981427639404,0.990085492902628,,,,,,,,,,,,,,,,,,,,,,,,,,,,,,,,,,
reembed,ip2p,trustmark,911000000000,change_style,1,change_style,make it realism style and make it expressionism style,0.98,98.0,3.9845364322713306e-27,True,66.0,False,,,0.29993873834609985,0.2859901189804077,0.013948619365692139,0.17344185709953308,0.9757602214813232,0.9551860690116882,0.1388036608695984,0.6643388672365682,19.560293756309267,19.47068983754854,8.37476396560669,3.1037206649780273,,,,,,,,,,,,,,,,,,,,,,
reembed,ip2p,trustmark,911000000000,change_style,2,global_attribute,make it nighttime,0.98,98.0,3.9845364322713306e-27,True,66.0,False,,,0.2933247983455658,0.2887267470359802,0.004598051309585571,0.10088066756725311,0.9845970869064331,0.9521732926368713,0.16568562388420105,0.5381942822179218,12.348385560357023,12.109375975529561,8.375694513320923,3.1037206649780273,,,,,,,,,,,,,,,,,,,,,,
reembed,ip2p,trustmark,911000000000,change_style,3,background,replace the background with a beach,0.98,98.0,3.9845364322713306e-27,True,66.0,False,,,0.26856255531311035,0.2799973487854004,-0.011434793472290039,0.01792885735630989,0.9351986050605774,0.923086404800415,0.26995351910591125,0.5621218330938079,10.518441940707355,10.716755597850533,8.374958992004395,3.1037206649780273,,,,,,,,,,,,,,,,,,,,,,
reembed,ip2p,trustmark,911000000000,change_style,4,style,make it look cinematic,0.98,98.0,3.9845364322713306e-27,True,66.0,False,,,0.28075891733169556,0.2732037901878357,0.007555127143859863,0.030793745070695877,0.9970026016235352,0.9941664338111877,0.04081391915678978,0.9140403360802701,25.92256754810069,10.390912814852785,8.380578994750977,3.1037206649780273,,,,,,,,,,,,,,,,,,,,,,
reembed,ip2p,wam,111000000000,change_object,0,none,,1.0,32.0,2.3283064365386963e-10,True,26.0,True,37.40846966059051,0.9837146181403482,,,,,,,,,,,,,,,,,,,,,,,,,,,,,,,,,,0.999114990234375
reembed,ip2p,wam,111000000000,change_object,1,change_object,change the fishes to sharks and change the kelp to flowers,1.0,32.0,2.3283064365386963e-10,True,26.0,True,,,0.2670431137084961,0.20065630972385406,0.06638680398464203,0.2136976420879364,0.9109638929367065,0.6480820178985596,0.4009649455547333,0.44768273994557556,11.294653609597898,11.262293459104542,8.427901029586792,3.1037206649780273,,,,,,,,,,,,,,,,,,,,,,1.0
reembed,ip2p,wam,111000000000,change_object,2,global_attribute,make it nighttime,1.0,32.0,2.3283064365386963e-10,True,26.0,True,,,0.266841322183609,0.2648642361164093,0.001977086067199707,0.0038792602717876434,0.9935634136199951,0.9908370971679688,0.06162543594837189,0.8763082993033597,19.88096517087817,11.413027527866559,8.394020318984985,3.1037206649780273,,,,,,,,,,,,,,,,,,,,,,1.0
reembed,ip2p,wam,111000000000,change_object,3,background,make the background a desert,1.0,32.0,2.3283064365386963e-10,True,26.0,True,,,0.26123547554016113,0.2544451057910919,0.006790369749069214,0.15924514830112457,0.9734638929367065,0.9548915028572083,0.19824814796447754,0.7734805578994708,15.034140076516941,10.993186380697331,8.394320726394653,3.1037206649780273,,,,,,,,,,,,,,,,,,,,,,1.0
reembed,ip2p,wam,111000000000,change_object,4,style,turn it into a watercolor painting,1.0,32.0,2.3283064365386963e-10,True,26.0,True,,,0.2709541320800781,0.27863609790802,-0.0076819658279418945,0.03631192818284035,0.963477611541748,0.9519450664520264,0.16143879294395447,0.7482767556342232,14.273105156892997,9.164869513007844,8.394560813903809,3.1037206649780273,,,,,,,,,,,,,,,,,,,,,,1.0
reembed,ip2p,wam,111000000001,change_object,0,none,,1.0,32.0,2.3283064365386963e-10,True,26.0,True,39.665853668378055,0.9891270871343876,,,,,,,,,,,,,,,,,,,,,,,,,,,,,,,,,,1.0
reembed,ip2p,wam,111000000001,change_object,1,change_object,change the cat to tiger and change the hat to scarf,1.0,32.0,2.3283064365386963e-10,True,26.0,True,,,0.3229641020298004,0.20936477184295654,0.11359933018684387,0.3254794180393219,0.7850462198257446,0.3258802890777588,0.6672172546386719,0.3251289581814852,8.387183226200314,8.386987249454124,8.390597581863403,3.1037206649780273,,,,,,,,,,,,,,,,,,,,,,1.0
reembed,ip2p,wam,111000000001,change_object,2,global_attribute,make it rainy,1.0,32.0,2.3283064365386963e-10,True,26.0,True,,,0.3065218925476074,0.30360931158065796,0.002912580966949463,-0.002146228216588497,0.9902858138084412,0.9841758608818054,0.04910523071885109,0.9412878417857966,23.835247843459832,8.402888446342434,8.390331268310547,3.1037206649780273,,,,,,,,,,,,,,,,,,,,,,1.0
reembed,ip2p,wam,111000000001,change_object,3,background,make the background a desert,1.0,32.0,2.3283064365386963e-10,True,26.0,True,,,0.27776452898979187,0.2905062735080719,-0.01274174451828003,-0.004698768258094788,0.988832950592041,0.9833337068557739,0.14547522366046906,0.9188524097509787,18.419398116510997,8.295179761607557,8.390682697296143,3.1037206649780273,,,,,,,,,,,,,,,,,,,,,,1.0
reembed,ip2p,wam,111000000001,change_object,4,style,make it look cinematic,1.0,32.0,2.3283064365386963e-10,True,26.0,True,,,0.2665179967880249,0.2710653841495514,-0.004547387361526489,-0.02146998792886734,0.9920467138290405,0.9888772964477539,0.04364017769694328,0.9525193867262846,26.14145515658648,8.202242911869208,8.39014983177185,3.1037206649780273,,,,,,,,,,,,,,,,,,,,,,1.0
reembed,ip2p,wam,211000000000,add_object,0,none,,1.0,32.0,2.3283064365386963e-10,True,26.0,True,38.11271040386504,0.971313697833561,,,,,,,,,,,,,,,,,,,,,,,,,,,,,,,,,,1.0
reembed,ip2p,wam,211000000000,add_object,1,add_object,add and scarf and add with flowers in mouth,1.0,32.0,2.3283064365386963e-10,True,26.0,True,,,0.1690087914466858,0.2524295151233673,-0.08342072367668152,0.18442165851593018,0.7012061476707458,0.1882925033569336,0.4535621702671051,0.5453027869852051,16.598903267269186,16.549288028102996,8.394671201705933,3.1037206649780273,,,,,,,,,,,,,,,,,,,,,,1.0
reembed,ip2p,wam,211000000000,add_object,2,global_attribute,make it rainy,1.0,32.0,2.3283064365386963e-10,True,26.0,True,,,0.18298156559467316,0.1707819253206253,0.012199640274047852,0.030533473938703537,0.9816235899925232,0.98485267162323,0.07775826752185822,0.902481724757589,29.49698226634361,16.13692458029736,8.396841764450073,3.1037206649780273,,,,,,,,,,,,,,,,,,,,,,1.0
reembed,ip2p,wam,211000000000,add_object,3,background,make the background a desert,1.0,32.0,2.3283064365386963e-10,True,26.0,True,,,0.20594638586044312,0.18503469228744507,0.020911693572998047,-0.009283091872930527,0.9688282608985901,0.9535960555076599,0.18609632551670074,0.7524537843624213,14.891256473852422,11.766598989228495,8.394956111907959,3.1037206649780273,,,,,,,,,,,,,,,,,,,,,,1.0
reembed,ip2p,wam,211000000000,add_object,4,style,make it anime style,1.0,32.0,2.3283064365386963e-10,True,26.0,True,,,0.21240761876106262,0.20488333702087402,0.007524281740188599,0.12775731086730957,0.9673283100128174,0.9710209369659424,0.1795835942029953,0.6883674814755203,13.807192609496262,8.64164855079499,8.396891117095947,3.1037206649780273,,,,,,,,,,,,,,,,,,,,,,1.0
reembed,ip2p,wam,311000000000,delete_object,0,none,,1.0,32.0,2.3283064365386963e-10,True,26.0,True,42.44143802554333,0.9908210419368683,,,,,,,,,,,,,,,,,,,,,,,,,,,,,,,,,,1.0
reembed,ip2p,wam,311000000000,delete_object,1,delete_object,remove of yellow flowers,1.0,32.0,2.3283064365386963e-10,True,26.0,True,,,0.20934514701366425,0.19126516580581665,0.018079981207847595,0.19246357679367065,0.8849496245384216,0.6869844794273376,0.3907760977745056,0.8123335836438278,15.866199120513878,15.866434785260717,8.399742364883423,3.1037206649780273,18.499257743148384,0.2714124917984009,,,,,,,,,,,,,,,,,,,,1.0
reembed,ip2p,wam,311000000000,delete_object,2,global_attribute,change the season to winter,1.0,32.0,2.3283064365386963e-10,True,26.0,True,,,0.22364552319049835,0.2037726640701294,0.019872859120368958,0.15847256779670715,0.7542556524276733,0.13084974884986877,0.31011486053466797,0.8972332529232672,15.451949609209265,15.610959794380424,8.39488172531128,3.1037206649780273,,,,,,,,,,,,,,,,,,,,,,1.0
reembed,ip2p,wam,311000000000,delete_object,3,background,replace the background with a beach,1.0,32.0,2.3283064365386963e-10,True,26.0,True,,,0.20691125094890594,0.21843619644641876,-0.011524945497512817,0.27447932958602905,0.8953559398651123,0.39256590604782104,0.2876501977443695,0.9147916751894692,18.138942212554305,12.99437204580882,8.394681453704834,3.1037206649780273,,,,,,,,,,,,,,,,,,,,,,1.0
reembed,ip2p,wam,311000000000,delete_object,4,style,make it look cinematic,1.0,32.0,2.3283064365386963e-10,True,26.0,True,,,0.22461262345314026,0.21259371936321259,0.012018904089927673,0.08896438032388687,0.9584845900535583,0.7640348076820374,0.20227894186973572,0.885636637389279,14.358080881127437,10.245042283339663,8.394501209259033,3.1037206649780273,,,,,,,,,,,,,,,,,,,,,,1.0
reembed,ip2p,wam,411000000000,change_content,0,none,,1.0,32.0,2.3283064365386963e-10,True,26.0,True,38.78799659980266,0.9841482721958211,,,,,,,,,,,,,,,,,,,,,,,,,,,,,,,,,,1.0
reembed,ip2p,wam,411000000000,change_content,1,change_content,change the big to small and make it big,1.0,32.0,2.3283064365386963e-10,True,26.0,True,,,0.31626027822494507,0.31056833267211914,0.005691945552825928,-0.017185697332024574,0.9863026142120361,0.9934622049331665,0.04540206119418144,0.9136550000959844,26.017331374798705,25.726145206218803,8.395089626312256,3.1037206649780273,,,,,,,,,,,,,,,,,,,,,,1.0
reembed,ip2p,wam,411000000000,change_content,2,global_attribute,make it nighttime,1.0,32.0,2.3283064365386963e-10,True,26.0,True,,,0.19745033979415894,0.3044275641441345,-0.10697722434997559,0.07059541344642639,0.5475797653198242,0.07840237766504288,0.8456949591636658,0.5045090161357487,9.244788930606118,9.135780961466383,8.394654750823975,3.1037206649780273,,,,,,,,,,,,,,,,,,,,,,1.0
reembed,ip2p,wam,411000000000,change_content,3,background,replace the background with a beach,1.0,32.0,2.3283064365386963e-10,True,26.0,True,,,0.22949740290641785,0.2119978666305542,0.017499536275863647,0.03989752382040024,0.934240460395813,0.8584038615226746,0.24156081676483154,0.829415130498394,17.39955454518074,8.492962790055238,8.395319938659668,3.1037206649780273,,,,,,,,,,,,,,,,,,,,,,0.9976959228515625
reembed,ip2p,wam,411000000000,change_content,4,style,turn it into a watercolor painting,1.0,32.0,2.3283064365386963e-10,True,26.0,True,,,0.21819013357162476,0.2434723675251007,-0.025282233953475952,0.022874854505062103,0.9452409744262695,0.92717444896698,0.2814503610134125,0.7658266696735009,17.26748027337214,9.89767733734423,8.393365621566772,3.1037206649780273,,,,,,,,,,,,,,,,,,,,,,1.0
reembed,ip2p,wam,511000000000,change_pose,0,none,,1.0,32.0,2.3283064365386963e-10,True,26.0,True,42.213464807691075,0.9785141140443526,,,,,,,,,,,,,,,,,,,,,,,,,,,,,,,,,,1.0
reembed,ip2p,wam,511000000000,change_pose,1,change_pose,change the laying down on to with tail down and make it jumping,1.0,32.0,2.3283064365386963e-10,True,26.0,True,,,0.2398107349872589,0.2801777422428131,-0.0403670072555542,0.0301902387291193,0.7792320251464844,0.504392683506012,0.45203277468681335,0.8520945883930845,13.573349256554636,13.571804342587658,8.390907764434814,3.1037206649780273,14.144753311521491,0.43632209300994873,,,,,,,,,,,,,,,,,,,,1.0
reembed,ip2p,wam,511000000000,change_pose,2,global_attribute,make it nighttime,1.0,32.0,2.3283064365386963e-10,True,26.0,True,,,0.25604039430618286,0.23299038410186768,0.023050010204315186,0.07156702131032944,0.8570736646652222,0.6851013898849487,0.5021987557411194,0.5811004529198344,5.604240955052156,3.8352399419164844,8.390710353851318,3.1037206649780273,,,,,,,,,,,,,,,,,,,,,,1.0
reembed,ip2p,wam,511000000000,change_pose,3,background,make the background a city street,1.0,32.0,2.3283064365386963e-10,True,26.0,True,,,0.2889496088027954,0.23615160584449768,0.05279800295829773,0.3229134976863861,0.901390552520752,0.5270851850509644,0.4497067630290985,0.7267214316500937,17.976503638840448,4.797144453359683,8.391620874404907,3.1037206649780273,,,,,,,,,,,,,,,,,,,,,,1.0
reembed,ip2p,wam,511000000000,change_pose,4,style,convert it to an oil painting,1.0,32.0,2.3283064365386963e-10,True,26.0,True,,,0.30208849906921387,0.28192317485809326,0.020165324211120605,0.08508947491645813,0.9585206508636475,0.8482714891433716,0.19604431092739105,0.8628703339117326,24.770907969302257,5.256469083261019,8.39581823348999,3.1037206649780273,,,,,,,,,,,,,,,,,,,,,,1.0
reembed,ip2p,wam,611000000000,change_color,0,none,,1.0,32.0,2.3283064365386963e-10,True,26.0,True,37.589277394459224,0.9464888602556507,,,,,,,,,,,,,,,,,,,,,,,,,,,,,,,,,,1.0
reembed,ip2p,wam,611000000000,change_color,1,change_color,change the black to white and change the red to green,1.0,32.0,2.3283064365386963e-10,True,26.0,True,,,0.21475398540496826,0.2105950564146042,0.004158928990364075,0.21504583954811096,0.9557085037231445,0.9523810148239136,0.31276392936706543,0.5270410115619931,18.776223991399064,18.689532036669668,8.39356803894043,3.1037206649780273,,,,,,,,,,,,,,,,,,,,,,1.0
reembed,ip2p,wam,611000000000,change_color,2,global_attribute,change the season to winter,1.0,32.0,2.3283064365386963e-10,True,26.0,True,,,0.23347070813179016,0.21325236558914185,0.020218342542648315,0.09703951328992844,0.9565975666046143,0.9610798358917236,0.2330334633588791,0.5363983028054079,14.084355626190074,15.198625931599437,8.393660068511963,3.1037206649780273,,,,,,,,,,,,,,,,,,,,,,1.0
reembed,ip2p,wam,611000000000,change_color,3,background,make the background a desert,1.0,32.0,2.3283064365386963e-10,True,26.0,True,,,0.1789321005344391,0.23381772637367249,-0.0548856258392334,0.2424134612083435,0.8548604846000671,0.8605620861053467,0.5387436151504517,0.4617262687768056,10.40147419848842,10.731644881546602,8.392884492874146,3.1037206649780273,,,,,,,,,,,,,,,,,,,,,,1.0
reembed,ip2p,wam,611000000000,change_color,4,style,convert it to an oil painting,1.0,32.0,2.3283064365386963e-10,True,26.0,True,,,0.18221446871757507,0.18581590056419373,-0.0036014318466186523,0.09463302791118622,0.9735081195831299,0.9853816628456116,0.08641204237937927,0.7177245115803207,17.0086960745947,9.64427993446224,8.393770217895508,3.1037206649780273,,,,,,,,,,,,,,,,,,,,,,1.0
reembed,ip2p,wam,711000000000,change_material,0,none,,1.0,32.0,2.3283064365386963e-10,True,26.0,True,40.816037454216655,0.9905307661331327,,,,,,,,,,,,,,,,,,,,,,,,,,,,,,,,,,1.0
reembed,ip2p,wam,711000000000,change_material,1,change_material,make it knitted and make it toy,1.0,32.0,2.3283064365386963e-10,True,26.0,True,,,0.19724752008914948,0.213683620095253,-0.016436100006103516,0.16211862862110138,0.5888974666595459,0.17809605598449707,0.3870784640312195,0.6140564338062418,14.28317924669354,14.266353107622795,8.395167589187622,3.1037206649780273,23.309682027453835,0.16318261623382568,,,,,,,,,,,,,,,,,,,,1.0
reembed,ip2p,wam,711000000000,change_material,2,global_attribute,change the season to winter,1.0,32.0,2.3283064365386963e-10,True,26.0,True,,,0.18640749156475067,0.1861552894115448,0.0002522021532058716,-0.00932471826672554,0.9405542612075806,0.9706242680549622,0.10079224407672882,0.8226414970517052,21.38350947328435,14.194355254705066,8.393088102340698,3.1037206649780273,,,,,,,,,,,,,,,,,,,,,,1.0
reembed,ip2p,wam,711000000000,change_material,3,background,make the background a desert,1.0,32.0,2.3283064365386963e-10,True,26.0,True,,,0.18772834539413452,0.18533848226070404,0.002389863133430481,-0.003631352912634611,0.932433009147644,0.9600552320480347,0.2513052523136139,0.8131690934664085,14.380514049947354,11.26501507623624,8.391967535018921,3.1037206649780273,,,,,,,,,,,,,,,,,,,,,,1.0
reembed,ip2p,wam,711000000000,change_material,4,style,convert it to an oil painting,1.0,32.0,2.3283064365386963e-10,True,26.0,True,,,0.20669084787368774,0.18367032706737518,0.02302052080631256,-0.006689004600048065,0.9521113038063049,0.9424838423728943,0.1757320761680603,0.7534111702450478,14.721260269628786,8.187780556014143,8.394582271575928,3.1037206649780273,,,,,,,,,,,,,,,,,,,,,,1.0
reembed,ip2p,wam,811000000000,change_background,0,none,,1.0,32.0,2.3283064365386963e-10,True,26.0,True,41.877624190077114,0.9891538180142945,,,,,,,,,,,,,,,,,,,,,,,,,,,,,,,,,,1.0
reembed,ip2p,wam,811000000000,change_background,1,change_background,change the white background to forest,1.0,32.0,2.3283064365386963e-10,True,26.0,True,,,0.18866369128227234,0.1859074980020523,0.0027561932802200317,0.190689355134964,0.514933705329895,0.03285100311040878,0.93963623046875,0.4290438419828852,6.701523310418511,6.66121844714179,8.391868352890015,3.1037206649780273,6.972090232238262,0.9208386540412903,,,,,,,,,,,,,,,,,,,,1.0
reembed,ip2p,wam,811000000000,change_background,2,global_attribute,make it nighttime,1.0,32.0,2.3283064365386963e-10,True,26.0,True,,,0.22225889563560486,0.17560282349586487,0.04665607213973999,0.14631977677345276,0.9249261617660522,0.8312444686889648,0.4954330027103424,0.20605172328171614,5.4624223855074,1.366700471744162,8.396581888198853,3.1037206649780273,,,,,,,,,,,,,,,,,,,,,,1.0
reembed,ip2p,wam,811000000000,change_background,3,background,replace the background with a beach,1.0,32.0,2.3283064365386963e-10,True,26.0,True,,,0.1621709018945694,0.1977689564228058,-0.03559805452823639,0.2458789050579071,0.8340213894844055,0.3982095420360565,0.683951735496521,0.2721754623653884,6.998757943800793,5.7381532863065665,8.39089560508728,3.1037206649780273,,,,,,,,,,,,,,,,,,,,,,1.0
reembed,ip2p,wam,811000000000,change_background,4,style,make it anime style,1.0,32.0,2.3283064365386963e-10,True,26.0,True,,,0.18432921171188354,0.16477277874946594,0.019556432962417603,0.16182327270507812,0.8611286878585815,0.5925333499908447,0.5487854480743408,0.6087724750161542,11.829285108988152,7.607079571521024,8.390598773956299,3.1037206649780273,,,,,,,,,,,,,,,,,,,,,,1.0
reembed,ip2p,wam,911000000000,change_style,0,none,,1.0,32.0,2.3283064365386963e-10,True,26.0,True,36.7561034573693,0.9886311912201701,,,,,,,,,,,,,,,,,,,,,,,,,,,,,,,,,,1.0
reembed,ip2p,wam,911000000000,change_style,1,change_style,make it realism style and make it expressionism style,1.0,32.0,2.3283064365386963e-10,True,26.0,True,,,0.30745816230773926,0.28351885080337524,0.023939311504364014,0.16667614877223969,0.966422438621521,0.9494273662567139,0.1455163061618805,0.642966383976574,19.465059782804367,19.35321102558789,8.389551401138306,3.1037206649780273,,,,,,,,,,,,,,,,,,,,,,1.0
reembed,ip2p,wam,911000000000,change_style,2,global_attribute,make it nighttime,1.0,32.0,2.3283064365386963e-10,True,26.0,True,,,0.30591702461242676,0.3008868396282196,0.005030184984207153,0.03979618102312088,0.9852619767189026,0.9799888134002686,0.13602682948112488,0.6530679577900211,14.329952589728467,13.551991614501514,8.391632556915283,3.1037206649780273,,,,,,,,,,,,,,,,,,,,,,1.0
reembed,ip2p,wam,911000000000,change_style,3,background,replace the background with a beach,1.0,32.0,2.3283064365386963e-10,True,26.0,True,,,0.27205488085746765,0.28958064317703247,-0.01752576231956482,0.06297280639410019,0.9227644801139832,0.8862871527671814,0.34098920226097107,0.5463817237918583,10.039742730741825,10.326099730927423,8.391669034957886,3.1037206649780273,,,,,,,,,,,,,,,,,,,,,,1.0
reembed,ip2p,wam,911000000000,change_style,4,style,make it look cinematic,1.0,32.0,2.3283064365386963e-10,True,26.0,True,,,0.2677493095397949,0.27296313643455505,-0.005213826894760132,-0.05457445979118347,0.9961428642272949,0.9922573566436768,0.04495753347873688,0.919278373307459,26.356904973938917,10.22821957020833,8.392444372177124,3.1037206649780273,,,,,,,,,,,,,,,,,,,,,,1.0
reembed,sdedit,dwtdct,111000000000,change_object,0,none,,1.0,32.0,2.3283064365386963e-10,True,26.0,True,34.70276705335292,0.9742709027239512,,,,,,,,,,,,,,,,,,,,,,,,,,,,,,,,,,
reembed,sdedit,dwtdct,111000000000,change_object,1,change_object,change the fishes to sharks and change the kelp to flowers,1.0,32.0,2.3283064365386963e-10,True,26.0,True,,,0.21193523705005646,0.20018047094345093,0.01175476610660553,-0.0021149697713553905,0.9605858325958252,0.8580576181411743,0.38902947306632996,0.2678662316682046,12.849809210797744,12.841833391918021,3.7261531352996826,4.527586936950684,,,,,,,,,,,,,,,,,,,,,,
reembed,sdedit,dwtdct,111000000000,change_object,2,global_attribute,make it nighttime,1.0,32.0,2.3283064365386963e-10,True,26.0,True,,,0.22268977761268616,0.2164057195186615,0.006284058094024658,0.0006594359874725342,0.9482561349868774,0.9133670330047607,0.3986332416534424,0.2608956851349625,12.730183088483638,12.13154520238833,3.7269866466522217,4.527586936950684,,,,,,,,,,,,,,,,,,,,,,
reembed,sdedit,dwtdct,111000000000,change_object,3,background,make the background a desert,1.0,32.0,2.3283064365386963e-10,True,26.0,True,,,0.24348409473896027,0.21454913914203644,0.028934955596923828,0.00744561105966568,0.9553573131561279,0.8323303461074829,0.3877856135368347,0.2474801060809272,12.712776137781088,11.001290388692105,3.7225780487060547,4.527586936950684,,,,,,,,,,,,,,,,,,,,,,
reembed,sdedit,dwtdct,111000000000,change_object,4,style,turn it into a watercolor painting,1.0,32.0,2.3283064365386963e-10,True,26.0,True,,,0.28055912256240845,0.23878610134124756,0.04177302122116089,0.0574408620595932,0.9632829427719116,0.894763171672821,0.38568824529647827,0.25457948669666575,12.334538776601438,10.470904330753598,3.725236177444458,4.527586936950684,,,,,,,,,,,,,,,,,,,,,,
reembed,sdedit,dwtdct,111000000001,change_object,0,none,,1.0,32.0,2.3283064365386963e-10,True,26.0,True,41.69673472013483,0.991522099538042,,,,,,,,,,,,,,,,,,,,,,,,,,,,,,,,,,
reembed,sdedit,dwtdct,111000000001,change_object,1,change_object,change the cat to tiger and change the hat to scarf,1.0,32.0,2.3283064365386963e-10,True,26.0,True,,,0.2809875011444092,0.21549832820892334,0.06548917293548584,0.23825596272945404,0.9017913341522217,0.6652035713195801,0.4078705310821533,0.582790149845105,17.916804781942094,17.901389700751626,3.6181743144989014,4.527586936950684,,,,,,,,,,,,,,,,,,,,,,
reembed,sdedit,dwtdct,111000000001,change_object,2,global_attribute,make it rainy,1.0,32.0,2.3283064365386963e-10,True,26.0,True,,,0.2981274724006653,0.26493051648139954,0.03319695591926575,0.26287394762039185,0.9427109360694885,0.7781983613967896,0.4546343684196472,0.5131927289613222,16.784444777473933,15.437845413315902,3.62959623336792,4.527586936950684,,,,,,,,,,,,,,,,,,,,,,
reembed,sdedit,dwtdct,111000000001,change_object,3,background,make the background a desert,1.0,32.0,2.3283064365386963e-10,True,26.0,True,,,0.30670592188835144,0.28837689757347107,0.01832902431488037,-0.0769554078578949,0.9658361673355103,0.9369532465934753,0.36620068550109863,0.46595055693461007,15.718837214137036,13.847313971699332,3.6412224769592285,4.527586936950684,,,,,,,,,,,,,,,,,,,,,,
reembed,sdedit,dwtdct,111000000001,change_object,4,style,make it look cinematic,1.0,32.0,2.3283064365386963e-10,True,26.0,True,,,0.302613765001297,0.2860080599784851,0.01660570502281189,-0.04834972694516182,0.9434855580329895,0.9349603056907654,0.3614780306816101,0.43142688227404785,15.291122891631147,12.89068624504898,3.6339075565338135,4.527586936950684,,,,,,,,,,,,,,,,,,,,,,
reembed,sdedit,dwtdct,211000000000,add_object,0,none,,1.0,32.0,2.3283064365386963e-10,True,26.0,True,40.584121544969605,0.988954600340363,,,,,,,,,,,,,,,,,,,,,,,,,,,,,,,,,,
reembed,sdedit,dwtdct,211000000000,add_object,1,add_object,add and scarf and add with flowers in mouth,1.0,32.0,2.3283064365386963e-10,True,26.0,True,,,0.2948850393295288,0.24953076243400574,0.04535427689552307,0.17228718101978302,0.9183635711669922,0.8472654223442078,0.3833427131175995,0.5129579480538546,17.9622729965989,17.970234086732166,3.709611177444458,4.527586936950684,,,,,,,,,,,,,,,,,,,,,,
reembed,sdedit,dwtdct,211000000000,add_object,2,global_attribute,make it rainy,1.0,32.0,2.3283064365386963e-10,True,26.0,True,,,0.3243460953235626,0.2764033079147339,0.047942787408828735,0.3480401039123535,0.9481765031814575,0.8547892570495605,0.37300026416778564,0.4799214272069959,18.07007969945984,16.720209414781166,3.740278720855713,4.527586936950684,,,,,,,,,,,,,,,,,,,,,,
reembed,sdedit,dwtdct,211000000000,add_object,3,background,make the background a desert,1.0,32.0,2.3283064365386963e-10,True,26.0,True,,,0.3086029887199402,0.3202371895313263,-0.011634200811386108,0.022851664572954178,0.9620736241340637,0.8493669033050537,0.3748878240585327,0.421140661993713,17.439279468377038,15.494218601213172,3.725371837615967,4.527586936950684,,,,,,,,,,,,,,,,,,,,,,
reembed,sdedit,dwtdct,211000000000,add_object,4,style,make it anime style,1.0,32.0,2.3283064365386963e-10,True,26.0,True,,,0.3105292022228241,0.29540443420410156,0.015124768018722534,0.0012299269437789917,0.9592124223709106,0.8356695771217346,0.357450008392334,0.37148870353700025,16.285339156713455,14.46618540933921,3.7505083084106445,4.527586936950684,,,,,,,,,,,,,,,,,,,,,,
reembed,sdedit,dwtdct,311000000000,delete_object,0,none,,0.4375,14.0,0.8114572062622756,False,26.0,False,39.34648708658547,0.9871976539545727,,,,,,,,,,,,,,,,,,,,,,,,,,,,,,,,,,
reembed,sdedit,dwtdct,311000000000,delete_object,1,delete_object,remove of yellow flowers,0.4375,14.0,0.8114572062622756,False,26.0,False,,,0.1918562650680542,0.1943725049495697,-0.002516239881515503,0.004292686469852924,0.8908944129943848,0.7773997783660889,0.24215708673000336,0.7873862784075795,20.564546068910374,20.553380360290475,3.6878292560577393,4.527586936950684,23.646469120362905,0.17410945892333984,,,,,,,,,,,,,,,,,,,,
reembed,sdedit,dwtdct,311000000000,delete_object,2,global_attribute,change the season to winter,0.4375,14.0,0.8114572062622756,False,26.0,False,,,0.2256157398223877,0.1807384192943573,0.044877320528030396,0.07470636814832687,0.8942616581916809,0.8003897666931152,0.2771415114402771,0.7573153123810764,19.21106146296093,18.293427856152917,3.7099077701568604,4.527586936950684,,,,,,,,,,,,,,,,,,,,,,
reembed,sdedit,dwtdct,311000000000,delete_object,3,background,replace the background with a beach,0.4375,14.0,0.8114572062622756,False,26.0,False,,,0.25132185220718384,0.20834672451019287,0.04297512769699097,0.07965417206287384,0.950487494468689,0.8556971549987793,0.2641507685184479,0.726930886815602,18.96991433030197,17.307194793112863,3.719661235809326,4.527586936950684,,,,,,,,,,,,,,,,,,,,,,
reembed,sdedit,dwtdct,311000000000,delete_object,4,style,make it look cinematic,0.4375,14.0,0.8114572062622756,False,26.0,False,,,0.2796238362789154,0.27271097898483276,0.006912857294082642,0.049280211329460144,0.9469115734100342,0.8500933051109314,0.30919209122657776,0.6717875487970234,19.278109500931603,16.482138289255282,3.7213354110717773,4.527586936950684,,,,,,,,,,,,,,,,,,,,,,
reembed,sdedit,dwtdct,411000000000,change_content,0,none,,1.0,32.0,2.3283064365386963e-10,True,26.0,True,38.17179160217899,0.9884851387526289,,,,,,,,,,,,,,,,,,,,,,,,,,,,,,,,,,
reembed,sdedit,dwtdct,411000000000,change_content,1,change_content,change the big to small and make it big,1.0,32.0,2.3283064365386963e-10,True,26.0,True,,,0.31295961141586304,0.31362801790237427,-0.0006684064865112305,-0.02897384762763977,0.9060231447219849,0.9009968638420105,0.22234930098056793,0.7027785970942476,16.506851813232906,16.511484601871217,3.672945499420166,4.527586936950684,,,,,,,,,,,,,,,,,,,,,,
reembed,sdedit,dwtdct,411000000000,change_content,2,global_attribute,make it nighttime,1.0,32.0,2.3283064365386963e-10,True,26.0,True,,,0.30229640007019043,0.29597336053848267,0.006323039531707764,-0.009956726804375648,0.9224866032600403,0.8489377498626709,0.30814802646636963,0.6439313987568146,16.279079310855554,14.689847231256046,3.641818046569824,4.527586936950684,,,,,,,,,,,,,,,,,,,,,,
reembed,sdedit,dwtdct,411000000000,change_content,3,background,replace the background with a beach,1.0,32.0,2.3283064365386963e-10,True,26.0,True,,,0.3125692307949066,0.29073333740234375,0.021835893392562866,0.08769644796848297,0.9076133966445923,0.8980894088745117,0.29407256841659546,0.6240746428935192,16.645152544975875,14.150872104360708,3.641864061355591,4.527586936950684,,,,,,,,,,,,,,,,,,,,,,
reembed,sdedit,dwtdct,411000000000,change_content,4,style,turn it into a watercolor painting,1.0,32.0,2.3283064365386963e-10,True,26.0,True,,,0.30703920125961304,0.2965332865715027,0.010505914688110352,0.12436490505933762,0.9157223701477051,0.8955637216567993,0.32526347041130066,0.5863735571948512,16.00220702812065,13.254940039859164,3.63722562789917,4.527586936950684,,,,,,,,,,,,,,,,,,,,,,
reembed,sdedit,dwtdct,511000000000,change_pose,0,none,,1.0,32.0,2.3283064365386963e-10,True,26.0,True,38.66740923667961,0.9920395373667524,,,,,,,,,,,,,,,,,,,,,,,,,,,,,,,,,,
reembed,sdedit,dwtdct,511000000000,change_pose,1,change_pose,change the laying down on to with tail down and make it jumping,1.0,32.0,2.3283064365386963e-10,True,26.0,True,,,0.2931933104991913,0.26281091570854187,0.030382394790649414,0.10398897528648376,0.8487129211425781,0.7586829662322998,0.08170586824417114,0.9509753451749146,24.19876705559423,24.304729942926496,3.588737964630127,4.527586936950684,30.326078405941352,0.06537459790706635,,,,,,,,,,,,,,,,,,,,
reembed,sdedit,dwtdct,511000000000,change_pose,2,global_attribute,make it nighttime,1.0,32.0,2.3283064365386963e-10,True,26.0,True,,,0.2670886516571045,0.2831658720970154,-0.01607722043991089,-0.014668269082903862,0.8832830190658569,0.802609920501709,0.3659486174583435,0.917587573606346,22.847015803075102,21.00874650005862,3.6175038814544678,4.527586936950684,,,,,,,,,,,,,,,,,,,,,,
reembed,sdedit,dwtdct,511000000000,change_pose,3,background,make the background a city street,1.0,32.0,2.3283064365386963e-10,True,26.0,True,,,0.2534090280532837,0.24501650035381317,0.00839252769947052,-0.007216666825115681,0.8710463047027588,0.8557682037353516,0.3289951682090759,0.9006472867963994,23.034845866746473,20.242403694925923,3.6187949180603027,4.527586936950684,,,,,,,,,,,,,,,,,,,,,,
reembed,sdedit,dwtdct,511000000000,change_pose,4,style,convert it to an oil painting,1.0,32.0,2.3283064365386963e-10,True,26.0,True,,,0.20633864402770996,0.21044787764549255,-0.004109233617782593,0.09294252097606659,0.8516738414764404,0.8254959583282471,0.20935823023319244,0.8729231631489581,22.665967465132418,19.052358908284607,3.620483636856079,4.527586936950684,,,,,,,,,,,,,,,,,,,,,,
reembed,sdedit,dwtdct,611000000000,change_color,0,none,,1.0,32.0,2.3283064365386963e-10,True,26.0,True,38.902713724863794,0.9788001327826058,,,,,,,,,,,,,,,,,,,,,,,,,,,,,,,,,,
reembed,sdedit,dwtdct,611000000000,change_color,1,change_color,change the black to white and change the red to green,1.0,32.0,2.3283064365386963e-10,True,26.0,True,,,0.21936357021331787,0.203995019197464,0.015368551015853882,-0.06393706798553467,0.8918105959892273,0.7592905163764954,0.4073781967163086,0.5491541697509122,20.21564267137794,20.22124177477142,3.6272830963134766,4.527586936950684,,,,,,,,,,,,,,,,,,,,,,
reembed,sdedit,dwtdct,611000000000,change_color,2,global_attribute,change the season to winter,1.0,32.0,2.3283064365386963e-10,True,26.0,True,,,0.2400292605161667,0.2115713506937027,0.02845790982246399,0.06961123645305634,0.9587986469268799,0.8311799764633179,0.3625833988189697,0.47430155383764366,20.36824490004827,19.143640785645772,3.644609212875366,4.527586936950684,,,,,,,,,,,,,,,,,,,,,,
reembed,sdedit,dwtdct,611000000000,change_color,3,background,make the background a desert,1.0,32.0,2.3283064365386963e-10,True,26.0,True,,,0.22078654170036316,0.23296259343624115,-0.01217605173587799,0.044373661279678345,0.9529231786727905,0.8046626448631287,0.3649897575378418,0.433428499788622,20.294114590573148,18.451097927147362,3.636789321899414,4.527586936950684,,,,,,,,,,,,,,,,,,,,,,
reembed,sdedit,dwtdct,611000000000,change_color,4,style,convert it to an oil painting,1.0,32.0,2.3283064365386963e-10,True,26.0,True,,,0.2208583503961563,0.2164176106452942,0.004440739750862122,0.04929358884692192,0.9172566533088684,0.836355447769165,0.38638952374458313,0.3901761260509799,19.05510235189448,17.13906097362061,3.6329452991485596,4.527586936950684,,,,,,,,,,,,,,,,,,,,,,
reembed,sdedit,dwtdct,711000000000,change_material,0,none,,0.53125,17.0,0.4300250329542905,False,26.0,False,43.689934462385274,0.9942413188682536,,,,,,,,,,,,,,,,,,,,,,,,,,,,,,,,,,
reembed,sdedit,dwtdct,711000000000,change_material,1,change_material,make it knitted and make it toy,0.53125,17.0,0.4300250329542905,False,26.0,False,,,0.30569541454315186,0.20970460772514343,0.09599080681800842,0.16524475812911987,0.786558985710144,0.6788898706436157,0.2830480933189392,0.7238692878507322,18.092382865741236,18.0737765685277,3.5962538719177246,4.527586936950684,29.429180744921478,0.11480306088924408,,,,,,,,,,,,,,,,,,,,
reembed,sdedit,dwtdct,711000000000,change_material,2,global_attribute,change the season to winter,0.53125,17.0,0.4300250329542905,False,26.0,False,,,0.2689177989959717,0.2864118218421936,-0.017494022846221924,0.10619299113750458,0.8912322521209717,0.8915443420410156,0.2895142734050751,0.7371590865027233,19.034764633309045,16.906076026460802,3.626398801803589,4.527586936950684,,,,,,,,,,,,,,,,,,,,,,
reembed,sdedit,dwtdct,711000000000,change_material,3,background,make the background a desert,0.53125,17.0,0.4300250329542905,False,26.0,False,,,0.31735891103744507,0.2607613801956177,0.05659753084182739,0.01825392246246338,0.8845107555389404,0.8284788727760315,0.43643003702163696,0.6386439899211509,19.210743830752218,16.0534786611469,3.6428062915802,4.527586936950684,,,,,,,,,,,,,,,,,,,,,,
reembed,sdedit,dwtdct,711000000000,change_material,4,style,convert it to an oil painting,0.53125,17.0,0.4300250329542905,False,26.0,False,,,0.35478490591049194,0.32598280906677246,0.028802096843719482,0.02358385920524597,0.9321534037590027,0.8365947008132935,0.3755307197570801,0.5228764818415659,18.676555678453656,14.949508085401227,3.6387500762939453,4.527586936950684,,,,,,,,,,,,,,,,,,,,,,
reembed,sdedit,dwtdct,811000000000,change_background,0,none,,0.53125,17.0,0.4300250329542905,False,26.0,False,43.55890142215483,0.9932369026354442,,,,,,,,,,,,,,,,,,,,,,,,,,,,,,,,,,
reembed,sdedit,dwtdct,811000000000,change_background,1,change_background,change the white background to forest,0.53125,17.0,0.4300250329542905,False,26.0,False,,,0.2179957777261734,0.20424869656562805,0.013747081160545349,-0.015793275088071823,0.7249988317489624,0.7340622544288635,0.27796676754951477,0.7887616588415903,20.32311055662727,20.331603232493357,3.597506046295166,4.527586936950684,16.520087787759113,0.45737770199775696,,,,,,,,,,,,,,,,,,,,
reembed,sdedit,dwtdct,811000000000,change_background,2,global_attribute,make it nighttime,0.53125,17.0,0.4300250329542905,False,26.0,False,,,0.2081460952758789,0.215101957321167,-0.006955862045288086,-0.025632210075855255,0.8650606870651245,0.702312707901001,0.4317491054534912,0.7822192182938951,18.732438197597837,17.665487664951304,3.621610164642334,4.527586936950684,,,,,,,,,,,,,,,,,,,,,,
reembed,sdedit,dwtdct,811000000000,change_background,3,background,replace the background with a beach,0.53125,17.0,0.4300250329542905,False,26.0,False,,,0.24929091334342957,0.2047857642173767,0.044505149126052856,0.013273251242935658,0.9146171808242798,0.7922532558441162,0.3613957464694977,0.7441063978420343,16.230894139101256,15.607824362456807,3.6399800777435303,4.527586936950684,,,,,,,,,,,,,,,,,,,,,,
reembed,sdedit,dwtdct,811000000000,change_background,4,style,make it anime style,0.53125,17.0,0.4300250329542905,False,26.0,False,,,0.25845932960510254,0.2531125545501709,0.005346775054931641,0.036744922399520874,0.9106459617614746,0.7959800958633423,0.3959217369556427,0.687680636270214,15.061389346047795,15.139611110021292,3.6368491649627686,4.527586936950684,,,,,,,,,,,,,,,,,,,,,,
reembed,sdedit,dwtdct,911000000000,change_style,0,none,,1.0,32.0,2.3283064365386963e-10,True,26.0,True,40.25488393489556,0.9939228369907097,,,,,,,,,,,,,,,,,,,,,,,,,,,,,,,,,,
reembed,sdedit,dwtdct,911000000000,change_style,1,change_style,make it realism style and make it expressionism style,1.0,32.0,2.3283064365386963e-10,True,26.0,True,,,0.31405526399612427,0.28351321816444397,0.030542045831680298,0.191800057888031,0.9307114481925964,0.7759640216827393,0.4211771488189697,0.22419005507250545,14.70872597168622,14.706872910886943,3.641491413116455,4.527586936950684,,,,,,,,,,,,,,,,,,,,,,
reembed,sdedit,dwtdct,911000000000,change_style,2,global_attribute,make it nighttime,1.0,32.0,2.3283064365386963e-10,True,26.0,True,,,0.31886762380599976,0.3065851032733917,0.012282520532608032,0.02370498701930046,0.9589861631393433,0.8806219696998596,0.39733871817588806,0.259201810095059,15.106145258024027,13.239937962144685,3.6423654556274414,4.527586936950684,,,,,,,,,,,,,,,,,,,,,,
reembed,sdedit,dwtdct,911000000000,change_style,3,background,replace the background with a beach,1.0,32.0,2.3283064365386963e-10,True,26.0,True,,,0.31502407789230347,0.2979013919830322,0.01712268590927124,0.012701647356152534,0.9615412950515747,0.8594475984573364,0.37152591347694397,0.2494710618656546,14.955495622057008,12.79451911585827,3.639280080795288,4.527586936950684,,,,,,,,,,,,,,,,,,,,,,
reembed,sdedit,dwtdct,911000000000,change_style,4,style,make it look cinematic,1.0,32.0,2.3283064365386963e-10,True,26.0,True,,,0.3001336455345154,0.29695582389831543,0.003177821636199951,-0.031580422073602676,0.9403061866760254,0.8835495710372925,0.37774527072906494,0.246158844872603,14.875535926805064,12.101595086884364,3.640498161315918,4.527586936950684,,,,,,,,,,,,,,,,,,,,,,
reembed,sdedit,trustmark,111000000000,change_object,0,none,,1.0,100.0,7.888609052210118e-31,True,66.0,True,38.631498612644734,0.9794490155548147,,,,,,,,,,,,,,,,,,,,,,,,,,,,,,,,,,
reembed,sdedit,trustmark,111000000000,change_object,1,change_object,change the fishes to sharks and change the kelp to flowers,1.0,100.0,7.888609052210118e-31,True,66.0,True,,,0.20156905055046082,0.19849787652492523,0.0030711740255355835,-0.030801432207226753,0.9599176049232483,0.8423803448677063,0.39087241888046265,0.28174909980698626,13.023344136370325,12.992310255597172,3.354173183441162,4.527586936950684,,,,,,,,,,,,,,,,,,,,,,
reembed,sdedit,trustmark,111000000000,change_object,2,global_attribute,make it nighttime,1.0,100.0,7.888609052210118e-31,True,66.0,True,,,0.21863970160484314,0.20441877841949463,0.01422092318534851,-0.017972677946090698,0.962814211845398,0.8979989290237427,0.4135987162590027,0.2751127925612176,12.796003113893073,12.18230162185324,3.3501691818237305,4.527586936950684,,,,,,,,,,,,,,,,,,,,,,
reembed,sdedit,trustmark,111000000000,change_object,3,background,make the background a desert,1.0,100.0,7.888609052210118e-31,True,66.0,True,,,0.233793243765831,0.20829612016677856,0.02549712359905243,0.0324975922703743,0.9610663056373596,0.879947304725647,0.37886369228363037,0.2680352801563444,12.616865198805252,10.841133994473143,3.352506160736084,4.527586936950684,,,,,,,,,,,,,,,,,,,,,,
reembed,sdedit,trustmark,111000000000,change_object,4,style,turn it into a watercolor painting,1.0,100.0,7.888609052210118e-31,True,66.0,True,,,0.26074039936065674,0.22878482937812805,0.031955569982528687,0.11271826177835464,0.9695278406143188,0.9291863441467285,0.36214184761047363,0.27584823675451603,12.09470762653089,10.453418392392134,3.3503832817077637,4.527586936950684,,,,,,,,,,,,,,,,,,,,,,
reembed,sdedit,trustmark,111000000001,change_object,0,none,,1.0,100.0,7.888609052210118e-31,True,66.0,True,43.146674016614554,0.9948480500215128,,,,,,,,,,,,,,,,,,,,,,,,,,,,,,,,,,
reembed,sdedit,trustmark,111000000001,change_object,1,change_object,change the cat to tiger and change the hat to scarf,1.0,100.0,7.888609052210118e-31,True,66.0,True,,,0.30571287870407104,0.22662192583084106,0.07909095287322998,0.2450886368751526,0.899359941482544,0.6139986515045166,0.40783315896987915,0.5816733635400243,17.833885603250376,17.790736459710025,3.350402593612671,4.527586936950684,,,,,,,,,,,,,,,,,,,,,,
reembed,sdedit,trustmark,111000000001,change_object,2,global_attribute,make it rainy,1.0,100.0,7.888609052210118e-31,True,66.0,True,,,0.31915298104286194,0.28856945037841797,0.03058353066444397,0.27877360582351685,0.925513505935669,0.7808079719543457,0.4486328661441803,0.5056033273963738,16.656475799545277,15.314396843579237,3.3504040241241455,4.527586936950684,,,,,,,,,,,,,,,,,,,,,,
reembed,sdedit,trustmark,111000000001,change_object,3,background,make the background a desert,1.0,100.0,7.888609052210118e-31,True,66.0,True,,,0.306663453578949,0.30939263105392456,-0.002729177474975586,-0.05682416260242462,0.9434652924537659,0.9285317659378052,0.3486883342266083,0.46848837855221404,15.684187621803167,13.817958247646695,3.3540687561035156,4.527586936950684,,,,,,,,,,,,,,,,,,,,,,
reembed,sdedit,trustmark,111000000001,change_object,4,style,make it look cinematic,1.0,100.0,7.888609052210118e-31,True,66.0,True,,,0.31768715381622314,0.2892760634422302,0.02841109037399292,0.06755657494068146,0.9520587921142578,0.9295189380645752,0.3437437415122986,0.44204972033188916,15.279458768592725,12.908855369227965,3.352064609527588,4.527586936950684,,,,,,,,,,,,,,,,,,,,,,
reembed,sdedit,trustmark,211000000000,add_object,0,none,,1.0,100.0,7.888609052210118e-31,True,66.0,True,42.30235212491837,0.9915421004737185,,,,,,,,,,,,,,,,,,,,,,,,,,,,,,,,,,
reembed,sdedit,trustmark,211000000000,add_object,1,add_object,add and scarf and add with flowers in mouth,1.0,100.0,7.888609052210118e-31,True,66.0,True,,,0.303160160779953,0.25488758087158203,0.04827257990837097,0.2108801305294037,0.9142909646034241,0.8452118635177612,0.3872626721858978,0.514320224562811,18.088932914727508,18.05147135314678,3.350956678390503,4.527586936950684,,,,,,,,,,,,,,,,,,,,,,
reembed,sdedit,trustmark,211000000000,add_object,2,global_attribute,make it rainy,1.0,100.0,7.888609052210118e-31,True,66.0,True,,,0.32065945863723755,0.2845415472984314,0.03611791133880615,0.3009791374206543,0.9509247541427612,0.8838804960250854,0.35927340388298035,0.4820883606599539,18.116553850689282,16.66591233452286,3.35044527053833,4.527586936950684,,,,,,,,,,,,,,,,,,,,,,
reembed,sdedit,trustmark,211000000000,add_object,3,background,make the background a desert,1.0,100.0,7.888609052210118e-31,True,66.0,True,,,0.3311627209186554,0.3200531005859375,0.011109620332717896,0.02910095825791359,0.9487345218658447,0.4673388600349426,0.38551151752471924,0.422928139248351,17.07797769120821,15.234428221061512,3.358051300048828,4.527586936950684,,,,,,,,,,,,,,,,,,,,,,
reembed,sdedit,trustmark,211000000000,add_object,4,style,make it anime style,1.0,100.0,7.888609052210118e-31,True,66.0,True,,,0.3173006772994995,0.3123812675476074,0.00491940975189209,0.03696436434984207,0.9585785269737244,0.8434066772460938,0.35551029443740845,0.386512335275192,16.423041451399282,14.50740786507249,3.356050968170166,4.527586936950684,,,,,,,,,,,,,,,,,,,,,,
reembed,sdedit,trustmark,311000000000,delete_object,0,none,,1.0,100.0,7.888609052210118e-31,True,66.0,True,43.410873046272926,0.9934109017052851,,,,,,,,,,,,,,,,,,,,,,,,,,,,,,,,,,
reembed,sdedit,trustmark,311000000000,delete_object,1,delete_object,remove of yellow flowers,1.0,100.0,7.888609052210118e-31,True,66.0,True,,,0.1963556855916977,0.19013912975788116,0.006216555833816528,0.10489097237586975,0.9169061183929443,0.8068555593490601,0.2253403514623642,0.8019276678105557,20.653340655648744,20.597567200137515,3.3825130462646484,4.527586936950684,23.743109090959543,0.16653476655483246,,,,,,,,,,,,,,,,,,,,
reembed,sdedit,trustmark,311000000000,delete_object,2,global_attribute,change the season to winter,1.0,100.0,7.888609052210118e-31,True,66.0,True,,,0.2300669550895691,0.18821237981319427,0.04185457527637482,0.08664917945861816,0.9356901049613953,0.8328986763954163,0.23388782143592834,0.7853720937520517,18.535025243064432,17.517190703625413,3.378417491912842,4.527586936950684,,,,,,,,,,,,,,,,,,,,,,
reembed,sdedit,trustmark,311000000000,delete_object,3,background,replace the background with a beach,1.0,100.0,7.888609052210118e-31,True,66.0,True,,,0.252935528755188,0.2130555808544159,0.039879947900772095,0.05805115029215813,0.9461607933044434,0.8691892027854919,0.27139079570770264,0.7631890401302321,18.35024203807821,16.964561628982967,3.363215923309326,4.527586936950684,,,,,,,,,,,,,,,,,,,,,,
reembed,sdedit,trustmark,311000000000,delete_object,4,style,make it look cinematic,1.0,100.0,7.888609052210118e-31,True,66.0,True,,,0.25948768854141235,0.26752129197120667,-0.008033603429794312,0.07755818963050842,0.9206641912460327,0.8691235184669495,0.30449432134628296,0.7113042656704716,19.023302500319524,16.137237809876172,3.3562917709350586,4.527586936950684,,,,,,,,,,,,,,,,,,,,,,
reembed,sdedit,trustmark,411000000000,change_content,0,none,,1.0,100.0,7.888609052210118e-31,True,66.0,True,40.39757340480904,0.9903162660534416,,,,,,,,,,,,,,,,,,,,,,,,,,,,,,,,,,
reembed,sdedit,trustmark,411000000000,change_content,1,change_content,change the big to small and make it big,1.0,100.0,7.888609052210118e-31,True,66.0,True,,,0.326511025428772,0.3094693422317505,0.017041683197021484,0.01608237996697426,0.8919655680656433,0.8935480117797852,0.22185973823070526,0.7051918348101478,16.62793713230833,16.53799294982558,3.3489367961883545,4.527586936950684,,,,,,,,,,,,,,,,,,,,,,
reembed,sdedit,trustmark,411000000000,change_content,2,global_attribute,make it nighttime,1.0,100.0,7.888609052210118e-31,True,66.0,True,,,0.3003327250480652,0.3067024350166321,-0.0063697099685668945,-0.011082792654633522,0.8835479021072388,0.8554369211196899,0.30783432722091675,0.6235780722026365,16.62794545409362,14.793608657641864,3.3496546745300293,4.527586936950684,,,,,,,,,,,,,,,,,,,,,,
reembed,sdedit,trustmark,411000000000,change_content,3,background,replace the background with a beach,1.0,100.0,7.888609052210118e-31,True,66.0,True,,,0.3215492069721222,0.28450194001197815,0.03704726696014404,0.10688944905996323,0.9106109142303467,0.8816922307014465,0.3127768039703369,0.5902597322494838,16.704221318809246,14.181988492822821,3.357443332672119,4.527586936950684,,,,,,,,,,,,,,,,,,,,,,
reembed,sdedit,trustmark,411000000000,change_content,4,style,turn it into a watercolor painting,1.0,100.0,7.888609052210118e-31,True,66.0,True,,,0.29888707399368286,0.30981072783470154,-0.010923653841018677,0.06904954463243484,0.8680955171585083,0.8525916337966919,0.3287307918071747,0.5848995543000693,15.937870498444804,13.174412780671803,3.360727548599243,4.527586936950684,,,,,,,,,,,,,,,,,,,,,,
reembed,sdedit,trustmark,511000000000,change_pose,0,none,,1.0,100.0,7.888609052210118e-31,True,66.0,True,47.274036827476,0.9971012438864868,,,,,,,,,,,,,,,,,,,,,,,,,,,,,,,,,,
reembed,sdedit,trustmark,511000000000,change_pose,1,change_pose,change the laying down on to with tail down and make it jumping,1.0,100.0,7.888609052210118e-31,True,66.0,True,,,0.27951639890670776,0.25894033908843994,0.020576059818267822,0.06623411178588867,0.894367516040802,0.8190286755561829,0.08061909675598145,0.9459807268160865,24.11100976104615,24.010593320306167,3.3513875007629395,4.527586936950684,30.612194585414315,0.06478475034236908,,,,,,,,,,,,,,,,,,,,
reembed,sdedit,trustmark,511000000000,change_pose,2,global_attribute,make it nighttime,1.0,100.0,7.888609052210118e-31,True,66.0,True,,,0.26272350549697876,0.27291908860206604,-0.01019558310508728,0.005671670660376549,0.9025380611419678,0.8928712606430054,0.09580675512552261,0.934692295748849,23.241153939717925,21.19592492212199,3.3503706455230713,4.527586936950684,,,,,,,,,,,,,,,,,,,,,,
reembed,sdedit,trustmark,511000000000,change_pose,3,background,make the background a city street,1.0,100.0,7.888609052210118e-31,True,66.0,True,,,0.20765413343906403,0.24199575185775757,-0.03434161841869354,0.034938376396894455,0.8797488212585449,0.8679010272026062,0.1422395557165146,0.9243384506255717,23.8776364483724,20.372807743337464,3.3516294956207275,4.527586936950684,,,,,,,,,,,,,,,,,,,,,,
reembed,sdedit,trustmark,511000000000,change_pose,4,style,convert it to an oil painting,1.0,100.0,7.888609052210118e-31,True,66.0,True,,,0.23025283217430115,0.16372758150100708,0.06652525067329407,0.10430160164833069,0.8136016726493835,0.7751324772834778,0.25354042649269104,0.8789477927876641,23.292940404901916,18.943366318048692,3.349984645843506,4.527586936950684,,,,,,,,,,,,,,,,,,,,,,
reembed,sdedit,trustmark,611000000000,change_color,0,none,,1.0,100.0,7.888609052210118e-31,True,66.0,True,43.6886415992153,0.9854123707139631,,,,,,,,,,,,,,,,,,,,,,,,,,,,,,,,,,
reembed,sdedit,trustmark,611000000000,change_color,1,change_color,change the black to white and change the red to green,0.99,99.0,7.967495142732219e-29,True,66.0,False,,,0.237173393368721,0.2106473743915558,0.026526018977165222,-0.05963215231895447,0.8948781490325928,0.7816377878189087,0.39195573329925537,0.5613690016008192,20.115468045451145,20.083688191993755,3.3497660160064697,4.527586936950684,,,,,,,,,,,,,,,,,,,,,,
reembed,sdedit,trustmark,611000000000,change_color,2,global_attribute,change the season to winter,0.99,99.0,7.967495142732219e-29,True,66.0,False,,,0.22748439013957977,0.2291031777858734,-0.0016187876462936401,0.04597965627908707,0.9382596015930176,0.7578508257865906,0.35098686814308167,0.4813121809458691,19.28855486448927,18.408715633480078,3.3506996631622314,4.527586936950684,,,,,,,,,,,,,,,,,,,,,,
reembed,sdedit,trustmark,611000000000,change_color,3,background,make the background a desert,0.99,99.0,7.967495142732219e-29,True,66.0,False,,,0.22103263437747955,0.22069571912288666,0.0003369152545928955,-0.008736900985240936,0.9638406038284302,0.7744112610816956,0.3644680082798004,0.43984132057309094,18.90702538344417,18.24244799617954,3.3520658016204834,4.527586936950684,,,,,,,,,,,,,,,,,,,,,,
reembed,sdedit,trustmark,611000000000,change_color,4,style,convert it to an oil painting,0.99,99.0,7.967495142732219e-29,True,66.0,False,,,0.23869366943836212,0.21210816502571106,0.026585504412651062,0.21720093488693237,0.9331402778625488,0.7840964794158936,0.40543249249458313,0.3783667961282822,18.007263222198034,16.624748476068703,3.348592519760132,4.527586936950684,,,,,,,,,,,,,,,,,,,,,,
reembed,sdedit,trustmark,711000000000,change_material,0,none,,1.0,100.0,7.888609052210118e-31,True,66.0,True,43.481337360777836,0.9952483255560995,,,,,,,,,,,,,,,,,,,,,,,,,,,,,,,,,,
reembed,sdedit,trustmark,711000000000,change_material,1,change_material,make it knitted and make it toy,1.0,100.0,7.888609052210118e-31,True,66.0,True,,,0.29560333490371704,0.21626868844032288,0.07933464646339417,0.15831252932548523,0.756488561630249,0.5863971710205078,0.2837422788143158,0.7298417309299868,18.203366499094226,18.150981238171454,3.355180025100708,4.527586936950684,28.823705535825464,0.11542484909296036,,,,,,,,,,,,,,,,,,,,
reembed,sdedit,trustmark,711000000000,change_material,2,global_attribute,change the season to winter,1.0,100.0,7.888609052210118e-31,True,66.0,True,,,0.30518609285354614,0.2744237780570984,0.030762314796447754,0.1506178379058838,0.9046074151992798,0.8384026885032654,0.26508796215057373,0.7557858496597326,19.126573330579657,16.709844107915043,3.3494999408721924,4.527586936950684,,,,,,,,,,,,,,,,,,,,,,
reembed,sdedit,trustmark,711000000000,change_material,3,background,make the background a desert,1.0,100.0,7.888609052210118e-31,True,66.0,True,,,0.30076825618743896,0.2966039180755615,0.004164338111877441,-0.008943984284996986,0.8962334394454956,0.8459858894348145,0.313487708568573,0.6946760741741077,19.815086292370502,16.051419101000228,3.348844289779663,4.527586936950684,,,,,,,,,,,,,,,,,,,,,,
reembed,sdedit,trustmark,711000000000,change_material,4,style,convert it to an oil painting,1.0,100.0,7.888609052210118e-31,True,66.0,True,,,0.3262530565261841,0.2994479238986969,0.026805132627487183,0.09857350587844849,0.9219756126403809,0.9073859453201294,0.3066878914833069,0.5832829601283209,19.693243976386565,15.397334716314548,3.348564624786377,4.527586936950684,,,,,,,,,,,,,,,,,,,,,,
reembed,sdedit,trustmark,811000000000,change_background,0,none,,1.0,100.0,7.888609052210118e-31,True,66.0,True,44.57531009636835,0.9951454356403161,,,,,,,,,,,,,,,,,,,,,,,,,,,,,,,,,,
reembed,sdedit,trustmark,811000000000,change_background,1,change_background,change the white background to forest,1.0,100.0,7.888609052210118e-31,True,66.0,True,,,0.24999551475048065,0.18749558925628662,0.06249992549419403,0.051505621522665024,0.7292531132698059,0.6336325407028198,0.34718120098114014,0.7867580095503787,19.90695468184262,19.85158902597092,3.3494009971618652,4.527586936950684,16.07749169027563,0.4862034320831299,,,,,,,,,,,,,,,,,,,,
reembed,sdedit,trustmark,811000000000,change_background,2,global_attribute,make it nighttime,1.0,100.0,7.888609052210118e-31,True,66.0,True,,,0.20884853601455688,0.24529048800468445,-0.036441951990127563,-0.010408952832221985,0.8586942553520203,0.8075964450836182,0.38630959391593933,0.7719523775476187,18.289991010207537,17.380394286639063,3.349250555038452,4.527586936950684,,,,,,,,,,,,,,,,,,,,,,
reembed,sdedit,trustmark,811000000000,change_background,3,background,replace the background with a beach,1.0,100.0,7.888609052210118e-31,True,66.0,True,,,0.27074646949768066,0.20382168889045715,0.06692478060722351,-0.008262471295893192,0.873936653137207,0.9140018820762634,0.3993440270423889,0.6972123170965762,15.530716231895456,15.311211097259534,3.354713201522827,4.527586936950684,,,,,,,,,,,,,,,,,,,,,,
reembed,sdedit,trustmark,811000000000,change_background,4,style,make it anime style,1.0,100.0,7.888609052210118e-31,True,66.0,True,,,0.277681827545166,0.262877881526947,0.014803946018218994,0.13493379950523376,0.8878089189529419,0.8651041984558105,0.3646056056022644,0.6657909933495282,14.274520677815062,14.58585831614088,3.3501617908477783,4.527586936950684,,,,,,,,,,,,,,,,,,,,,,
reembed,sdedit,trustmark,911000000000,change_style,0,none,,0.98,98.0,3.9845364322713306e-27,True,66.0,False,38.597981427639404,0.990085492902628,,,,,,,,,,,,,,,,,,,,,,,,,,,,,,,,,,
reembed,sdedit,trustmark,911000000000,change_style,1,change_style,make it realism style and make it expressionism style,0.98,98.0,3.9845364322713306e-27,True,66.0,False,,,0.31562650203704834,0.2859901189804077,0.029636383056640625,0.1707185059785843,0.9361136555671692,0.796168327331543,0.4193834662437439,0.22865042954831805,14.827444553629103,14.7949705131746,3.356513500213623,4.527586936950684,,,,,,,,,,,,,,,,,,,,,,
reembed,sdedit,trustmark,911000000000,change_style,2,global_attribute,make it nighttime,0.98,98.0,3.9845364322713306e-27,True,66.0,False,,,0.31807440519332886,0.30715182423591614,0.01092258095741272,0.06274774670600891,0.9641429781913757,0.8701125979423523,0.39585059881210327,0.2690832703019904,15.342797865257417,13.350645987877208,3.349353551864624,4.527586936950684,,,,,,,,,,,,,,,,,,,,,,
reembed,sdedit,trustmark,911000000000,change_style,3,background,replace the background with a beach,0.98,98.0,3.9845364322713306e-27,True,66.0,False,,,0.3133178949356079,0.29992738366127014,0.013390511274337769,0.013983717188239098,0.9645163416862488,0.8642377853393555,0.37038654088974,0.2571774372192815,15.094207515761301,12.856672277450532,3.3500478267669678,4.527586936950684,,,,,,,,,,,,,,,,,,,,,,
reembed,sdedit,trustmark,911000000000,change_style,4,style,make it look cinematic,0.98,98.0,3.9845364322713306e-27,True,66.0,False,,,0.31099769473075867,0.3017658591270447,0.00923183560371399,-0.01370924524962902,0.9585039615631104,0.852552592754364,0.38450416922569275,0.2590363505908217,15.021854235320246,12.200539054837572,3.349677562713623,4.527586936950684,,,,,,,,,,,,,,,,,,,,,,
reembed,sdedit,wam,111000000000,change_object,0,none,,1.0,32.0,2.3283064365386963e-10,True,26.0,True,37.40846966059051,0.9837146181403482,,,,,,,,,,,,,,,,,,,,,,,,,,,,,,,,,,0.999114990234375
reembed,sdedit,wam,111000000000,change_object,1,change_object,change the fishes to sharks and change the kelp to flowers,1.0,32.0,2.3283064365386963e-10,True,26.0,True,,,0.2096320241689682,0.20065630972385406,0.008975714445114136,-0.03317885845899582,0.9585495591163635,0.8479322195053101,0.39574289321899414,0.27414177499607645,12.925338868424273,12.911715096085882,3.3531014919281006,4.527586936950684,,,,,,,,,,,,,,,,,,,,,,1.0
reembed,sdedit,wam,111000000000,change_object,2,global_attribute,make it nighttime,1.0,32.0,2.3283064365386963e-10,True,26.0,True,,,0.21310561895370483,0.21324670314788818,-0.0001410841941833496,-0.0375187024474144,0.952031135559082,0.9050045609474182,0.3943563997745514,0.27120767028893844,12.906346537450988,12.22628068199631,3.34934401512146,4.527586936950684,,,,,,,,,,,,,,,,,,,,,,1.0
reembed,sdedit,wam,111000000000,change_object,3,background,make the background a desert,1.0,32.0,2.3283064365386963e-10,True,26.0,True,,,0.23223569989204407,0.20309336483478546,0.029142335057258606,0.04123431444168091,0.957566499710083,0.8810232877731323,0.3656361699104309,0.27597504435742964,13.030756408838805,11.040738155601773,3.350099563598633,4.527586936950684,,,,,,,,,,,,,,,,,,,,,,1.0
reembed,sdedit,wam,111000000000,change_object,4,style,turn it into a watercolor painting,1.0,32.0,2.3283064365386963e-10,True,26.0,True,,,0.2707758843898773,0.2308625876903534,0.039913296699523926,0.0858747586607933,0.9411307573318481,0.8893291354179382,0.4169526994228363,0.24875275421476736,12.515632072602546,10.599521396738627,3.3496644496917725,4.527586936950684,,,,,,,,,,,,,,,,,,,,,,1.0
reembed,sdedit,wam,111000000001,change_object,0,none,,1.0,32.0,2.3283064365386963e-10,True,26.0,True,39.665853668378055,0.9891270871343876,,,,,,,,,,,,,,,,,,,,,,,,,,,,,,,,,,1.0
reembed,sdedit,wam,111000000001,change_object,1,change_object,change the cat to tiger and change the hat to scarf,1.0,32.0,2.3283064365386963e-10,True,26.0,True,,,0.29385679960250854,0.20936477184295654,0.084492027759552,0.25607073307037354,0.8930963277816772,0.6870474815368652,0.41144824028015137,0.58115271634556,17.925192397391903,17.936339568174688,3.370426654815674,4.527586936950684,,,,,,,,,,,,,,,,,,,,,,1.0
reembed,sdedit,wam,111000000001,change_object,2,global_attribute,make it rainy,1.0,32.0,2.3283064365386963e-10,True,26.0,True,,,0.2917402982711792,0.2766192555427551,0.015121042728424072,0.21787822246551514,0.9325807094573975,0.7868188619613647,0.4438418745994568,0.5328962136815284,16.95004990528929,15.57383950384114,3.3780739307403564,4.527586936950684,,,,,,,,,,,,,,,,,,,,,,1.0
reembed,sdedit,wam,111000000001,change_object,3,background,make the background a desert,1.0,32.0,2.3283064365386963e-10,True,26.0,True,,,0.2940850257873535,0.2835386097431183,0.01054641604423523,-0.06072819605469704,0.9591085910797119,0.9069586992263794,0.3909437656402588,0.47891942821870576,15.678457009889462,13.894328564119531,3.3701305389404297,4.527586936950684,,,,,,,,,,,,,,,,,,,,,,1.0
reembed,sdedit,wam,111000000001,change_object,4,style,make it look cinematic,1.0,32.0,2.3283064365386963e-10,True,26.0,True,,,0.3383731245994568,0.2948673665523529,0.04350575804710388,-0.045315880328416824,0.9249522686004639,0.9273067712783813,0.36644047498703003,0.4507987450894455,15.308103100440949,12.97160369177826,3.3715224266052246,4.527586936950684,,,,,,,,,,,,,,,,,,,,,,1.0
reembed,sdedit,wam,211000000000,add_object,0,none,,1.0,32.0,2.3283064365386963e-10,True,26.0,True,38.11271040386504,0.971313697833561,,,,,,,,,,,,,,,,,,,,,,,,,,,,,,,,,,1.0
reembed,sdedit,wam,211000000000,add_object,1,add_object,add and scarf and add with flowers in mouth,1.0,32.0,2.3283064365386963e-10,True,26.0,True,,,0.2875552773475647,0.2524295151233673,0.03512576222419739,0.18173269927501678,0.9399440288543701,0.8228709101676941,0.4074345827102661,0.5027093005300115,17.75651385987578,17.73719543359669,3.3491082191467285,4.527586936950684,,,,,,,,,,,,,,,,,,,,,,1.0
reembed,sdedit,wam,211000000000,add_object,2,global_attribute,make it rainy,1.0,32.0,2.3283064365386963e-10,True,26.0,True,,,0.3171427249908447,0.26978880167007446,0.047353923320770264,0.3541029691696167,0.9545751214027405,0.8927900195121765,0.36279699206352234,0.4903369123118999,18.02019295495294,16.51809681544788,3.349409341812134,4.527586936950684,,,,,,,,,,,,,,,,,,,,,,1.0
reembed,sdedit,wam,211000000000,add_object,3,background,make the background a desert,1.0,32.0,2.3283064365386963e-10,True,26.0,True,,,0.3259851336479187,0.31374186277389526,0.012243270874023438,0.0431908555328846,0.9411327838897705,0.4617849886417389,0.39909711480140686,0.44323185012431293,17.223193333531086,15.454621888895723,3.3501434326171875,4.527586936950684,,,,,,,,,,,,,,,,,,,,,,1.0
reembed,sdedit,wam,211000000000,add_object,4,style,make it anime style,1.0,32.0,2.3283064365386963e-10,True,26.0,True,,,0.31251031160354614,0.3041597008705139,0.008350610733032227,-0.0513983890414238,0.9486207962036133,0.8391382694244385,0.38641107082366943,0.4073219629646198,16.504696580313386,14.600902653737105,3.3504397869110107,4.527586936950684,,,,,,,,,,,,,,,,,,,,,,1.0
reembed,sdedit,wam,311000000000,delete_object,0,none,,1.0,32.0,2.3283064365386963e-10,True,26.0,True,42.44143802554333,0.9908210419368683,,,,,,,,,,,,,,,,,,,,,,,,,,,,,,,,,,1.0
reembed,sdedit,wam,311000000000,delete_object,1,delete_object,remove of yellow flowers,1.0,32.0,2.3283064365386963e-10,True,26.0,True,,,0.20681336522102356,0.19126516580581665,0.01554819941520691,0.09076469391584396,0.8958107233047485,0.8508284091949463,0.22419890761375427,0.7874528518192988,20.91692872831071,20.875192458439933,3.349334955215454,4.527586936950684,23.547158256530665,0.17516764998435974,,,,,,,,,,,,,,,,,,,,1.0
reembed,sdedit,wam,311000000000,delete_object,2,global_attribute,change the season to winter,1.0,32.0,2.3283064365386963e-10,True,26.0,True,,,0.26300397515296936,0.194610595703125,0.06839337944984436,0.21611805260181427,0.9071139097213745,0.7808162569999695,0.2505621612071991,0.7655992411970148,18.966301461051884,17.65446845036732,3.3720850944519043,4.527586936950684,,,,,,,,,,,,,,,,,,,,,,1.0
reembed,sdedit,wam,311000000000,delete_object,3,background,replace the background with a beach,1.0,32.0,2.3283064365386963e-10,True,26.0,True,,,0.26736876368522644,0.2485227733850479,0.018845990300178528,0.08421877771615982,0.9515923261642456,0.8508141040802002,0.2573268711566925,0.7514799831894173,18.54605875243186,16.66932234987319,3.3597099781036377,4.527586936950684,,,,,,,,,,,,,,,,,,,,,,1.0
reembed,sdedit,wam,311000000000,delete_object,4,style,make it look cinematic,1.0,32.0,2.3283064365386963e-10,True,26.0,True,,,0.27279528975486755,0.2910696268081665,-0.01827433705329895,0.003115543629974127,0.9417593479156494,0.8069367408752441,0.3226105272769928,0.6989269152547268,17.998088245987873,15.664517506262676,3.3511157035827637,4.527586936950684,,,,,,,,,,,,,,,,,,,,,,1.0
reembed,sdedit,wam,411000000000,change_content,0,none,,1.0,32.0,2.3283064365386963e-10,True,26.0,True,38.78799659980266,0.9841482721958211,,,,,,,,,,,,,,,,,,,,,,,,,,,,,,,,,,1.0
reembed,sdedit,wam,411000000000,change_content,1,change_content,change the big to small and make it big,1.0,32.0,2.3283064365386963e-10,True,26.0,True,,,0.31881973147392273,0.31056833267211914,0.008251398801803589,0.028053617104887962,0.9218630790710449,0.9116367101669312,0.22988730669021606,0.6833726229949727,16.54292732117436,16.528500922771727,3.350565195083618,4.527586936950684,,,,,,,,,,,,,,,,,,,,,,1.0
reembed,sdedit,wam,411000000000,change_content,2,global_attribute,make it nighttime,1.0,32.0,2.3283064365386963e-10,True,26.0,True,,,0.3031359910964966,0.3041415214538574,-0.0010055303573608398,-0.04659067094326019,0.9330958724021912,0.8615810871124268,0.3055477738380432,0.6219117266399744,16.7286034700476,14.788975082032946,3.350609302520752,4.527586936950684,,,,,,,,,,,,,,,,,,,,,,1.0
reembed,sdedit,wam,411000000000,change_content,3,background,replace the background with a beach,1.0,32.0,2.3283064365386963e-10,True,26.0,True,,,0.30524033308029175,0.2879159450531006,0.017324388027191162,0.019399195909500122,0.9494645595550537,0.9083781242370605,0.31560590863227844,0.6103684102191792,16.712562369193456,14.05420492165107,3.356812000274658,4.527586936950684,,,,,,,,,,,,,,,,,,,,,,1.0
reembed,sdedit,wam,411000000000,change_content,4,style,turn it into a watercolor painting,1.0,32.0,2.3283064365386963e-10,True,26.0,True,,,0.3027968406677246,0.29131844639778137,0.011478394269943237,0.07171479612588882,0.8950698375701904,0.8764948844909668,0.3281024396419525,0.6019590928905876,16.33073049089131,13.365988354240894,3.357527256011963,4.527586936950684,,,,,,,,,,,,,,,,,,,,,,1.0
reembed,sdedit,wam,511000000000,change_pose,0,none,,1.0,32.0,2.3283064365386963e-10,True,26.0,True,42.213464807691075,0.9785141140443526,,,,,,,,,,,,,,,,,,,,,,,,,,,,,,,,,,1.0
reembed,sdedit,wam,511000000000,change_pose,1,change_pose,change the laying down on to with tail down and make it jumping,1.0,32.0,2.3283064365386963e-10,True,26.0,True,,,0.2809616029262543,0.2801777422428131,0.0007838606834411621,0.03639183193445206,0.8299626708030701,0.7947784066200256,0.08483505249023438,0.9324742255478539,23.79343123192813,23.75100729733756,3.357900381088257,4.527586936950684,29.807138497736112,0.07010194659233093,,,,,,,,,,,,,,,,,,,,1.0
reembed,sdedit,wam,511000000000,change_pose,2,global_attribute,make it nighttime,1.0,32.0,2.3283064365386963e-10,True,26.0,True,,,0.2699318826198578,0.2664887011051178,0.0034431815147399902,-0.009831402450799942,0.799800455570221,0.8524485230445862,0.10878193378448486,0.8965591079808092,22.906629886545765,20.586106235668513,3.35101580619812,4.527586936950684,,,,,,,,,,,,,,,,,,,,,,1.0
reembed,sdedit,wam,511000000000,change_pose,3,background,make the background a city street,1.0,32.0,2.3283064365386963e-10,True,26.0,True,,,0.24297192692756653,0.23883365094661713,0.004138275980949402,0.04396981745958328,0.8413386344909668,0.894500732421875,0.26625221967697144,0.7779931491173757,23.758946652718667,20.032886868638332,3.3490567207336426,4.527586936950684,,,,,,,,,,,,,,,,,,,,,,0.9992218017578125
reembed,sdedit,wam,511000000000,change_pose,4,style,convert it to an oil painting,1.0,32.0,2.3283064365386963e-10,True,26.0,True,,,0.23738563060760498,0.19694828987121582,0.04043734073638916,0.05718917027115822,0.8805409669876099,0.7875701189041138,0.21423399448394775,0.6972733960151354,22.001624720519022,18.69408364420304,3.3497090339660645,4.527586936950684,,,,,,,,,,,,,,,,,,,,,,1.0
reembed,sdedit,wam,611000000000,change_color,0,none,,1.0,32.0,2.3283064365386963e-10,True,26.0,True,37.589277394459224,0.9464888602556507,,,,,,,,,,,,,,,,,,,,,,,,,,,,,,,,,,1.0
reembed,sdedit,wam,611000000000,change_color,1,change_color,change the black to white and change the red to green,1.0,32.0,2.3283064365386963e-10,True,26.0,True,,,0.22798015177249908,0.2105950564146042,0.017385095357894897,-0.04750138521194458,0.9041558504104614,0.7542921304702759,0.40315526723861694,0.5175414182992291,19.843826707222515,19.81329252588852,3.352048873901367,4.527586936950684,,,,,,,,,,,,,,,,,,,,,,1.0
reembed,sdedit,wam,611000000000,change_color,2,global_attribute,change the season to winter,1.0,32.0,2.3283064365386963e-10,True,26.0,True,,,0.22378432750701904,0.21950599551200867,0.004278331995010376,0.06348276138305664,0.9467937350273132,0.7594101428985596,0.4244024157524109,0.448754091347543,19.273683694674272,18.584181760386244,3.3526182174682617,4.527586936950684,,,,,,,,,,,,,,,,,,,,,,1.0
reembed,sdedit,wam,611000000000,change_color,3,background,make the background a desert,1.0,32.0,2.3283064365386963e-10,True,26.0,True,,,0.2255372554063797,0.2182386815547943,0.007298573851585388,-0.02086975798010826,0.9690725207328796,0.863548755645752,0.3618112802505493,0.45363722656871364,19.458364609364196,18.471843044178545,3.363654375076294,4.527586936950684,,,,,,,,,,,,,,,,,,,,,,1.0
reembed,sdedit,wam,611000000000,change_color,4,style,convert it to an oil painting,1.0,32.0,2.3283064365386963e-10,True,26.0,True,,,0.2284141480922699,0.23811876773834229,-0.009704619646072388,0.08491656184196472,0.9768348932266235,0.8554280400276184,0.39665839076042175,0.4133571760632686,18.678648452525877,17.105616504420098,3.352741241455078,4.527586936950684,,,,,,,,,,,,,,,,,,,,,,1.0
reembed,sdedit,wam,711000000000,change_material,0,none,,1.0,32.0,2.3283064365386963e-10,True,26.0,True,40.816037454216655,0.9905307661331327,,,,,,,,,,,,,,,,,,,,,,,,,,,,,,,,,,1.0
reembed,sdedit,wam,711000000000,change_material,1,change_material,make it knitted and make it toy,1.0,32.0,2.3283064365386963e-10,True,26.0,True,,,0.29922980070114136,0.213683620095253,0.08554618060588837,0.1991664171218872,0.7836356163024902,0.6252455711364746,0.29871034622192383,0.6976532314957203,18.08223329637256,18.0600736118561,3.351614236831665,4.527586936950684,29.778807829045725,0.1364252120256424,,,,,,,,,,,,,,,,,,,,1.0
reembed,sdedit,wam,711000000000,change_material,2,global_attribute,change the season to winter,1.0,32.0,2.3283064365386963e-10,True,26.0,True,,,0.29845374822616577,0.2801135182380676,0.018340229988098145,0.09570184350013733,0.8384907841682434,0.814816951751709,0.27242809534072876,0.6748560492453937,18.576542513423714,16.61160709405899,3.3521206378936768,4.527586936950684,,,,,,,,,,,,,,,,,,,,,,0.9965667724609375
reembed,sdedit,wam,711000000000,change_material,3,background,make the background a desert,1.0,32.0,2.3283064365386963e-10,True,26.0,True,,,0.2962336838245392,0.291125625371933,0.005108058452606201,0.03627053648233414,0.8882692456245422,0.8533150553703308,0.40391552448272705,0.6122953969969069,18.333323329062235,15.704665324512867,3.361316204071045,4.527586936950684,,,,,,,,,,,,,,,,,,,,,,1.0
reembed,sdedit,wam,711000000000,change_material,4,style,convert it to an oil painting,1.0,32.0,2.3283064365386963e-10,True,26.0,True,,,0.2901110351085663,0.2879568636417389,0.0021541714668273926,-0.0031145408283919096,0.8849968910217285,0.8553574085235596,0.38272568583488464,0.5651127228514564,17.65840210825919,14.927479993513879,3.3591694831848145,4.527586936950684,,,,,,,,,,,,,,,,,,,,,,0.998931884765625
reembed,sdedit,wam,811000000000,change_background,0,none,,1.0,32.0,2.3283064365386963e-10,True,26.0,True,41.877624190077114,0.9891538180142945,,,,,,,,,,,,,,,,,,,,,,,,,,,,,,,,,,1.0
reembed,sdedit,wam,811000000000,change_background,1,change_background,change the white background to forest,1.0,32.0,2.3283064365386963e-10,True,26.0,True,,,0.25629889965057373,0.1859074980020523,0.07039140164852142,0.0673246756196022,0.6762689352035522,0.5991978645324707,0.25210124254226685,0.7741935683119241,19.937466698525533,19.935734809709295,3.3725743293762207,4.527586936950684,16.082853751301837,0.4743717610836029,,,,,,,,,,,,,,,,,,,,1.0
reembed,sdedit,wam,811000000000,change_background,2,global_attribute,make it nighttime,1.0,32.0,2.3283064365386963e-10,True,26.0,True,,,0.250983864068985,0.2408367097377777,0.010147154331207275,0.05067109316587448,0.8494834303855896,0.8100744485855103,0.312274307012558,0.7600515699521292,18.655385504474545,17.710738543039717,3.3834009170532227,4.527586936950684,,,,,,,,,,,,,,,,,,,,,,1.0
reembed,sdedit,wam,811000000000,change_background,3,background,replace the background with a beach,1.0,32.0,2.3283064365386963e-10,True,26.0,True,,,0.24549275636672974,0.24420493841171265,0.0012878179550170898,0.002608907874673605,0.9285573959350586,0.9042155742645264,0.360170841217041,0.7278594268027101,17.729547818228273,16.8993324530221,3.379014253616333,4.527586936950684,,,,,,,,,,,,,,,,,,,,,,1.0
reembed,sdedit,wam,811000000000,change_background,4,style,make it anime style,1.0,32.0,2.3283064365386963e-10,True,26.0,True,,,0.27365827560424805,0.24150145053863525,0.03215682506561279,0.08976738154888153,0.9232668280601501,0.8983925580978394,0.30463799834251404,0.6473168435383839,16.633866377162732,15.910585912718338,3.3835344314575195,4.527586936950684,,,,,,,,,,,,,,,,,,,,,,1.0
reembed,sdedit,wam,911000000000,change_style,0,none,,1.0,32.0,2.3283064365386963e-10,True,26.0,True,36.7561034573693,0.9886311912201701,,,,,,,,,,,,,,,,,,,,,,,,,,,,,,,,,,1.0
reembed,sdedit,wam,911000000000,change_style,1,change_style,make it realism style and make it expressionism style,1.0,32.0,2.3283064365386963e-10,True,26.0,True,,,0.31898006796836853,0.28351885080337524,0.035461217164993286,0.1877674013376236,0.9232039451599121,0.8030023574829102,0.4221554398536682,0.2276880263626924,14.768784181396084,14.770759958017802,3.370748281478882,4.527586936950684,,,,,,,,,,,,,,,,,,,,,,1.0
reembed,sdedit,wam,911000000000,change_style,2,global_attribute,make it nighttime,1.0,32.0,2.3283064365386963e-10,True,26.0,True,,,0.3120684325695038,0.3098447024822235,0.0022237300872802734,0.0585862398147583,0.9618445634841919,0.8684847354888916,0.4024695158004761,0.27018113035340524,15.275126636904549,13.368058332987388,3.3724663257598877,4.527586936950684,,,,,,,,,,,,,,,,,,,,,,1.0
reembed,sdedit,wam,911000000000,change_style,3,background,replace the background with a beach,1.0,32.0,2.3283064365386963e-10,True,26.0,True,,,0.3023502826690674,0.29495322704315186,0.007397055625915527,-0.02063591405749321,0.9441137313842773,0.8790642023086548,0.38584470748901367,0.26534830034120976,15.109075204519076,12.818823757015847,3.3715429306030273,4.527586936950684,,,,,,,,,,,,,,,,,,,,,,0.9996795654296875
reembed,sdedit,wam,911000000000,change_style,4,style,make it look cinematic,1.0,32.0,2.3283064365386963e-10,True,26.0,True,,,0.2877400517463684,0.2892308235168457,-0.001490771770477295,-0.04358026757836342,0.9303696155548096,0.8887292146682739,0.38694584369659424,0.28220829861017455,15.118014414277152,12.259350140327886,3.3730947971343994,4.527586936950684,,,,,,,,,,,,,,,,,,,,,,1.0
